tree
version=v4
num_class=1
num_tree_per_iteration=1
label_index=0
max_feature_idx=19
objective=regression
feature_names=time_id symbol_id feature_08 feature_36 feature_61 feature_04 feature_20 feature_06 feature_24 feature_29 feature_58 feature_23 feature_30 feature_28 feature_31 feature_27 feature_21 feature_11 feature_01 feature_70
feature_infos=[68:967] -1:23:21:15:6:19:8:11:17:2:31:10:34:3:37:29:0:26:12:13:4:22:20:38:25:14:28:7:36:1:5:32:24:30:27:33:16:35:9:18 [-7.4955177307128906:11.234810829162598] [-3.6181998252868652:3.9914569854736328] [-3.0402381420135498:2.5774424076080322] [-3.7276129722595215:3.7052726745605469] [-3.5648505687713623:2.0042605400085449] [-22.112932205200195:31.580358505249023] [-1.4127810001373291:10.744451522827148] [-1.5957297086715698:2.7339985370635986] [-13.772690773010254:14.516247749328613] [-1.9807209968566895:2.7033905982971191] [-1.4726793766021729:0.8173288106918335] [-3.0834453105926514:2.4178903102874756] [-0.40096586942672729:4.1158304214477539] [-3.3220875263214111:2.6435503959655762] [-0.38646817207336426:3.4403641223907471] -1:12:16:1:13:5:23:14:6:10:18:20:9:4:19:22:0:2:8:17:3:21:15:7:24:25:11 [-3.6791996955871582:6.0791192054748535] [-1.5093064308166504:38.824150085449219]
tree_sizes=7361 7331 7306 7361 7266 7355 7295 7336 7326 7296 7324 7301 7337 7304 7333 7348 7293 7353 7327 7292 7316 7292 7274 7326 7335 7316 7300 7334 7310 7324 7366 7341 7332

Tree=0
num_leaves=64
num_cat=17
split_feature=5 10 7 7 5 0 1 0 1 5 19 1 1 1 1 5 19 18 1 19 0 16 14 10 7 1 8 1 19 0 16 6 10 14 11 14 1 0 10 19 8 1 6 18 7 1 18 10 16 19 1 13 0 1 11 18 1 18 10 1 1 8 10
split_gain=7092.45 3894.53 3139.81 2287.12 1676.09 1569.59 1257.03 1039.43 1119.61 910.744 1108.94 803.144 797.271 709.773 640.37 605.265 1043.77 639.24 567.949 549.847 528.901 469.096 466.697 453.806 427.355 420.205 395.724 369.157 501.67 337.572 354.814 334.279 324.737 317.228 922.975 308.881 413.774 299.014 298.344 295.468 404.502 322.837 288.645 288.439 283.947 282.922 328.728 279.216 275.163 295.708 269.271 771.373 268.406 266.992 271.478 265.408 251.238 245.77 244.079 243.538 240.442 239.148 238.575
threshold=1.0000000180025095e-35 2.0011521577835087 0.2853426486253739 -0.16644404828548429 -1.9634784460067747 731.50000000000011 0 759.50000000000011 1 -2.2249845266342159 -0.75557190179824818 2 3 4 5 2.0338472127914433 -0.49759905040264124 1.3879259228706362 6 0.052637185901403434 773.50000000000011 0.3748625665903092 0.21328810602426532 0.060061303898692138 -0.67394578456878651 7 1.3437783718109133 8 0.78734686970710765 787.50000000000011 0.92115417122840892 -0.4651785790920257 0.5462794601917268 -0.17209174484014508 0.62872308492660534 0.23334156721830371 9 745.50000000000011 0.26363717019557958 0.052637185901403434 2.6611895561218266 10 0.82414275407791149 -1.6394627690315244 -0.39686544239521021 11 2.4124474525451665 -0.062011832371354096 0.66022512316703807 0.51811981201171886 12 -0.88896676898002613 941.50000000000011 13 -0.56315216422080983 1.8071193099021914 14 -1.2733466625213621 0.03987362980842591 15 16 1.7165468335151675 1.5346843600273135
decision_type=2 2 2 2 2 2 1 2 1 2 2 1 1 1 1 2 2 2 1 2 2 2 2 2 2 1 2 1 2 2 2 2 2 2 2 2 1 2 2 2 2 1 2 2 2 1 2 2 2 2 1 2 2 1 2 2 1 2 2 1 1 2 2
left_child=1 3 12 9 13 15 26 23 38 10 18 33 24 -3 -7 25 17 -17 -1 29 39 32 -21 27 57 47 -6 28 -5 -13 -31 -28 59 34 -11 36 -24 58 -9 -14 41 -41 -29 -44 -15 46 -18 -4 -22 -50 51 -42 -10 54 -30 -16 -8 -2 -26 -12 -54 -37 -49
right_child=2 4 5 7 6 14 56 8 52 11 21 19 20 44 55 16 45 -19 -20 22 48 -23 35 -25 37 -27 31 42 53 30 -32 -33 -34 -35 -36 61 -38 -39 -40 40 50 -43 43 -45 -46 -47 -48 62 49 -51 -52 -53 60 -55 -56 -57 -58 -59 -60 -61 -62 -63 -64
leaf_value=0.017596015074240471 -0.00041688876836553073 0.006078273812498901 -0.0043097406827625724 -0.0041882757660434075 0.0041782716081396739 -0.0064077703353956159 -0.0043079452723763225 -0.0061744981897793203 -0.0045731380623672824 -0.0017884471518875159 0.0012084421735109692 -0.0030886474227783782 -0.0046593181892907566 0.028281437220489376 -0.0084449778032724566 -0.012464261804350896 -0.0073061990704835159 -0.027897223163773108 0.0032351203369820475 -0.0036909468637947133 -0.0060642717538318689 -0.0044524846730933506 -0.022495126595181412 -0.0046801731143114554 -0.0038493629776409598 -0.0061559380957945933 0.020322011540883474 -0.0034963796047040689 -0.022361376566332782 -0.0039991416674128701 -0.0077432498241137918 0.0074231691414639771 0.0053514770390271386 -0.0028940338615325079 0.011923287195834409 -0.0040182011343564807 -0.0071558875060316572 -0.0055602707622931687 -0.0081747925314607228 -0.0026060076457850951 -0.023065605819735116 -0.0055221563610816345 0.0060127424002972716 -0.0018332202367417963 0.014957925187789132 -0.0044533425644270406 -0.016869654227974391 -0.0057883651488499638 -0.0079124521485238256 -0.01640886310496938 -0.0061949423949447975 -0.007906688759733849 0.0019857388933467446 -0.0064984025403389857 -0.0097702419374814595 -0.014866575201149878 0.00074000806440129626 -0.0035185612732037529 -0.0048642741733459028 -0.0029189090189415405 -0.003441227117034892 -0.0065218314520928584 -0.0025444366954951348
leaf_weight=4085.2821655273438 24838.510986328125 5115.9369888305664 250674.53759765625 279578.74249267578 10193.15975189209 204321.02685546875 18040.126487731934 189938.45172119141 243701.5556640625 115710.65637969971 26182.420249938965 577526.14544677734 817668.63940429688 2860.3906269073486 308413.62036132812 10013.598327636719 15890.580154418945 3182.8466186523438 6392.5093383789062 146587.73608398438 207505.78149414062 30708.420219421387 2309.881103515625 755178.1787109375 506231.47387695312 696706.58782958984 3342.8157768249512 683978.78454643488 2031.9701442718506 130104.1416015625 27609.3876953125 3972.6023445129395 9014.5698928833008 1015085.3050842285 4588.926628112793 50075.874156951904 5001.481689453125 200923.298828125 103781.24072265625 42242.40234375 3333.589714050293 178458.22924804688 4718.417236328125 39417.346313476562 2966.484884262085 24796.345504760742 4058.21337890625 354970.28570556641 34752.610961914062 4120.6778564453125 80058.990234375 31823.057258605957 10719.994995117188 21264.886596679688 6363.1676731109619 5900.468017578125 17462.619857788086 308682.32299804688 368499.99291992188 25349.571571350098 23337.276489257812 109236.4139289856 21644.4052734375
leaf_count=1194 9283 1873 97418 135486 4583 102357 7185 63223 98186 64163 10213 219687 281526 1034 88125 3327 6200 1071 2183 75280 77962 8644 1237 276765 187741 248023 1121 217453 1382 52712 6845 1271 3541 327567 1707 20100 2221 75524 32369 19774 1655 72922 1148 9762 1011 8149 1584 134938 9273 1102 25031 10219 5425 11328 2952 1602 6406 116388 139881 10393 8597 33565 8887
internal_value=-0.00454324 -0.00372054 -0.00536661 -0.00382168 0.00363189 -0.00630833 0.00142422 -0.00447591 -0.00559002 -0.003145 -0.000370444 -0.00327426 -0.00472948 0.0143191 -0.00771562 -0.00578017 -0.00878127 -0.016194 0.00887088 -0.00387298 -0.00523654 -0.0014322 -0.00492557 -0.00412072 -0.00422573 -0.00564882 0.00799902 -0.00371345 -0.00458186 -0.00342457 -0.00465467 0.0133303 9.95158e-05 -0.0027214 -0.00126474 -0.00601172 -0.012039 -0.00451664 -0.00688124 -0.00496706 -0.00571612 -0.00496393 -0.00334465 -0.000993331 0.0214763 -0.00659403 -0.00925195 -0.00508553 -0.00649828 -0.0088145 -0.00715691 -0.00934514 -0.0042245 -0.00829132 -0.0128168 -0.00856556 -0.00182384 -0.00328751 -0.00427692 -0.00082009 -0.00173006 -0.00573489 -0.00560191
internal_weight=9.42324e+06 4.71353e+06 4.70971e+06 4.64958e+06 63954.1 1.90057e+06 53011.3 2.36401e+06 571479 2.28557e+06 101733 2.18384e+06 2.80914e+06 10942.8 518635 1.38194e+06 57941.6 13196.4 10477.8 1.04845e+06 1.39996e+06 91255 313211 1.79253e+06 1.40918e+06 1.324e+06 17508.6 1.03735e+06 309239 735240 157714 7315.42 60546.6 1.13538e+06 120300 166624 7311.36 1.07565e+06 293720 1.15358e+06 335916 220701 728115 44135.8 5826.88 44745.1 19948.8 627289 246379 38873.3 115216 35156.6 277759 29660 8395.14 314314 35502.7 333521 874731 51532 34057.3 159312 376615
internal_count=3459774 1729812 1729962 1705328 24484 701681 20566 864076 207800 841252 36168 805084 1028281 3918 192084 509597 20331 4398 3377 411647 499464 32791 132403 656276 528817 489266 6975 379511 151148 279244 59557 2392 24147 393437 65870 57123 3458 403146 95592 411127 129601 92696 228363 10910 2045 15933 7784 241243 88337 10375 36905 11874 112208 15662 4334 89727 13591 125671 327622 20606 14022 53665 143825
cat_boundaries=0 2 4 6 8 10 12 14 16 18 19 21 23 24 26 28 30 32
cat_threshold=2618212504 4 3758175207 90 479059093 44 2402033000 61 1101086531 121 938787928 53 2516770854 68 725029182 51 3987751488 114 537920000 1073808016 2 284279823 118 1073807876 135266816 48 556808514 81 1486155139 52 48283648 36
is_linear=0
shrinkage=1


Tree=1
num_leaves=64
num_cat=17
split_feature=5 3 10 7 2 2 3 2 7 0 1 2 3 3 4 0 1 1 7 1 18 0 3 1 1 3 0 10 1 1 1 5 0 1 3 2 2 0 5 1 2 8 1 5 0 3 0 17 10 1 16 10 1 10 15 6 1 5 7 4 1 0 4
split_gain=6855.08 3725.18 3249.03 3020.21 1882.01 1796.75 1770.18 1769.8 1488.71 1473.52 1252.91 1249.93 1157.16 1051.35 938.894 833.104 887.073 798.786 737.037 720.816 689.533 750.179 665.868 621.067 582.476 526.763 501.772 514.737 462.446 457.35 453.826 449.485 419.078 560.852 393.347 376.782 373.597 372.817 372.411 355.761 350.361 326.615 303.249 296.204 283.241 266.718 265.043 263.429 262.759 297.249 261.677 261.654 254.521 253.212 252.774 540.927 243.154 242.955 238.551 226.744 430.271 222.684 222.574
threshold=-0.19005361944437024 1.7734164595603945 2.0011521577835087 0.2853426486253739 -1.3353099822998045 -1.8603156208992002 -1.7388762235641477 -1.0903097391128538 -0.19616098701953885 731.50000000000011 0 -1.3353099822998045 -0.93483376502990712 -0.098444648087024675 -0.13379042595624921 773.50000000000011 1 2 0.19182497262954715 3 -0.87106207013130177 717.50000000000011 0.56778436899185192 4 5 0.38273026049137121 787.50000000000011 -1.1633192300796507 6 7 8 2.0338472127914433 745.50000000000011 9 -1.0067967176437376 -1.0903097391128538 -0.43459592759609217 773.50000000000011 -1.9634784460067747 10 -1.3353099822998045 0.091962404549121871 11 -1.7852910757064817 927.50000000000011 0.1535126864910126 941.50000000000011 12 0.060061303898692138 13 1.3390110135078432 2.0011521577835087 14 -1.0000000180025095e-35 1.306338965892792 0.082330245524644866 15 -1.9634784460067747 -0.56931757926940907 1.0205355882644656 16 941.50000000000011 -2.066596150398254
decision_type=2 2 2 2 2 2 2 2 2 2 1 2 2 2 2 2 1 1 2 1 2 2 2 1 1 2 2 2 1 1 1 2 2 1 2 2 2 2 2 1 2 2 1 2 2 2 2 1 2 1 2 2 1 2 2 2 1 2 2 2 1 2 2
left_child=2 3 6 13 14 12 7 20 17 22 34 30 -4 19 18 25 46 38 -3 54 21 -1 29 -13 -6 48 27 39 -9 -5 -11 -20 58 -34 -7 57 -18 56 40 -19 -8 -41 -22 -36 -30 -40 -17 -39 49 -10 61 53 -53 -31 -2 -56 -21 -29 -15 -26 -61 -28 -38
right_child=1 4 5 9 24 10 8 28 15 11 -12 23 -14 32 -16 16 36 26 31 37 42 -23 -24 -25 59 -27 50 35 44 51 -32 -33 33 -35 43 -37 62 47 45 41 -42 -43 -44 -45 -46 -47 -48 -49 -50 -51 -52 52 -54 -55 55 -57 -58 -59 -60 60 -62 -63 -64
leaf_value=0.028506489491198408 0.0017597050831969253 -0.010981372356040957 0.036892430304213492 0.0001559896690779962 0.0029181956362840534 0.022346895272538705 0.0094758927078970809 0.0050734978584352644 0.0018137413910078147 -0.014096977099598751 0.0023721464438075544 -0.0038063514320838144 0.012252211697291737 0.00039714880909250263 -0.0033995538744892549 0.00022927338046661259 -0.0043018343497022542 -0.0044353254952897549 -0.016533400176638888 -0.0001322397448833218 0.014605774127103226 0.011151734706846071 -0.0020860934793719439 -0.0016569473289873831 -0.0048739382945632822 -0.00035376269778284873 -0.00056101464026304937 0.011629182890241806 0.0012939490816446899 -0.00054334814042674893 -0.0062768492099799043 -0.031064529772320121 -0.0027758126661837951 -0.00037154781554610164 0.018324747087835304 0.0012235299647287432 -0.0056146299507220249 0.00047847083469749249 0.0021560775940671225 0.0099348195958562178 0.0031773550427142 -0.00051663478540342738 0.0023032332599682171 0.0082147025747988742 -0.0070892974134001896 0.0010560063674853435 0.0035945334674056632 -0.001765913366381417 0.00030028687483649516 0.00053092081406169408 -0.0037048523837118126 -0.00080051500585006416 0.0079985378225382285 -0.0017044813476349105 0.0015567401644615332 0.015943293504099388 0.00088389363598776166 0.0036637168939438426 -0.00049576638808108791 -0.01775968474519286 -0.003727930492193336 0.0023384889486262762 -0.0012710947784423067
leaf_weight=4365.5729417800903 278593.89147949219 5630.2460695505142 2839.1083755493164 413796.78857421875 8256.1200485229492 2864.0147399902344 8819.71533203125 38354.404550552368 363105.50714111328 9110.0630645751953 32086.298506736755 191918.18161010742 4342.3950424194336 358843.63751220703 4424.7028125524521 159505.021484375 52088.233154296875 23051.239379882812 3250.6056833267212 336676.4306640625 3013.4525451660156 4623.9766187667847 381899.923828125 327545.32229614258 55914.618989467621 456930.03448486328 179739.07983398438 4275.109619140625 21803.817495346069 307933.96630859375 25301.054122924805 4739.9444580078125 155314.60302734375 199476.8388671875 3276.8046417236328 659279.72702026367 11162.52375793457 75445.301391601562 556773.15679931641 2886.077953338623 80219.74560546875 38894.167041778564 4495.6932067871094 12823.659943580627 4345.8541259765625 308163.10467529297 24262.83984375 125100.24353027344 452811.40423583984 294402.95581054688 20812.7373046875 6335.7295684814453 5536.6669158935547 374732.21362304688 6818.7974853515625 3586.84423828125 572069.8701171875 17740.623321533203 1078832.7328110933 3691.5877056121826 4236.6234517097473 27478.845947265625 215882.8475189209
leaf_count=1398 119083 1863 1076 162011 2494 1177 2951 16096 113860 3070 12220 60041 1576 135382 1474 63949 17108 9960 1131 135468 1061 1532 143221 132612 23481 171456 69110 1489 8434 108707 9157 1518 50180 79955 1150 244042 3449 32285 197652 1402 28827 13344 1522 4953 1659 117146 9960 38257 163648 121837 4751 2627 2034 131822 1986 1052 185315 6234 388926 1496 1936 10656 73370
internal_value=9.12754e-06 -0.000700685 0.000931579 -0.000596558 -0.00674721 0.00796699 0.000830143 0.00522018 0.000740298 -0.00149685 0.00598922 -0.00281804 0.0220123 -1.98009e-05 -0.0154105 0.000173306 -0.000944919 0.00133729 -0.0193096 0.000596756 0.0139867 0.0195908 -0.00100579 -0.00245119 -0.00457797 0.000503586 0.000733 0.00110941 0.00297698 -0.000633541 -0.00835483 -0.0251672 -0.000500773 -0.00142416 0.0120991 0.00135248 -0.00201044 0.000249075 0.00195433 -0.00144487 0.00380175 0.000206379 0.00726923 0.0102774 -0.000100326 0.00176415 0.000673637 -0.000921649 0.000856411 0.0012394 -0.000498584 -0.00110392 0.0033106 -0.00118073 0.00193119 0.00652109 0.000507442 0.00521277 -0.000272894 -0.00554711 -0.0102957 -0.000176469 -0.00148476
internal_weight=9.42253e+06 5.32501e+06 4.09752e+06 5.23487e+06 90144.4 58232.3 4.03929e+06 81002.8 3.95828e+06 2.04411e+06 51050.8 553875 7181.5 3.19076e+06 18045.5 2.03015e+06 462901 1.92813e+06 13620.8 1.39829e+06 16498.7 8989.55 1.49024e+06 519464 72099 1.56725e+06 974158 746127 64504.1 1.10834e+06 34411.1 7990.55 1.79247e+06 354791 18964.5 681295 279134 1.10929e+06 953976 64831.5 89039.5 41780.2 7509.15 16100.5 26149.7 864936 183768 200546 1.11032e+06 657508 228031 694539 11872.4 682666 289000 10405.6 908746 22015.7 1.43768e+06 63842.8 7928.21 207218 227045
internal_count=3458639 1958584 1500055 1923191 35393 22152 1477903 31702 1446201 755302 19500 204880 2652 1167889 5986 738637 167836 707564 4512 513446 5513 2930 550422 192653 29407 570801 360988 276471 26189 407201 12227 2649 654443 130135 7280 251765 93927 391325 346576 24706 31778 14746 2583 6103 10093 314798 73909 70542 399345 235697 84517 245190 4661 240529 122121 3038 320783 7723 524308 26913 3432 79766 76819
cat_boundaries=0 2 4 6 8 10 12 14 16 18 20 22 24 25 27 29 31 32
cat_threshold=2651766936 6 536382488 36 483249305 44 218370048 29 3355456291 74 526640 36 3465398021 41 723783982 59 3221240772 9 3825284006 66 3759145056 16 242933920 33 860526 306429095 28 1351715904 4 1355858461 64 512131082
is_linear=0
shrinkage=0.03


Tree=2
num_leaves=64
num_cat=15
split_feature=5 3 10 7 7 3 3 0 5 0 17 19 17 3 5 4 19 3 7 16 17 3 17 17 17 10 0 17 14 11 19 0 0 17 14 10 10 19 17 17 9 15 4 0 17 3 19 3 17 10 8 8 19 10 10 14 10 12 17 8 17 0 17
split_gain=6333.17 3207.78 3175.92 2509.66 1956.52 1856.04 1626.62 1297.52 1170.17 1027.86 1061.77 1015.56 853.598 846.546 729.229 716.535 697.094 681.063 636.136 535.454 534.615 507.191 487.484 474.035 433.846 399.323 382.466 367.182 352.809 1660.5 348.276 341.93 338.937 431.406 322.006 311.86 299.085 290.299 284.98 281.247 280.59 291.333 484.319 280.12 366.493 273.196 271.212 269.905 257.479 255.469 361.495 255.169 251.604 256.395 250.404 249.501 247.595 245.574 244.215 236.685 292.825 224.757 224.739
threshold=-1.0000000180025095e-35 1.7734164595603945 2.0011521577835087 0.2853426486253739 -0.19616098701953885 -1.7388762235641477 -1.7388762235641477 717.50000000000011 2.0338472127914433 773.50000000000011 0 -0.64831668138504017 1 -0.098444648087024675 -1.6461431384086607 -0.13379042595624921 1.0000000180025095e-35 -0.065650153905153261 0.2853426486253739 0.3748625665903092 2 0.56778436899185192 3 4 5 2.0011521577835087 759.50000000000011 6 -0.17209174484014508 0.62872308492660534 1.0808296799659731 941.50000000000011 745.50000000000011 7 0.84427878260612499 -1.0000000180025095e-35 0.26363717019557958 0.78734686970710765 8 9 -0.26795329153537745 1.306338965892792 0.46710924804210668 927.50000000000011 10 0.029977039434015754 0.052637185901403434 0.69662159681320202 11 -1.5495504736900327 0.25079210102558142 1.8266562819480898 0.91627401113510143 -0.084021959453821168 0.65130773186683666 1.3352418541908266 0.16735019534826281 -0.29493351280689234 12 2.4586375951766972 13 941.50000000000011 14
decision_type=2 2 2 2 2 2 2 2 2 2 1 2 1 2 2 2 2 2 2 2 1 2 1 1 1 2 2 1 2 2 2 2 2 1 2 2 2 2 1 1 2 2 2 2 1 2 2 2 1 2 2 2 2 2 2 2 2 2 1 2 1 2 1
left_child=2 3 4 13 5 11 -4 21 -3 17 36 22 14 20 -8 18 23 52 -10 43 40 25 -1 28 47 35 45 61 29 -7 -22 -12 46 -34 -29 38 55 54 -5 -20 41 -2 -43 57 -45 -25 -15 -9 -21 -50 -51 -16 53 -6 -13 -11 -19 -18 -17 -48 -61 -28 -54
right_child=1 8 6 7 9 16 12 24 15 10 31 37 -14 32 51 58 19 56 39 48 30 -23 -24 26 -26 -27 27 34 -30 -31 -32 -33 33 -35 -36 -37 -38 -39 -40 -41 -42 42 -44 44 -46 -47 59 -49 49 50 -52 -53 62 -55 -56 -57 -58 -59 -60 60 -62 -63 -64
leaf_value=0.024700681039483793 0.00088413339753179183 -0.0047347249331908033 0.024506252845135832 0.0012678457624356251 0.0017177778316228951 0.0038277051215795171 0.019960614099951764 -0.0030941553555069103 -0.0090417806580537809 -0.0012523149238207168 -0.0001314156317727791 0.0049937040997427712 0.0033164307878366921 -5.9834054845040683e-05 0.0054098403641663888 0.00024314035243539069 0.00061030274996870266 0.00023536417219610764 -0.030674408421391318 -5.2133859647499138e-05 0.00027021722398075235 -0.0020092817528451802 0.010750579842750128 0.0020845027221292286 -0.0018738175801873095 0.0039365907341997741 0.0013812828262804563 0.00020969952882518255 0.0022782582087160015 0.031047687485234364 -0.0023276290814768516 0.0030281891232273352 -0.0026129348564292282 -0.00037955582390377025 -0.002887785008739856 -0.001240498855522787 -0.0036877521012637382 -0.0013413759730052546 -0.00056788568265875913 -0.017970042533330066 0.0032583374833206188 0.00061277643107864033 0.014754754293008071 0.0064839751376764686 0.00047261500785027242 0.0010182712922714927 -0.00050505512899002409 -0.0053738601275560086 -0.00680280208963521 0.0067335497180278647 -0.0022583872052154464 0.014303652493855089 -0.0057493300379699583 0.00066966510690118144 0.012709317513152038 -0.0051128069486997595 -0.00075513967160108545 0.0045944625274926057 -0.010894787936491759 -0.0032049747837925883 4.3332022205189101e-05 0.0062480383782770339 -0.00017387046609629848
leaf_weight=3602.5824131965637 231924.11291503906 66601.865234375 4648.0380859375 98233.040771484375 392324.54742431641 33419.873992919922 5749.77783203125 224188.19189453125 4161.6797306537628 157562.111328125 234339.1630859375 24700.180652618408 37246.531583786011 894145.65308237076 12299.10795879364 3159.8522608280182 461732.15414428711 655502.28552246094 3107.8454742431641 110696.89765930176 839173.37231445312 342110.4345703125 6202.6821131706238 503559.27526855469 261070.06884765625 16664.00390625 93557.593994140625 154958.43168640137 250791.67153930664 2141.7563781738281 49161.149658203125 35489.8876953125 148667.47412109375 163400.6640625 37513.932815551758 523475.39990234375 98819.28369140625 5488.4872436523438 337753.83422851562 3516.5765953063965 69113.703857421875 5347.4010925292969 3674.4671936035156 18112.779968261719 18403.488098144531 379132.85717773438 240315.53588867188 59066.9365234375 9995.81103515625 4316.1401195526123 58510.21661567688 3801.0836019515991 7543.2887573242188 452154.69232177734 4470.2042961120605 16656.30615234375 347548.50244140625 14351.66552734375 4031.5244545936584 77776.142185211182 36797.682277679443 9394.11083984375 46787.942687988281
leaf_count=1042 98018 26903 1781 37838 142371 17689 1870 65855 1436 51935 96960 9870 14984 313367 4563 946 194426 239101 1026 32107 293212 127753 2351 177742 116974 6591 37091 56560 77170 611 20478 15009 46518 67882 9562 190824 29651 2314 122291 1187 25661 1501 1157 7650 7655 141740 102009 18523 2982 1348 17727 1174 3783 165275 1714 3869 125881 8805 1529 24914 13954 3829 19503
internal_value=-7.54172e-07 -0.000779185 0.000776539 -0.000673236 0.000685357 0.00133332 0.00742714 -0.00152412 -0.00656868 0.000100914 -0.00105045 0.00740016 0.00608188 -9.8918e-05 0.0107877 -0.0133598 0.00120845 0.000429562 -0.0182491 0.000426859 0.000500799 -0.0010153 0.0159221 0.00157997 -0.00275634 -0.000666927 0.00131382 0.000379487 0.00267478 0.00547121 0.000126437 0.000284197 -0.000559296 -0.00144365 -0.000394056 -0.000746902 -0.00236932 0.00498728 -0.000154248 -0.0240223 0.00157329 0.00108996 0.00637757 0.000924699 0.00345675 0.00162654 -0.000338339 -0.0035695 -0.000963682 -0.0023489 -0.00164016 0.00751336 0.00102929 0.0011566 0.00617806 -0.00162154 -0.000107839 0.000730453 -0.00601887 -0.00104002 -0.00216204 0.00182547 -0.000949509
internal_weight=9.42016e+06 4.70664e+06 4.71353e+06 4.62206e+06 4.64978e+06 2.20505e+06 63744.5 1.86256e+06 84579.3 2.44473e+06 542867 44464.1 59096.5 2.7595e+06 21850 17977.5 2.16059e+06 1.90186e+06 10786.1 696119 1.19839e+06 1.31824e+06 9805.26 1.46447e+06 544325 976126 1.17812e+06 295424 286353 35561.6 888335 269829 1.5611e+06 312068 192472 959462 273038 34658.9 435987 6624.42 310060 240946 9021.87 512600 36516.3 882692 1.24904e+06 283255 183519 72822.2 62826.4 16100.2 898810 844479 29170.4 174218 1.00305e+06 476084 7191.38 354889 114574 102952 54331.2
internal_count=3458042 1728347 1729695 1695320 1705323 811985 24372 686649 33027 893338 197424 17291 22591 1008671 7607 6124 794694 695914 3649 272700 440027 485297 3393 521994 201352 357544 426524 107042 95470 18300 313690 111969 568644 114400 66122 350953 85455 13898 160129 2213 126337 100676 2658 218536 15305 319482 454244 84378 54164 22057 19075 5737 330932 307646 11584 55804 364982 203231 2475 140877 38868 40920 23286
cat_boundaries=0 1 2 3 4 5 6 7 8 9 10 11 12 13 14 15
cat_threshold=32019984 34646075 39873728 9617982 38021128 30709264 2294054 29922832 6472576 9658426 2614566 12588049 29673859 21632718 36307208
is_linear=0
shrinkage=0.03


Tree=3
num_leaves=64
num_cat=23
split_feature=5 10 3 7 7 3 3 2 2 1 3 3 7 1 3 5 2 1 1 3 19 1 1 1 14 10 10 19 1 1 2 14 1 1 10 1 3 1 1 2 19 1 10 1 10 1 10 5 10 15 2 1 1 10 1 10 1 1 1 12 5 11 19
split_gain=6125.46 3105.72 2874.48 2326.49 2009.4 1818.01 1698.67 1571.24 1363.16 1054.14 998.215 870.253 752.652 738.094 654.033 571.505 568.623 561.714 555.571 539.759 491.98 491.701 469.852 448.899 433.644 412.983 408.712 382.149 587.426 325.067 314.932 303.99 328.245 291.495 287.971 281.304 278.342 276.566 273.311 264.589 262.614 328.355 253.953 253.389 243.32 234.115 230.504 230.448 230.408 229.028 228.151 227.292 226.848 222.535 219.304 219.271 271.457 219.171 213.289 212.991 209.596 199.492 197.444
threshold=0.088302053511142745 2.0011521577835087 1.7734164595603945 0.025894950143992904 -0.16644404828548429 -1.7388762235641477 -1.7388762235641477 -1.3353099822998045 -1.0903097391128538 0 0.60923051834106456 0.38273026049137121 0.080550555139780058 1 -0.098444648087024675 -1.4286499619483946 -1.3353099822998045 2 3 0.092108249664306655 1.0000000180025095e-35 4 5 6 0.21328810602426532 0.1011020950973034 0.1011020950973034 0.78734686970710765 7 8 -1.8603156208992002 0.23334156721830371 9 10 2.0011521577835087 11 -0.76058295369148243 12 13 -1.3353099822998045 1.3059275150299074 14 0.26363717019557958 15 -0.56830111145973194 16 -1.876185357570648 -1.9634784460067747 -0.12810676544904706 1.5859292745590212 -1.0903097391128538 17 18 2.0011521577835087 19 -2.5115921497344966 20 21 22 -0.79890841245651234 -2.2249845266342159 -0.67570742964744557 1.6460059285163882
decision_type=2 2 2 2 2 2 2 2 2 1 2 2 2 1 2 2 2 1 1 2 2 1 1 1 2 2 2 2 1 1 2 2 1 1 2 1 2 1 1 2 2 1 2 1 2 1 2 2 2 2 2 1 1 2 1 2 1 1 1 2 2 2 2
left_child=1 4 3 14 6 -3 8 12 18 15 17 26 52 19 22 -7 33 53 -1 30 39 -14 -2 -9 49 40 27 36 44 -13 -8 32 -26 -12 50 -10 45 -28 -16 60 -19 -42 -31 -36 -29 -6 51 -11 -32 -22 -27 -33 -4 62 -38 56 -40 -17 -25 -53 -15 -59 -5
right_child=2 5 7 10 11 9 13 23 35 47 16 29 21 20 38 57 -18 25 -20 -21 24 -23 -24 58 31 34 37 28 -30 42 48 46 -34 -35 43 -37 54 -39 55 -41 41 -43 -44 -45 -46 -47 -48 -49 -50 -51 -52 59 -54 -55 -56 -57 -58 61 -60 -61 -62 -63 -64
leaf_value=0.023570042161765278 0.0015205305269252705 0.025221050170738828 -0.011690439102370982 7.0488456191410544e-06 0.00068172700222024528 0.017267414169607961 0.0080071962224293677 0.0035836274447791795 0.0063010353105817599 0.0083619860203995866 -0.0014060910922484128 -0.00014752035896782513 -0.011127517764549611 0.010934897409261058 9.0496253655883186e-05 0.015167858215852488 -0.0022189864423975253 -0.00067311603923903896 0.009715332909877708 0.00086870009428699068 0.00095873152815670543 -0.024610496769369501 8.2872633237457142e-05 -0.0073225446991164334 -0.013766788863668137 -0.0038086473447655712 0.00095579447831563628 -0.0069447822836725724 0.00071548355430570208 -0.00092465941001397978 0.0026946032627737228 -0.0092622521539634326 -0.0019295081202217838 -0.0087725773551318234 0.0060247089909108969 0.00092828594160005546 1.171620082596911e-06 -0.00047788236186195766 -0.012022800730418734 0.00095723379229077285 -0.0065921425983881156 -0.00019848395912397556 -0.0025899050277492786 -0.00058360269210461799 -0.0012573392293529397 0.0026006772966322847 -0.00066229513297183615 0.0016859231501545572 0.0015997386624710054 -0.0046021331237952531 -0.0017517853943514073 -0.0063519823991814725 -0.0010235608696743713 0.0055092977781879757 0.0010351424886768581 -0.00080254452836741588 -0.00092773174736914758 -0.00076874661473115005 -0.0035811908563641425 0.0021962965569654147 0.0029853812521498119 0.0078731997184882177 -0.0043536807153745673
leaf_weight=5050.5728607177734 359583.3076171875 4658.92724609375 3951.2702331542969 392988.84878540039 97133.21435546875 7968.0462036132812 8299.15478515625 6029.304557800293 21868.786186218262 5436.6099853515625 6573.3587799072266 336556.45715332031 4037.1873321533203 3710.62744140625 499440.4912109375 2738.7957305908203 549370.37109375 733241.34603881836 5497.3993072509766 450731.84375 187446.71252441406 6418.1511993408203 474658.2392578125 22233.271812438965 3510.0665588378906 52680.598388671875 154635.75244140625 17230.757385253906 48913.174865722656 279830.126953125 335338.21530914307 5629.9941711425781 5280.2395935058594 18453.734970092773 7372.4902648925781 14663.015083312988 299914.55017089844 558168.71044921875 3515.6060485839844 784898.18026733398 15345.654067993164 13669.133285522461 116835.0087890625 17813.560516357422 11153.506225585938 139334.32885742188 176662.12731933594 32160.896217346191 357387.44792938232 6906.59423828125 616753.8037109375 4916.6274688243866 3296.2305908203125 6470.5263671875 480241.00342392921 553531.79766845703 4552.9496154785156 3139.1655797958374 36040.404586791992 5613.4649078845978 15217.503173828125 10249.473099708557 9567.3932495117188
leaf_count=1617 136736 1802 1291 173100 40265 2968 2615 1810 9014 1869 2279 124932 1469 1328 188479 1344 207299 247638 1861 161147 94483 2016 168873 9042 1722 17253 79125 8429 19095 107244 113737 1846 2370 6550 3155 5896 118084 178781 1421 295462 5234 6620 43885 6112 5310 50882 59001 12084 120400 1948 210491 1540 1102 2986 153362 196907 1760 1912 15236 2154 5406 3471 5249
internal_value=-5.56544e-06 0.000713057 -0.000819732 -0.000714482 0.000626431 0.00716011 0.00124914 -0.00638386 0.00689111 0.00579425 -0.00132692 3.83689e-05 -0.0142971 0.00113617 7.40748e-05 0.0106908 -0.0024205 -0.00099027 0.0163888 0.00167863 0.000615398 -0.0194462 0.000702571 -0.00420437 -0.000250149 -0.00126607 0.000392124 0.000756354 -0.00127708 -0.000833314 0.0021994 -0.00122489 -0.00667925 -0.00684251 -0.00179519 0.00414694 0.000910968 -0.000166849 -0.000420081 0.00104177 -0.000783899 -0.00358292 -0.00141514 0.00135376 -0.00470888 0.0018126 -0.000976073 0.00265156 0.00212976 0.000761006 -0.00191368 -0.00440503 -0.00686062 -7.89501e-06 0.00063767 -0.000874128 -0.00578253 0.00744386 -0.00501015 -0.00179442 0.00454626 0.00584307 -9.66437e-05
internal_weight=9.42252e+06 5.00493e+06 4.41759e+06 4.33558e+06 4.93858e+06 66351.9 2.39863e+06 82005.8 47079.8 61693 2.4403e+06 2.53995e+06 17702.8 2.35155e+06 1.89528e+06 24095.5 574397 1.8659e+06 10548 1.15176e+06 1.19979e+06 10455.3 834242 64303 395966 1.45688e+06 1.80672e+06 1.09392e+06 77297.4 733222 701025 201613 8790.31 25027.1 694620 36531.8 1.01662e+06 712804 1.06104e+06 803826 762256 29014.8 396665 25186.1 28384.3 236468 192822 37597.5 692726 194353 669434 16160.1 7247.5 409027 780156 561600 8068.56 16127.4 58273.7 10530.1 18928.1 13388.6 402556
internal_count=3458499 1838391 1620108 1588142 1812941 25450 883547 31966 18388 23648 893966 929394 5878 865159 694176 9695 216128 677838 3478 397899 467260 3485 305609 26088 165064 496503 653333 395427 32834 276061 236752 68633 4092 8829 237011 14910 362593 257906 388567 302196 259492 11854 151129 9267 13739 91147 64541 13953 234137 96431 227744 5540 2393 181335 271446 200088 3181 6727 24278 3694 6734 5383 178349
cat_boundaries=0 2 4 6 8 10 12 14 16 18 19 21 23 25 27 29 31 33 35 37 39 41 42 44
cat_threshold=2651766936 38 479059089 44 723783688 49 2521751597 33 1836325497 12 2368477536 61 526384 36 2121550336 112 114215967 38 537920002 1801256976 32 3465511685 25 741654608 5 2336005224 60 72036001 64 2227847312 8 1005199964 96 537919520 80 2462772102 3 3790136144 19 1690435714 64 2147745816 679724042 18
is_linear=0
shrinkage=0.03


Tree=4
num_leaves=64
num_cat=16
split_feature=7 3 5 3 2 2 3 0 5 2 10 0 17 17 17 5 2 3 5 5 9 5 3 10 2 17 5 17 19 17 17 19 10 16 3 17 15 6 0 17 10 0 17 0 16 0 5 2 8 0 17 17 8 19 17 17 11 17 6 5 2 17 10
split_gain=5707.42 2998.78 2621.15 2402.79 2103.35 1588.51 1520.23 1232.22 1166.47 1046.15 1027.12 928.49 953.152 751.371 695.094 678.42 841.284 649.025 610.64 566.084 559.23 522.497 490.316 462.836 441.439 422.272 416.211 404.385 402.811 378.12 361.333 355.207 324.953 334.477 318.345 313.831 319.714 664.688 309.549 315.402 301.526 296.952 290.315 278.513 300.542 274.027 260.573 250.018 315.218 245.325 238.757 237.115 228.722 274.447 382.509 235.677 253.027 246.992 268.678 228.396 275.684 226.237 223.472
threshold=-0.026742512360215184 -1.7388762235641477 0.39593176543712622 1.7734164595603945 -0.93756237626075734 -1.3353099822998045 0.092108249664306655 717.50000000000011 -1.9634784460067747 -1.3353099822998045 2.0011521577835087 773.50000000000011 0 1 2 -0.70779404044151295 -1.3353099822998045 -1.0000000180025095e-35 -1.9634784460067747 0.088302053511142745 -0.22177848964929578 2.0338472127914433 0.60923051834106456 1.5346843600273135 -0.34923835098743433 3 -1.1657976508140562 4 0.025644427165389064 5 6 0.78734686970710765 -1.5495504736900327 0.34463578462600714 1.4975270032882693 7 1.306338965892792 0.040953550487756736 787.50000000000011 8 1.5346843600273135 885.50000000000011 9 773.50000000000011 1.3390110135078432 787.50000000000011 -0.54249978065490712 0.35385280847549444 1.3437783718109133 941.50000000000011 10 11 2.9024560451507573 2.3440901041030888 12 13 -1.0000000180025095e-35 14 0.040953550487756736 -1.5294209122657774 -1.3353099822998045 15 2.0011521577835087
decision_type=2 2 2 2 2 2 2 2 2 2 2 2 1 1 1 2 2 2 2 2 2 2 2 2 2 1 2 1 2 1 1 2 2 2 2 1 2 2 2 1 2 2 1 2 2 2 2 2 2 2 1 1 2 2 1 1 2 1 2 2 2 1 2
left_child=1 4 10 7 8 21 15 22 13 38 11 17 24 -1 -12 16 18 59 51 27 28 -5 30 31 41 -11 -16 -8 35 -18 -4 -6 33 -31 -21 36 -17 -38 39 -9 52 -13 -40 -29 -45 -34 -19 48 -28 -14 -10 -3 53 -30 -55 -54 57 58 -57 60 -2 -42 -32
right_child=2 6 3 5 23 -7 19 9 50 25 14 12 49 -15 26 20 29 46 -20 34 -22 -23 -24 -25 -26 -27 47 43 40 32 62 -33 45 -35 -36 -37 37 -39 42 -41 61 -43 -44 44 -46 -47 -48 -49 -50 -51 -52 -53 55 54 -56 56 -58 -59 -60 -61 -62 -63 -64
leaf_value=0.01336212366697553 0.0081857186962207354 0.0063331620423796421 0.00037482801982245602 -0.010757136513103239 0.0042601459779142885 -0.0052934813435911591 0.0010819946043804445 0.0048832409724415679 0.012893552052670872 -0.0030555156934187091 0.00044611157375192988 -0.0027828181170291249 -0.00036656053177300599 0.030480370402794721 0.013431090905452865 0.0014334288819356066 0.0020642834245338474 0.00018095499767406786 0.0035515643227097427 -0.00041521874324770564 0.00253447905810911 -0.024408145409410092 -0.0018946862056934584 0.015542340742450398 -0.0018479581475696562 -0.0013631378002937238 0.0023752206434676866 0.00026599055144411977 0.00020342572665048335 0.00036635999951315781 -0.00096477083732920141 -0.0022784464490919003 0.001543929263004225 -0.0077696656863987012 -0.0026857136190442579 0.00050235770647000071 0.0012887802891821257 0.017741253060613922 -0.01368343806341836 -0.0069235112267653932 0.0083620078420666329 -0.0069069710784319628 -0.0069024195280619483 -0.00084297508076008963 -0.005850412731354308 -0.00044662486088490889 -0.0007876308815680282 -0.0024313668559665311 0.012485527118394095 0.002264226658903344 0.0029810568949561861 0.015820773995725051 0.0014911700761660216 -0.014154823825417757 -0.0012917259087173001 -0.015877879723848021 -0.0010701753766972813 -0.0023372018554590822 -0.0052495992132663835 0.00050218035719080327 0.0016096099588349725 0.0014707281599335546 0.0031052459192104608
leaf_weight=4293.0027632713318 6106.117919921875 3711.6856918334961 256691.92390441895 4359.02490234375 49693.868278503418 34144.16748046875 505994.31958007812 3038.0579299926758 4088.8471035957336 276762.56858825684 20189.506164550781 34081.1162109375 254852.88836669922 5164.1935257911682 8339.9914245605469 389951.09448242188 579978.23222351074 408644.38037109375 19529.025390625 773495.109375 144883.72625732422 6031.1357421875 353642.970703125 2901.7894287109375 224711.92529296875 255033.32395935059 5927.6270096302032 481079.94311523438 320840.54577445984 10864.535522460938 853029.87129211426 8798.498176574707 240841.70964050293 7815.9595947265625 59875.41796875 658113.17230224609 6466.4730224609375 3353.20458984375 9209.960147857666 6114.2242965698242 5707.6038703918457 29168.32421875 15116.998836517334 116533.9287109375 11883.21875 83931.145416259766 643780.45612061024 3170.719612121582 5218.8862578868866 36461.2119140625 4734.4804110527039 6839.2146987915039 18478.722926139832 2806.7696552276611 7954.2998027801514 2917.8966674804688 55527.851088523865 17583.010894775391 8034.4265060424805 921344.11569213867 93943.085205078125 17167.967418670654 12312.069091796875
leaf_count=1464 2024 1499 97309 1513 20276 13673 195687 917 1463 84539 7595 10373 106045 1672 2954 136169 205771 148042 6664 285605 59445 1939 131792 1167 71138 111429 2633 178692 128675 4901 302644 3723 85929 2205 24056 226815 1905 1024 2865 2305 2584 8993 5812 45497 2769 29771 237085 1203 1765 15401 1763 1960 8158 1568 3480 1293 15602 5950 2856 343020 33725 6728 4890
internal_value=-1.22877e-06 0.000748103 -0.000728685 -0.0015273 0.0065179 -0.0084205 0.000647331 -0.00137687 0.0154493 -0.00256787 -0.000110899 -0.000185318 -0.00124719 0.0227672 0.00449664 0.00112025 0.00175798 0.000111296 0.00669495 1.31767e-05 0.000753882 -0.018689 -0.000920637 0.00385745 -0.00247111 -0.00224401 0.00810133 0.000455109 0.00058358 0.00159713 -0.000613628 0.00327649 0.000808162 -0.00303894 -0.000578363 0.000905113 0.00156807 0.00691311 -0.00771119 -0.00300602 -0.000160691 -0.00468512 -0.00948039 -6.53414e-05 -0.00130655 0.00102951 -0.000411541 0.00499873 0.00711242 -3.72537e-05 0.00759732 0.0125087 -0.000337588 4.53321e-05 -0.00466612 -0.00157582 -0.00224997 -0.00454596 -0.00807974 0.000650018 0.00201135 0.0031959 -0.000906835
internal_weight=9.42326e+06 4.64183e+06 4.78143e+06 2.08549e+06 79674.7 44534.3 4.56216e+06 2.04095e+06 18280.5 565275 2.69594e+06 2.65309e+06 579275 9457.2 42846.7 2.6133e+06 953512 2.07382e+06 30079.9 1.94886e+06 1.65979e+06 10390.2 1.47568e+06 61394.2 287961 531796 22657.2 1.11549e+06 1.5149e+06 923432 1.12203e+06 58492.4 343453 18680.5 833371 1.05788e+06 399771 9819.68 33479.2 9152.28 457019 63249.4 24327 609497 128417 324773 1.05242e+06 14317.2 11146.5 291314 8823.33 10550.9 434144 331602 10761.1 102542 84063.2 28535.3 10952.3 1.02139e+06 100049 22875.6 865342
internal_count=3458409 1704786 1753623 761627 31528 17125 1673258 744502 6362 207867 991996 975846 211950 3136 16150 940952 338700 763896 10123 732306 602252 3452 536635 25166 90504 195968 8555 422645 542807 328577 404843 23999 122806 7106 309661 365913 139098 2929 11899 3222 176894 19366 8677 226958 48266 115700 385127 5601 4398 121446 3226 3459 167582 133723 5048 33859 25701 10099 4149 378769 35749 9312 307534
cat_boundaries=0 1 2 3 4 5 6 7 8 9 10 11 12 13 14 15 16
cat_threshold=32019984 57425344 31790400 64001552 34056751 40204331 40552576 34532392 969734 32294416 48286382 6381248 19792188 33836308 25170432 33703967
is_linear=0
shrinkage=0.03


Tree=5
num_leaves=64
num_cat=19
split_feature=5 10 3 0 3 3 5 3 1 3 19 1 1 0 19 9 1 1 10 10 19 1 5 1 1 10 0 16 16 0 19 5 1 10 1 19 1 1 19 1 14 1 15 9 19 16 8 10 10 8 10 17 12 14 1 10 6 8 0 1 1 19 1
split_gain=5450.2 2915.77 2657.28 1839.52 1708.58 1538.64 1406.85 1176.52 1118.23 989.67 1038.07 966.928 913.662 740.054 724.776 689.447 599.487 571.435 540.833 525.458 557.924 1023.35 518.357 488.085 454.298 425.303 411.302 434.543 405.041 392.304 384.085 367.721 358.095 353.514 559.337 352.625 439.08 352.212 326.122 420.718 323.854 315.969 312.332 356.043 307.989 291.988 288.675 475.081 288.376 310.064 369.597 355.689 270.548 297.483 263.97 252.398 287.049 247.863 237.351 433.596 274.827 239.991 228.293
threshold=-0.14135888218879697 2.0011521577835087 1.4975270032882693 773.50000000000011 -1.7388762235641477 -0.2327906936407089 2.0338472127914433 -0.098444648087024675 0 -1.7388762235641477 -0.64831668138504017 1 2 787.50000000000011 -0.57563477754592884 -0.22177848964929578 3 4 0.1011020950973034 2.0011521577835087 1.0808296799659731 5 -1.4286499619483946 6 7 0.1011020950973034 787.50000000000011 0.60843560099601757 1.3390110135078432 927.50000000000011 0.39305584132671362 -1.1657976508140562 8 2.0011521577835087 9 0.68251332640647899 10 11 0.91627401113510143 12 0.21328810602426532 13 1.306338965892792 -0.66711744666099537 0.025644427165389064 1.3390110135078432 0.75783151388168346 -2.5115921497344966 0.78904262185096752 2.4586375951766972 -0.91922438144683827 14 -0.8864290416240691 0.48110881447792059 15 -0.26047872006893152 1.0651943087577822 0.25079210102558142 157.50000000000003 16 17 -0.13490475714206693 18
decision_type=2 2 2 2 2 2 2 2 1 2 2 1 1 2 2 2 1 1 2 2 2 1 2 1 1 2 2 2 2 2 2 2 1 2 1 2 1 1 2 1 2 1 2 2 2 2 2 2 2 2 2 1 2 2 1 2 2 2 2 1 1 2 1
left_child=1 5 3 7 -3 9 -4 15 48 10 16 22 13 -7 37 19 -1 55 38 20 25 40 -6 -16 -21 32 44 -28 -15 -10 -29 -14 42 58 -35 54 -37 -8 41 -40 -22 -9 -2 -44 -19 -17 -46 -48 49 -5 51 -51 -42 -54 -12 56 -11 -31 59 -20 -60 -61 -27
right_child=2 4 6 8 11 12 14 18 29 17 35 -13 31 28 23 45 -18 26 33 24 21 -23 -24 -25 -26 62 27 30 -30 57 -32 -33 -34 34 -36 36 -38 -39 39 -41 52 -43 43 -45 46 -47 47 -49 -50 50 -52 -53 53 -55 -56 -57 -58 -59 60 61 -62 -63 -64
leaf_value=0.017703281510711242 0.0016430966875874923 0.025253397667211915 -0.0032364311061644896 -0.0015582197678260861 0.015160534535515286 -8.5916437189755625e-05 -0.025110027581582536 0.00043746911435267881 -0.0010873217670229159 0.0022413215166435549 0.0056035375485488318 0.001938040314428688 0.0013865703768600156 -0.0016361527594355781 -0.00038960197159120023 0.001635997601415291 0.0063542196322089479 0.0014815852537424848 -0.00059201796278025224 0.013511767571255202 -0.0044908725727866843 0.00012683912496463666 0.0066972407396436668 -0.011215886059915912 0.0025037659887688427 0.00037510064650530915 0.00028789151840446326 -0.0019688752625468433 -0.0057540209623562089 0.0052350021690945395 -0.010168893709302972 0.00036168064334757874 0.00035547564096882669 -0.0017727652208902325 0.0069595422047201401 -0.0081099702200391911 0.0036194640966317232 -0.011850766268293962 0.00055532064004156596 -0.0037188311561892652 -0.0047906828258107714 -0.00054503845077038615 0.014952360555963199 0.0017315928388445794 0.0022625572486141788 0.0050816082651030225 -0.0099192714908169638 -0.00023003426142856573 -0.0042243141346521487 -0.01123209945894924 -0.0028472122588083229 -0.0013134246122027393 -0.021192128692978818 -0.0085581124552692039 0.0012870136092411162 0.0013683838316565376 0.0063975173033397814 0.00051017991489608222 3.2808304393570079e-06 -0.0015201857214240219 -0.0013724104823356511 -0.0052521066195384391 -0.00086916069412970609
leaf_weight=7236.3913536071777 150161.88320922852 4450.21240234375 144247.67578125 211321.0537109375 10453.901489257812 757849.95785522461 3882.6338129043579 484841.93885207176 374677.1806640625 300285.5908203125 31905.258304595947 27415.323154449463 456611.27758789062 172667.0634765625 5636.0267372131348 143606.4013671875 10039.192874908447 451856.58227539062 59377.506225585938 4467.6277465820312 16104.239326477051 49908.146179199219 17307.434047698975 11222.390590667725 13722.408020019531 210128.24951171875 157019.13623046875 44215.566284179688 24551.8544921875 11374.437133789062 5813.0162353515625 1016406.0799255371 699295.82223510742 14476.150466918945 12116.357345581055 5420.5600643157959 6078.9641056060791 3519.1676092147827 33906.968322753906 53307.791931152344 3737.2549152374268 750678.93914794922 3468.6830291748047 3885.3269805908203 42681.033935546875 26165.83984375 4687.822998046875 154408.10900878906 90871.23046875 9483.9036560058594 181185.48645019531 4970.4353332519531 3352.4551906585693 3374.6525573730469 21272.391109466553 507592.77313232422 15736.4912109375 82011.242553710938 160758.81854248047 22774.256374359131 699036.4122467041 48642.376117706299 360179.63781738281
leaf_count=2092 65255 1695 59430 70024 3591 296192 1132 171773 161052 101951 12590 10680 157364 72082 1812 63613 4011 176087 20879 1954 7184 22065 6749 4261 5567 86598 69505 11390 5608 6288 1608 355576 239743 5809 4785 1975 2850 1205 15017 21791 1253 269663 1055 1121 24402 6830 1768 59629 27592 2675 52207 1558 1277 1032 8581 167500 3573 33535 72804 7469 237103 19179 126019
internal_value=-7.0357e-07 0.000794504 -0.000655536 -0.000530592 0.0073816 0.000700853 -0.00436082 -0.000248859 -0.00170649 0.00137455 0.00459381 0.00593801 0.000210789 -0.000511924 -0.0110443 0.000353901 0.0111258 0.0012179 -0.000684603 0.000151603 9.02802e-05 -0.002406 0.0098828 -0.00760456 0.0052192 0.000224059 0.000677312 -0.000487903 -0.00214892 -0.000653707 -0.00292259 0.000679379 0.000646583 -0.0012047 0.00220845 0.00284836 -0.00191449 -0.0188681 -0.000284642 -0.00205757 -0.00716034 -0.000159484 0.00193876 0.00797339 0.00104642 0.00216718 7.19088e-05 -0.000515834 -0.00269623 -0.00235504 -0.00321567 -0.00783166 -0.0112713 -0.0148653 0.0038784 0.00178277 0.00244838 0.00108592 -0.00129634 -0.00248695 -0.00111521 -0.00406164 -0.000410726
internal_weight=9.41984e+06 4.25396e+06 5.16588e+06 4.99737e+06 59626.9 4.19434e+06 168508 4.03148e+06 965895 1.76625e+06 81952.8 55176.7 2.42809e+06 955069 24260.2 1.69156e+06 17275.6 1.6843e+06 2.33992e+06 1.52179e+06 1.5036e+06 76476.7 27761.3 16858.4 18190 1.42712e+06 860681 207048 197219 468063 50028.6 1.47302e+06 856812 1.01718e+06 26592.5 64677.2 11499.5 7401.8 1.32274e+06 87214.8 26568.6 1.23552e+06 157516 7354.01 653634 169772 201777 159096 497832 406961 195640 14454.3 10464.4 6727.11 53177.6 823615 316022 93385.7 990589 130794 859795 71416.6 570308
internal_count=3458658 1559049 1899609 1831769 22715 1536334 67840 1476838 354931 649512 32099 21020 886822 373882 8410 630566 6103 617413 846272 560123 552602 32811 10340 6073 7521 519791 344389 82503 77690 200875 12998 512940 307174 368028 10594 25996 4825 2337 478244 36808 10746 441436 67431 2176 261886 70443 85799 61397 154056 126464 56440 4233 3562 2309 21171 273024 105524 39823 357434 47527 309907 26648 212617
cat_boundaries=0 2 4 6 8 10 12 14 16 18 20 22 24 26 28 29 31 33 35 37
cat_threshold=3759225767 66 2651832508 38 3976213442 27 3595231279 66 210623617 29 643831329 85 1094191793 9 2386961040 19 589299744 37 313630018 117 1517443203 18 371943563 25 165206043 54 789975337 36 8949760 3701458309 33 3366869548 42 721682522 1 2921633994 19
is_linear=0
shrinkage=0.03


Tree=6
num_leaves=64
num_cat=16
split_feature=5 10 7 3 3 7 3 0 3 3 5 19 17 0 17 17 5 17 19 17 17 3 0 19 17 10 3 3 0 17 17 11 14 10 10 17 17 10 17 19 3 10 17 14 19 10 17 0 19 17 9 10 17 7 14 14 0 8 19 10 0 0 6
split_gain=5097.55 2883.41 2476.93 1752.65 1616.76 1561.07 1350.44 1145.48 1051.12 999.455 978.095 663.841 652.539 637.718 674.98 573.927 560.35 540.026 492.737 474.554 468.369 448.373 449.404 429.069 429.903 552.618 422.229 407.146 388.574 375.016 329.247 327.806 1583.55 308.929 309.784 307.108 301.408 289.932 289.81 279.267 276.887 275.064 269.297 254.565 253.71 266.115 251.895 334.38 251.637 251.206 236.77 221.471 220.819 212.567 211.967 208.126 199.896 199.672 197.269 205.264 394.674 323.905 280.768
threshold=-0.14135888218879697 2.0011521577835087 0.2853426486253739 1.7734164595603945 -1.7388762235641477 -0.7343340516090392 -1.7388762235641477 717.50000000000011 0.38273026049137121 -0.065650153905153261 2.0338472127914433 -0.46202345192432398 0 759.50000000000011 1 2 -1.6461431384086607 3 0.68251332640647899 4 5 -1.4672435522079466 829.50000000000011 0.025644427165389064 6 -1.3299503922462461 0.60923051834106456 1.7734164595603945 773.50000000000011 7 8 0.62872308492660534 -0.17209174484014508 2.0011521577835087 0.14476701617240909 9 10 2.0011521577835087 11 -0.2460796236991882 0.74209275841712963 0.03987362980842591 12 0.5213962495326997 0.91627401113510143 0.03987362980842591 13 187.50000000000003 -0.89713644981384266 14 -0.26795329153537745 -2.5115921497344966 15 -2.0205539464950557 0.84427878260612499 0.5749357044696809 927.50000000000011 1.8266562819480898 -0.093686822801828371 -0.1055852249264717 157.50000000000003 112.50000000000001 1.0651943087577822
decision_type=2 2 2 2 2 2 2 2 2 2 2 2 1 2 1 1 2 1 2 1 1 2 2 2 1 2 2 2 2 1 1 2 2 2 2 1 1 2 1 2 2 2 1 2 2 2 1 2 2 1 2 2 1 2 2 2 2 2 2 2 2 2 2
left_child=1 5 8 7 -3 6 11 26 15 18 52 17 16 38 56 31 -6 -1 21 -9 -12 48 41 49 25 35 33 -10 44 54 55 37 -33 34 42 -25 -30 51 -11 -22 -21 46 -4 -16 45 -17 47 -23 -7 -8 -34 -2 -5 -14 -24 -20 -15 -18 -40 62 61 -61 -60
right_child=2 4 3 10 12 9 23 19 27 13 20 -13 53 14 43 28 57 -19 30 40 39 22 29 24 -26 -27 -28 -29 36 -31 -32 32 50 -35 -36 -37 -38 -39 58 -41 -42 -43 -44 -45 -46 -47 -48 -49 -50 -51 -52 -53 -54 -55 -56 -57 -58 -59 59 60 -62 -63 -64
leaf_value=0.025522182785241682 -0.0060469250486780163 0.024632650469586483 0.0010235688872565637 0.0027345294533884577 0.018091768070443652 0.0090528650105303494 0.0026014249644499511 -0.0014412099137895648 -0.00076851158660044263 0.0008985984657815389 -0.0053687334964346725 0.0049679962231520582 0.0099371735012801863 -0.00010139837405217971 -0.0015015217783947805 0.00070550802882156773 0.0050355410677160838 0.0098121014147959373 -0.0014844043501807715 -0.0027603527803619467 -0.024343327479685407 0.0043494058833140163 -0.0013462216470132085 -0.00055507758052261496 0.0013573780299246409 -4.153841641941274e-05 -0.0017871639153482144 -0.0035621334176833153 0.00029488462694065318 0.00047111036262529867 0.00063193011969948801 0.023032500938594661 9.9224880437133136e-05 0.0033135320607882803 -0.0012312456959640602 -0.0094075733809150658 -0.0017359574766503188 0.0088648393317962947 0.0002014230918780444 -0.012702434290600277 -0.0049612232566922246 0.00057939580647528046 -0.00052209708545969532 -0.0035689026509433926 -0.0013664625486740113 -0.00017384737962119104 0.0008746555132369781 0.001698827181369056 0.0026259731630321687 0.0014211699120301748 0.0027720091205431915 0.00068271362536784924 -0.0057398881678882973 0.0025861304412469655 -0.0054926705320235778 -0.0056331111122093066 0.0029762402849179102 0.013221759771088675 -0.00020297392624840939 -0.0014451411354871686 -0.00068636761480008986 -0.0070843799389310978 0.0058957371168882802
leaf_weight=3021.3833131790161 4450.1962890625 4482.14892578125 128593.13203430176 3095.9927091598511 5777.2838134765625 5825.431640625 309515.03005218506 245612.04370117188 942025.44921875 337563.96929931641 3011.7370538711548 15745.225311279297 3992.2459106445312 107319.07339477539 146932.57699584961 706482.80526679754 10960.541518211365 5782.805438041687 54339.398162841797 271304.98779296875 4412.126636505127 49190.67333984375 50520.174194335938 5504.9477691650391 230963.13037109375 82109.494506835938 337482.34375 49410.88671875 102678.30102539062 151423.84313964844 68505.801879882812 3262.6689147949219 44327.885314941406 18106.52978515625 453676.19747924805 9849.4340667724609 182976.67407226562 3856.361083984375 576621.05800628662 3233.9468564987183 63495.64013671875 458881.05322265625 480363.51203918457 84400.697906494141 85752.2646484375 551516.58654785156 296227.92388916016 331490.8623046875 92307.03076171875 341511.71652984619 91196.217742919922 363761.35131835938 25716.169400215149 31047.736016273499 14215.641479492188 13605.358551025391 23073.193359375 3551.125846862793 144637.06713867188 18839.722969055176 136919.05688476562 17855.04541015625 7123.6435546875
leaf_count=856 2045 1711 46625 1217 1874 2002 99828 109663 356131 112613 965 6319 1685 41258 57394 238647 4067 2163 23345 84162 1450 14508 17404 2045 91645 31808 126710 19647 41939 55714 29803 979 11350 7164 166671 3792 56484 1819 208850 1196 21005 165542 175724 23969 34993 190179 123896 100375 36952 136076 31371 161948 10445 12364 3531 4150 8956 1080 59109 7374 55668 6776 1724
internal_value=2.8527e-06 0.000772342 -0.000629973 -0.00144396 0.00731251 0.000679015 0.00171061 -0.00132032 -0.00010023 0.000354112 -0.00770379 0.00865958 0.00590732 -0.000174634 -0.00128289 0.000273842 0.0101875 0.015255 0.000887772 -0.00244299 -0.0154668 0.00104995 0.000907819 0.0015364 0.00065234 -0.00101843 -0.000860857 -0.000907756 -1.2366e-06 -0.000345954 -0.000835711 0.00115119 0.00239547 -0.000571592 -0.000637807 -0.00624142 -0.00100603 0.000687065 0.00014878 -0.0194059 -0.00317773 0.00114643 -0.000195685 -0.00225576 0.000212366 0.000319993 0.00153082 0.00204133 0.00300793 0.00198237 0.00189782 0.000601298 -0.00483 0.00342399 -0.00225677 -0.00231516 0.000443256 0.00704264 -0.000131844 -0.000722451 -0.00142692 -0.00418969 8.34842e-05
internal_weight=9.42143e+06 4.25163e+06 5.1698e+06 2.0381e+06 59811.1 4.19182e+06 1.004e+06 1.99863e+06 3.1317e+06 3.18782e+06 39470 24549.4 55328.9 1.60129e+06 361726 2.14026e+06 20289 8804.19 1.58653e+06 580413 10657.8 1.45008e+06 1.35195e+06 979454 328427 97463.9 1.41822e+06 991436 1.62941e+06 216160 136451 510855 138787 1.08074e+06 1.06263e+06 15354.4 285655 372068 1.23956e+06 7646.07 334801 1.13579e+06 608957 231333 1.34375e+06 1.258e+06 676909 380682 98132.5 651027 135524 368212 28812.2 35040 64735.8 67944.8 130392 14511.7 901996 325375 173614 36694.8 151761
internal_count=3458755 1558226 1900529 752997 22781 1535445 374532 737724 1147532 1160913 15273 9338 21070 583691 131577 771754 7021 3019 577222 214830 3611 519924 480970 365194 129290 37645 522894 375778 562242 76649 57298 209512 43700 396184 389020 5837 98423 165812 452114 2646 105167 404321 222349 81363 463819 428826 238779 114883 38954 235904 42721 163993 11662 14049 20935 27495 50214 5147 339501 130651 69818 14150 60833
cat_boundaries=0 1 2 3 4 5 6 7 8 9 10 11 12 13 14 15 16
cat_threshold=34646075 34021671 40003776 9568830 2320875 54823809 48925008 61378064 53383948 41945152 327983 1485321 6472448 48544256 40282410 311297
is_linear=0
shrinkage=0.03


Tree=7
num_leaves=64
num_cat=14
split_feature=7 3 3 2 2 0 17 3 3 1 1 2 4 7 3 18 18 0 7 18 0 0 1 1 18 1 6 1 15 4 2 19 1 18 8 1 1 1 14 3 2 2 0 1 1 12 9 4 14 6 0 18 0 18 0 7 1 19 4 4 9 8 2
split_gain=4798.18 2650.65 2429 1898.82 1738.43 1704.89 1339.37 1230.38 1076.21 794.643 785.66 762.246 649.945 528.898 488.822 459.31 457.505 427.092 426.541 411.043 408.582 389.509 388.098 372.621 372.259 360.033 438.129 358.403 539.572 891.699 352.194 332.415 318.574 317.624 302.553 496.509 295.742 276.549 275.843 270.82 461.599 262.243 256.735 324.123 252.872 243.094 241.602 236.77 225.513 456.77 373.06 223.161 217.376 215.922 265.582 213.759 211.755 315.91 263.937 207.69 204.244 203.817 203.401
threshold=-0.026742512360215184 -1.7388762235641477 1.7734164595603945 -0.93756237626075734 -1.3353099822998045 801.50000000000011 0 0.092108249664306655 0.21740959584712985 1 2 -0.73840481042861927 -0.13379042595624921 -0.7343340516090392 1.7734164595603945 -0.45945429801940912 -0.93979087471961964 787.50000000000011 -0.95551508665084828 -2.0339003801345821 543.50000000000011 941.50000000000011 3 4 1.5021927952766421 5 -0.4651785790920257 6 1.306338965892792 0.46710924804210668 -1.3353099822998045 0.025644427165389064 7 -0.35856898128986353 0.69264709949493419 8 9 10 0.90712493658065807 -1.7388762235641477 -0.73840481042861927 -1.3353099822998045 745.50000000000011 11 12 -0.66421738266944874 -0.83646643161773671 1.0205355882644656 0.70391628146171581 0.63092368841171276 885.50000000000011 -0.87106207013130177 927.50000000000011 -0.681107997894287 292.50000000000006 -1.2936151027679441 13 2.3440901041030888 1.623305678367615 -0.94474059343338002 -0.26795329153537745 2.6611895561218266 0.12750209867954257
decision_type=2 2 2 2 2 2 1 2 2 1 1 2 2 2 2 2 2 2 2 2 2 2 1 1 2 1 2 1 2 2 2 2 1 2 2 1 1 1 2 2 2 2 2 1 1 2 2 2 2 2 2 2 2 2 2 2 1 2 2 2 2 2 2
left_child=1 3 5 9 12 8 11 10 15 20 18 19 24 36 42 39 -8 30 41 -7 -1 -18 -5 -19 -4 26 -21 28 60 -30 -12 -32 -6 -10 35 -33 52 46 -25 40 -2 53 -15 -44 -41 -20 -35 -34 -13 -50 -51 -11 -9 -3 -55 -53 57 58 -36 -24 -17 -27 -61
right_child=2 7 4 22 32 6 16 13 33 51 17 48 -14 14 -16 27 21 23 45 25 -22 -23 59 38 -26 61 -28 -29 29 -31 31 34 47 37 56 -37 -38 -39 -40 44 -42 -43 43 -45 -46 -47 -48 -49 49 50 -52 55 -54 54 -56 -57 -58 -59 -60 62 -62 -63 -64
leaf_value=0.028725250530495655 0.013588549364048077 0.012846148942334698 -0.015243456730323171 -0.00030171401637958071 -0.0013993445351663282 0.0032113909014103068 0.00070841593597394169 0.0013516727700630528 -0.00023323810387558636 0.014038495313654793 0.0043741228342678426 -0.0020147417045640178 -0.0035301813710367992 -1.5209524526194891e-05 -0.0038031838663690198 1.2613943784208013e-05 -0.0017401717261031225 0.00078699228312816612 0.00085354943347980424 -0.019650222593792184 0.015332541099493431 0.0012097772680127728 0.0018280999721560077 -0.00074903613438343116 -0.027175120319586552 -0.0038142544064459858 -0.0078946254045232939 -0.00055108177960137036 -0.00051833151982948113 0.016074461323561762 0.0010839018378129501 0.0055001965428569761 -0.0048289027137730176 0.00096146386261882215 -0.00080083281399918784 -4.6588107701448842e-05 0.00024312861705323783 -0.0015907446869423809 -0.0037117501866962498 -7.7980136155667953e-05 0.0018391689772483425 0.0023372863657701529 -0.0022319585603645668 -5.705915314174215e-05 0.0011453980125927783 0.0019031045753247903 -0.00091847075386487646 -0.01232393282349472 -0.003073908635318224 -0.0040089771720555212 -0.015900135907251662 0.010933400364104546 0.0055235472837412529 0.012107828738681102 0.0019618569969543473 -0.00046227782952748244 0.00016091321333103445 -0.0088225884610413779 -0.0078327568351825028 0.0092122344314404594 0.0014112388687895726 -0.0086956150588753615 0.0043085160862387836
leaf_weight=3776.0125541687012 3882.3384094238281 3504.7801666259766 7206.1731762886047 16930.999477386475 26367.093376159668 3657.2557373046875 144476.2119140625 226631.9609375 449492.15234375 4385.688606262207 24542.396484375 229910.66760253906 3081.9633593559265 992137.24923706055 35452.837890625 569132.81500244141 281171.43371582031 124712.19580078125 525221.99731445312 4013.0314362049103 4534.9898223876953 47016.7685546875 12840.069156646729 134881.27369689941 3516.9015502929688 21795.293799638748 9893.8888976573944 911372.1877220273 6701.9534606933594 5153.0517883300781 782634.6244354248 21789.130828857422 28240.899550914764 72170.2119140625 91573.697834014893 43508.682174682617 433379.19140625 633432.12841796875 35783.484115600586 245475.07258605957 13334.020965576172 305633.60009765625 118038.7119140625 129135.16189575195 399598.23808288574 319401.51544189453 417005.07177734375 4380.8596119880676 104703.05810546875 4765.036865234375 4737.0303955078125 2892.0802307128906 11823.0078125 3063.8087179660797 9551.9711740016937 3030.9880638122559 178348.49039459229 5106.69970703125 5064.9992713928223 13090.921035766602 112549.20086669922 11911.44028544426 18225.579177856445
leaf_count=1175 1381 1148 2465 8241 10534 1004 60265 92477 164236 1512 8537 75357 1055 365414 14403 187302 117998 54250 170184 1217 1543 19807 4879 46392 1196 6020 3214 357017 1899 1590 281148 13426 11815 23849 33637 22679 163780 226830 8780 82261 5562 107297 41453 49642 152941 121354 160277 1841 27644 1042 1072 1100 4778 1049 3254 1117 64512 1918 1921 5224 41455 3347 6719
internal_value=7.56068e-06 0.000694705 -0.000659529 0.00611811 -0.00609754 -0.00057543 -0.00177613 0.000599918 -0.000303955 0.0145038 0.0010251 -0.00306453 -0.0156791 2.8891e-05 -0.000330101 0.000114298 -0.000698267 0.000558313 0.00160454 -0.00647702 0.0214052 -0.00131755 0.00356113 -0.00045945 -0.0191676 -0.00722145 -0.0112846 -0.000160004 0.000353912 0.00669785 0.000819148 0.000741784 -0.00385405 -0.000907134 -3.3438e-05 0.00180542 0.000710054 -0.00117696 -0.00137024 0.000779002 0.00449186 0.00253406 -0.000230732 -0.00109581 0.000679875 0.00125046 -0.000641096 -0.00583538 -0.0025561 -0.00364578 -0.00994228 0.00890278 0.00155857 0.00626293 0.00442968 0.00510646 -0.000462153 -0.00155414 -0.00116977 0.00504106 0.000243543 -0.00553864 0.00635951
internal_weight=9.42077e+06 4.64063e+06 4.78014e+06 79707.3 72793.9 4.70735e+06 868051 4.56092e+06 3.8393e+06 18619.8 2.61432e+06 395387 13805 1.9466e+06 1.27476e+06 2.2672e+06 472664 1.44795e+06 1.16638e+06 51270.9 8311 328188 61087.6 295377 10723.1 47613.7 13906.9 1.60491e+06 693537 11855 1.15257e+06 1.12803e+06 58988.9 1.5721e+06 345392 65297.8 671834 1.12261e+06 170665 662290 17216.4 321754 1.23931e+06 247174 645073 844624 489175 32621.8 344116 114205 9502.07 10308.8 238455 16120.6 12615.8 5923.07 280094 101745 96638.7 44156.6 681682 33706.7 31316.5
internal_count=3458436 1704943 1753493 31510 28906 1724587 317987 1673433 1406600 6447 941486 119917 4716 731947 470912 831408 198070 537200 404286 14802 2718 137805 25063 109422 3661 13798 4431 589263 232246 3489 427778 419241 24190 575192 138093 36105 261035 410956 55172 242145 6943 112748 456509 91095 235202 291538 184126 13656 105115 29758 2114 3729 97255 5451 4303 2217 101988 37476 35558 16822 228757 9367 11943
cat_boundaries=0 1 3 5 7 8 10 12 14 16 18 20 22 24 26
cat_threshold=29398544 2622152749 16 204266625 61 2984265850 82 332595288 1073750784 2 2852483490 13 2169010674 111 1627464470 2 171755544 44 725033023 34 3774968742 11 1353343544 64 1913651716 64
is_linear=0
shrinkage=0.03


Tree=8
num_leaves=64
num_cat=17
split_feature=7 3 3 2 2 0 10 3 1 3 1 1 1 10 4 2 7 0 10 3 0 1 14 19 1 18 1 1 15 8 10 19 1 18 18 10 19 18 7 1 19 10 6 14 6 0 18 10 2 1 0 1 3 2 0 1 4 1 10 1 1 10 1
split_gain=4664 2556.44 2094.59 1822.75 1715.47 1254.59 1218.41 1206.11 1006.37 955.336 845.005 705.653 704.114 690.585 644.819 637.483 581.115 493.809 474.925 461.995 452.905 439.155 438.356 436.636 628.874 414.702 378.542 376.058 476.167 1307.79 364.869 391.593 411.361 352.089 351.117 349.477 384.769 334.29 329.854 312.476 312.254 306.711 299.449 354.557 298.144 303.124 295.97 295.931 304.397 283.969 280.626 370.088 275.43 302.153 274.276 487.813 272.142 266.802 313.817 251.365 246.023 315.702 344.492
threshold=-1.0000000180025095e-35 -1.7388762235641477 0.65205931663513195 -0.93756237626075734 -1.3353099822998045 801.50000000000011 2.0011521577835087 -0.065650153905153261 0 1.7734164595603945 1 2 3 0.03987362980842591 -0.13379042595624921 -0.73840481042861927 -0.7343340516090392 801.50000000000011 2.0011521577835087 1.4975270032882693 773.50000000000011 4 1.1754372119903567 1.3059275150299074 5 -1.813586354255676 6 7 1.306338965892792 1.6483544111251833 1.5346843600273135 0.91627401113510143 8 -0.74301600456237782 -1.0908029079437254 1.2787847518920901 0.78734686970710765 1.2869760990142824 -0.95551508665084828 9 1.0000000180025095e-35 2.0011521577835087 -0.49963155388832087 0.5749357044696809 -0.032086784020066254 217.50000000000003 -0.51270732283592213 2.0011521577835087 -1.0903097391128538 10 745.50000000000011 11 -1.7388762235641477 -0.20766318589448926 157.50000000000003 12 -0.25480918586254114 13 -1.0307154655456541 14 15 -1.5495504736900327 16
decision_type=2 2 2 2 2 2 2 2 1 2 1 1 1 2 2 2 2 2 2 2 2 1 2 2 1 2 1 1 2 2 2 2 1 2 2 2 2 2 2 1 2 2 2 2 2 2 2 2 2 1 2 1 2 2 2 1 2 1 2 1 1 2 1
left_child=1 3 5 10 9 6 13 11 15 44 -1 38 -8 23 37 25 18 -6 40 50 30 -19 -22 27 -25 -7 -20 28 -2 -30 31 -13 -33 -12 -10 36 57 -11 41 -38 -9 -3 43 -27 45 -4 52 48 -36 -35 -18 -52 53 -15 55 -54 -49 58 -5 -32 -42 62 -62
right_child=2 7 4 35 17 8 12 16 34 14 33 20 -14 46 -16 -17 19 21 26 -21 22 -23 -24 24 -26 42 -28 -29 29 -31 59 32 -34 49 47 -37 39 -39 -40 -41 60 -43 -44 -45 -46 -47 -48 56 -50 -51 51 -53 54 -55 -56 -57 -58 -59 -60 -61 61 -63 -64
leaf_value=0.024208927167055024 0.00080166646947590534 0.0024782849955398657 0.0058677427435575745 0.012211738571869073 -0.0013050557572630692 0.0019614435131044749 0.010512275763511655 0.0010985460515736665 0.0012758953845407657 -0.013507298068652624 0.015607288588144457 0.0010010684695451707 0.0022485594555505272 0.014674760153597999 -0.0019372287387035933 -0.0021351727834237767 8.0688703931545877e-05 -0.0011933880417382204 0.00069544817588590045 -0.0025219911424507924 -6.623833371038372e-05 -0.0043629032988390529 -0.0043410746703559299 0.00056382101653424657 -0.0057301878358631594 -0.0064161310514932084 0.0096159181659147535 -3.0459073595929722e-05 0.0011375477532590786 0.021031913760385251 0.0099877266587867237 -0.0040744855429176371 0.00054993445770958179 -0.0019057673884486208 -0.0046168363611335649 0.011827593199877523 0.0046254027808454775 -0.024567483069793793 0.0013488132868095257 -0.0071701985392766537 0.00092035211047832249 0.010290849498984232 -0.005400532710979955 -0.017398521425857683 -0.0086996296637969137 -0.0041792239028899981 -0.00087383634581372543 0.012472634967788646 -0.00077990228347496178 0.010177749700149407 -0.0022577780634146648 -0.00010867015717044935 -0.007826362222642427 0.00025219105303611752 0.0003707902866189339 0.00027667727015949457 0.00064093863814847685 0.00086922597957822089 0.0041982070085663167 0.0025742571379563125 -0.0092631752177403711 -0.00039402742757277653 -0.0011964039397047847
leaf_weight=5344.7607116699219 609115.28904789686 248294.958984375 3105.1402373313904 5229.9317321777344 749594.37298583984 5347.986083984375 13887.072479248047 500178.6325378418 89270.8662109375 6589.2821935415268 5839.2760314941406 975091.53070068359 27977.075958251953 2452.1877822875977 3020.6031748056412 302424.14453125 1227412.9991455078 64837.317016601562 7708.5455780029297 75722.19140625 282728.607421875 100167.51116943359 23368.7099609375 31567.28759765625 26086.11572265625 6064.4749372005463 9642.2024688720703 862473.61407470703 12061.889312744141 3942.2763366699219 6252.8709716796875 28708.113037109375 43574.570617675781 2747.8448066711426 20364.151397705078 4199.2161254882812 3146.3066387176514 3949.931037902832 669147.24609375 5601.6068134307861 118211.71975708008 4602.046875 30651.76478600502 4701.4489974975586 11797.206465244293 20647.870094299316 1092713.736328125 2731.3360466957092 215352.4528503418 4804.2087821960449 117310.314453125 187169.40002441406 10587.684499740601 2794.0573348999023 265285.6240940094 18108.80859375 4853.6026740074158 17301.224844932556 27602.131325721741 12077.521118164062 7906.6694946289062 154146.36352539062 11987.059265136719
leaf_count=1727 213906 85753 1249 1874 286860 1361 5380 185638 39773 2251 1990 360383 10948 956 1016 86267 445577 28793 2898 31242 108416 35345 5477 13518 11618 1617 4095 317090 3540 873 2553 11596 18823 948 8841 1702 1521 1358 231202 2179 49216 1741 8119 1251 3474 8066 396747 1253 96497 1801 40382 70041 3444 1193 95863 6441 2049 7957 10652 5021 3780 60158 4177
internal_value=-1.39416e-06 0.000654385 -0.000681073 0.00591173 -0.00192545 -0.000353488 -8.78059e-05 0.000563079 -0.00151441 -0.00738742 0.0141268 0.00105584 0.00499375 -0.000160242 -0.0141613 -0.00263922 9.54992e-05 -0.00163213 0.000750865 -0.00023462 0.000624438 -0.00311788 -0.000392662 0.000276349 -0.00228514 -0.0058988 0.00566004 0.00037563 0.000935889 0.00604313 0.000916581 0.000843131 -0.00128736 0.0100696 -0.000333292 0.00347078 0.00287385 -0.0176622 0.00169765 -0.00293044 0.000643341 0.00262065 -0.00691386 -0.011218 -0.00480206 -0.00286486 -0.000644918 -0.000923754 -0.00111148 0.00579371 -0.000121547 -0.000936782 0.000191041 0.00700111 6.93948e-05 -0.00271644 0.00490694 0.00388685 0.00547471 0.00511203 -0.000135733 -0.000853057 -0.00440928
internal_weight=9.41758e+06 4.79306e+06 4.62452e+06 81816.5 963709 3.66081e+06 2.97905e+06 4.71124e+06 681762 49110 18736.1 2.29385e+06 41864.1 2.93719e+06 13559.8 349190 2.4174e+06 914599 809781 1.60761e+06 1.3718e+06 165005 306097 1.54525e+06 57653.4 46765.7 17350.7 1.48759e+06 625119 16004.2 1.0657e+06 1.04737e+06 72282.7 13391.3 332572 63080.4 58881.2 10539.2 922044 8747.91 792430 252897 41417.7 10765.9 35550.2 23753 1.39194e+06 243302 235717 7552.05 1.53189e+06 304480 299228 5246.25 293982 28696.5 7584.94 50133.3 32832.1 18330.4 292252 174040 19893.7
internal_count=3457477 1760520 1696957 32351 368412 1328545 1081517 1728169 247028 17414 6466 830965 16328 1065189 4625 98615 897204 350998 309962 587242 512269 64138 113893 560545 25136 12348 6993 535409 218319 4413 398376 390802 30419 4739 148413 25885 24183 3609 318696 3700 302969 87494 10987 2868 12789 9315 504644 108640 105338 2749 556000 110423 107897 2149 105748 9885 3302 20483 12526 7574 117331 68115 7957
cat_boundaries=0 2 3 5 7 9 11 13 15 17 19 21 23 25 27 29 31 33
cat_threshold=3221828519 74 2487918604 202169472 61 2400076472 10 401132892 36 2174988766 23 282172678 81 118829221 45 846201377 64 914861648 44 1610615635 12 3758126054 2 3225495267 6 3357398405 49 3527548944 2 57198621 46 3960606784 16
is_linear=0
shrinkage=0.03


Tree=9
num_leaves=64
num_cat=18
split_feature=5 10 3 2 0 2 3 2 3 2 18 1 4 10 1 1 10 1 1 0 1 15 8 1 14 10 1 13 1 5 1 0 0 5 5 1 1 0 1 15 1 10 6 1 3 5 10 3 9 2 1 0 8 1 3 18 3 0 1 9 2 18 4
split_gain=4718.4 2344.04 2247.12 1722.01 1627.35 1463.52 1208.7 1693.66 1139.82 1035.82 951.969 911.215 895.829 881.025 871.903 858.164 851.695 859.677 749.684 724.715 641.814 865.247 4426.1 543.085 451.37 446.112 628.726 499.239 427.811 427.267 389.161 388.808 381.226 374.309 373.107 364.864 353.236 350.934 362.75 365.435 1036.69 343.968 340.122 338.388 327.507 326.608 399.049 321.234 400.48 315.181 469.343 309.709 352.673 334.281 308.372 298.162 275.963 270.116 263.78 254.776 254.553 243.309 243.274
threshold=-0.2852731049060821 2.0011521577835087 1.2111849188804629 -1.8603156208992002 773.50000000000011 -1.8603156208992002 -1.1839305162429807 -1.0903097391128538 -1.0067967176437376 -1.3353099822998045 -1.5012220144271848 0 -0.13379042595624921 0.1011020950973034 1 2 2.0011521577835087 3 4 787.50000000000011 5 1.306338965892792 1.1751306056976321 6 1.3352418541908266 -1.5495504736900327 7 1.5608298778533938 8 1.8125739693641665 9 514.50000000000011 759.50000000000011 -1.1657976508140562 0.53205174207687389 10 11 307.50000000000006 12 -1.87097692489624 13 0.12298157811164857 -1.6978734731674192 14 -1.3021076917648313 2.0338472127914433 -0.68438321352004994 -0.065650153905153261 -0.26795329153537745 0.064136441797018065 15 941.50000000000011 0.40110567212104803 16 0.061559090390801437 2.4124474525451665 -1.0067967176437376 941.50000000000011 17 -0.48925130069255823 -0.66282558441162098 2.0397104024887089 0.29658980667591101
decision_type=2 2 2 2 2 2 2 2 2 2 2 1 2 2 1 1 2 1 1 2 1 2 2 1 2 2 1 2 1 2 1 2 2 2 2 1 1 2 1 2 1 2 2 1 2 2 2 2 2 2 1 2 2 1 2 2 2 2 1 2 2 2 2
left_child=1 6 4 12 13 8 7 10 -3 18 23 -11 29 20 19 56 28 -18 -6 54 21 47 -23 -1 -21 26 27 -22 -15 -4 -9 -31 35 55 -30 -12 -14 49 39 40 -39 -35 -28 -34 -19 -5 -47 48 -2 50 61 -13 53 -53 -8 -16 -7 -17 -54 62 -57 -27 -26
right_child=2 5 3 45 9 15 14 30 -10 11 32 51 36 16 33 57 17 44 -20 24 25 22 -24 -25 59 37 42 -29 34 31 -32 -33 43 41 -36 -37 -38 38 -40 -41 -42 -43 -44 -45 -46 46 -48 -49 -50 -51 -52 52 58 -55 -56 60 -58 -59 -60 -61 -62 -63 -64
leaf_value=0.0085417732194707705 0.00094211979589343194 0.034764798432201843 -0.008369806545959195 -0.0020852508854623973 -0.011771156763946796 0.019414925637916032 0.00084189814614100229 -0.00026970696001252036 0.010132312283684169 -0.0023303403672997733 0.014444268297649498 -0.00073835911744982977 -0.0098865514741536074 -8.4604114614222442e-05 0.0013864020423904238 0.0029746728366704515 -0.0012666314969466785 0.016100657980447269 -0.0034368791845171979 -0.00094665626565150279 -0.00030125081550286183 0.00038843817859039753 0.036874515981985878 0.022221899192126058 -0.011132077328342729 0.0041998755020988595 -0.012607388206990597 0.011477744203503872 -0.00051231104924562103 -0.026062898481684582 0.0024777340141489013 -0.01338069698719851 0.0080066155424272003 0.0010020618317973669 -0.001591323609620589 0.003785957156069181 0.0032096801106999279 -0.024090573708482419 2.1911220764124396e-05 -0.0010946300848739792 -0.0016451902020655359 2.3742147197621334e-05 -0.0033786724415869941 -0.0053916105743125713 0.0057501074954310356 -0.014496984174912419 -0.0039944057083253085 0.00020792732831193951 0.0036496051934921336 0.00015437127614041695 0.00102786364538473 0.016676626429580576 -0.0016557979610597399 0.003655076423785548 -0.0002235993061306524 0.013748834085458964 0.0088332222261665316 -0.0067876864273720451 0.0023054366477253336 -0.0018224423579094227 0.0033227707036633234 0.013882254161410167 -0.0041470118357415904
leaf_weight=4567.9274234771729 172062.79107666016 2743.041259765625 4432.5873532295227 311447.84765625 13447.027709960938 2617.6673278808594 510453.2292175293 61004.201019287109 4410.413818359375 410184.63093566895 5308.8099641799927 481664.14616394043 3474.9486293792725 577218.76512145996 798185.11376953125 28495.436109542847 20110.44873046875 3128.279052734375 35025.573852539062 246461.7138671875 56893.804992675781 15588.231384277344 3698.2317504882812 6256.6007137298584 7573.248893737793 28828.493896484375 3836.6287536621094 3428.8787231445312 543990.08772277832 4429.5976186990738 193840.05581665039 4313.3338388204575 2765.8453683853149 866662.07913208008 613918.00018310547 6388.8974933624268 3943.9681067466736 2403.769287109375 1056174.5274658203 174084.41723632812 7931.423095703125 516027.2001953125 56007.841339111328 4335.9815368652344 22717.651123046875 3925.1148834228516 19027.414413452148 269249.75677108765 68839.390872955322 367571.8125 193080.4673576355 2230.42919921875 27940.737823486328 8578.7591552734375 469133.91381835938 3110.9788818359375 14581.665117263794 2796.8623046875 32962.321624755859 15918.463226318359 6527.0250244140625 2538.27685546875 11027.722450256348
leaf_count=1569 63118 1049 1550 128559 4227 1059 199296 26202 1632 127385 1538 196604 1238 241330 269944 11053 8614 1190 12966 103917 21467 4431 1282 1896 1587 13144 2809 545 189469 1386 76295 1474 1155 298145 207475 2434 1345 908 367659 76705 3568 179074 22875 1429 8772 1380 6910 97840 24950 134236 64336 713 10839 4742 191383 953 5507 832 12689 4182 2275 1085 2324
internal_value=2.79494e-06 0.000820952 -0.000548113 -0.00285846 -0.000392639 0.00693262 0.000729903 0.00260948 0.0195955 -0.0014741 0.00939831 -0.00125882 -0.011277 -0.000135917 0.000574968 0.00506277 -0.000645037 0.00338576 -0.00575305 -5.36249e-05 0.000229395 0.00115583 0.00739249 0.0164839 -0.0013967 -2.17898e-05 -0.00179251 0.000369129 -0.000751805 -0.0159707 0.00182015 -0.0198173 0.0053152 0.000936698 -0.00108439 0.00864274 -0.00293599 9.43233e-05 -0.000192459 -0.00142005 -0.00689957 0.000636949 -0.00397067 -0.000167957 0.00700306 -0.00233984 -0.00579322 0.000920009 0.00171586 0.00069528 0.00158109 -0.000464499 0.00137478 0.00636729 0.000331622 0.00144976 0.0104428 0.00210051 0.000488245 -0.00460932 0.00669351 0.0049839 -0.00699316
internal_weight=9.42152e+06 3.79119e+06 5.63033e+06 354995 5.27534e+06 55645.1 3.73555e+06 284468 7153.46 1.01203e+06 29624.1 963561 20594.4 4.2633e+06 3.45108e+06 48491.6 1.78108e+06 45956.4 48472.6 1.26057e+06 2.48222e+06 529438 19286.5 10824.5 280981 1.95278e+06 120167 60322.7 1.73513e+06 13175.5 254844 8742.93 18799.5 2.19051e+06 1.15791e+06 11697.7 7418.92 1.83261e+06 1.24059e+06 184420 10335.2 1.38269e+06 59844.5 7101.83 25845.9 334400 22952.5 510152 240902 592019 224447 553376 71712.2 10809.2 979587 807823 17199.3 31292.3 60903.1 34519.4 9638 31366.8 18601
internal_count=3458545 1386730 2071815 143842 1927973 21132 1365598 112518 2681 370165 10021 352972 6993 1557808 1253080 18451 656850 18576 17193 502689 900958 191621 5713 3465 112010 709337 47696 22012 638274 4410 102497 2860 6556 750391 396944 3972 2583 661641 448840 81181 4476 477219 25684 2584 9962 136849 8290 185908 88068 212801 78565 225587 28983 5455 390679 273172 6566 11885 23528 8093 3228 14229 3911
cat_boundaries=0 2 4 6 8 10 12 14 16 18 20 22 24 25 26 28 29 30 32
cat_threshold=3758175143 2 3777114946 27 2651766936 4 280075330 100 1073753060 11 34607136 53 699469505 125 2150328604 10 2854506698 27 827459706 64 76259717 97 4186072454 81 1342194196 1073741824 2289358947 51 1635794948 134905856 261505040 72
is_linear=0
shrinkage=0.03


Tree=10
num_leaves=64
num_cat=18
split_feature=5 7 3 2 3 2 7 3 1 2 3 5 1 7 3 3 1 1 2 1 1 1 7 1 1 1 19 14 1 11 11 6 9 12 14 9 19 7 5 1 19 16 1 5 5 6 4 2 1 4 11 4 19 16 4 1 13 18 1 19 1 19 1
split_gain=4409.2 2447.3 1801.98 1987.8 1594.89 1224.48 1032.85 977.54 784.936 763.122 680.798 644.889 638.604 586.751 569.94 473.887 437.765 423.652 412.99 411.737 363.21 357.907 354.802 349.285 343.779 338.313 265.894 286.909 251.509 902.397 1537.18 415.075 928.314 235.882 1100.88 3576.41 231.136 223.782 218.745 201.254 196.513 345.662 192.258 192.149 182.154 180.091 177.438 169.763 171.218 166.447 167.522 180.612 171.621 375.084 194.09 196.222 161.65 154.035 261.847 160.704 281.312 153.354 151.428
threshold=-0.2852731049060821 0.39155498147010809 -1.7388762235641477 -1.0903097391128538 1.7734164595603945 -1.0903097391128538 -0.7343340516090392 0.31477129459381109 0 -1.3353099822998045 0.38273026049137121 -2.2249845266342159 1 -1.2936151027679441 0.79068219661712658 1.7734164595603945 2 3 -1.8603156208992002 4 5 6 -0.62034279108047474 7 8 9 0.025644427165389064 0.21328810602426532 10 -0.53304743766784657 -0.58721837401390065 0.63092368841171276 -0.40421637892723078 -0.63057601451873768 -0.17209174484014508 -0.67614126205444325 1.0808296799659731 -0.56931757926940907 -2.2249845266342159 11 0.25063651800155645 0.43605639040470129 12 1.8125739693641665 -2.2249845266342159 -1.9585989117622373 -0.13379042595624921 -1.0903097391128538 13 -2.066596150398254 1.9656068682670595 -0.94474059343338002 0.59370270371437084 0.74407026171684276 1.8531795144081118 14 -0.37388423085212702 2.4124474525451665 15 2.3440901041030888 16 -0.11480296403169631 17
decision_type=2 2 2 2 2 2 2 2 1 2 2 2 1 2 2 2 1 1 2 1 1 1 2 1 1 1 2 2 1 2 2 2 2 2 2 2 2 2 2 1 2 2 1 2 2 2 2 2 1 2 2 2 2 2 2 1 2 2 1 2 1 2 1
left_child=2 7 3 8 14 16 9 12 38 11 19 25 33 -10 24 37 -6 36 46 61 -12 -11 57 -7 -3 -4 -23 -28 29 30 -24 -31 -33 40 35 -35 -5 -9 -1 -13 45 -42 -17 -44 -21 56 -16 48 -26 -46 52 -52 -51 54 55 -54 -2 59 -59 -14 -61 -8 -63
right_child=1 4 6 17 5 23 10 15 13 21 20 39 22 -15 18 42 -18 -19 -20 44 -22 26 28 -25 47 -27 27 -29 -30 31 -32 32 -34 34 -36 -37 -38 -39 -40 -41 41 -43 43 -45 49 -47 -48 -49 -50 50 51 -53 53 -55 -56 -57 -58 58 -60 60 -62 62 -64
leaf_value=0.011975018047697893 0.0028256786121298619 -0.00039647793568002094 0.017984566398178629 0.00052697534867624299 -0.0093208390397070372 0.0034387973051460338 0.00050936158344153473 7.2390246357164205e-05 0.030234680310154916 0.0019688682311446472 0.00037272722736280648 0.0069437442806174806 0.00071155374347002846 0.01445816915166887 -0.014237244231549326 -0.0014265727699318488 -0.021183671541261821 0.0043801369945807404 -0.0022925279405806211 0.0031929633502442529 -0.00093387522830052055 0.0013005891418852605 -0.00052649565920059426 -0.0056002693302701963 -0.0067149371169201765 0.0066967965509248575 0.0010986429543545669 -0.0015400430100626936 -8.6637106060893132e-05 -0.00041770459764024255 -0.033468632613136817 -0.001208045694234109 -0.019877481127138597 0.052662712298064247 0.0016003309603429456 0.0010166431364208022 -0.0081360795799995805 -0.00085924332280240339 0.0027086194842456703 0.0018191207234612716 0.00026467369348436557 -0.0055964989017618155 -0.0038249591595111857 -0.0096751564239058278 -0.00072118139417114038 0.0008284295352749203 -0.0055833031531541616 -0.0012573432707140182 -0.0022188686273909488 0.0011364300577125404 0.0085606889939551876 0.0021475803093032168 0.0023173982757532046 -0.0071994110322372157 -0.0076777190920080474 -0.00054645877952829672 0.011174457116019219 0.0090411240629195144 -8.3334968726801506e-05 -0.012210048348652811 0.00099421353193592768 -0.003187342718552828 -0.00017991933770396449
leaf_weight=4805.38671875 12620.557975769043 481874.75149536133 4797.224609375 17633.460540771484 5258.0089874267578 4707.6939353942871 507699.1533203125 307389.03100585938 3251.94091796875 451329.00933837891 346752.220703125 10194.664684295654 453937.17465209961 6147.7614669799805 3357.3366727828979 24075.061309814453 6157.2738494873047 42531.536041259766 290025.064453125 34862.91015625 427559.7568359375 282219.44378662109 3231.9689788818359 20884.63650894165 8581.0380859375 4851.142578125 71622.802978515625 76899.005615234375 1329407.1244263649 122351.57046508789 2100.4878997802734 8933.1341857910156 3271.4898376464844 1620.7622528076172 201895.60929870605 4682.8918762207031 3283.71044921875 946725.22680664062 4387.8757400512695 21351.929065704346 44013.826782226562 11396.512084960938 25577.451019287109 6297.1556396484375 48870.045715332031 230112.00964355469 5862.4348115921021 973066.02987670898 68052.973510742188 978855.61491394043 5176.3492431640625 16686.214477539062 34769.517478466034 6385.1554870605469 2653.9957847595215 56508.033596515656 2497.4628982543945 5299.4590148925781 6065.2763366699219 2377.4886689186096 3695.817636013031 15836.609375 304968.54400634766
leaf_count=1641 5724 197583 1348 6405 1698 1525 172083 120073 1074 164900 141568 3616 163904 1965 1165 10065 2176 18056 112473 12238 151067 103909 1573 8873 3538 1951 33841 26427 464573 46683 1047 2758 980 944 79080 2961 1209 350568 1636 7627 20453 3003 10063 2259 17081 83345 2080 339442 22352 348523 1224 4629 12915 1640 909 25179 588 1837 2405 1054 1665 7192 115479
internal_value=1.92462e-06 -0.000530919 0.000792489 0.0051901 -0.00141851 -0.007584 0.000695257 -8.99475e-05 0.0138151 0.00156492 0.000407216 0.00555573 0.000263826 0.0199082 -0.00129386 -0.00075142 -0.0157527 0.00266174 -0.00249134 0.000697968 -0.000348761 0.00137851 1.57877e-05 -0.00393804 -0.00105989 0.0123411 0.000759863 -0.000267575 -0.000213969 -0.00142389 -0.0135218 -0.000944068 -0.00621854 0.00120979 0.00198599 0.0143268 -0.000834227 -0.000630896 0.00754791 0.00347882 0.000672278 -0.000941218 -0.00345266 -0.0049805 0.00105673 0.00103686 -0.0087406 -0.00136441 -0.00272388 0.000991958 0.001068 0.00366761 0.00101532 -0.000166448 0.000311988 0.000544705 0.00420812 0.000731942 0.00418145 0.000646676 -0.00419904 0.000184918 -0.000328534
internal_weight=9.42029e+06 5.6274e+06 3.79289e+06 82041.7 1.86783e+06 37007.6 3.71085e+06 3.75957e+06 18593 923265 2.78758e+06 41195 2.44951e+06 9399.7 1.83082e+06 1.31006e+06 11415.3 63448.7 299245 2.01327e+06 774312 882070 1.94067e+06 25592.3 1.53157e+06 9648.37 430741 148522 1.4693e+06 139889 5332.46 134556 12204.6 508840 208199 6303.65 20917.2 1.25411e+06 9193.26 31546.6 300640 55410.3 55949.7 31874.6 1.18477e+06 245230 9219.77 1.0497e+06 76634 1.1499e+06 1.10103e+06 21862.6 1.07917e+06 100317 93931.5 91277.6 15118 471375 11364.7 460010 6073.31 828504 320805
internal_count=3457842 2070510 1387332 31986 692905 14272 1355346 1377605 6316 343619 1011727 14542 884577 3039 678633 493028 3874 25670 115718 719092 292635 329077 688479 10398 562915 3299 164177 60268 517614 53041 2620 50421 3738 196098 82985 3905 7614 470641 3277 11243 113113 23456 22387 12322 424338 89657 3245 365332 25890 412100 395019 5853 389166 40643 39003 38094 6312 170865 4242 166623 2719 294754 122671
cat_boundaries=0 2 4 6 8 10 12 14 16 18 20 21 23 25 27 29 31 33 34
cat_threshold=3777060802 124 235147264 29 1832716925 10 827461802 118 3777635138 114 401591324 36 481152401 44 534832 5 723849372 49 3390625952 100 1073742340 3931930632 36 3776711412 108 8769 10 268469297 5 3511290404 34 2698037251 96 512
is_linear=0
shrinkage=0.03


Tree=11
num_leaves=64
num_cat=15
split_feature=7 5 5 2 2 4 0 19 10 0 17 5 17 10 10 0 7 17 17 2 8 0 18 17 11 14 14 8 0 17 5 10 0 4 17 10 17 0 10 0 18 17 17 2 10 10 17 5 10 18 4 17 4 4 14 19 17 17 0 0 17 15 8
split_gain=4165.96 1819.41 1432.27 2867.08 1250.24 1351.55 1037.6 1029.68 984.647 844.357 918.345 778.677 771.608 765.062 728.311 722.763 710.253 556.335 551.886 534.303 521.353 512.461 510.752 505.777 659.772 515.29 1550.51 489.994 603.096 451.019 431.376 428.768 424.399 406.15 364.531 676.445 655.936 478.811 429.024 364.494 401.579 361.312 356.529 355.577 353.923 342.802 331.73 323.272 305.941 316.176 305.168 299.169 293.998 464.076 306.517 291.531 319.922 288.954 285.387 315.293 269.571 393.336 738.859
threshold=1.0000000180025095e-35 0.48549599945545202 -2.2249845266342159 -1.0903097391128538 -1.8603156208992002 -0.13379042595624921 787.50000000000011 0.025644427165389064 1.5346843600273135 773.50000000000011 0 1.658214330673218 1 2.0011521577835087 2.0011521577835087 801.50000000000011 -0.7343340516090392 2 3 -0.93756237626075734 2.6611895561218266 787.50000000000011 0.20620799809694293 4 1.0000000180025095e-35 0.21328810602426532 0.24987175315618518 4.3794195652008066 172.50000000000003 5 -1.4286499619483946 2.0011521577835087 543.50000000000011 -1.6296737790107725 6 -1.5495504736900327 7 643.50000000000011 -0.15329194813966748 703.50000000000011 -0.62217700481414784 8 9 -0.38950632512569422 0.12298157811164857 0.03987362980842591 10 -0.43759821355342859 2.0011521577835087 -0.93979087471961964 -2.066596150398254 11 0.063367111608386054 0.38342870771884924 0.43977797031402593 1.3059275150299074 12 13 829.50000000000011 411.50000000000006 14 1.306338965892792 0.83778035640716564
decision_type=2 2 2 2 2 2 2 2 2 2 1 2 1 2 2 2 2 1 1 2 2 2 2 1 2 2 2 2 2 1 2 2 2 2 1 2 1 2 2 2 2 1 1 2 2 2 1 2 2 2 2 1 2 2 2 2 1 1 2 2 1 2 2
left_child=2 9 3 8 5 11 12 16 39 14 43 -3 -7 20 30 31 -4 -16 -15 57 34 47 -13 -22 25 -25 -27 28 -28 -23 -2 45 -24 -30 38 36 37 52 -9 40 -1 -21 -33 -11 55 -6 -8 -18 49 -12 -45 -5 54 -54 -36 -32 -57 -17 59 -35 61 -49 -63
right_child=1 4 7 51 15 6 46 13 -10 10 48 22 -14 18 17 19 21 -19 -20 41 23 29 32 24 -26 26 27 -29 33 -31 44 42 -34 58 35 -37 -38 -39 -40 -41 -42 -43 -44 50 -46 -47 -48 60 -50 -51 -52 -53 53 -55 -56 56 -58 -59 -60 -61 -62 62 -64
leaf_value=0.021901711273074966 0.0013364734068588915 -0.0038333358125190462 0.0014746972918962512 0.0033368081227495242 -0.00056899656672789562 0.0087378505660666763 -0.018867081340463887 0.0014639322911660913 0.027646826583068652 -0.0043149099075693188 0.0011673387783232457 -0.0081851970727562073 -0.0030888262966500724 0.012612405626453471 -0.0034456611911047904 -0.0026626419941683955 0.0012468875623485164 0.0067636785981742822 0.0025062868633992674 -0.0032014858680145335 0.00072926142262718741 -0.001610399408829052 -0.029738028374134848 -0.0009642479428876834 -0.00095479179772999618 -0.023980677480652874 -0.016875547239650623 -0.00062690142721191051 0.0031690248068117636 0.00056643635843854623 0.00032758230802100734 -0.0017575923765986994 -0.01556645036642536 -0.0087866009484582567 -0.0057070260981416793 -0.00012889043015654756 -0.0081930910183969502 -0.0067673282773642752 -0.00017617232222337848 0.0065611219417361739 0.0095159015370018443 -0.00113807966395788 0.0055265797756674879 -0.0064446441200837453 -0.0006015196631409199 -0.0014859172108952629 -0.0066966621710829351 0.00096113261917724568 0.006539876520007289 -0.0008726751261514716 -0.0015428056565254219 -0.00010603010659298055 0.012793976065229565 2.123898553475171e-05 0.005652852535059108 -0.0061029305779887475 -0.00044681737130105757 -0.0085844949848622211 -0.014622205108623446 0.00026522413703246664 0.00012958556906839968 0.0003374979834569002 0.01844294166973439
leaf_weight=4118.3444671630859 210929.26000976562 5670.2642421722412 1029664.2739257812 43495.749938964844 723545.98788452148 7763.9383010864258 3112.0467643737793 272305.306640625 3665.6851806640625 64327.205078125 107375.76078033447 3662.4684791564941 13711.832139968872 5620.7487487792969 5985.2892456054688 12292.14527130127 664680.55810546875 24211.448059082031 35660.391876220703 146163.98352050781 94246.781982421875 175125.11401367188 3401.6481245756149 28448.480560302734 220067.69445800781 3978.61669921875 4620.2369060516357 18047.865661621094 4421.4129543304443 167659.8388671875 1115780.7819824219 9553.2010498046875 4361.6478005647659 8496.4352397918701 7074.7314586639404 391572.93002319336 19164.0966796875 9310.8897705078125 303553.13046264648 9653.9970607757568 5530.4527835845947 160044.13397216797 16448.652465820312 12048.298828125 748794.65454101562 744624.14462280273 5819.7361793518066 342924.75354003906 6313.4736328125 188236.55806732178 221446.39306640625 47536.305725097656 4094.4180297851562 6818.210057258606 3057.8151369094849 13115.038375854492 28638.143020629883 18820.77074432373 3528.1797485351562 5843.4242687225342 840881.47154265642 5128.1315612792969 3351.3574523925781
leaf_count=1322 75788 2020 374621 17020 264437 2419 923 108118 1306 19601 44938 1168 5063 3063 2779 5705 232889 8928 13816 46215 39826 58187 1087 13679 66109 1676 1340 4792 1180 62056 408665 4155 1552 2523 2991 172552 11010 3386 119234 3271 1819 66972 5956 3486 277921 270212 2282 115181 2657 78357 70574 15721 1538 2361 670 6790 11752 5344 1008 1592 301775 1460 1087
internal_value=-1.26398e-05 -0.000654841 0.000607167 0.0039295 -0.00137422 -0.00617898 -0.00238389 0.000526223 0.0133998 -0.00016281 -0.00115802 -0.0129264 0.00119043 -0.000137931 0.000115137 -0.00124958 0.000824412 0.00474095 0.00388734 -0.00250385 -0.000255907 0.000520022 -0.0174353 -0.00118585 -0.00179261 -0.00417523 -0.00604161 -0.00445157 -0.00701611 -0.000545723 4.91519e-05 -0.000966408 -0.0217912 -0.00496909 0.000102283 -0.000546687 -0.00385011 -0.00110439 0.000599377 0.0106878 0.0148111 -0.00212319 0.00285197 -0.00233995 -9.32893e-05 -0.00103404 -0.0109739 0.000716754 7.94208e-06 -0.00013167 -0.00179587 0.00153943 0.00140152 0.00481723 -0.00227773 0.00023548 -0.00222554 -0.0062493 -0.00698317 -0.00509922 0.000421208 0.00111899 0.00749998
internal_weight=9.41955e+06 4.6262e+06 4.79335e+06 114001 1.879e+06 47503.6 30407.6 4.67935e+06 22968.5 2.7472e+06 599748 17096 21475.8 1.44993e+06 2.14745e+06 1.83149e+06 3.22942e+06 30196.7 41281.1 337321 1.40865e+06 2.19975e+06 11425.8 391699 297452 77384.7 48936.2 44957.6 26909.7 342785 2.11726e+06 1.49417e+06 7763.3 22289.5 1.01695e+06 441093 49520.2 30356.1 575858 19302.8 9648.8 306208 26001.9 297822 1.90633e+06 1.46817e+06 8931.78 1.85697e+06 301926 295612 233495 91032.1 21045.2 10912.6 10132.5 1.15753e+06 41753.2 31112.9 17868 14339.9 1.19229e+06 351404 8479.49
internal_count=3457925 1697746 1760179 40459 685510 16514 10687 1719720 7718 1012236 219613 5827 7482 572464 792623 668996 1147256 11707 16879 124236 555585 772635 3807 133725 93899 27790 14111 12435 7643 120243 780916 544760 2639 6303 421860 194508 21956 10946 227352 6412 3141 113187 10111 93661 705128 534649 3205 652392 125952 123295 74060 32741 7560 3899 3661 427207 18542 11049 5123 4115 419503 117728 2547
cat_boundaries=0 1 2 3 4 5 6 7 8 9 10 11 12 13 14 15
cat_threshold=32019984 19580422 6619392 33572889 34949431 25745048 21313163 9601060 62952720 4661600 12354628 35993960 19892536 36299117 7007232
is_linear=0
shrinkage=0.03


Tree=12
num_leaves=64
num_cat=18
split_feature=5 10 7 5 7 2 2 5 1 5 0 19 0 19 0 0 17 1 1 0 2 14 1 18 1 1 1 0 2 7 0 14 9 15 0 1 1 19 7 10 1 2 1 1 15 8 10 1 8 1 10 19 16 19 0 14 19 1 16 1 10 18 1
split_gain=3857.49 1881.82 1638.27 1308.26 1300.8 1191.54 1102.34 1149.12 920.642 897.693 878.865 871.972 706.154 656.427 647.091 639.082 734.081 617.258 572.676 558.194 550.059 498.19 477.936 451.653 443.955 388.012 374.623 374.272 363.691 346.524 346.376 330.795 595.068 2279.31 318.934 314.014 310.269 398.574 305.955 305.332 316.435 302.357 423.942 288.089 280.55 621.904 271.978 384.044 270.015 256.037 250.303 248.035 246.331 272.892 246.281 270.662 238.251 457.132 327.174 275.661 272.851 237.377 237.063
threshold=0.043449360877275474 2.0011521577835087 0.25299994647502905 -2.2249845266342159 -0.16644404828548429 -1.3353099822998045 -1.3353099822998045 -1.7852910757064817 0 2.0338472127914433 658.50000000000011 -0.41133010387420649 528.50000000000011 0.51811981201171886 703.50000000000011 759.50000000000011 1 2 3 643.50000000000011 -0.73840481042861927 0.21328810602426532 4 -1.2733466625213621 5 6 7 773.50000000000011 -0.43459592759609217 -1.0495393872261045 927.50000000000011 -0.17209174484014508 -0.78342774510383595 1.306338965892792 787.50000000000011 8 9 0.025644427165389064 -0.56931757926940907 2.0011521577835087 10 0.35385280847549444 11 12 1.306338965892792 1.6483544111251833 -2.5115921497344966 13 1.3437783718109133 14 -2.5115921497344966 -0.47935186326503748 0.66022512316703807 0.39305584132671362 787.50000000000011 1.3352418541908266 1.3059275150299074 15 0.34463578462600714 16 0.12298157811164857 -0.51270732283592213 17
decision_type=2 2 2 2 2 2 2 2 1 2 2 2 2 2 2 2 1 1 1 2 2 2 1 2 1 1 1 2 2 2 2 2 2 2 2 1 1 2 2 2 1 2 1 1 2 2 2 1 2 1 2 2 2 2 2 2 2 1 2 1 2 2 1
left_child=1 4 18 20 6 9 7 14 48 10 26 12 -11 22 23 36 28 -13 38 39 -3 62 30 -1 -23 -21 51 46 -17 -25 31 32 33 -8 -19 -16 44 -38 61 56 -41 49 -43 -12 -6 -46 47 -20 -5 -10 -26 -4 -30 -54 -24 -56 59 58 -58 -7 -61 -2 -15
right_child=2 3 5 8 15 19 13 -9 41 11 43 17 -14 21 35 16 -18 34 27 25 -22 24 54 29 50 -27 -28 -29 52 -31 -32 -33 -34 -35 -36 -37 37 -39 -40 40 -42 42 -44 -45 45 -47 -48 -49 -50 -51 -52 -53 53 -55 55 -57 57 -59 -60 60 -62 -63 -64
leaf_value=0.023388244961346928 0.0026919433301738982 0.025978458128956577 -0.0024229191412608333 0.0062811380315563768 0.00065548541632068163 -0.0016185053697951196 0.003068754038145609 0.0015869911969067464 0.0057107706445478938 -0.027037216670780666 -0.011639449464795667 -0.012177604486561276 -0.009867108950717211 0.0020501962280318068 0.0089270680472422932 -0.004051557654261251 0.00025925519294064774 0.0055692885321784692 0.0025169312734924956 -0.0010219627612040396 0.0083828869516881614 0.00013314693877355466 0.00092640897930368251 0.015148968895609953 -0.009380209931083662 -0.0024597174227362702 -0.0018596275467778962 -0.0015986299466017003 -0.00067723671188010175 0.0034998344823384451 0.0044479115302546186 0.0012860366093194581 0.0023768639303086672 0.040211329544060793 -0.0069645641390261564 2.8430341468510274e-05 0.00033629604642719117 -0.00096180479909507973 3.4226736461909801e-05 0.011701116685334308 0.0013159557616466812 -0.012280122892648026 0.0016777016608357583 -0.0048834307265388788 0.00084901752342848879 0.013067086475874552 -0.000272273052754594 -0.0079251738789546909 0.013227605048388861 0.00015493290853234366 -0.0030911609287896254 0.0072327699116942791 -0.0020622954360406667 -0.0074022569519486764 0.0001197231323135223 -0.0038857297846892503 -0.0046806576183295468 -0.0014718063434298659 -0.01662467722628113 2.3618530227401664e-05 -0.001051625786676538 0.0007064922147890833 -0.00030340629955223061
leaf_weight=3535.7862701416016 67015.8525390625 3706.2229309082031 3251.8983459472656 11329.859363555908 811854.06047445536 229572.07806396484 7638.0060119628906 41777.96484375 14687.359844207764 3751.2512850761414 7136.4659881591797 6112.651882648468 5081.9257016181946 60958.530883789062 8172.2051086425781 55689.59130859375 286066.96243286133 4612.5902571678162 4752.6214599609375 309768.3505859375 2821.3249206542969 47008.975700378418 888697.15454101562 6287.0616302490234 6357.801513671875 371730.67028808594 21933.552536010742 251732.025390625 160903.60388183594 3626.5269470214844 37534.8681640625 731295.51821899414 84466.629364013672 1841.7323608398438 3018.5769672393799 6337.3848876953125 731814.61633300781 300202.73498535156 857995.2890625 3142.4507141113281 16194.791473388672 3123.1347274780273 5206.3706855773926 28116.472152709961 12783.793914794922 5300.8900451660156 1152652.1413574219 9484.5067138671875 9087.4956207275391 15178.911594390869 54471.602424621582 9052.7164459228516 74841.022216796875 9729.7008056640625 231930.75500488281 16241.88916015625 5813.6803064346313 41716.612823486328 3200.4431371688843 483500.35675048828 378802.37054443359 283240.1259765625 104567.70452880859
leaf_count=1112 26033 1342 1036 5054 258127 86546 4678 14871 5440 1226 2680 2198 1677 26700 2454 17790 115639 1560 1981 133380 1006 15611 343271 2081 2102 119256 8063 87901 57431 1221 12323 222910 44818 675 1083 2524 286972 131994 332400 1312 6327 813 2259 9951 3798 1110 399084 3551 3045 5910 18449 3071 19965 2775 91857 3629 2281 18954 828 175532 136914 110394 51140
internal_value=-2.29784e-06 0.000586097 -0.000628698 0.00565059 0.000517246 -0.00129098 0.00102263 0.00473773 0.00423089 -0.0046216 -0.00293271 -0.00981814 -0.01717 0.000908635 0.00944462 3.38278e-05 -0.000829085 -0.00508853 -0.000140724 -0.00112462 0.0183856 -0.000470215 0.00109713 0.0141843 -0.00205686 -0.00180626 0.000490756 -0.000549512 -0.0018628 0.0108915 0.00162953 0.00150133 0.00317709 0.0103022 0.000609298 0.00504791 0.000305978 -4.13099e-05 0.000339241 -0.000724818 0.00301294 0.00147966 -0.00357271 -0.00625724 0.000737815 0.00443294 -0.000323185 -0.00444354 0.00937081 0.00288959 -0.00374858 0.00467719 -0.00136625 -0.00267705 0.000693068 -0.00014249 -0.000788088 -0.00279774 -0.00891833 -0.000694703 -0.000448725 0.00108641 0.000563499
internal_weight=9.41946e+06 4.85708e+06 4.56238e+06 65140.7 4.79194e+06 1.93551e+06 2.34275e+06 69736.9 58613.1 92068.1 69491.1 22577 8833.18 2.27301e+06 27959 2.44919e+06 587231 13743.8 2.62687e+06 1.84344e+06 6527.55 273365 1.99965e+06 13449.4 107838 681499 34238.2 1.41862e+06 301164 9913.59 862777 825242 93946.4 9479.74 7631.17 14509.6 1.86196e+06 1.03202e+06 1.20825e+06 1.16194e+06 19337.2 38195.8 8329.51 35252.9 829939 18084.7 1.16689e+06 14237.1 20417.4 29866.3 60829.4 12304.6 245474 84570.7 1.13687e+06 248173 1.14261e+06 50730.7 9014.12 1.09187e+06 862303 350256 165526
internal_count=3458115 1782896 1675219 24869 1758027 713875 862426 24263 22521 32545 24801 7744 2903 838163 9392 895601 213600 4841 961344 681330 2348 114002 724161 4414 36162 252636 12170 492517 97961 3302 285404 273081 50171 5353 2643 4978 682001 418966 468827 428694 7639 14422 3072 12631 263035 4908 404616 5532 8099 11350 20551 4107 80171 22740 438757 95486 421055 22063 3109 398992 312446 136427 77840
cat_boundaries=0 2 3 5 7 9 11 13 15 17 19 21 23 25 27 29 31 32 34
cat_threshold=2618213016 12 32020048 2418173891 103 2402064488 61 210557985 44 2298849688 10 2809021532 53 3931934772 16 3397295274 4 33928375 12 1275339408 1 33625122 1 3223335684 24 90640 66 47256609 35 570425505 1 2420672064 1091412899 29
is_linear=0
shrinkage=0.03


Tree=13
num_leaves=64
num_cat=21
split_feature=7 5 10 5 19 2 5 2 5 6 0 1 10 1 0 1 5 1 1 0 1 12 4 1 9 0 1 1 1 1 2 2 1 1 1 10 1 10 1 5 5 1 1 0 5 8 4 4 0 1 15 8 0 0 16 0 1 2 1 5 10 15 0
split_gain=3722.26 1707.11 1459.65 1510.59 1121.61 1119.95 944.569 948.462 959.77 904.084 946.965 964.98 700.023 654.846 644.665 686.018 618.248 601.231 596.217 586.364 519.77 462.021 417.186 416.654 1763.63 407.807 399.942 388.236 371.165 350.358 341.395 332.04 324.009 320.456 317.195 297.162 306.374 295.929 417.802 291.855 285.43 307.441 274.245 264.105 262.895 256.707 331.151 255.663 255.077 254.952 300.989 754.749 245.411 243.106 239.139 238.34 235.923 233.846 537.416 232.94 231.549 229.406 228.721
threshold=-0.054484304040670388 0.2616069912910462 2.0011521577835087 -2.2249845266342159 0.91627401113510143 -1.3353099822998045 -0.59645131230354298 -1.3353099822998045 -2.2249845266342159 0.040953550487756736 658.50000000000011 0 2.0011521577835087 1 773.50000000000011 2 2.0338472127914433 3 4 643.50000000000011 5 -0.62045860290527333 1.8531795144081118 6 -0.74104449152946461 703.50000000000011 7 8 9 10 -0.53800436854362477 -0.43459592759609217 11 12 13 0.12298157811164857 14 -2.5115921497344966 15 -0.95484915375709523 -1.1657976508140562 16 17 277.50000000000006 -1.5294209122657774 0.40110567212104803 1.391279458999634 -0.84932526946067799 885.50000000000011 18 1.306338965892792 1.6483544111251833 927.50000000000011 787.50000000000011 0.74407026171684276 815.50000000000011 19 -0.82665434479713429 20 1.8125739693641665 -0.019832246936857697 -1.87097692489624 157.50000000000003
decision_type=2 2 2 2 2 2 2 2 2 2 2 1 2 1 2 1 2 1 1 2 1 2 2 1 2 2 1 1 1 1 2 2 1 1 1 2 1 2 1 2 2 1 1 2 2 2 2 2 2 1 2 2 2 2 2 2 1 2 1 2 2 2 2
left_child=2 12 4 -4 6 9 7 8 25 10 11 -3 14 39 40 31 -11 -14 22 32 53 35 37 24 -23 26 -1 -18 -21 -13 33 48 -7 60 -25 43 61 38 -6 -5 41 -2 55 57 -19 -32 -47 -22 -16 50 -42 -52 -17 -9 -15 -12 -45 58 -8 -31 -20 -37 -39
right_child=1 5 3 13 18 19 21 20 -10 16 42 29 17 54 15 52 27 44 30 28 47 23 -24 34 -26 -27 -28 -29 -30 59 45 -33 -34 -35 -36 36 -38 62 -40 -41 49 -43 -44 56 -46 46 -48 -49 -50 -51 51 -53 -54 -55 -56 -57 -58 -59 -60 -61 -62 -63 -64
leaf_value=0.022954890225177365 -0.00047566598108160014 0.01305462304035343 0.023305258547719414 0.01311012046876436 0.0010854039426303518 -0.0011540011255731122 0.01313214213560605 0.00081200293802707164 0.0026119129809132283 -0.0054727811787708804 -0.0044945654280497726 0.0034743552751912779 -0.0004829223721940475 0.0021408316195735753 -0.0021594413848581785 -0.00035847309115984974 -0.0091882950141396365 0.012293982940254794 0.017764315387625802 -0.00087484976410992868 0.00069760471289432517 0.025618609870553425 -0.01144595728688334 0.0014194573832111439 -0.00047714173406784746 0.0060756681313122477 0.0099676462245573989 -0.020834423558893263 -0.0021924702919352401 -0.0011825150594996009 0.0022783049450918499 -0.0015241745697220867 -0.00026158581271228896 0.0012726415643042703 -5.6987987615655857e-05 -0.007241065369387306 0.00028311708674419429 -0.0043958071872140523 -0.0097956330559201069 0.0056587738674547788 0.00038978456960006558 0.0014696654762941369 -0.0033311041309717769 0.00053640940265151169 0.0050827809790684637 -0.00067789237051816729 -0.0087232971090039253 0.0018894198119508954 -0.0063218382278244431 -0.00028954893226739413 0.00078715294770194302 0.01645923551661245 0.001896390572339889 -0.00055415272847447478 -0.0054033450527453519 -0.011965660121372065 -0.00045363778833625723 0.0010299301273795644 0.00033205406268442121 -0.0086572900813170778 0.0048920065679583973 -0.0008498257532115165 -0.0011846031891757933
leaf_weight=3775.5534286499023 101406.52221679688 5276.6454162597656 3995.197509765625 6504.6052551269531 4654.3532104492188 652384.02380371094 4766.3267211914062 474455.04727172852 41337.8515625 20865.689880371094 6787.9549894332886 10275.630035400391 16832.823303222656 20519.733318328857 27683.572509765625 214145.04833984375 5886.7811899185181 6093.962890625 2213.105170249939 322718.20751953125 213514.16837859154 3203.8296813964844 4651.9405517578125 412241.99005126953 8517.7484436035156 7583.5235614776611 5059.9776973724365 4677.9580678939819 476718.42724609375 12109.908386230469 26080.085557460785 233260.18090820312 834585.87658691406 10364.775848388672 191933.990234375 5116.7542724609375 355991.69555664062 25048.505440950394 9998.4760131835938 17379.941944122314 559296.63585931063 262048.935546875 18587.53591632843 576477.87274169922 17981.428649902344 101603.81205606461 4818.0474548339844 671413.64360260963 25423.821533203125 1019160.7082519531 10950.436828613281 3695.3538208007812 54490.146484375 155696.435546875 4630.70166015625 8880.746826171875 346999.82852172852 265960.41928100586 7729.6611938476562 5433.1336669921875 2917.2827997207642 385486.30383300781 98269.799002408981
leaf_count=1220 46283 1884 1454 2665 1736 238531 1689 177507 14338 6182 2478 3723 6305 8489 8564 88451 1443 2099 1067 136866 76153 1117 1434 157446 2776 2578 1626 1595 157545 4771 12506 75041 304994 4397 96135 2012 154146 10690 4387 7464 191697 84168 7439 178792 6939 44788 2188 236144 7958 393548 3222 802 22771 58039 1073 3085 141438 90314 2637 2077 1308 105662 40002
internal_value=4.65826e-06 -0.000563481 0.000630708 0.00557812 0.00057145 -0.00114053 0.000697997 0.0012768 0.00504981 -0.00426794 -0.00230704 0.00131202 -2.4253e-05 0.00413154 -8.76626e-05 -0.000990092 -0.00846889 0.00386832 -0.00123005 -0.0010054 0.00113296 0.000342996 -0.0026141 0.00105923 0.00665775 0.011185 0.0155644 -0.0143809 -0.00166062 -0.000921627 0.000103949 -0.00201159 -0.000653131 0.00431664 0.000950432 0.000116605 -0.000353464 -0.00231611 -0.00634611 0.00768714 0.000168325 0.000926933 -0.00580312 0.000408593 0.00690739 -0.000388832 -0.00104253 0.00160185 -0.00415249 -4.74889e-06 0.000500971 0.00474572 9.89281e-05 0.000474447 0.0007507 -0.00872595 0.000164396 0.00121843 0.00522844 -0.00349729 0.0104363 -0.000933616 -0.00183702
internal_weight=9.41857e+06 4.93766e+06 4.48091e+06 53030.2 4.42788e+06 2.38519e+06 4.13726e+06 1.57284e+06 57756.9 98782 67351.6 33095.3 2.55247e+06 49035 2.51156e+06 555003 31430.4 40908.2 290620 2.28641e+06 1.51508e+06 2.56443e+06 142623 615898 11721.6 16419.1 8835.53 10564.7 799437 27818.7 147997 286368 1.48697e+06 15495.2 604176 1.94853e+06 746595 137971 14652.8 23884.5 1.95656e+06 363455 34256.2 1.20193e+06 24075.4 132502 106422 884928 53107.4 1.5931e+06 573942 14645.8 268635 630151 25150.4 15668.7 923478 278456 12496 17543 5130.39 390603 123318
internal_count=3457878 1810461 1647417 21145 1626272 872613 1501769 567605 19762 34677 25457 12455 937848 19691 922505 202785 9220 15343 124503 837936 547843 934164 58249 257474 3893 5424 2846 3038 294411 10571 66254 91563 543525 6772 253581 676690 261820 56815 6123 10129 719720 130451 13002 414870 9038 59482 46976 312297 16522 589269 195721 4024 111222 235546 9562 5563 320230 94640 4326 6848 2375 107674 50692
cat_boundaries=0 1 3 5 7 9 11 13 15 17 19 21 23 25 27 29 30 32 34 36 38 40
cat_threshold=1778679844 3729670812 54 3758437287 90 1085292355 25 1985050151 1 3810665320 83 0 4 2652037404 96 1075383461 64 661554264 53 2220364056 16 1422446169 68 160202752 16 1344855985 25 1073954743 64 74245 2904568384 51 3760340838 28 2718240919 5 2653926689 100 3993240846 21
is_linear=0
shrinkage=0.03


Tree=14
num_leaves=64
num_cat=16
split_feature=7 3 3 2 2 0 3 3 18 0 10 1 1 1 4 1 2 0 14 1 0 10 14 11 6 1 10 19 1 15 11 19 7 3 4 1 0 2 0 18 18 19 16 0 1 10 1 10 1 1 18 18 11 0 19 1 1 1 0 2 3 10 1
split_gain=3413.32 2123.06 1803.31 1243.93 1222.8 1102.4 1083.35 1005.36 1003.13 794.056 789.812 779.809 637.689 615.198 580.314 538.647 503.579 490.622 504.506 481.646 477.377 474.55 431.742 1938.79 430.261 422.495 385.652 405.188 372.616 500.629 1375.84 370.343 347.545 383.3 346.517 474.241 344.089 357.632 516.241 433.732 332.548 324.588 577.139 323.621 312.52 309.317 304.332 286.768 285.009 279.397 274.463 268.091 261.479 313.963 257.528 291.751 253.713 252.656 248.544 245.259 243.109 239.722 239.706
threshold=0.025894950143992904 -1.7388762235641477 0.49023100733757025 -0.2742097526788711 -1.3353099822998045 172.50000000000003 0.31477129459381109 1.7734164595603945 -0.681107997894287 801.50000000000011 2.0011521577835087 0 1 2 -0.13379042595624921 3 -0.82665434479713429 773.50000000000011 0.23334156721830371 4 801.50000000000011 0.03987362980842591 -0.17209174484014508 0.62872308492660534 -0.49963155388832087 5 1.5346843600273135 0.68251332640647899 6 1.306338965892792 0.46392104029655462 1.3059275150299074 -0.56931757926940907 1.4975270032882693 1.7135866284370425 7 927.50000000000011 -1.3353099822998045 202.50000000000003 -1.0908029079437254 1.2869760990142824 0.51811981201171886 0.74407026171684276 658.50000000000011 8 2.0011521577835087 9 0.03987362980842591 10 11 -0.87106207013130177 -0.51270732283592213 -0.042510163038969033 187.50000000000003 -0.49759905040264124 12 13 14 112.50000000000001 0.032708499580621726 -1.7388762235641477 0.97661304473876964 15
decision_type=2 2 2 2 2 2 2 2 2 2 2 1 1 1 2 1 2 2 2 1 2 2 2 2 2 1 2 2 1 2 2 2 2 2 2 1 2 2 2 2 2 2 2 2 1 2 1 2 1 1 2 2 2 2 2 1 1 1 2 2 2 2 1
left_child=1 3 9 5 7 -1 12 43 19 10 21 16 22 -12 40 61 24 26 -19 -7 -6 28 23 -3 -11 -22 27 47 29 -2 -31 -30 45 -34 44 -36 37 38 -24 -40 -9 -20 -43 54 -29 62 -47 52 -5 -28 -13 60 59 -54 -4 -56 -33 -45 -53 -14 -23 -10 -8
right_child=2 6 4 48 20 8 32 14 15 11 13 50 17 -15 -16 -17 -18 18 41 -21 25 51 36 -25 -26 -27 49 34 31 30 -32 56 33 -35 35 -37 -38 -39 39 -41 -42 42 -44 57 -46 46 -48 -49 -50 -51 -52 58 53 -55 55 -57 -58 -59 -60 -61 -62 -63 -64
leaf_value=0.027905310170633212 0.00077002110486497756 0.0022006853862214758 -0.0066558318248360589 -0.0025300088368961247 -0.0010809046674828491 0.02404043048292142 0.00097812080691959112 -0.012166008680376053 0.0058666706159589124 -0.015188723774764649 -0.00019106379021338596 0.00063195916465168733 0.0015974291819546716 0.007566307283017425 -0.0014386788764428069 -0.00153802490632478 -0.0021914904674372585 0.00050292847729938408 -0.001041093943021658 0.010759905523640097 -0.0043101112244390647 0.0067737345071287166 0.015559032985761671 0.020533094562646736 -0.0048488669208200585 -0.0015707429764306835 0.0075794069859522984 -0.002169346533040949 2.0122259038094294e-05 0.00025828901284697905 0.02288243729174666 -0.00028841629636431796 -0.00039734785206587921 -0.0027254999269290723 -0.01649517484697163 -0.00062967735389957136 0.0037449583397134961 0.00096873112548261228 0.012919419716318123 0.001266308922827304 -0.023248645944080899 -0.0021390070638863082 -0.012703561836096952 -0.0029475640153485369 0.00062599782385449785 1.5917608250383592e-06 0.00863247063056795 0.00029448147995993451 0.0034768891033765395 0.0014999563774649599 -0.0010042378401553301 0.0013265151331134015 0.0033804392087796935 0.0012772411270992826 0.0070471936076299093 -0.0018275209218239366 -0.0059629443148447253 -0.0090481145947046357 -0.000836817959697754 6.4251046859952285e-05 0.00022619799259585865 0.017536731344914444 -0.00023182003151964498
leaf_weight=2844.0228881835938 577582.74745178223 79411.058784484863 5074.1578369140625 8437.3819732666016 977471.59246826172 3707.7138538360596 241141.14909362793 6400.6477648019791 5192.7803316116333 4562.4950542449951 15868.663833618164 140794.50732421875 141611.10865020752 21897.146713256836 3008.119210600853 8741.6849718093872 182249.40625 254646.38195800781 185602.67700195312 7508.2374534606934 83642.896301269531 5200.85791015625 3309.6246490478516 5550.3870162963867 17544.947328567505 128645.22802734375 12313.188873291016 60508.532332658768 738743.34483337402 7999.7973022460938 3462.9392700195312 12739.14599609375 831286.26171875 68916.15625 2931.258181810379 4009.5629241466522 44938.717895507812 983276.50036621094 3343.8631584644318 20309.718125104904 3956.423454284668 19740.303161621094 6085.7835083007812 12399.232105255127 88810.759354352951 6867.4051971435547 7912.6436309814453 620633.87103271484 44884.552291870117 15227.161712646484 267691.71826171875 50449.8134765625 75440.808201313019 416788.2607421875 5015.5385332107544 9873.4194822311401 16003.231201171875 12109.354190826416 907486.5654296875 278717.52130889893 260183.26611328125 2280.4426422119141 378895.35285949707
leaf_count=1076 198487 43286 1750 4311 367620 1024 88468 2192 2317 1577 6575 53749 63108 8233 1026 2991 58582 111075 52520 2935 28818 2137 1069 1800 5125 52094 4715 26678 277483 2393 993 6905 309780 28374 973 1516 14449 318085 968 6408 1348 6664 1603 4577 35431 2606 3396 229403 17439 6883 103307 18810 20285 115434 2024 3307 6497 4176 330364 130208 93874 964 155808
internal_value=5.89283e-07 0.0005442 -0.00059932 0.00528432 -0.00156806 0.0101405 0.000462631 -0.00582768 0.00829388 -0.000225195 2.38706e-06 -0.00119725 0.0007671 0.00430913 -0.0130412 0.00352066 -0.00271016 0.000466765 -0.000396442 0.0151899 -0.00136096 -6.06665e-05 0.00134214 0.00339945 -0.00698574 -0.00265042 0.000701084 0.000643673 0.000325718 0.000893248 0.00710013 -0.000109875 -0.000196524 -0.000575597 -0.000811602 -0.00736172 0.00117649 0.00106222 0.00447054 0.00291607 -0.0164088 -0.00147964 -0.00463047 -0.00365855 -0.000506895 0.00034102 0.00462941 0.000791994 0.00252642 0.00422223 -0.000440272 -0.000489125 0.00113035 0.00159962 -0.000822618 0.00116691 -0.00345055 -0.00596789 -0.000722879 0.0005808 0.000354638 0.00942451 0.00023876
internal_weight=9.41988e+06 4.94182e+06 4.47806e+06 83596.8 1.2476e+06 30274.9 4.85823e+06 57836.9 27430.9 3.23046e+06 2.61762e+06 612843 3.32321e+06 37765.8 13365.2 16214.9 204357 2.18307e+06 466075 11216 1.18976e+06 2.57985e+06 1.14014e+06 84961.4 22107.4 212288 1.71699e+06 1.68945e+06 1.35653e+06 589045 11462.7 767486 1.53502e+06 900202 156260 6940.82 1.05518e+06 1.01024e+06 26963.2 23653.6 10357.1 211429 25826.1 44471.7 149319 634817 14780 1.53319e+06 53321.9 27540.4 408486 1.22332e+06 912558 492229 19963.1 14889 28742.4 24508.6 957936 420329 265384 7473.22 620037
internal_count=3458073 1814050 1644023 33057 468932 11307 1780993 20400 10231 1175091 952751 222340 1192561 14808 4566 6272 65284 806496 171862 3959 448532 937943 386065 45086 6702 80912 634634 623036 492758 201873 3386 290885 588432 338154 64598 2489 340979 326530 8445 7376 3540 60787 8267 15834 62109 250278 6002 558438 21750 11598 157056 445185 329035 135719 7081 5331 13402 8753 349174 193316 96011 3281 244276
cat_boundaries=0 2 4 6 8 9 11 13 14 16 18 20 22 24 26 28 30
cat_threshold=3221300134 10 202169344 29 280042563 53 2382139524 17 3322454031 3892392451 88 51458470 61 1913651335 854589988 96 349740290 81 568344634 64 3527541432 2 3931537436 54 2359459928 2 738050073 101 169643288 46
is_linear=0
shrinkage=0.03


Tree=15
num_leaves=64
num_cat=20
split_feature=3 10 3 7 1 7 3 19 0 3 19 3 1 0 0 19 1 1 1 7 1 12 1 10 1 10 1 14 11 16 7 15 15 6 0 1 1 19 14 18 0 19 1 1 1 19 18 1 8 13 1 8 0 1 1 16 1 8 11 19 13 1 10
split_gain=3305.53 1888.91 1565.66 1501.78 1365.02 1120.31 1094.17 823.058 689.251 649.012 625.939 600.271 609.722 589.323 573.172 570.264 621.199 540.72 508.738 485.85 449.335 448.218 445.64 417.609 436.853 409.204 474.571 446.914 1427.34 402.937 395.143 381.655 560.14 368.504 361.301 459.553 351.586 350.001 342.576 330.328 330.107 322.33 363.779 317.686 311.588 308.876 302.043 283.149 255.869 300.848 251.038 250.773 368.201 249.815 244.213 241.466 225.452 274.084 357.926 223.875 269.599 212.638 210.745
threshold=0.21740959584712985 2.0011521577835087 1.7734164595603945 -0.026742512360215184 0 0.39155498147010809 -1.7388762235641477 -0.80945956707000721 941.50000000000011 -1.4672435522079466 0.68251332640647899 -1.4672435522079466 1 731.50000000000011 643.50000000000011 -0.64831668138504017 2 3 4 -0.56931757926940907 5 -0.29493351280689234 6 -0.062011832371354096 7 0.03987362980842591 8 -0.17209174484014508 0.62872308492660534 0.74407026171684276 2.6998182535171513 1.306338965892792 1.4161098599433901 -2.110771536827087 773.50000000000011 9 10 0.78734686970710765 0.43977797031402593 -0.87106207013130177 927.50000000000011 1.3059275150299074 11 12 13 0.025644427165389064 -1.3805645108222959 14 1.5803357958793642 0.14258702844381335 15 3.0430103540420537 142.50000000000003 16 17 0.60843560099601757 18 5.2206554412841806 -0.30612206459045405 2.3440901041030888 -0.8109784424304961 19 -1.1633192300796507
decision_type=2 2 2 2 1 2 2 2 2 2 2 2 1 2 2 2 1 1 1 2 1 2 1 2 1 2 1 2 2 2 2 2 2 2 2 1 1 2 2 2 2 2 1 1 1 2 2 1 2 2 1 2 2 1 1 2 1 2 2 2 2 1 2
left_child=1 3 5 6 9 19 7 17 11 -3 21 12 -6 23 53 16 -4 -1 29 -2 55 25 51 24 31 26 27 28 -8 59 33 38 -33 -24 45 -36 -27 43 -5 -22 -29 -26 -43 -9 -13 -21 -18 -16 49 -40 -42 52 -17 -7 -39 -15 -47 -58 -59 -12 -61 -25 -28
right_child=2 4 15 13 8 14 10 37 -10 -11 18 44 -14 20 47 22 46 -19 -20 34 39 -23 30 61 41 36 62 40 -30 -31 -32 32 -34 -35 35 -37 -38 54 48 -41 50 42 -44 -45 -46 56 -48 -49 -50 -51 -52 -53 -54 -55 -56 -57 57 58 -60 60 -62 -63 -64
leaf_value=0.023531476873421768 0.00044406579079606421 0.027919041350881069 -0.014466084185811611 0.00024121019621898391 0.021540301532864455 -8.2431121119320422e-05 0.0031601767777077643 0.0063200469362422202 -0.0075819193582352014 0.010791486730935402 -0.0015423274103326542 -8.6341499864596539e-05 0.005035897301437553 -0.0012350662295686086 -0.0032568803245744569 0.011037908115709708 0.00395324070101403 0.007569684405592446 0.00010284735783982113 -2.4609384571337189e-05 0.00083870683120667049 0.0030147609752208724 -0.014336968783661863 0.00034729284604484878 0.00038277178770866903 -0.00018033186896918916 -0.0007745565468800853 0.0014116271145895843 0.024819416419177738 -0.010071797019377694 -0.01389385213612369 0.016958344882250911 0.00045691527339887912 -0.00322672800936635 -9.7018202728449274e-05 -0.0025365070843815242 0.00091122855394982507 0.0047584977288080621 0.0031983838035179735 -0.00084786511169931804 0.0097308680543161368 0.00045361649426823957 -0.0061557590587876659 0.0018329279124921093 0.0047849364597709549 -0.00015214005293573196 -0.0064977996061328126 -0.0016530021336521341 0.0019884327040199075 0.011019113805775275 0.0029347432102543305 -0.004970678084533357 0.00019547521449285189 -0.0012799090180063827 -0.0052536263301513368 -0.0032397966041552611 -0.0013424914687703944 -0.015346932996449087 -0.0033271586299367319 -0.015611845453631309 -0.0024464746893740992 -0.00053339804189080011 0.00080683141966882035
leaf_weight=2975.9676942825317 699649.74279785156 2492.76220703125 8674.7195625305176 100208.06634521484 3361.5340576171875 251463.3408203125 32259.757976531982 30274.285059928894 4786.4826354980469 9896.685791015625 49609.101089477539 18518.482461929321 5056.4856872558594 163442.1123046875 155454.31103515625 3344.2558119297028 3072.019287109375 5404.8223447799683 190672.92175292969 1023048.9268798828 151927.44482421875 87102.552093505859 2781.7825050354004 367964.349609375 651165.16967773438 520095.83728027344 85312.982421875 655093.70231628418 2987.5994453430176 6530.8168182373047 3519.4075927734375 3588.5834350585938 3819.3682861328125 75312.693794250488 123106.37915039062 159610.1865234375 542642.2216796875 3279.0763473510742 14015.368270874023 334878.05712890625 7173.403076171875 15236.003784179688 14739.307983398438 26797.732884407043 32672.62184715271 162159.09997558594 13039.974773406982 273401.05810546875 99349.481079101562 6470.1950836181641 15433.872222900391 6143.6909132003784 17801.518259763718 416502.38732910156 6550.3070755004883 80812.4912109375 218949.36743164062 2740.483775138855 11893.61461353302 2343.8489193916321 3470.6604189872742 748876.03295248747 683087.40867614746
leaf_count=846 272695 1031 2724 34431 1349 92362 17145 12120 1476 4576 21244 8072 1922 59119 50634 1188 1200 2088 79284 362910 58358 40595 1155 132356 252192 155099 36046 180566 927 1857 1471 1008 1188 32158 49861 54468 219809 1660 4125 128571 1509 7437 6555 10578 11352 68957 5334 107101 24747 1329 4656 1453 6804 153035 2497 21148 84264 1506 4023 1227 1510 276912 273573
internal_value=3.51813e-06 0.000448403 -0.000706057 0.000385609 0.00512227 -0.000584278 0.000854953 0.00442528 0.00336514 0.0142359 0.000761742 0.00424529 0.011667 -0.000118234 -0.00137865 -0.00389222 -0.00799887 0.0132854 -0.000664641 -0.000221418 -0.000848364 0.000898694 -0.00295721 0.000145301 0.000622892 0.000826239 0.0011485 0.00170595 0.00499929 -0.00302603 -0.00406659 0.0017612 0.00845664 -0.00362338 -0.000495061 -0.00147437 0.000377036 0.00331446 0.00153569 -0.000321492 0.00153465 0.00024274 -0.0027987 0.00421493 0.00302382 -0.000299914 -0.00450173 -0.00223453 0.0026181 0.00567058 0.00509846 0.000362078 0.00191244 -0.000829129 -0.00191337 -0.00189831 -0.00101161 -0.00160818 -0.00558254 -0.00219551 -0.00776234 -0.000243239 0.000631243
internal_weight=9.42404e+06 5.79238e+06 3.63167e+06 5.71559e+06 76785.1 3.49798e+06 2.9591e+06 75282.2 64395.6 12389.4 2.88382e+06 59609.1 8418.02 2.75649e+06 1.09682e+06 133690 24786.7 8380.79 252627 2.40116e+06 731060 2.63119e+06 108903 2.02543e+06 908592 2.54409e+06 1.48135e+06 712948 35247.4 61954.4 81613.9 227451 7407.95 78094.5 1.70151e+06 282717 1.06274e+06 66901.4 220043 486806 677701 681140 29975.3 57072 51191.1 1.41879e+06 16112 428855 119835 20485.6 22607.3 27289.5 21145.8 667966 9829.38 244255 395743 233583 14634.1 55423.6 5814.51 1.11684e+06 768400
internal_count=3459393 2104090 1355303 2074312 29778 1301816 1064836 29789 24171 5607 1035047 22695 3271 1009476 403132 53487 9258 2934 105122 898684 267196 929925 44229 742280 333012 889330 514422 204803 18072 25838 34784 66828 2196 33313 625989 104329 374908 26855 64632 186929 186731 266184 13992 22698 19424 521660 6534 157735 30201 5454 6165 9445 7992 245397 4157 80267 158750 89793 5529 23981 2737 409268 309619
cat_boundaries=0 2 4 6 8 9 11 13 15 17 19 21 23 25 27 29 30 32 34 36 38
cat_threshold=2382626840 2 1097509892 9 1154148367 20 1342222375 80 571491878 1073881958 74 1141418228 4 77984 13 202185891 44 536644632 116 1073948599 98 3250749790 18 1549714821 33 1613771843 33 3355456290 90 529408 1779900478 34 2525406824 44 170189951 40 2852442502 1
is_linear=0
shrinkage=0.03


Tree=16
num_leaves=64
num_cat=15
split_feature=5 3 3 2 2 7 4 7 7 3 7 18 2 17 17 5 17 18 19 17 7 19 16 17 12 11 9 17 19 4 12 5 5 17 17 15 11 12 9 17 17 18 17 11 4 17 3 17 7 2 2 17 15 2 18 19 16 6 8 3 7 17 2
split_gain=3364.39 1696.91 1619.69 1956.53 1259.54 1014.11 942.474 888.867 729.742 695.278 513.356 523.178 488.421 432.199 408.477 407.279 389.241 386.924 385.155 327.103 287.871 282.808 287.73 268.579 266.627 336.143 1223.95 254.564 242.3 421.499 234.359 232.02 216.106 209.6 209.341 207.863 211.689 205.963 202.518 201.95 197.097 192.355 189.965 189.108 208.579 188.617 187.789 182.675 172.39 167.774 166.176 163.682 425.774 162.751 239.287 167.578 361.144 167.306 159.48 158.312 158.059 157.022 156.477
threshold=0.088302053511142745 0.79068219661712658 -1.4672435522079466 -1.0903097391128538 -1.8603156208992002 -0.7343340516090392 -0.13379042595624921 0.25299994647502905 -1.461343467235565 -0.098444648087024675 0.2853426486253739 1.2869760990142824 -1.3353099822998045 0 1 -2.2249845266342159 2 -1.2733466625213621 0.68251332640647899 3 0.55963915586471569 -1.0000000180025095e-35 0.34463578462600714 4 -0.63057601451873768 0.51083838939666759 -0.78342774510383595 5 1.6460059285163882 1.1480313539505007 -0.66421738266944874 -1.1657976508140562 -1.1657976508140562 6 7 -1.5548936724662779 -0.078819915652275072 -0.29493351280689234 -0.69290116429328907 8 9 1.8071193099021914 10 1.6338410377502444 0.58580151200294506 11 1.3322183489799502 12 -0.87330481410026539 -1.3353099822998045 -1.3353099822998045 13 1.306338965892792 -1.8603156208992002 1.8071193099021914 0.25063651800155645 0.92115417122840892 0.32812608778476721 2.2069787979125981 -0.57213753461837757 1.1567009687423708 14 0.82979273796081554
decision_type=2 2 2 2 2 2 2 2 2 2 2 2 2 1 1 2 1 2 2 1 2 2 2 1 2 2 2 1 2 2 2 2 2 1 1 2 2 2 2 1 1 2 1 2 2 1 2 1 2 2 2 1 2 2 2 2 2 2 2 2 2 1 2
left_child=2 7 3 8 6 12 10 16 13 30 -3 -12 15 -1 31 -4 24 -10 34 -20 47 45 -23 -8 53 -26 -27 -9 37 35 32 -11 49 -21 -5 36 -30 48 -35 -17 -37 -41 -19 51 -45 -14 -16 -6 -18 61 -22 52 -32 54 -2 59 57 -57 -40 -55 -29 -7 -24
right_child=1 4 5 18 20 9 23 27 17 14 11 -13 21 -15 46 39 28 42 19 33 50 22 62 -25 25 26 -28 60 29 -31 43 -33 -34 38 -36 40 -38 -39 58 41 -42 -43 -44 44 -46 -47 -48 -49 -50 -51 -52 -53 -54 55 -56 56 -58 -59 -60 -61 -62 -63 -64
leaf_value=0.026457463358796538 0.00081288981109985115 -0.0070780201708263131 0.010216461085090564 0.0035710413817607082 -0.0017508749599913756 0.0076870263161489105 0.0031184059385972402 -0.00027045989700498615 0.01275327471762929 0.0011381354666941291 -0.011441747952695393 -0.026518983716996101 0.001894970632821356 0.012242860409084289 -0.00047162647739585261 5.8185424959612827e-05 0.00054401260298821022 0.0081340905410793238 -0.010409897927968524 0.0056012022034418159 -0.0063893787416318491 0.00093444317291171389 -0.00030220343955729342 -0.0056625197359050604 0.00011863185273612826 0.017908698402832213 0.001815226682920578 -0.00090759220789433264 -0.015568447567557816 -0.01297435590012797 0.0014491002481047152 1.4707300029501198e-05 0.00015981657810665035 -0.0076213410441631664 0.0010534174645742348 0.001289939308444202 -0.0018986453225179657 0.0020848734676892698 0.0034496944062357591 0.0034943410044272097 -0.0040237878064149461 0.011292795848432914 5.8974420408824644e-05 0.0040181535334356611 0.0005517505613102544 0.00087363137081395141 -0.0019558823616835281 -0.00057533566323101119 -0.00045678966439234966 0.00093458285940666139 -0.002386528532938856 0.0005478924358727072 0.009856902514661146 0.0013339517366771395 0.011707888815826165 -0.0002691004880253907 -0.011208381609373057 -0.0044397107589973948 -0.0031568501904276854 9.416242181614119e-05 -0.0016968676495277238 0.00093538129206946887 -0.0031411260120103321
leaf_weight=3461.2382316589355 5524.4996948242188 6842.4417352676392 8533.7998046875 84271.290302276611 287673.93013000488 6532.0765838623047 5146.5916013717651 424353.85400390625 7556.3318328857422 212984.705078125 4673.3817710876465 3735.3993835449219 387725.88543701172 4516.6526374816895 1004837.8397216797 13661.841827392578 184401.52597045898 4931.6027855873108 3147.2456016540527 4588.1563415527344 9753.5927734375 271364.17623901367 75020.024047851562 7979.8261337280273 112747.88208007812 4383.6316528320312 137817.54583740234 797611.32275390625 1827.4444808959961 3300.9235572814941 139625.58029174805 741340.09794700146 874240.013671875 3890.8008046150208 45970.840953826904 16522.247807025909 2302.0046248435974 33631.343673706055 6612.1531468629837 17951.017791748047 10117.314588546753 3380.524169921875 5589.857861995697 40249.016372680664 25534.471908569336 280574.26327514648 83054.8994140625 202936.3256072998 968168.50486755371 304575.35693359375 215661.71398925781 299002.01025390625 5634.8938293457031 119968.97166442871 2697.0838012695312 108039.50280761719 2957.9148712158203 9405.8677368164062 6532.4271558523178 407702.42602539062 319968.0625 5913.3496856689453 22775.129272460938
leaf_count=1012 2083 2246 2964 32881 103203 1952 1550 194255 2504 74662 1564 1270 121906 1704 370822 5303 64382 1688 1234 2423 3460 117184 21914 3109 61608 811 41292 259905 995 1190 56871 264868 302613 1668 20043 6821 1362 18188 3142 6070 3552 1139 2029 11455 6477 120399 34224 89803 322461 103417 83903 131525 1655 48165 1106 47126 790 2772 2210 143181 108410 2022 6910
internal_value=-8.66218e-06 -0.000612042 0.000523873 0.00330941 -0.00191814 0.000419325 -0.00811629 -0.000347367 0.010915 0.000185599 -0.0131872 -0.0181512 0.00122873 0.0184711 -0.000187566 0.00434181 4.95427e-05 0.00757617 0.0020307 -0.00139803 -0.00167244 0.0010981 0.000431653 -0.00222176 0.000518672 0.00134201 0.00231195 -0.000896039 -0.000300785 -0.00279499 0.000633538 0.000265434 0.00040314 -7.94203e-05 0.00268284 -0.001701 -0.00795959 -0.000229138 -0.00161297 0.00290791 -0.000729539 0.00473034 0.00385378 0.00117164 0.00267278 0.00146623 -0.000584945 -0.00126468 -0.000296668 0.00107413 -0.00255987 0.000949337 0.00177546 0.000198834 0.00439193 0.000145606 -0.000864275 -0.000603288 0.000166506 0.000376045 -0.00113356 0.00448762 -0.000963476
internal_weight=9.42343e+06 4.41785e+06 5.00558e+06 181069 744403 4.82451e+06 28377.6 3.67345e+06 26055.7 3.74352e+06 15251.2 8408.78 1.08099e+06 7977.89 2.04222e+06 43527.2 2.13152e+06 18077.8 155013 24770.8 716026 1.03746e+06 369159 13126.4 911245 254949 142201 1.54193e+06 1.22027e+06 34069.9 1.70131e+06 954325 1.19126e+06 21623.5 130242 30769 4129.45 1.1862e+06 17035.4 34993.4 26639.6 21331.5 10521.5 510046 65783.5 668300 1.08789e+06 490610 1.15257e+06 317021 225415 444262 145260 656296 8221.58 648075 120403 117445 13144.6 527671 1.11758e+06 12445.4 97795.2
internal_count=3459453 1620563 1838890 72538 290108 1766352 9739 1330455 8937 1362563 5080 2834 403789 2716 744576 15476 767885 6221 63601 10677 280369 388313 146008 4659 348934 103711 42103 562570 418951 13920 617987 339530 410004 9443 52924 12730 2357 405031 7020 12512 10373 7209 3717 207983 17932 242305 405046 193006 386843 107391 87363 190051 58526 245223 3189 242034 50688 49898 5352 191346 368315 3974 28824
cat_boundaries=0 1 2 3 4 5 6 7 8 9 10 11 12 13 14 15
cat_threshold=9617462 35105319 40102098 21004552 51257607 40585857 1206353 54549274 12702913 17830953 42191650 38189354 64016428 37497893 22325566
is_linear=0
shrinkage=0.03


Tree=17
num_leaves=64
num_cat=19
split_feature=7 3 3 3 10 0 17 10 1 19 10 19 10 1 0 10 19 19 1 3 19 1 1 10 1 1 16 1 15 6 18 19 4 1 18 0 1 1 3 10 18 0 1 10 0 1 8 1 4 1 14 15 4 6 1 18 18 19 1 14 1 0 12
split_gain=2996.39 2050.05 1735.91 1248.36 1052.1 1051.82 897.062 793.014 709.654 702.276 671.832 731.215 613.299 546.924 539.987 491.729 445.841 442.781 570.182 433.592 427.346 454.952 400.975 593.321 419.971 395.123 391.464 382.425 485.02 1548.14 371.722 363.925 456.923 316.872 527.803 291.065 279.519 273.797 266.408 260.726 253.171 279.307 248.577 254.734 249.233 248.071 236.838 235.508 228.539 231.548 227.171 392.982 226.978 215.053 214.653 212.857 211.283 255.833 205.249 204.906 306.995 248.848 295.818
threshold=-0.32421295344829554 0.49023100733757025 -1.7388762235641477 1.7734164595603945 2.0011521577835087 773.50000000000011 0 2.0011521577835087 1 -0.64831668138504017 2.0011521577835087 1.0000000180025095e-35 0.03987362980842591 2 717.50000000000011 1.5346843600273135 1.6460059285163882 1.3059275150299074 3 -0.065650153905153261 -0.64831668138504017 4 5 -2.5115921497344966 6 7 0.74407026171684276 8 1.306338965892792 0.28443521261215216 -1.2733466625213621 0.45315560698509222 -0.28588008880615229 9 2.4124474525451665 773.50000000000011 10 11 -0.66115477681159962 0.12298157811164857 -0.87106207013130177 941.50000000000011 12 -1.1633192300796507 787.50000000000011 13 -0.08885879814624785 14 -0.98101535439491261 15 -0.17209174484014508 1.1987972855567934 1.1480313539505007 -0.80555099248886097 16 -1.1771018505096433 -0.042232569307088845 2.3440901041030888 17 0.70391628146171581 18 829.50000000000011 -0.93673551082611073
decision_type=2 2 2 2 2 2 1 2 1 2 2 2 2 1 2 2 2 2 1 2 2 1 1 2 1 1 2 1 2 2 2 2 2 1 2 2 1 1 2 2 2 2 1 2 2 1 2 1 2 1 2 2 2 2 1 2 2 2 1 2 1 2 2
left_child=2 5 4 14 9 7 26 12 16 30 11 19 17 -12 39 40 47 27 53 36 21 -5 23 24 -13 -16 56 28 38 -30 -1 59 -33 -22 -35 -26 50 -14 -2 58 -8 -42 -21 -44 -45 -11 -24 -9 -17 -50 51 -4 54 -19 -20 -15 57 -7 -3 -28 61 -61 -63
right_child=1 3 10 20 -6 6 15 8 -10 45 13 22 37 55 25 48 -18 18 52 42 33 -23 46 -25 35 -27 31 -29 29 -31 -32 32 -34 34 -36 -37 -38 -39 -40 -41 41 -43 43 44 -46 -47 -48 -49 49 -51 -52 -53 -54 -55 -56 -57 -58 -59 -60 60 -62 62 -64
leaf_value=0.017628817443447357 0.0020597922281156539 0.0002431783393591828 0.0035129242785471655 -0.0039366175532902694 0.021595221964478623 -0.00073966884568222408 0.00080844328413375434 0.01371853535271444 0.00061388371156727317 -0.0003075984199071059 0.00011909283001815603 -0.012369000265155413 0.00038371703552136954 0.015421074941395795 -0.0030493464188746651 0.010730114971641645 0.019009984819975016 -0.002940916147866849 -0.0083591395567869115 0.00098269250357668736 -0.00057291529723149941 -0.013697159265072251 0.0026742397599058597 -0.00047509662938696647 -0.00036721245081739313 -0.0011911397527168775 0.0017848999618856184 0.0002788503565790667 0.00089388269063800255 0.020003631258518371 0.0065149868960218136 -0.0034102688689438398 -0.015951924186265235 -0.0040052605433929488 -0.014778599116143737 -0.010837858734816493 0.0010093805179535701 -0.00051342446826240125 0.00065010034744838411 -0.0012712653704997439 -0.0010414178935055386 0.0017475105502345893 -0.0029963368989810294 0.00052918007098433242 -0.0012182923079381736 0.004667672634086158 0.00032218917079205282 0.0047244574482148199 -0.0016428653598252593 0.0057067513898959006 0.0018561548688935127 0.015687214592841073 -0.01381341206548279 0.0018842686203872955 -0.0025209470037303549 0.0063621834864262469 -0.0023164162506839341 -0.0088624048772112263 -0.00079959434338415741 -0.0014047669199440684 -0.0018673478089989953 -0.012906547034585407 -0.0052046070788425713
leaf_weight=5063.0855102539062 164885.26119995117 288408.95953369141 21661.454162597656 8488.0635604858398 3619.49560546875 232197.80798339844 146876.73428344727 3265.9877014160156 22204.671264648438 12991.629140853882 15454.139038085938 6077.2845001220703 406374.310546875 2613.4130859375 181205.72265625 4236.9445037841797 3036.298828125 11702.127182006836 7955.8515496253967 494586.67422485352 21317.683153152466 8761.1623916625977 41612.95263671875 429492.1962890625 10105.660274505615 238703.59313964844 7651.3012084960938 1291191.5523681641 14968.544799804688 5115.9111328125 5838.1789588928223 6124.8774418830872 4561.1790156364441 49709.153516769409 4456.1248779296875 3124.4204597473145 615862.21926879883 1241396.6484375 449768.75004297495 492945.90631103516 269310.27304077148 36720.88818359375 23836.912719726562 371296.21717834473 91567.103164672852 29515.25140953064 519335.81387329102 13323.856658935547 6219.9276504516602 10131.46183013916 343592.92443847656 2677.6780395507812 2399.6210498809814 28669.51057434082 19758.372798442841 21801.171020507812 145231.81091308594 3538.056884765625 413337.654296875 8717.3598327636719 48585.074005126953 6266.7357559204102 15834.01473236084
leaf_count=1692 55622 98927 11894 3544 1392 70594 62197 1336 9181 5158 6342 3257 157325 961 64000 1997 1256 6002 4106 170787 8365 2921 24860 170566 3457 94347 2298 485846 4282 1269 2172 1644 1255 20379 1673 1144 212638 440672 140785 183935 114403 15825 9446 141419 35192 11995 192989 4723 2417 4459 119967 870 916 11269 8522 8701 44954 1443 166118 1998 13038 1314 3728
internal_value=-1.09212e-06 -0.00037341 0.000768039 -0.00126217 0.0059531 -4.62558e-05 -0.000935106 0.000183361 0.00429021 0.00489111 0.000669946 0.000618096 0.000136213 0.00453822 -0.00106775 -9.22592e-06 0.00844372 0.000489787 -0.00184553 0.00095525 -0.00464701 -0.00890691 -3.80437e-05 -0.000706388 -0.00585037 -0.00199315 -0.00185086 0.00057526 0.00117819 0.00576528 0.0116825 -0.00354458 -0.00876844 -0.00367302 -0.00489195 -0.00284098 0.00140031 -0.000292171 0.00102827 -0.000742487 -0.000215373 -0.000706749 0.00050905 2.77066e-05 0.000183473 0.00314822 0.000496685 0.00650981 0.00452461 0.00291386 0.00205455 0.00485523 -0.00496843 0.000485329 -0.00420203 0.00733183 -0.00141633 -0.000861765 -0.000371037 -0.00290287 -0.00335467 -0.00569632 -0.00739094
internal_weight=9.41728e+06 6.34556e+06 3.07173e+06 1.70733e+06 57027.6 4.63822e+06 952204 3.68602e+06 41830.8 53408.1 3.0147e+06 2.97483e+06 3.64419e+06 39868.7 1.6146e+06 473496 19626.1 1.99642e+06 70485.5 1.96508e+06 92732.2 17249.2 1.00975e+06 448800 19307.4 419909 478708 1.92593e+06 634738 20084.5 10901.3 97740.5 10686.1 75483 54165.3 13230.1 983794 1.64777e+06 614654 1.19469e+06 452908 306031 981287 486700 462863 42506.9 560949 16589.8 20588.3 16351.4 367932 24339.1 30113.8 40371.6 27714.2 24414.6 380968 235736 701747 87054.5 79403.2 30818.1 22100.8
internal_count=3457784 2320885 1136899 644209 22409 1676676 343564 1333112 16496 21017 1114490 1098486 1316616 16004 607327 201298 7315 718619 30815 702213 36882 6465 396273 178424 7858 158347 142266 687804 201958 5551 3864 25275 2899 30417 22052 4601 345369 597997 196407 448980 192425 130228 356844 186057 176611 17153 217849 6059 8873 6876 132731 12764 13544 17271 12628 9662 116991 72037 265045 22376 20078 7040 5042
cat_boundaries=0 1 3 5 7 9 11 13 15 17 19 21 23 25 27 29 31 33 35 36
cat_threshold=26514960 2404295612 10 28360002 73 2374218142 23 689181632 108 3189183074 81 739508288 16 3758191142 90 33624225 61 1078462708 13 236246176 29 2852405378 11 505273384 44 1663043890 78 234881152 8 219677760 17 536888832 32 1661024317 36 1073742114
is_linear=0
shrinkage=0.03


Tree=18
num_leaves=64
num_cat=19
split_feature=7 3 3 3 2 0 2 1 10 1 1 10 10 2 1 4 0 1 15 9 14 3 13 9 6 0 6 1 1 3 1 1 1 10 1 3 2 13 0 1 2 1 12 12 10 1 10 7 12 0 9 6 0 1 1 2 1 2 0 1 4 0 1
split_gain=2944.44 2165.3 1559.13 1257.3 1135 1129.01 1120.52 896.387 828.105 736.191 720.692 660.194 652.709 609.923 494.8 494.309 486.052 467.141 557.243 3356.87 448.812 391.08 386.342 364.495 363.543 342.353 404.646 353.429 335.639 325.365 302.34 293.315 290.953 296.26 404.099 275.193 274.69 242.645 239.543 312.044 270.538 237.382 233.688 246.785 233.575 232.443 244.867 228.218 227.248 289.359 438.366 371.559 226.951 224.151 222.985 217.838 227.582 213.659 210.66 209.488 207.87 203.579 200.44
threshold=-0.52306357026100148 0.56778436899185192 -1.7388762235641477 1.7734164595603945 -1.3353099822998045 773.50000000000011 -0.93756237626075734 0 2.0011521577835087 1 2 0.1011020950973034 2.0011521577835087 -0.82665434479713429 3 -0.13379042595624921 787.50000000000011 4 1.306338965892792 -0.77390003204345692 0.5213962495326997 -0.41166888177394861 1.0904526710510256 -0.26795329153537745 -2.110771536827087 871.50000000000011 -0.27684499323368067 5 6 -1.3021076917648313 7 8 9 -2.5115921497344966 10 -0.44953116774559015 -0.82665434479713429 -1.4039427042007444 941.50000000000011 11 -1.3353099822998045 12 -0.78080525994300831 -0.40248109400272364 0.1011020950973034 13 1.5346843600273135 -2.6524338722228999 -0.97713580727577198 217.50000000000003 -0.90504547953605641 -0.10112659260630606 927.50000000000011 14 15 0.12750209867954257 16 -0.24050516635179517 499.50000000000006 17 1.623305678367615 941.50000000000011 18
decision_type=2 2 2 2 2 2 2 1 2 1 1 2 2 2 1 2 2 1 2 2 2 2 2 2 2 2 2 1 1 2 1 1 1 2 1 2 2 2 2 1 2 1 2 2 2 1 2 2 2 2 2 2 2 1 1 2 1 2 2 1 2 2 1
left_child=2 5 6 16 15 8 9 13 11 -1 29 17 21 25 47 54 44 18 23 -20 41 28 -15 48 -6 -7 27 -27 -4 -10 -13 -26 52 34 -34 37 -22 -25 59 42 -41 61 -40 -44 62 46 -46 -14 -2 50 51 -50 -23 -48 -5 56 -8 -39 -11 -9 -52 -18 -3
right_child=1 3 12 4 24 7 55 38 10 58 -12 30 14 22 -16 -17 20 -19 19 -21 36 32 -24 35 31 26 -28 -29 -30 -31 -32 -33 33 -35 -36 -37 -38 57 39 40 -42 -43 43 -45 45 -47 53 -49 49 -51 60 -53 -54 -55 -56 -57 -58 -59 -60 -61 -62 -63 -64
leaf_value=0.022470764909557708 0.0015336192493504164 0.00013651473118240161 0.0019741306370455458 -0.018165742916802841 -0.013762274961196376 -0.0023890501714465091 0.00053471771014184592 -0.00089595532248911249 0.018305369293175913 0.014782717489770751 0.0014436896066373427 0.00022243443539243234 0.01545702161132788 -0.0014553148767422525 0.0015838790618465069 -0.0018921812873586574 -0.00099444275963092533 5.9424136673047709e-05 0.030375284561002094 0.00067229240357709211 -0.0094454456551705049 0.00085876374808513932 -0.010727236115472164 0.0010937716468529049 0.0032807269322495574 -0.0061942268529270126 -0.0051944099307628397 -0.019947324980647118 0.00065732375051860508 0.0072889968291141331 -0.00060881375731296618 -0.0032325477030673211 0.00050316618093926941 0.0002131007655492214 -0.0088507500450890619 0.00084705302464132843 -0.0035547087788689183 0.0080849629071091684 0.00049324547904897845 -0.0088725189277088796 0.00018277132716318102 -0.0024805202177853448 0.0059433296875146084 -0.0039208990405940709 -0.00086203568674851801 -0.001846491308501181 0.0058152518972577547 0.006852080875493511 0.0020165855598943644 7.3951315359735691e-05 0.0013814792831243982 0.016029285324710957 0.0036164450081749549 -0.00085353894895004337 -0.010377024542465411 0.0013548660139792266 0.0094649115768232449 0.0033321577590844356 0.0049406796203498018 0.00026610194692769178 -0.0040190498457059612 0.0028051494618869703 -0.00087372393852827492
leaf_weight=5172.47900390625 170459.99664306641 309113.529296875 364003.12796020508 6535.921088218689 2754.1104965209961 19108.8447265625 3837.8972549438477 321101.47412109375 2953.0149230957031 2925.1392307281494 30022.258666992188 620898.2578125 3574.14599609375 407522.36930847168 18689.66194152832 3782.2449533939362 90202.563213348389 1331365.2782592773 4025.7545166015625 22762.762451171875 8005.89697265625 592287.82386779785 4080.2791290283203 40630.956787109375 6780.6447899341583 3049.5734558105469 15831.982070803642 3839.1241608858109 334181.54345703125 13193.572113037109 1076642.791015625 74393.529869794846 9002.4241638183594 872338.55378723145 7710.4938049316406 117434.34999161959 64580.28955078125 9934.5714569091797 18051.505279541016 3188.36669921875 42331.55322265625 104354.94972610474 22846.587799072266 2532.4967651367188 236877.345703125 289186.31237792969 9833.6324462890625 12428.456466674805 3458.3519856929779 709349.54409790039 149760.37612724304 3353.5524942874908 28130.3076171875 8409.0423583984375 7013.4159896373749 19645.373321533203 7810.1492233276367 59463.710037231445 5921.7197780609131 247018.56005859375 6696.7530841827393 14764.083984375 412796.91687011719
leaf_count=1645 51593 105059 119901 2010 1234 5796 1466 108122 1059 989 12240 241033 1390 130672 7722 1285 39675 517367 1211 6082 2238 212125 942 18824 2134 1347 4503 1048 139971 4931 377879 31161 3255 331304 3651 43161 18841 3011 6929 1070 15641 40403 10216 893 96232 100760 3511 4773 1102 227168 48085 949 10028 4297 2614 7963 3383 20363 2204 112927 1946 6536 170558
internal_value=-4.21549e-06 -0.000304601 0.000932304 -0.00125764 -0.00449622 -1.79052e-05 0.00644145 -0.000872113 0.000199047 0.0134883 0.00419537 0.000156394 0.000820962 -0.00189811 0.00490367 -0.0114845 -0.0010458 0.000454206 0.000859335 0.00514087 -0.00217236 0.000756793 -0.00154736 0.000769049 -0.0030525 -0.00534941 -0.00783809 -0.0139058 0.0013439 0.00930304 -0.000304776 -0.00268831 0.000485233 0.000137288 -0.00381861 0.00185715 -0.00420503 0.00293515 -0.000164048 0.00128352 -0.000452297 -0.00146741 0.00310208 0.00495843 -0.000794971 -0.00126422 -0.000604068 0.00877272 0.000531758 0.000336044 0.00147471 0.00892184 0.000983812 0.00274457 -0.0141605 0.00328286 0.00653259 0.00401307 0.00819212 -0.000390706 0.0011502 -0.000459859 -0.000441164
internal_weight=9.41995e+06 7.13229e+06 2.28766e+06 1.64938e+06 101260 5.48291e+06 45312.8 1.1105e+06 4.37241e+06 14019.3 46168.8 4.32624e+06 2.24235e+06 453432 34692.3 17331.6 1.54812e+06 2.6287e+06 1.29733e+06 26788.5 281908 2.20765e+06 411603 1.27054e+06 83928.3 41829.5 22720.7 6888.7 698185 16146.6 1.69754e+06 81174.2 1.50947e+06 889051 16712.9 227464 72586.2 110029 657071 88950.5 45519.9 209322 43430.6 25379.1 1.26622e+06 544306 255120 16002.6 1.04308e+06 872619 163269 6811.9 620418 18242.7 13549.3 31293.4 11648 69398.3 8846.86 568120 156457 104967 721910
internal_count=3458428 2606658 851770 628548 40438 1978110 17650 400106 1578004 4838 18230 1559774 834120 144308 13885 5909 588110 940862 423495 7293 107693 820235 131614 416202 34529 12694 6898 2395 259872 5990 618912 33295 560363 338210 6906 85359 21079 42198 255798 34749 16711 86614 18038 11109 480417 204800 104040 6163 330843 279250 52082 2051 222153 7808 4624 12812 4849 23374 3193 221049 50031 46211 275617
cat_boundaries=0 2 4 6 8 10 12 14 16 18 20 22 24 26 28 30 32 34 36 38
cat_threshold=3758171047 10 2655690792 1 3456508604 10 2383299257 54 34943399 61 3758096384 10 2349702529 61 2854604946 13 526384 36 186436648 44 2418090885 66 216584264 36 972850488 38 3812517082 34 3759014040 32 2525634850 114 809616868 118 274389056 65 50444335 37
is_linear=0
shrinkage=0.03


Tree=19
num_leaves=64
num_cat=21
split_feature=5 10 2 7 7 2 1 0 14 1 2 5 0 6 1 0 10 18 19 1 1 1 13 19 1 19 1 12 1 12 18 2 1 19 8 19 11 1 12 1 0 14 11 1 1 0 2 1 1 1 0 10 1 2 1 1 10 6 1 9 11 11 0
split_gain=3172.59 1573.49 1231.53 1160.53 1015.93 853.022 811.838 773.4 904.014 756.596 715.265 718.283 582.184 589.256 569.371 532.223 523.185 490.381 477.548 514.908 468.265 462.295 396.314 391.187 382.175 369.522 360.528 316.267 524.664 2642.2 310.934 301.302 357.515 297.993 293.845 533.717 369.888 577.226 1515.96 291.487 332.479 353.903 1441.76 278.375 278.026 273.016 272.963 272.494 271.093 251.072 294.729 242.475 454.101 244.15 237.753 235.76 233.432 345.678 231.713 313.973 260.628 229.313 225.296
threshold=0.088302053511142745 2.0011521577835087 -1.8603156208992002 0.55963915586471569 -0.7343340516090392 -1.3353099822998045 0 773.50000000000011 0.5213962495326997 1 -1.3353099822998045 -1.7852910757064817 787.50000000000011 0.23355942964553836 2 703.50000000000011 2.0011521577835087 1.6401448845863345 0.025644427165389064 3 4 5 1.0904526710510256 1.6460059285163882 6 -0.093686822801828371 7 -0.63057601451873768 8 -0.59908840060234059 -1.813586354255676 0.32466346025466924 9 0.39305584132671362 2.9024560451507573 0.080668840557336821 1.0000000180025095e-35 10 -0.80664119124412526 11 142.50000000000003 -0.17209174484014508 0.62872308492660534 12 13 614.50000000000011 -0.031085286289453503 14 15 16 885.50000000000011 -1.5495504736900327 17 0.55937787890434276 18 19 -0.019832246936857697 1.0651943087577822 20 -0.87787836790084828 1.9656068682670595 1.297972619533539 307.50000000000006
decision_type=2 2 2 2 2 2 1 2 2 1 2 2 2 2 1 2 2 2 2 1 1 1 2 2 1 2 1 2 1 2 2 2 1 2 2 2 2 1 2 1 2 2 2 1 1 2 2 1 1 1 2 2 1 2 1 1 2 2 1 2 2 2 2
left_child=1 4 9 20 10 12 23 18 21 -3 11 15 13 14 -5 24 45 -15 39 -20 34 -9 33 -4 -1 -12 -14 -22 29 -29 -17 -8 -33 -10 -2 -36 37 38 -37 40 44 42 -42 -18 -6 47 -39 -7 -27 50 -35 52 53 -50 -16 -47 57 58 59 62 -61 -51 -21
right_child=3 2 6 5 7 16 31 8 22 -11 25 -13 26 17 54 30 43 -19 19 56 27 -23 -24 -25 -26 48 -28 28 -30 -31 -32 32 -34 49 35 36 -38 46 -40 -41 41 -43 -44 -45 -46 55 -48 -49 51 61 -52 -53 -54 -55 -56 -57 -58 -59 -60 60 -62 -63 -64
leaf_value=0.0060851948886332732 -0.00033798206583775172 0.025682063680129874 0.0066620392476113965 0.0096473864897162944 0.0052791303721643965 -0.0015387955251748818 0.0026311979082403059 0.00098275775471191092 -0.0017173810340343795 0.0069288284718162568 0.0015658761355464366 0.0015892608566026524 -0.0042815353277326548 -0.0047030609422900656 0.00099828953159614934 0.012157277355565294 0.005843215373651409 -0.017915458199754791 -0.001056948367267921 0.014509265526328783 -0.0002268203964386342 -0.00069709689976037614 -0.010955423135877241 0.017950678392266998 0.01832688897827793 0.0012378914762003073 -0.011723585813743756 0.030877963533234916 0.00048228318704026356 -0.00060610247617704372 0.0012118914972337261 -0.011756882931947163 0.00048306286049448109 -0.0038902099957015199 -0.00071893916708275283 -0.0020854721396591364 -0.0020009041732423848 -0.00057303709864240456 -0.03606465805919646 0.00028377322884122561 0.0014010317079645844 0.00074463520313972369 0.017768337085060728 5.3515745086228337e-05 0.0015975281485205637 -0.0010782042760045186 -0.0065694740738771497 -0.00030221651249608892 0.0050238473385736549 -0.00064722372421098376 -0.015999374765402929 0.00010166639817770547 -0.0066438804961281373 -0.0028324188814524654 -0.0039849861242141288 -0.0024014419784516333 -0.00023573395016660649 0.0056323471153729553 5.2138320690375759e-05 0.0011290911319255601 0.0090678639872354729 -0.0083713832662223858 0.0035813430435303242
leaf_weight=3625.0625457763672 744525.5556640625 3873.8708190917969 16442.516398429871 4105.262752532959 27504.281494140625 293166.46969604492 28910.073033332825 244653.97685241699 172382.68039321899 3916.5979309082031 614950.71929931641 27312.900390625 10830.378265380859 9240.1281433105469 13794.257075786591 3310.217041015625 13948.410369873047 3478.5647583007812 344060.05078125 2862.5768890380859 1351771.921875 371011.70732116699 4700.1030426025391 3319.6815185546875 6440.3386688232422 205093.63977050781 12875.596954345703 3080.2451782226562 518681.2177734375 10784.270446777344 7911.6356506347656 3146.7045059204102 6701.047981262207 3596.49098777771 409845.2802734375 3093.9400234222412 100650.58856201172 12039.973476886749 1907.5985507965088 953849.65845716 37428.985855102539 1095978.4959411621 5558.9517822265625 16093.600372314453 56203.866256713867 221805.427734375 15793.564425945282 354120.90997314453 6839.3310546875 10413.13562297821 3643.3986206054688 215622.48876953125 14176.394500732422 7414.7256164550781 22932.15970659256 267308.80294799805 232434.94354248047 14142.849792480469 146740.08349609375 88645.140380859375 3880.126220703125 5175.5448484420776 4174.0567169189453
leaf_count=1246 287015 1349 6673 1531 9971 108432 10708 97347 47734 1553 223031 9794 4318 2896 4494 1075 5471 1056 150100 1048 493289 143612 966 1561 2091 81907 4178 1013 215029 3599 2806 950 2606 1062 115442 1604 28591 4466 1112 372299 18334 351435 2000 6185 16201 97475 5738 132294 2393 3011 1121 83110 6142 2558 8910 85689 86036 3389 55564 32480 1083 1509 1538
internal_value=-2.54077e-06 0.000514335 0.00510474 -0.00058873 0.000452733 -0.00136544 0.00361227 0.000220857 -0.000598697 0.0163063 0.00125067 0.00480958 -0.00441822 -0.00268505 -0.0009283 0.0089401 -0.00116323 -0.00832227 0.000442665 -0.000166354 -0.000284206 -2.9547e-05 -0.00235146 0.00855805 0.0139475 0.0010881 -0.00833196 1.71279e-05 0.000636343 0.00639264 0.00444453 0.0010872 -0.00344346 -0.00214403 -0.000725094 -0.00125556 -0.00290307 -0.00566778 -0.0150383 0.000676851 0.000983492 0.000849377 0.00351938 0.00274414 0.00280827 -0.00126654 -0.00397473 -0.000862318 0.000433946 -0.00536464 -0.00997709 -0.000241714 -0.00284563 0.00093693 -0.00211365 -0.00180146 0.000455351 0.00107212 0.000810162 0.00192712 0.00146248 -0.0032115 0.00803408
internal_weight=9.42392e+06 5.00805e+06 66310.5 4.41587e+06 4.94174e+06 1.2437e+06 58520 3.82904e+06 815577 7790.47 1.1127e+06 48600.2 77256.3 53550.4 40831.7 21287.3 1.16644e+06 12718.7 3.01346e+06 836940 3.17217e+06 615666 199911 19762.2 10065.4 1.0641e+06 23706 1.88432e+06 532546 13864.5 11221.9 38757.8 9847.75 195211 1.28786e+06 543331 133486 32835.1 5001.54 2.17652e+06 1.22267e+06 1.13897e+06 42987.9 30042 83708.1 1.1364e+06 27833.5 647287 449147 22828.6 7239.89 244053 28430.5 14254.1 36726.4 489114 492880 260445 246302 99561.9 92525.3 15588.7 7036.63
internal_count=3459220 1839393 25400 1619827 1813993 462929 22498 1397840 296362 2902 416153 17012 27383 18887 14935 7218 435546 3952 1101478 331238 1156898 240959 55403 8234 3337 399141 8496 712930 219641 4612 3881 14264 3556 54437 443968 156953 41511 12920 2716 770240 397941 371769 20334 11656 26172 423890 10204 240726 176110 6703 2183 94203 11093 4951 13404 183164 181138 95102 91713 36149 33563 4520 2586
cat_boundaries=0 2 4 5 7 9 11 13 15 17 19 20 22 24 26 28 30 32 34 35 37 39
cat_threshold=2651243160 6 3905454252 55 570720292 2125466440 82 1354850967 66 213423416 36 27532807 29 462931033 96 0 4 8392738 25 512 638950838 78 3204867004 17 34637844 6 2504969409 4 92392851 62 1107296905 1 269361732 65 3444049945 662291548 39 16789511 9
is_linear=0
shrinkage=0.03


Tree=20
num_leaves=64
num_cat=24
split_feature=5 10 3 2 7 2 3 2 1 1 1 5 12 1 1 19 1 15 6 19 1 3 3 19 10 1 10 1 1 19 1 1 1 11 1 15 6 1 1 17 10 7 15 1 5 10 1 10 19 6 10 1 19 1 16 10 19 1 13 2 10 1 1
split_gain=3203.79 1740.21 1718.7 1216.13 1151.08 1115.15 717.3 1075.84 677.006 642.666 613.77 604.988 512.355 474.923 432.078 410.525 388.925 374.372 2000.13 365.48 366.315 333.787 324.839 323.531 307.283 629.526 300.929 371.264 332.531 321.834 261.959 260.18 257.189 253.793 250.653 381.81 1720.16 250.047 242.773 233.088 349.881 230.854 226.96 837.992 224.248 480.547 322.294 221.041 219.789 218.41 213.87 310.718 234.541 366.672 267.605 263.386 213.489 212.783 1082.5 211.769 209.215 307.944 209.004
threshold=-0.59645131230354298 2.0011521577835087 0.84251365065574657 -1.8603156208992002 0.025894950143992904 -1.8603156208992002 -1.1839305162429807 -1.0903097391128538 0 1 2 -2.2249845266342159 -0.35641641914844507 3 4 0.052637185901403434 5 1.306338965892792 0.28443521261215216 0.59370270371437084 6 -0.7103767693042754 1.7734164595603945 -0.41133010387420649 -2.5115921497344966 7 -0.15329194813966748 8 9 0.45315560698509222 10 11 12 0.62872308492660534 13 1.306338965892792 0.16200352460145953 14 15 16 -2.5115921497344966 0.55963915586471569 -1.87097692489624 17 2.0338472127914433 -0.1778331324458122 18 0.23873079568147662 1.3059275150299074 -0.21100022643804547 2.0011521577835087 19 1.0808296799659731 20 0.34463578462600714 -0.062011832371354096 0.68251332640647899 21 -0.88896676898002613 -0.82665434479713429 -0.829017013311386 22 23
decision_type=2 2 2 2 2 2 2 2 1 1 1 2 2 1 1 2 1 2 2 2 1 2 2 2 2 1 2 1 1 2 1 1 1 2 1 2 2 1 1 1 2 2 2 1 2 2 1 2 2 2 2 1 2 1 2 2 2 1 2 2 2 1 1
left_child=1 6 4 10 12 13 7 11 48 -8 -3 16 15 -4 17 21 -1 50 -19 30 -21 -2 41 -15 25 56 27 -11 33 59 -9 -24 -26 -28 35 -23 -37 -13 -25 -31 -41 -7 43 -16 -33 -46 -47 -44 -5 -42 52 -52 55 -54 -55 62 -17 58 -34 -29 61 -32 -6
right_child=2 3 5 8 14 22 9 19 -10 26 -12 37 -14 23 42 24 -18 18 -20 20 -22 34 31 38 32 -27 28 29 -30 39 60 44 57 -35 -36 36 -38 -39 -40 40 49 -43 47 -45 45 46 -48 -49 -50 -51 51 -53 53 54 -56 -57 -58 -59 -60 -61 -62 -63 -64
leaf_value=0.0052662572725782879 0.0013086656590078024 0.027978752199313194 -0.015008186548818532 0.0082450280651930417 0.0013027805311169461 -0.0008652127256060058 -0.00012107202893252347 0.00052128540684108092 0.0019655547965659573 0.0019515583016966674 0.0094547301647443724 0.0079480047317530278 0.0021126041922646392 -0.0093345733653387043 -0.01522405808775599 0.0045902897485149835 0.016471382949082878 -0.00032479150121927876 0.023653747341104273 -0.0047251235464935435 0.0017118761677100498 0.00068336170213154621 0.0040949693009675317 -0.0055578345578449484 0.00073613251085401558 -0.0095634044423766416 0.0014228665764305017 0.0039402689756926085 0.0002493386931214772 0.00022998064430434443 0.0097793425916217411 -0.0028855361394853284 -0.022690586389810009 0.010466766754878364 -5.3958574940429772e-06 -0.0007288295592395484 0.023557144131555893 0.00023915995821986778 0.002868045250980264 -0.01175104360011734 -0.0037921206350145929 -0.0020032450592393255 -0.00056838869966047958 -0.0016361244398172738 -0.017048066973895621 -0.010106274787995246 0.0026304786236655549 -0.0012999623632218827 0.017757605438945886 0.0034306090787015269 -0.0018807082963980576 0.0060305098399263003 0.00048847140681633082 -0.0025880152431077791 -0.0086939560842968413 -0.00055746647179946371 -0.002593877838666134 -0.00052120349324019004 -0.00024356723058583765 0.00083459899398474193 0.002370477173655846 0.0023834034999833608 -5.634374505102493e-05
leaf_weight=4232.0492515563965 320119.07983398438 3193.6895980834961 5810.2197723388672 10055.398495674133 145611.9140625 574383.4733581543 768338.08984375 60179.089698791504 27336.459658622742 427323.162109375 3318.5350112915039 7099.0069847106934 131136.99748235941 10463.673965454102 4513.10302734375 5904.7079467773438 8378.4556312561035 18790.030029296875 3751.713134765625 15217.203552246094 16648.104019165039 441786.2752456665 4288.2632446289062 7768.6614685058594 166268.70080566406 9893.7601928710938 239534.01184082031 21097.861145019531 746616.75903320312 33710.276306152344 9204.720703125 73239.381530761719 2375.1661643981934 2820.6959838867188 1078953.2121810913 9699.8156585693359 3593.4994049072266 8110.6629371643066 5080.0385437011719 3980.590576171875 15470.452382087708 222600.2883605957 1019895.061706543 41838.08154296875 3298.0335731506348 3288.7747256755829 3889.8633320331573 584871.65997314453 2797.487548828125 4976.4168195724487 7315.9254760742188 11449.342834472656 26618.428588867188 23572.534362792969 8897.5233154296875 700653.12225341797 10054.906860351562 523805.14349365234 10304.81424331665 310740.93499755859 95505.774116516113 11306.877380371094 338599.09094238281
leaf_count=1513 118258 1108 2052 3892 42029 229341 323899 25961 9945 123267 1320 2659 62915 3413 1713 1867 2481 5571 1053 5603 7918 164984 1689 2676 76496 4667 114548 8014 213147 14473 3213 30442 1285 777 353869 2911 1033 2717 2010 1893 7828 87370 344374 20446 1144 1162 1400 200458 1261 1430 3111 4549 12880 12245 2789 270301 3733 189884 4193 121663 35836 4361 147769
internal_value=7.64968e-06 0.000846179 -0.000357326 0.00658938 -0.000162077 -0.00156419 0.000750733 0.00233411 0.00463932 0.000605662 0.0186111 0.00787429 0.000283322 -0.00733992 -0.000573728 0.000190438 0.0127318 -0.000161254 0.00367041 0.00159316 -0.0013633 0.000427533 -0.00137409 -0.00541716 -0.000412918 -0.00362468 0.00091479 0.00134075 0.000562776 0.000671361 0.00212786 -0.00310371 -0.000294736 0.00152828 0.000243657 0.000834113 0.00584264 0.00384402 -0.00222874 -0.00138752 -0.0036179 -0.00118308 -0.000894798 -0.00296429 -0.00347275 -0.00757775 -0.00321803 -0.000835021 0.0103136 -0.00203382 -0.000229671 0.00294873 -0.00027763 -0.00212219 -0.00426095 -0.000185634 6.46715e-05 -0.000614232 -0.00445204 0.00103211 0.00296084 0.00570988 0.000352407
internal_weight=9.42158e+06 2.85719e+06 6.56438e+06 46701.6 5.65027e+06 914111 2.81049e+06 235882 40189.3 2.57461e+06 6512.22 27820.2 2.7139e+06 29122.6 2.93638e+06 2.58276e+06 12610.5 1.28526e+06 22541.7 208062 31865.3 1.85415e+06 884988 23312.4 728607 25853.4 1.80627e+06 817300 988971 389977 176196 88004.3 702754 242355 1.53403e+06 455080 13293.3 15209.7 12848.7 58137.7 24427.5 796984 1.65112e+06 46351.2 83716.1 10476.7 7178.64 1.60477e+06 12852.9 20446.9 1.26272e+06 18765.3 1.24395e+06 59088.5 32470.1 1.18486e+06 15959.6 536485 12680 331839 116017 20511.6 484211
internal_count=3458809 1040727 2418082 17526 2055383 362699 1023201 92262 15098 930939 2428 9370 986095 10151 1069288 923180 3994 502297 6624 82892 13521 641055 352548 8099 282125 10267 607040 278568 328472 155301 69371 35837 271858 115325 522797 168928 3944 5376 4686 25624 11151 316711 566991 22159 34148 3706 2562 544832 5153 9258 495673 7660 488013 27914 15034 460099 5600 195362 5478 129677 43410 7574 189798
cat_boundaries=0 2 4 6 8 10 12 14 16 18 20 22 24 26 28 30 32 33 34 36 38 40 41 43 45
cat_threshold=2617557688 4 3776983872 27 4169695412 55 2416059138 3 790958266 61 702619456 14 1498960051 80 2181691965 102 9243787 4 72663060 4 836898430 68 2064 36 2370310216 41 774113320 53 216985793 7 82367652 112 9437741 1073741824 667054350 82 2166786 37 151261210 20 512 3221553537 33 33558560 1
is_linear=0
shrinkage=0.03


Tree=21
num_leaves=64
num_cat=17
split_feature=5 3 2 5 2 0 4 2 0 1 1 1 1 1 0 18 1 19 1 3 9 6 0 5 14 14 1 4 15 9 4 0 14 1 1 0 0 1 1 16 18 0 1 19 9 1 15 9 8 8 0 8 0 19 6 6 1 8 1 15 1 4 14
split_gain=2943 1491.27 1203.46 1514.38 1174.18 878.356 821.235 746.075 651.505 647.522 628.051 596.276 566.877 553.113 536.935 478.786 477.693 467.007 400.362 369.803 350.933 339.665 563.919 337.626 336.488 413.569 813.083 805.339 327.005 1505.6 2478.75 319.956 460.228 318.638 308.409 290.071 286.77 360.624 285.507 271.486 270.345 268.501 428.419 394.151 480.857 298.556 264.215 938.216 2086.49 579.387 248.339 285.495 239.731 238.695 237.064 290.387 235.688 232.912 280.221 233.755 232.166 229.197 228.806
threshold=-0.2852731049060821 0.8991495966911317 -1.3353099822998045 -2.2249845266342159 -1.8603156208992002 773.50000000000011 -0.13379042595624921 -1.3353099822998045 187.50000000000003 0 1 2 3 4 759.50000000000011 -1.6394627690315244 5 -0.070884160697460161 6 -0.098444648087024675 -0.26795329153537745 -0.066744446754455553 217.50000000000003 -1.6461431384086607 0.21328810602426532 0.23334156721830371 7 0.68512386083602916 1.306338965892792 -0.78342774510383595 -1.0000000180025095e-35 787.50000000000011 0.84427878260612499 8 9 514.50000000000011 801.50000000000011 10 11 1.3390110135078432 -2.0339003801345821 857.50000000000011 12 0.34024418890476232 -0.76206979155540455 13 -1.87097692489624 -0.26795329153537745 3.1976417303085332 6.0905761718750009 941.50000000000011 0.40110567212104803 885.50000000000011 0.052637185901403434 -1.5060637593269346 -1.0518720746040342 14 5.2206554412841806 15 0.58784216642379772 16 0.76939848065376293 0.5213962495326997
decision_type=2 2 2 2 2 2 2 2 2 1 1 1 1 1 2 2 1 2 1 2 2 2 2 2 2 2 1 2 2 2 2 2 2 1 1 2 2 1 1 2 2 2 1 2 2 1 2 2 2 2 2 2 2 2 2 2 1 2 1 2 1 2 2
left_child=2 5 3 8 6 10 18 11 -1 23 19 -7 21 -9 -14 16 -10 31 -3 20 -2 22 -5 -4 -19 26 27 -26 -25 30 -30 -11 -33 -8 61 -20 57 -38 -17 -22 -16 45 54 62 -45 -27 47 49 -49 -12 -15 56 -24 -54 -43 -56 -52 58 -6 -59 -53 -34 -44
right_child=1 4 9 12 36 7 33 13 15 17 46 -13 14 50 40 38 -18 24 35 -21 39 -23 52 28 25 41 -28 -29 29 -31 -32 32 34 -35 -36 -37 37 -39 -40 -41 -42 42 43 44 -46 -47 -48 48 -50 -51 51 60 53 -55 55 -57 -58 59 -60 -61 -62 -63 -64
leaf_value=0.022871750768177868 0.00046087804651984761 -0.021107943037288867 0.0019983405618773688 0.01938863925663117 -1.8746223033090704e-05 -0.010679102373293588 -0.0079984821831576638 -0.0017711580290245212 0.02151658370547542 0.00078572054408728928 -0.00030373782876463466 -0.002770817721871887 0.0026274419175009614 -0.00051022851421548621 0.0059500900636088646 0.0094938348156131565 0.0071415698947851153 0.00035908020055741059 -0.015208556625016819 -7.2162759667258154e-05 0.001412795413187926 0.00091376950931860469 0.0029798953491159005 0.00071088063752981106 -0.029240542319968532 0.00050078698216954624 -0.0015366589483826209 -0.0039809372052398333 2.9278234154333269e-05 0.0012981882658658504 0.037867762470812576 0.00034819897326043901 -0.001833498325678667 0.0020278592601994895 -0.0041626878453314845 -0.0055723231950205124 -0.00078069965517371892 -0.0041135702643108184 0.0013903248759481073 0.0045312786036021359 -0.0034920148445951125 0.0074609312070397322 0.0011829096830897709 -0.017770228483540807 -0.0052699712677161782 -0.0012313771172588477 -0.00036847502910555954 -0.037185536444296771 -0.00051912405630673048 -0.014033330293658317 0.014961086530743817 -0.0017122629391533746 0.0034898718851063362 0.015737566262752269 -0.0089150806142476568 0.00069030829060648564 0.0036943446666034985 -0.0019595158253807223 -0.0014937311224726883 -0.0066068210537216249 0.0021640984413355546 0.0038311681801500939 -0.0045348679414522535
leaf_weight=3027.4204332828522 764122.6806640625 3664.0322914123535 257329.84375 3005.6649894714355 175523.51396942139 11745.384201049805 4704.4605255126953 371703.05326843262 3930.937126159668 1034403.5954589844 47407.695434570312 31854.268142700195 40436.362098693848 454425.02998352051 3012.47998046875 7106.7646064758301 4491.5054248571396 315999.53863525391 4907.323269367218 1013123.1015625 164058.1845703125 11269.605058670044 12260.701486587524 1261693.2809448242 2227.5875778198242 172366.35009765625 12474.756103515625 2316.4414749145508 3503.200927734375 49501.383972167969 2801.3440551757812 213742.93237304688 22170.532592773438 7203.015079498291 40351.620849609375 6596.5653185844421 48490.993530273438 73578.490783691406 8717.5794404745102 29665.873046875 28595.491317749023 3804.0194244384766 12458.971611022949 3318.4564056396484 16677.486709594727 186375.81033325195 1942971.6798211932 2163.6113586425781 3924.7725524902344 2932.714599609375 2129.718635559082 22962.94709777832 2552.7998886108398 3267.6178359985352 3259.4090881347656 21411.876487731934 7706.122917175293 40702.295689105988 341415.42966032028 12803.8876953125 35209.27653503418 9047.6727294921875 12730.755584716797
leaf_count=988 278836 1518 94036 1294 75796 3799 1716 118114 1247 360387 23880 11668 13641 181052 980 2195 1476 153416 1478 359666 69412 3572 5279 470214 1118 50985 5382 991 1181 18443 1110 79925 6611 2519 9828 2098 22542 26414 3271 7467 9598 1272 3348 864 5271 62797 699984 1170 1880 1464 739 8057 1101 1234 1126 7412 4213 16933 130410 4114 13848 2431 3528
internal_value=6.05698e-07 -0.00043466 0.000646643 0.00346439 -0.00171006 -0.000247669 -0.00783828 -0.00107347 0.00975825 0.000545264 -5.26278e-05 -0.00490531 0.00181976 -0.000886592 0.000337753 0.00811654 0.0138935 0.000198475 -0.0124664 0.000327397 0.000750016 0.00511733 0.00736555 0.00100442 -0.000391052 -0.000918486 -0.00550501 -0.0163464 0.000810288 0.00305749 0.016859 0.000540396 -0.000349026 -0.0019401 -0.00243116 -0.00967935 -0.00147041 -0.0027901 0.00503836 0.00189045 -0.00259131 -0.000737906 -0.00238761 -0.00420317 -0.00734839 -0.000399142 -0.000427248 -0.0024508 -0.013569 -0.00110491 -0.000257187 0.00143349 0.00536212 0.0103734 0.000494927 -0.000580242 0.00615921 -0.00118799 -0.000992943 -0.00307212 0.000634003 -0.000191351 -0.00170715
internal_weight=9.41934e+06 5.6277e+06 3.79164e+06 131675 719590 4.90811e+06 27075.4 937736 27274.2 3.65997e+06 3.97037e+06 43599.7 104401 894136 72044.3 24246.8 8422.44 2.08514e+06 15167.9 1.97097e+06 957847 32356.4 21086.8 1.57483e+06 765421 449422 17018.8 4544.03 1.3175e+06 55805.9 6304.54 1.31972e+06 285313 11907.5 71569.8 11503.9 692515 122069 15824.3 193724 31608 432403 73661 45185.7 19995.9 358742 1.9994e+06 56428.8 6088.38 50340.4 522433 68008.1 18081.1 5820.42 28475.3 24671.3 9835.84 570445 516939 53506.2 58172.2 31218.2 25189.7
internal_count=3458339 2070787 1387552 45876 285538 1785249 9329 341490 9177 1341676 1443759 15467 36699 326023 24219 8189 2723 756692 5094 715381 355715 12480 8908 584984 297510 144094 7491 2109 490948 20734 2291 459182 98795 4235 18870 3576 276209 48956 5466 76879 10578 136603 22821 13011 6135 113782 728378 28394 3050 25344 207909 26857 7614 2335 9810 8538 4952 227253 206206 21047 21905 9042 6876
cat_boundaries=0 2 4 6 8 10 12 14 15 17 19 21 23 25 27 28 30 32
cat_threshold=512085141 36 2871464354 63 1610623844 9 3361521664 52 3759223715 2 2453860648 102 2415960904 11 1049090 2434950534 83 2147488256 17 384599384 45 3189301284 64 2702184704 10 1073750306 72 134905920 3793037944 32 243679248 72
is_linear=0
shrinkage=0.03


Tree=22
num_leaves=64
num_cat=15
split_feature=5 10 3 2 3 3 4 7 2 18 0 2 0 17 0 17 0 5 19 17 3 4 17 3 17 4 17 2 3 0 8 0 4 17 6 10 17 2 8 0 17 4 19 0 4 17 4 12 12 0 17 0 19 17 5 12 17 8 0 17 0 0 17
split_gain=2814.42 1459.52 1406.81 1086.19 1034.35 983.648 899.411 875.179 835.83 1264.58 651.398 846.88 651.367 538.604 518.144 473.729 670.539 467.262 462.648 377.154 374.164 343.692 333.691 319.874 318.728 378.437 296.792 293.732 286.981 282.409 278.886 272.809 279.505 265.39 263.168 410.63 406.27 260.872 356.844 302.144 434.549 259.196 327.483 409.699 631.193 661.276 316.307 586.19 2920.81 274.972 258.887 258.472 285.959 258.99 254.816 247.229 392.544 294.046 243.545 242.695 241.249 240.77 264.172
threshold=1.0000000180025095e-35 2.0011521577835087 1.4975270032882693 -1.3353099822998045 -1.7388762235641477 -0.37439191341400141 -0.13379042595624921 0.10761383920907976 -1.3353099822998045 -1.3805645108222959 801.50000000000011 -1.0903097391128538 172.50000000000003 0 703.50000000000011 1 787.50000000000011 1.8125739693641665 0.68251332640647899 2 -0.76058295369148243 -2.3358898162841792 3 -1.4672435522079466 4 1.7135866284370425 5 -0.34923835098743433 0.2494311332702637 941.50000000000011 1.3437783718109133 112.50000000000001 0.63682281970977794 6 -0.21100022643804547 -1.0307154655456541 7 0.32466346025466924 0.93732893466949474 773.50000000000011 8 0.17685678601264956 -0.093686822801828371 157.50000000000003 1.0000000180025095e-35 9 0.58580151200294506 -0.60928758978843678 -0.59908840060234059 142.50000000000003 10 745.50000000000011 0.025644427165389064 11 -1.5294209122657774 -0.81515207886695851 12 1.0344012975692751 899.50000000000011 13 514.50000000000011 127.50000000000001 14
decision_type=2 2 2 2 2 2 2 2 2 2 2 2 2 1 2 1 2 2 2 1 2 2 1 2 1 2 1 2 2 2 2 2 2 1 2 2 1 2 2 2 1 2 2 2 2 1 2 2 2 2 1 2 2 1 2 2 1 2 2 1 2 2 1
left_child=1 5 7 6 -3 8 17 20 9 14 28 33 -11 30 -1 16 -7 -4 21 -16 -2 -10 -13 34 -20 -26 -8 -18 -9 31 54 32 -17 -12 -23 36 -36 38 -15 -40 -41 42 -33 44 45 -44 47 49 -49 -43 -19 52 -22 -53 -6 56 -47 -57 -51 -34 -32 62 -25
right_child=2 4 3 -5 13 15 26 10 18 12 11 22 -14 37 19 29 27 50 24 -21 51 23 -24 61 25 -27 -28 -29 -30 -31 60 41 59 -35 35 -37 -38 -39 39 40 -42 46 43 -45 -46 55 -48 48 -50 58 -52 53 -54 -55 -56 57 -58 -59 -60 -61 -62 -63 -64
leaf_value=0.019810914151259077 0.00093548374984735139 0.018535071168293907 -0.0061502061937741409 -0.0022396578496567854 0.012563607935651944 8.5100609569435735e-05 0.0067644676299347846 -0.00028419523210414298 -0.0014544620145846882 0.0145458518860218 -0.0017823557578904934 -0.0024097294102642802 0.00078556118943420329 -0.0021551298391737405 0.016241053689223024 0.0036110700214294304 -0.0032655244741863856 -0.021832215213522889 0.00085319071267680178 0.0035870832578076589 0.00028906972416934844 0.0013648508874746978 -0.00062119140755294213 -0.0002638469177960098 -0.0015663677979674362 -0.013388308091683726 -0.0055319337817875229 -0.0010009062906592447 -0.0010346609500354539 0.0030868289431732381 0.0071874932984335935 0.00046260994210641713 -0.0041356750479541156 -0.0077515712210065747 0.015339635864867649 0.003023504582393882 0.0026192305025812676 -0.0024321439879780812 0.0077981135345014619 -0.0075538961602801729 0.0061549130708771086 0.0088409157662336264 -0.0084727292985476051 -0.00047776325903120862 -0.015921723057244083 0.013880850444800939 0.00044975398086525116 0.033081390293576055 0.0024811869258096939 0.0011073032473208236 -0.012418388516854966 -0.001625339644728351 -0.00060859742973784709 -8.4366893078921944e-05 0.0026960523623741788 0.0040994267955117951 -0.0020440112578952599 -0.0082323040009307236 -0.0055718938191181098 0.0017810843322168812 0.018555547820962207 0.00094647631244566073 0.0040467780051937699
leaf_weight=5247.7379946708679 330567.435546875 4718.10400390625 5939.0427534580231 136111.806640625 3240.9467468261719 1212073.3889770508 3078.0642507076263 1112829.5106201172 45720.09326171875 3377.6081285476685 8911.9107131958008 182002.50070953369 36560.616847038269 8008.4385068416595 3257.1999135017395 47494.733606994152 65602.10107421875 4826.9572257995605 68058.019165039062 6086.1671943664551 1064239.4331054688 65375.615478515625 193951.73427581787 17760.735534667969 77950.483551025391 2510.8057556152344 4104.4469509124756 240570.07666015625 780071.6494140625 37502.743408203125 3272.4225058555603 451315.68367767334 9257.4267883300781 27349.375419616699 5312.0233573913574 46843.943725585938 3955.5851631164551 9205.9687693119049 14714.989591598511 3425.7478895187378 5251.5798406600952 3952.0397338867188 9547.333797454834 252697.42504882812 3690.8885498046875 3063.2761334180832 550691.76953125 3156.59619140625 25065.757202148438 103261.23226928711 6123.3540534973145 193490.91162109375 456329.5703125 199233.84326171875 8599.0463342666626 3646.8487678766251 2544.3746185302734 3319.8560214042664 5153.8292846679688 19059.075439453125 3470.107373714447 1162704.8523635864 45791.038871765137
leaf_count=1658 129393 1802 2100 56041 1198 434898 1012 410417 14664 1231 4754 58282 12556 4317 1045 18056 23490 1576 30747 2021 369923 28771 80443 6214 31525 834 1446 86640 283093 13993 1050 167098 2496 8185 1596 17574 1522 3557 5182 1020 1712 1357 2896 100150 1340 1162 194017 1285 10795 37147 1960 59780 178647 82099 3454 1988 1108 1416 1874 7274 1136 426310 16427
internal_value=3.13702e-06 0.000521408 -0.000515566 -0.00327874 0.00502407 0.000459509 -0.00915243 -0.000418263 0.00106291 0.00471296 -0.00082881 -0.00190949 0.00195096 0.0039456 0.0122698 0.000143936 -0.000231769 -0.0129331 0.000933818 0.00802593 3.49357e-06 0.00110347 -0.00148714 0.00119025 -0.000657873 -0.00193584 -0.000259558 -0.00148618 -0.000593467 0.000515679 0.00817403 0.000451256 0.00220467 -0.0062876 0.00265859 0.00416566 0.00993404 0.0020073 0.00330966 0.00518061 0.000739927 0.00035771 -3.66023e-05 -0.000845552 -0.00444531 -0.00252736 0.000774006 0.00204405 0.00590899 0.0010731 -0.0166074 -0.000157532 1.96747e-05 -0.000843641 0.00540125 0.00199351 0.00668093 -0.00177872 0.000789546 -0.000154484 0.0130476 0.00104476 0.00284276
internal_weight=9.42225e+06 4.71309e+06 4.70916e+06 160184 63907.4 4.64918e+06 24071.9 4.54898e+06 1.59651e+06 54529.3 2.30512e+06 412216 39938.2 59189.2 14591.1 3.05267e+06 1.51825e+06 16889.4 1.54198e+06 9343.37 2.24386e+06 1.39346e+06 375954 1.34774e+06 148519 80461.3 7182.51 306172 1.8929e+06 1.53442e+06 18582.5 1.49692e+06 75811.2 36261.3 121487 56111.6 9267.61 40606.7 31400.8 23392.3 8677.33 1.42111e+06 729826 278510 25812.6 22121.7 691281 140589 28222.4 112367 10950.3 1.91329e+06 1.52057e+06 392725 11840 12574.4 5607.65 6966.7 108415 28316.5 6742.53 1.22626e+06 63551.8
internal_count=3458754 1729603 1729151 64135 24428 1705175 8094 1665016 594695 18511 845174 151664 13787 22626 4724 1110480 545028 5636 576184 3066 819842 513078 138725 498414 63106 32359 2458 110130 693510 565452 6838 551459 27826 12939 49463 20692 3118 15788 12231 7914 2732 523633 277158 110060 9910 8570 246475 52458 12080 40378 3536 690449 548570 141879 4652 5674 2270 3404 39021 9770 2186 448951 22641
cat_boundaries=0 1 2 3 4 5 6 7 8 9 10 11 12 13 14 15
cat_threshold=34613307 65557712 22054974 62954768 13724913 17195363 33636653 8443170 25446080 1310734 9650230 63477264 229889 34822 7997526
is_linear=0
shrinkage=0.03


Tree=23
num_leaves=64
num_cat=18
split_feature=5 10 7 2 3 3 2 2 3 3 1 5 16 1 11 11 19 1 7 1 1 3 19 1 1 10 3 1 1 2 1 1 19 1 2 6 16 3 2 9 13 16 1 2 10 1 3 19 1 9 1 14 9 6 16 7 1 1 9 6 11 10 19
split_gain=2504.41 1395.66 1362.8 1024.86 974.615 762.767 883.323 668.106 625.468 619.466 613.751 564.889 549.078 582.819 1227.14 2451.48 513.656 405.276 404.737 394.361 387.046 374.548 357.063 424.808 348.465 347.126 322.779 309.589 272.484 264.333 260.133 256.709 242.885 294.83 282.9 250.367 273.514 235.301 233.839 226.045 392.852 398.616 220.31 213.551 205.575 262.122 198.265 193.636 191.079 188.812 188.14 196.434 186.142 185.826 255.581 183.54 182.036 176.551 194.615 217.101 209.531 219.043 176.066
threshold=-0.2852731049060821 2.0011521577835087 0.39155498147010809 -1.8603156208992002 1.7734164595603945 -1.1839305162429807 -1.0903097391128538 -1.0903097391128538 -0.93483376502990712 -0.065650153905153261 0 -2.2249845266342159 0.34463578462600714 1 -0.44578139483928675 -0.61350637674331654 -0.048208350315690034 2 -0.13732697814702985 3 4 0.49023100733757025 0.59370270371437084 5 6 -2.5115921497344966 1.7734164595603945 7 8 -1.3353099822998045 9 10 1.0808296799659731 11 -0.17662393301725385 -0.7588500678539275 0.50652584433555614 -1.7388762235641477 -1.8603156208992002 -0.62315446138381947 1.306611239910126 0.92115417122840892 12 0.48588150739669805 -0.829017013311386 13 1.2111849188804629 1.3059275150299074 14 -0.22177848964929578 15 0.48110881447792059 -0.94542711973190297 -0.13557609915733335 0.60843560099601757 -1.0495393872261045 16 17 -0.8193218708038329 -1.2263480424880979 0.46392104029655462 -0.47234795987606043 -0.47935186326503748
decision_type=2 2 2 2 2 2 2 2 2 2 1 2 2 1 2 2 2 1 2 1 1 2 2 1 1 2 2 1 1 2 1 1 2 1 2 2 2 2 2 2 2 2 1 2 2 1 2 2 1 2 1 2 2 2 2 2 1 1 2 2 2 2 2
left_child=1 5 9 8 21 6 11 24 -3 20 47 19 13 14 15 -7 57 -18 50 -1 -2 28 30 -24 -6 43 42 -9 -4 -27 44 -13 37 34 -34 36 -36 -22 48 40 41 52 -11 -19 45 -8 -20 -5 -23 -39 -15 -52 -31 54 -12 -44 -55 58 59 -14 61 -61 -26
right_child=2 3 4 10 7 12 22 27 -10 26 53 31 16 18 -16 -17 17 25 46 -21 32 38 23 -25 62 29 -28 -29 -30 39 -32 -33 33 -35 35 -37 -38 49 -40 -41 -42 -43 55 -45 -46 -47 -48 -49 -50 -51 51 -53 -54 56 -56 -57 -58 -59 -60 60 -62 -63 -64
leaf_value=0.016622550992733329 -0.00017127994210429845 0.027225074406081656 -0.001110634488115086 0.0073159939528882785 -0.018846540234035584 0.00086513394347586712 0.0098710374226882794 0.0027019061086924327 0.008788286724218013 -0.00067656164447123365 0.0019441459905209816 0.0069116305108090021 -0.0020037827812526944 0.0006509449475500074 0.00058976245240887682 -0.044562389805331656 -7.0716878055345709e-05 -0.013572872708876711 0.00037636316958171781 0.005910159482677679 0.0036516785274129521 -0.0024331957115141119 -0.004108489554948456 0.0022041759741011587 -0.012397327386810245 0.0041477750450001931 -0.0026635230955936 -0.00503786240737938 -0.00023799789652190456 0.0036596901178257064 0.00083597549205470707 -0.00042005136188780971 0.0073044637439643447 -0.0036918449004582255 -0.0016765321883676534 0.0022948574338324491 -0.015400831325291029 0.00059574342571543494 -0.0015238250836566887 -0.001195829601615695 -0.011616308540860262 -0.010015112638332007 0.0010426438759912741 -0.0036455815281363087 0.0023350563390589934 0.0027907811693148499 -0.0015814978957901251 0.01599847537910469 -0.0095759548540843564 0.0018470868050116523 0.0013517485517253666 0.0058382426834015554 -0.0025091670966201512 0.0011246709331779652 -0.0054473704386449554 -0.00019528728440299065 0.0080294834380336497 -0.00012306583884768606 0.00052601692903945011 0.0096323845996378662 -0.0010281481639625438 0.0033582150882075982 -0.0030723281971789776
leaf_weight=6816.4876480102539 717350.736328125 2747.8173828125 660129.71343994141 10405.384450912476 4147.6630172729492 2491.4566345214844 8033.39306640625 6116.3199844360352 4175.80859375 981016.79174804688 15485.92425775528 8904.0059051513672 7152.8356857299805 509893.44912719727 9504.986572265625 1867.5461730957031 174166.94250488281 3661.5443115234375 1012471.7217254639 5737.6061019897461 26268.243896484375 7959.8404769897461 20861.688034057617 17740.916702270508 3797.5255928039551 6397.3823699951172 55988.75390625 19326.043663024902 628840.52093505859 4899.0994262695312 103510.09725189209 8300.6864776611328 5107.2330627441406 23863.852661132812 5224.4504256248474 10000.229231357574 1738.559814453125 773070.83974456787 528569.576171875 99248.774096012115 4960.5570373535156 6105.1639709472656 122203.03356933594 4177.0987548828125 93870.784950256348 11411.813720703125 48789.0166015625 2976.0177001953125 5867.6341323852539 126241.68100738525 690104.90516662598 8891.7616271972656 43060.282010555267 7255.4843745231628 5776.5655632019043 913652.4851526022 6537.8023643493652 440434.48913574219 339710.05456542969 6710.8125495910645 6584.6844482421875 19735.947834014893 3507.6039924621582
leaf_count=2003 283197 1056 215732 4178 1463 1389 2714 2349 1551 342651 7217 3285 2132 230585 6048 1086 55137 1031 401883 2001 10754 2451 7691 8896 1207 1624 22358 8041 260235 1426 44323 2840 2568 9660 3669 4084 575 255977 198290 28547 910 1405 47803 1134 34835 4248 23521 1321 2356 48957 255167 2287 11348 2132 1576 345739 2013 133350 85546 1694 1112 4779 1211
internal_value=3.19772e-06 0.000599212 -0.000398194 0.00532742 -0.0010605 0.000529145 0.00202024 -0.00588767 0.0161198 -6.92593e-05 0.00378325 0.00691133 0.00040592 0.00067641 -0.00545261 -0.0186263 -0.000123472 -0.00109164 0.000713873 0.0117489 0.000357245 -0.000963232 0.00145028 -0.00120791 -0.0119032 -0.0021222 -0.000416754 -0.00317798 -0.000684921 -0.00182856 0.00192355 0.00337902 0.000747492 -0.00138169 0.00111762 -0.000746043 -0.00511188 0.000853173 -0.00162461 -0.00207025 -0.00354033 -0.00279833 -0.000354377 -0.00828846 0.0029166 0.00572414 0.000286348 0.00924532 -0.00547524 0.000771411 0.00108919 0.00140884 -0.0018787 0.00169414 -6.47801e-05 -4.924e-05 0.0044058 0.000285685 0.000759554 0.00273371 0.00375974 0.00495179 -0.00791421
internal_weight=9.42156e+06 3.79157e+06 5.62999e+06 55360.8 1.86826e+06 3.73621e+06 285187 36895.2 6923.63 3.76173e+06 48437.2 29758.8 3.45102e+06 2.28401e+06 13864 4359 1.16701e+06 346677 2.27015e+06 12554.1 1.68887e+06 1.83137e+06 255429 38602.6 11452.8 172510 2.07286e+06 25442.4 1.28897e+06 164671 216826 17204.7 971515 45934.3 22070.5 16963.2 6963.01 925581 542397 158274 59025.1 54064.5 2.01687e+06 7838.64 113316 19445.2 1.06126e+06 13381.4 13827.5 899313 1.20889e+06 698997 47959.4 35055.8 21262.5 1.03586e+06 13793.3 820329 379894 40184.3 33031.4 26446.8 7305.13
internal_count=3458348 1387021 2071327 21044 693335 1365977 112836 14271 2607 1377992 18437 10129 1253141 921966 8523 2475 331175 102562 913443 4004 619441 679064 102707 16587 3881 47425 758551 10390 475967 45260 86120 6125 336244 20556 10896 8328 4244 315688 203097 43636 15089 14179 736193 2165 41797 6962 425404 5499 4807 304934 488039 257454 12774 12938 8793 393542 4145 228613 95263 9717 7585 6473 2418
cat_boundaries=0 2 3 5 7 9 11 13 15 17 19 21 23 25 27 29 31 33 35
cat_threshold=2651209880 4 512 3221300113 10 2518343852 97 1357996575 98 1264081083 80 2986537346 17 17328944 5 1348120387 72 3356348545 51 216985985 31 2231769408 16 1422997382 67 3221291137 33 2858374200 100 2977103956 91 541137155 3 102307874 16
is_linear=0
shrinkage=0.03


Tree=24
num_leaves=64
num_cat=17
split_feature=3 7 3 3 2 2 1 10 1 10 19 1 7 1 15 9 4 1 3 8 15 9 4 4 10 1 1 1 6 6 6 15 1 1 18 7 9 8 1 9 8 11 4 19 1 10 1 10 1 8 18 1 2 19 18 18 4 6 9 1 1 4 4
split_gain=2238.51 1512.33 1159.26 932.667 888.078 753.044 630.78 608.258 787.228 689.557 646.407 633.768 567.9 515.366 593.883 4095.5 478.792 413.469 396.87 383.84 382.814 576.768 651.897 373.919 355.943 404.344 341.621 325.921 459.214 268.773 259.384 1497.29 255.049 247.468 239.795 267.686 235.904 242.974 388.972 322.056 231.35 318.848 645.986 228.375 221.82 285.125 221.031 217.276 309.187 227.904 209.836 204.682 281.379 262.05 204.092 202.833 197.957 196.372 264.742 253.243 252.902 263.549 350.297
threshold=0.38273026049137121 -0.80151113867759693 -1.7388762235641477 1.7734164595603945 -0.73840481042861927 -1.8603156208992002 0 2.0011521577835087 1 0.1011020950973034 0.91627401113510143 2 0.22246298938989642 3 1.306338965892792 -0.78342774510383595 -0.13379042595624921 4 -1.3021076917648313 3.6164849996566777 -1.87097692489624 -0.26795329153537745 1.1480313539505007 1.8531795144081118 2.0011521577835087 5 6 7 -1.8183490633964536 0.41754020750522619 0.63092368841171276 -1.87097692489624 8 9 -0.80652275681495655 0.94548398256301891 -0.26795329153537745 1.9583595991134646 10 -0.83646643161773671 3.6164849996566777 -0.56315216422080983 0.68512386083602916 -0.093686822801828371 11 -0.20361341536045072 12 -2.5115921497344966 13 1.1751306056976321 -0.51270732283592213 14 -0.34923835098743433 2.3440901041030888 0.41067221760749822 -2.0339003801345821 -0.84932526946067799 -0.17966122180223462 -0.70219931006431568 15 16 -0.34569351375102991 0.17685678601264956
decision_type=2 2 2 2 2 2 1 2 1 2 2 1 2 1 2 2 2 1 2 2 2 2 2 2 2 1 1 1 2 2 2 2 1 1 2 2 2 2 1 2 2 2 2 2 1 2 1 2 1 2 2 1 2 2 2 2 2 2 2 1 1 2 2
left_child=1 2 4 12 6 16 -1 9 19 10 13 -12 32 14 18 -16 26 20 29 -9 21 22 -11 40 33 -26 -5 -7 -29 56 -15 -32 -2 55 -19 -36 37 38 39 -20 51 42 -42 -34 -14 -46 -6 48 -35 -50 -39 52 -13 -53 -28 -4 -3 58 -10 -59 -60 -62 -63
right_child=3 7 24 5 46 27 -8 8 57 17 11 23 44 30 15 -17 -18 34 36 -21 -22 -23 -24 -25 25 -27 54 28 -30 -31 31 -33 43 47 35 -37 -38 50 -40 -41 41 -43 -44 -45 45 -47 -48 -49 49 -51 -52 53 -54 -55 -56 -57 -58 59 60 -61 61 62 -64
leaf_value=0.020327851122597839 0.00020698328555966014 -0.00040701696972950954 0.0043531765064823234 -0.017892175187099967 0.005866849238540345 4.5765563379803915e-05 0.007085647929889965 0.0061946488164564368 -0.0049534080376602389 -0.00080164270685243724 0.00073782712866697837 0.0070777612282862008 -0.0016292828595144929 0.00011777603003577895 0.033789889912636324 0.001013810593283825 0.00062052095008619131 0.0012479215006311018 0.0063622064139564295 0.017667855997402698 -0.00062744007191060957 -0.017133812146202344 -0.01692579166138514 -0.013907771161301419 0.0146993137581918 0.0030915510372679315 -0.0014419323821310739 -0.01380967567051998 -0.0028867779762386182 0.0050751162425396647 -0.021070649093878287 -0.00031014660973126691 -0.00016947471003801734 -0.0080794761343984771 0.00018126222359486958 -0.0013414201613182986 0.0014990081181384893 0.00082461524574812346 0.00040501879382612277 0.001787043089961733 -0.025455973495666598 -0.003453257010247996 -0.0022801760252939025 -0.0011241783504715708 0.00019781552448228578 -0.0011723308912364469 -0.0003933880159082722 0.00074072639651328264 0.0079825241019061809 -0.0045642050354294519 -0.00032157330137540306 -0.0021314850770551268 -0.001147215144950711 -0.0078430410206424273 -0.011703195607375655 0.001442420967071642 0.0026903327332600262 0.00055060165788795566 0.0053366875279967597 0.007412692841307876 0.0055667616888770612 -0.014021335160348052 0.0003650299905595503
leaf_weight=5730.7402954101562 690981.3525390625 28158.296680450439 22627.8388671875 5165.5105004310608 10536.028038024902 36285.912322998047 7525.1005859375 16053.497283935547 9239.0349273681641 18712.596755981445 77365.977661132812 4139.2894439697266 445590.3583984375 1516881.1358032227 3871.4600524902344 29868.906890869141 3467.3595013618469 147535.986328125 15701.764770507812 3135.5600891113281 1256285.6120605469 2838.3510894775391 2561.2311096191406 2651.1158981323242 3411.8147277832031 12861.043182373047 2815.2461385726929 3620.6727466583252 77934.192274093628 27164.056030273438 3515.9624633789062 27916.984497070312 562161.32531738281 6035.8863677978516 612812.94116210938 125118.96508789062 223864.9410405755 214757.57824707031 329706.93713378906 117045.97811889648 1937.2677428722382 16774.419657468796 2447.5026478767395 376552.00903320312 195489.9140625 454457.24377441406 9786.0724868774414 579419.27169799805 2679.2029709815979 2527.522599697113 434745.13812255859 37863.864605665207 38692.863398790359 8933.0219421386719 4588.2783908843994 449391.36880493164 54531.431468963623 13444.922244548798 7765.4677996635437 7555.0127377510071 2841.5145349502563 2543.7312350273132 3785.391960144043
leaf_count=1903 284770 11234 7348 1657 4550 13805 2737 7575 3540 8189 31119 1807 174835 558318 1195 8141 1161 69698 4507 1053 354466 1236 1146 880 1297 5123 977 1785 32468 7834 1637 9830 193829 2752 288834 61698 82702 62895 134535 42014 839 7035 1486 144378 72703 159073 3830 228199 1310 851 128284 17977 15554 4403 1673 147804 22537 3826 2712 2245 1489 1104 1986
internal_value=-5.02834e-06 0.000300165 0.00130815 -0.000705621 0.00679722 -0.00315023 0.0128367 9.44277e-05 0.00294887 5.92432e-05 0.000337742 -0.00135583 -0.000585524 0.000444472 0.000844878 0.00477908 -0.00924848 -0.000354614 0.000753049 0.00806932 -0.00069931 -0.00444321 -0.00274641 -0.00278349 0.0011373 0.00553997 -0.0119702 -0.00231999 -0.00337211 0.00248632 6.18757e-05 -0.00263531 -0.000230451 0.00106985 0.000143827 -7.69213e-05 0.000610501 0.000431616 0.000957161 0.00232825 -0.00251693 -0.00533817 -0.012537 -0.000552439 -0.00111372 -0.000760211 0.00285558 0.000660555 -0.0034692 0.00188975 5.74165e-05 -0.00185064 -0.00035154 -0.00322179 -0.00779436 0.00158197 0.00163563 0.000863541 -0.000869922 0.0030243 0.00135852 -0.00201479 -0.00542348
internal_weight=9.42241e+06 6.5633e+06 1.11253e+06 2.85911e+06 33577.9 133877 13255.8 5.45077e+06 66364.1 5.3844e+06 3.21854e+06 190805 2.72523e+06 3.02773e+06 1.47942e+06 33740.4 16036.4 2.16587e+06 1.44568e+06 19189.1 1.2804e+06 24112.2 21273.8 113439 1.07895e+06 16272.9 12569 117841 81554.9 109854 1.54831e+06 31432.9 1.62969e+06 1.06268e+06 885468 737932 1.33582e+06 1.11196e+06 462455 132748 110788 21159.2 4384.77 938713 1.09554e+06 649947 20322.1 590662 11242.6 5206.73 649503 89629 42832.2 46796.9 7403.52 472019 82689.7 47175.1 26175.1 20999.9 16936.1 9170.64 6329.12
internal_count=3458378 2375264 407704 1083114 13020 53526 4640 1967560 25530 1942030 1156763 81100 1029588 1075663 505878 9336 5468 785267 496542 8628 365037 10571 9335 49981 394684 6420 4307 48058 34253 41605 569785 11467 622977 388264 420230 350532 454937 372235 181056 46521 49101 9360 2325 338207 406611 231776 8380 233112 4913 2161 191179 39741 17361 22380 2650 155152 33771 16902 10831 6071 7291 4579 3090
cat_boundaries=0 2 4 6 8 10 12 14 16 18 20 22 24 26 27 29 31 33
cat_threshold=2521489550 1 2923872280 2 25934168 6 236262567 61 1083912103 66 2316058768 16 2429104395 16 2153294320 101 455920764 36 137223297 60 35 32 2495675072 88 254711617 56 4128374904 3355705479 25 81027 5 25699584 81
is_linear=0
shrinkage=0.03


Tree=25
num_leaves=64
num_cat=21
split_feature=5 10 7 3 2 3 1 0 2 2 3 2 3 1 1 5 9 0 1 1 1 19 10 1 10 19 1 10 1 1 1 1 10 14 1 5 1 14 1 15 6 4 10 1 1 2 4 0 19 4 9 1 0 1 0 13 0 14 19 0 1 1 10
split_gain=2441.76 1490.16 1398.23 944.387 936.46 707.634 684.599 666.264 811.088 589.445 553.297 786.494 533.381 491.111 430.721 408.3 383.181 358.766 438.252 354.535 343.568 341.022 334.525 449.506 354.593 309.559 394.723 470.824 337.897 302.762 295.476 284.895 317.583 382.995 279.014 259.765 254.561 581.251 247.197 457.14 1144.07 243.252 244.842 313.724 244.895 330.039 404.407 380.175 302.574 356.075 363.095 279.339 279.327 254.781 293.94 250.983 240.618 358.119 328.396 434.974 574.679 235.29 285.471
threshold=-0.59645131230354298 2.0011521577835087 0.39155498147010809 1.7734164595603945 -1.8603156208992002 -0.098444648087024675 0 801.50000000000011 -0.93756237626075734 -1.8603156208992002 -1.1839305162429807 -1.0903097391128538 -0.87084460258483876 1 2 -2.2249845266342159 -0.22177848964929578 745.50000000000011 3 4 5 0.052637185901403434 2.0011521577835087 6 0.14476701617240909 0.052637185901403434 7 -2.5115921497344966 8 9 10 11 -1.3299503922462461 0.43977797031402593 12 -1.4286499619483946 13 0.24987175315618518 14 1.306338965892792 0.040953550487756736 -2.3358898162841792 -0.1055852249264717 15 16 -1.0903097391128538 -0.13379042595624921 307.50000000000006 0.51811981201171886 -1.0685706138610838 -0.99316728115081776 17 217.50000000000003 18 97.500000000000014 1.4212934970855715 787.50000000000011 1.1754372119903567 1.6460059285163882 157.50000000000003 19 20 -1.1633192300796507
decision_type=2 2 2 2 2 2 1 2 2 2 2 2 2 1 1 2 2 2 1 1 1 2 2 1 2 2 1 2 1 1 1 1 2 2 1 2 1 2 1 2 2 2 2 1 1 2 2 2 2 2 2 1 2 1 2 2 2 2 2 2 1 1 2
left_child=1 10 5 7 12 16 35 22 14 19 11 15 -3 56 -9 29 21 25 -19 -5 -10 -2 24 -24 31 38 27 28 -27 -1 -13 32 33 -4 -11 -6 37 -23 -7 -40 -41 -15 44 -44 52 46 -46 -48 55 51 -51 -50 53 54 -43 -47 58 -58 -12 60 -60 62 -52
right_child=2 4 3 9 6 17 -8 8 20 34 13 30 -14 41 -16 -17 -18 18 -20 -21 -22 36 23 -25 -26 26 -28 -29 -30 -31 -32 -33 -34 -35 -36 -37 -38 -39 39 40 -42 42 43 -45 45 48 47 -49 49 50 61 -53 -54 -55 -56 -57 57 -59 59 -61 -62 -63 -64
leaf_value=0.018428916471332064 0.00053198017733953416 0.026524370658222118 0.0010432823518787178 -0.020210587982246047 0.01348403361765209 -0.00031182774332799256 0.0012742894524603787 -0.0087860177730080067 -0.0024497430152348124 -0.00017229101284287675 0.00032961297024738289 -0.0004417864517437134 0.0091682225953237315 -0.0013774799406497701 -0.0031861955881656145 0.0034505657455212698 0.001657403284052636 -0.0021046591757392851 -0.00030861911730341762 -0.0062840183189280087 -0.00058330469357042579 -0.017297432119550385 -0.0013287420684215529 0.0055745141104694418 -0.0011548183730981354 -0.016366133783625929 -0.00012701700386432986 -0.0014780909991293297 -0.0040201693355920026 0.0079130249514182804 0.0020984423629750886 -0.00059665402505666395 0.00024297801643111461 0.0087961717621878877 -0.0059855951315879886 0.0056323997876608616 -0.00027772410020581508 -0.0015526639028892487 0.00037532542518096523 -0.00072263357981329056 0.020086905253964466 -0.00050950149047418783 0.0015471727529438228 0.00020396314089165448 -0.00105682029521671 0.00064591117601743163 0.017269209692965852 0.0049331556057659893 0.0094826846408552646 0.0064343243528753652 -0.009041927709838582 -0.0011288479039267187 0.0014682915837244649 0.0018228285134663238 0.0073539397129146512 0.0026595554688208351 -0.00036959461543846814 -0.0036013781262837041 -0.020318546078206587 -0.00098264728184434356 -0.0003691724105499576 -0.0011103715347980029 -0.002044572577300089
leaf_weight=3380.1431121826172 1268582.1296386719 2785.0760879516602 16100.121490478516 3526.5010385513306 7212.916748046875 762809.935084939 24910.562448501587 20962.766540527344 164830.67510986328 11589.608764648438 592167.93450927734 56660.35302734375 3735.9488143920898 44889.880615234375 30226.755920410156 15207.74609375 199932.650390625 211212.6103515625 290384.3974609375 3142.6019887924194 192371.25033569336 2548.5142784118652 15950.361358642578 18127.147430419922 716194.74029541016 3189.5316772460938 340238.32275390625 211919.20849609375 5358.5728149414062 9325.9272003173828 151128.935546875 631636.40451049805 226702.66900634766 8903.7330017089844 20730.713989257812 8017.0818386077881 479300.03540039062 12163.785526275635 687397.8603515625 6639.1344528198242 3699.2503128051758 5288.8165588378906 203032.39038085938 682648.29824829102 6819.4191648960114 371168.09471130371 3031.7025079727173 8688.5868232250214 4457.1292114257812 3930.1138668060303 10094.628295898438 4458.9560394287109 264177.5888671875 29021.5166015625 22374.32177734375 65542.570068359375 154837.7431640625 38535.88671875 2768.7331695556641 15379.719314575195 2449.3717346191406 25370.08624458313 10929.695487976074
leaf_count=1226 443884 1070 8038 1218 2626 251525 9260 6040 54406 4624 254478 24164 1378 13290 12325 5396 83133 66218 118023 1000 78432 1449 6571 6722 264109 1389 127002 93775 2344 2813 58639 230108 88520 2290 8309 3174 188334 4575 261198 1937 1146 1501 93607 195506 2188 137305 1023 2847 2104 1456 4210 1661 79282 8593 6488 15756 74170 9601 1127 7553 1432 10507 4675
internal_value=5.78559e-06 0.000738326 -0.000312653 -0.000955356 0.0060552 -1.44691e-05 0.00434102 -0.00086704 -0.00195084 -0.00558011 0.000649956 0.0020411 0.0165955 0.000522467 -0.00548237 0.00676878 0.000412763 -0.000346813 -0.00106496 -0.0136975 -0.00144468 0.000271578 -0.000596092 0.00234489 -0.000658756 -0.000168595 -0.000767793 -0.00175657 -0.0086575 0.0107374 0.00140585 -0.000256555 0.000596889 0.00380525 -0.00390328 0.009348 -0.000397113 -0.00428207 6.14394e-05 0.000469516 0.00672948 0.000802549 0.000859419 0.000511906 0.00122786 0.000822151 0.00475155 0.00813014 0.000675232 -0.00133658 -0.00231562 0.00418754 0.0018783 0.00378918 0.00584862 0.000948151 -9.10873e-05 -0.00101371 0.000200073 -0.00352325 -0.0110033 -0.00305745 -0.00540307
internal_weight=9.4208e+06 2.85443e+06 6.56637e+06 2.081e+06 46661.6 4.48538e+06 40140.6 2.04201e+06 408391 38989.4 2.80777e+06 235703 6521.02 2.57206e+06 51189.5 27913.8 1.96253e+06 2.52285e+06 501597 6669.1 357202 1.76259e+06 1.63362e+06 34077.5 1.59954e+06 2.02125e+06 560706 220467 8548.1 12706.1 207789 883343 251707 25003.9 32320.3 15230 494012 14712.3 1.46055e+06 697736 10338.4 1.76592e+06 1.72103e+06 885681 835353 514491 18539.7 11720.3 495951 59240.6 50324.5 8916.09 320862 56684.7 27663.1 436711 806139 193374 612766 20597.8 5218.1 46394.4 21024.3
internal_count=3458750 1040106 2418644 772712 17508 1645932 15060 757561 151203 15151 1022598 92238 2448 930360 18365 9435 721375 924557 184241 2218 132838 638242 606358 13293 593065 740316 224510 97508 3733 4039 82803 328956 98848 10328 12933 5800 194358 6024 515806 264281 3083 581999 568709 289113 279596 183732 6058 3870 177674 24613 20848 3765 95864 16582 7989 153061 348361 83771 264590 10112 2559 19392 8885
cat_boundaries=0 2 4 6 8 10 12 14 16 18 20 22 24 26 28 30 32 34 35 37 39 40
cat_threshold=2651242680 6 3844092736 27 3775413156 10 3758177190 2 2420892419 55 3896521635 75 280075330 117 1960117186 21 5505472 16 2516770824 33 2982283386 64 588320828 33 290470768 103 512 16 1491789461 66 5554196 4 8457347 4 407027732 65539 4 603992320 1 437272612
is_linear=0
shrinkage=0.03


Tree=26
num_leaves=64
num_cat=16
split_feature=5 3 10 3 3 7 2 18 2 4 17 19 3 17 5 5 5 17 4 3 17 3 17 17 4 16 18 2 5 18 17 10 15 10 17 17 19 11 11 5 9 9 10 10 17 12 17 17 10 11 11 17 13 16 17 4 13 17 10 17 10 4 4
split_gain=2160.37 1147.91 1147.58 900.869 858.013 756.671 627.504 1024.5 625.526 545.497 514.525 452.721 437.971 425.854 388.77 375.033 330.037 329.666 316.672 300.533 298.675 294.091 277.746 265.83 436.52 292.076 258.07 243.33 238.691 238.35 232.395 226.184 341.496 686.373 305.681 215.959 248.75 215.596 255.224 209.416 209.143 318.344 469.332 206.411 255.906 206.05 203.152 199.687 376.343 194.537 248.065 520.7 193.813 304.396 178.953 201.558 236.853 178.864 178.208 175.987 175.542 175.35 172.349
threshold=0.088302053511142745 1.7734164595603945 2.0011521577835087 -1.7388762235641477 -0.2327906936407089 -0.026742512360215184 -1.3353099822998045 -1.6394627690315244 -1.3353099822998045 -0.13379042595624921 0 0.68251332640647899 0.65205931663513195 1 -1.7852910757064817 -2.2249845266342159 1.658214330673218 2 -2.3358898162841792 -1.1839305162429807 3 -0.66115477681159962 4 5 1.8531795144081118 0.74407026171684276 -2.3435130119323726 -1.8603156208992002 -0.88957071304321278 1.0000000180025095e-35 6 0.32063157856464392 -0.79891934990882862 -1.0307154655456541 7 8 0.025644427165389064 0.62872308492660534 -0.95936995744705189 1.4366406202316286 -0.70219931006431568 -0.85416820645332325 -1.1633192300796507 0.020253528840839866 9 -0.35641641914844507 10 11 -0.829017013311386 -0.58721837401390065 -0.53304743766784657 12 -0.32569034397602076 0.16357183456420901 13 1.0205355882644656 0.20940569788217547 14 -0.062011832371354096 15 2.0011521577835087 0.46710924804210668 0.17685678601264956
decision_type=2 2 2 2 2 2 2 2 2 2 1 2 2 1 2 2 2 1 2 2 1 2 1 1 2 2 2 2 2 2 1 2 2 2 1 1 2 2 2 2 2 2 2 2 1 2 1 1 2 2 2 1 2 2 1 2 2 1 2 1 2 2 2
left_child=2 5 4 -4 6 21 7 10 9 16 -1 18 22 28 17 -9 -3 -5 29 47 -16 46 60 24 25 40 57 -14 -6 35 -18 32 33 34 37 -8 -37 38 -15 58 41 -13 -43 44 -21 -22 -2 48 52 -33 51 -51 -20 -54 55 -10 -57 -23 -24 -31 -7 -42 -34
right_child=1 8 3 14 13 12 11 15 54 -11 -12 23 27 31 20 -17 30 -19 19 43 45 26 39 -25 -26 -27 -28 -29 -30 59 -32 49 62 -35 -36 36 -38 -39 -40 -41 61 42 -44 -45 -46 -47 -48 -49 -50 50 -52 -53 53 -55 -56 56 -58 -59 -60 -61 -62 -63 -64
leaf_value=0.019414281553414459 0.0020011452884445874 -0.003782898441354478 0.016804632117572604 0.013593831718361503 0.00092069743638664313 2.8200204748985318e-05 0.0018105451876101134 0.0070720720457798187 -0.0029315468514022214 0.00034752347632813663 0.0067894212346510064 0.0016268785165975178 -0.005650193345439241 -0.012314087258461124 0.0075926379447775073 0.00058937902994603817 -0.019252882609530966 0.0036951394089814096 0.0035607951591392754 0.0018052847042289843 0.0017507062417802324 0.010308562915197496 -0.00013600102840974907 0.00046960803312142091 -0.013809527867143548 -0.0061726600779000449 -0.00014871591183573363 -0.0013925160911677388 0.00011302435114871432 0.0052400689277496059 -0.010002097839646082 0.00081847446499840406 0.00088319364521400397 -0.00023409266089988547 -0.0019118705635253063 -0.0028047036065211319 -0.0104912037632502 -0.011077862083766437 -0.0030091838444764965 -0.0014919605436657427 0.0012222900928945872 -0.017574541913106336 -0.0032617372226657142 0.00039162019336191705 0.00071871784693051965 -0.0065116059163360064 0.00037093772623987537 0.00091415538373313884 0.0019602301163030049 -0.016048457913903344 -0.0010981179930102097 -0.00044825573384279783 0.0045103881105660248 0.014532961481486294 -0.00032136032760146578 -0.0038082207066263856 -0.016276428789569669 0.0017321768304300483 -0.00085731943976063388 -0.00064640541922956183 0.0045458898466065488 -0.0021498886868739288 -0.0001445583296220663
leaf_weight=4622.3639736175537 101473.5849609375 3306.1840243339539 4835.6923828125 5493.8574981689453 534202.37890625 459951.8674621582 7024.5029830932617 10033.5390625 37990.88952589035 4240.812527179718 7913.2021884918213 6395.4104614257812 12350.6884765625 3164.4732055664062 7717.6414270401001 40178.517822265625 5063.883181810379 6792.7380676269531 13047.626907348633 304551.22802734375 38810.36659526825 3395.6345100402832 511699.76818847656 91941.630249023438 2647.5146636962891 10423.066358566284 1429460.9607543945 544088.8994140625 858592.14118355513 6557.1681518554688 4936.6368682384491 47792.529296875 314661.53311157227 488290.45599365234 44348.965576171875 22715.428871154785 4544.6828765869141 5880.288854598999 16321.30751991272 268261.75805664062 38679.132123470306 2726.4501037597656 8425.6788067817688 628058.38134765625 542844.50494384766 2916.055591583252 213644.5849609375 108082.93493652344 130947.21496582031 3098.0881958007812 302180.82446289062 5062.1127319335938 6150.8437118530273 4904.4803085327148 20552.539958953857 3295.5047307014465 2348.5023078918457 6154.0329704284668 775348.38919067383 15007.273880004883 7868.3779296875 21637.114486694336 275351.03076171875
leaf_count=1363 42611 1177 1838 1846 192864 212013 2987 3244 15344 1415 2642 2657 4292 1798 2974 14039 1695 2508 5650 94680 15021 1193 172839 40453 794 2959 518113 206136 313557 2058 1541 32790 93885 220582 21354 6976 1333 2486 7933 87433 16662 1144 3472 227443 208069 1316 79080 45744 51145 1491 94686 2561 2416 1149 8270 1511 909 2153 258449 4306 3818 9527 73927
internal_value=2.45883e-06 -0.000481242 0.000429133 0.0043417 0.000376397 -0.00041481 0.00084775 0.00380121 -0.00400333 -0.00902208 0.0114715 0.000754016 -0.0007417 4.46929e-05 0.00336413 0.00188535 -0.0120072 0.00813906 0.000898931 0.00097036 0.00217688 6.59061e-05 -0.000536691 -0.000667922 -0.00181787 -0.00145771 -0.000115871 -0.00148707 0.000422804 -0.00132456 -0.0147229 -0.000304962 -9.96256e-05 -0.000631671 -0.00341613 -0.00287873 -0.00408635 -0.00604208 -0.00452306 -0.000729469 -0.000826196 -0.00370829 -0.00676721 0.000803786 0.00110926 0.0011723 0.000895992 0.00190435 0.00259432 -0.000963177 -0.00123756 -0.00639741 0.00603918 0.00896127 -0.00263071 -0.00371736 -0.00900612 0.00479814 -0.000570542 0.00114644 0.00010423 1.25179e-05 0.000403558
internal_weight=9.42101e+06 4.41543e+06 5.00557e+06 66566.4 4.93901e+06 4.3337e+06 2.04006e+06 62747.6 81735 17547.5 12535.6 1.97731e+06 2.57957e+06 2.89895e+06 61730.7 50212.1 13306.7 12286.6 1.79444e+06 1.73859e+06 49444.1 1.75413e+06 2.02313e+06 182876 90934.4 88286.9 1.43901e+06 556440 1.39279e+06 55849.1 10000.5 1.50615e+06 1.14802e+06 558005 69715 34284.6 27260.1 25366.1 19485.8 1.55531e+06 77863.8 17547.5 11152.1 1.47545e+06 847396 41726.4 315118 263133 155050 358134 310341 8160.2 24103 11055.3 64187.4 43634.9 5644.01 9549.67 1.28705e+06 21564.4 467820 60316.2 590013
internal_count=3458321 1619992 1838329 25503 1812826 1588130 752912 21288 31862 5828 4005 731624 944980 1059914 23665 17283 4413 4354 653956 636296 19311 643150 734552 77668 37215 36421 521459 210428 506421 17660 3236 553493 421965 254153 33571 11296 8309 12217 9731 518721 33462 7273 4616 530192 302749 16337 121691 106104 60360 131528 98738 4052 9215 3565 26034 17764 2420 3346 431288 6364 215831 26189 167812
cat_boundaries=0 1 2 3 4 5 6 7 8 9 10 11 12 13 14 15 16
cat_threshold=17989694 1550895 34253499 33556507 40585344 53383948 9651262 2621712 4277041 6565888 39873872 56646680 4112 41621548 5349699 53133403
is_linear=0
shrinkage=0.03


Tree=27
num_leaves=64
num_cat=24
split_feature=5 10 2 0 2 1 1 1 5 2 18 0 1 1 0 19 1 0 1 1 10 19 1 1 1 2 10 1 2 1 15 12 1 10 14 19 1 0 1 14 0 0 1 14 1 2 19 1 11 15 4 0 2 1 1 14 1 1 19 1 0 9 2
split_gain=2153.5 1085.07 1007.91 905.181 1026.95 676.249 668.124 662.349 611.698 993.23 576.866 556.08 861.666 553.79 535.128 508.155 496.889 480.01 460.856 455.435 446.92 539.635 647.322 482.008 441.702 438.271 435.028 997.301 384.851 443.58 375.599 2167.11 351.196 348.779 342.766 753.499 362.913 336.233 386.838 488.632 328.426 327.554 447.955 624.417 397.593 385.26 323.115 321.73 1705.94 319.992 317.058 400.013 356.564 343.483 330.461 306.026 306.019 279.527 270.521 268.427 334.587 273.979 268.109
threshold=0.043449360877275474 2.0011521577835087 -1.8603156208992002 801.50000000000011 -1.0903097391128538 0 1 2 -2.2249845266342159 -0.93756237626075734 -2.0339003801345821 773.50000000000011 3 4 759.50000000000011 -0.11480296403169631 5 127.50000000000001 6 7 0.1011020950973034 0.91627401113510143 8 9 10 -0.34923835098743433 2.0011521577835087 11 -1.3353099822998045 12 1.306338965892792 -0.63057601451873768 13 0.21375877410173419 0.5749357044696809 0.45315560698509222 14 172.50000000000003 15 0.70391628146171581 927.50000000000011 157.50000000000003 16 0.70391628146171581 17 1.2322824001312258 2.3440901041030888 18 -0.53304743766784657 1.5859292745590212 0.063367111608386054 127.50000000000001 -0.73840481042861927 19 20 1.0317928791046145 21 22 -0.21186026185750959 23 871.50000000000011 -0.70219931006431568 0.032708499580621726
decision_type=2 2 2 2 2 1 1 1 2 2 2 2 1 1 2 2 1 2 1 1 2 2 1 1 1 2 2 1 2 1 2 2 1 2 2 2 1 2 1 2 2 2 1 2 1 2 2 1 2 2 2 2 2 1 1 2 1 1 2 1 2 2 2
left_child=1 8 13 20 5 -5 -4 -6 9 10 24 15 40 -3 32 17 -17 19 -11 -10 21 23 -23 28 -1 33 41 -28 29 -2 -30 -32 -12 57 -27 -36 -37 38 39 46 -13 42 43 58 -43 50 -18 48 -39 56 51 52 -44 -54 -53 -52 -40 -14 62 60 -35 -62 -22
right_child=3 2 6 4 7 -7 -8 -9 11 18 14 12 25 -15 -16 16 37 -19 -20 -21 26 22 -24 -25 -26 34 27 -29 30 -31 31 -33 -34 59 35 36 -38 47 49 -41 -42 44 45 -45 -46 -47 -48 -49 -50 -51 55 54 53 -55 -56 -57 -58 -59 -60 -61 61 -63 -64
leaf_value=0.022821725168489352 0.012614782471260137 0.022494370492809227 0.0092424720706848502 -0.0082868001179296526 -0.002074105226577565 -0.0021828847227936122 0.0012590270985140711 -0.00021900587419020645 0.0058945950686310773 -0.00089913223060757066 0.013464198885665421 0.0003255047365276311 0.00094140868399109024 0.0063582103008730162 -5.0976890772886735e-05 0.00072261482120105996 -0.0024056521848594943 0.00068485036967024361 0.0027396943899915395 0.0015407551272303317 0.0044194793791708046 0.00037458782247851299 -0.0036192946184973426 -0.00025842990718131029 0.0074783165422497378 -8.2677161333694822e-06 0.0066713065009825073 -0.001593159492776191 0.00049259793625821429 0.0018827791001157924 -0.00014385763684189451 0.02520224887681783 0.0039387428457789073 -0.002208051463658964 -0.00099192320112459682 -0.01592494114788949 -0.0053238780479385808 -0.026305806963021205 0.0019266489496446943 -0.014770679900705507 0.0023841651269392722 0.00016155652402012575 0.0099200537065090369 -0.013954627274367713 -0.00092603855906336853 -0.0092300675121088829 -0.013736734260249517 3.7458188921866513e-05 -0.00054816246535049006 -0.0047457097358530676 -0.0027533597038856177 0.0034801550512131873 0.0053432743232741898 -0.00066367134533258198 -0.0048437480368886772 0.0030565982144072552 -0.0012736201590069576 -0.0032023871827847241 -0.0042143595071023774 -0.0023051372434855152 -0.014939708543070099 -0.0065267059351997803 -0.0040846984891917907
leaf_weight=3181.3987045288086 5063.1906127929688 3854.7426834106445 11903.616268157959 30242.544372558594 319912.83111572266 35566.734924316406 45328.223575592041 377762.63177490234 29677.581420898438 59210.018646240234 7045.0416564941406 349133.5537109375 33299.661499023438 3852.2690353393555 11183.093305587769 573959.17131692171 37711.003311157227 2112023.9623260498 66487.431304931641 79686.419830322266 7500.3062553405762 68668.732788085938 78008.995727539062 1174016.8870239258 3668.4731216430664 313406.03448486328 23298.960205078125 30110.481201171875 809024.10683822632 10964.699035644531 15927.715026855469 3745.9620094299316 6944.0769519805908 12310.440063476562 149578.91717529297 3650.7245483398438 14310.100158691406 2630.8590316772461 38969.2041015625 3498.2619476318359 87150.6640625 446904.54455566406 5269.9235534667969 5171.1098022460938 936306.11065673828 4839.2870483398438 2405.0640869140625 586581.8662109375 18963.244972229004 16319.728942871094 61890.653251647949 6014.9005126953125 13647.898071289062 22968.404014587402 14908.695190429688 9394.0369415283203 86681.392395019531 26140.879028320312 44046.571054458618 37639.364013671875 4588.4039440155029 14506.32762336731 6001.9145603179932
leaf_count=960 2034 1353 5042 8603 98802 14695 17001 159538 10548 19528 2441 143615 9916 1529 3826 215723 17364 749082 25800 27077 2565 29970 32241 407231 1281 116490 9188 11881 309205 3972 4359 1045 2257 3743 40096 906 4206 1493 12967 1004 36154 185273 1625 1324 323565 1940 1229 235302 8762 2965 22598 2002 4899 9353 5801 2358 35730 9865 18366 12374 1145 4665 2138
internal_value=2.7299e-06 0.000442453 0.0042942 -0.000464943 -0.00140763 -0.00498994 0.002922 -0.00106969 0.000390257 0.00222753 0.00694384 0.000327734 -0.000281045 0.0144756 0.00484158 0.000505106 5.01809e-05 0.000785205 0.0010258 0.00272313 -0.000275724 7.12591e-06 -0.00174979 0.000134784 0.0146602 -0.00100966 -0.000649585 0.00201331 0.000681273 0.00528492 0.000592211 0.00468734 0.00875138 -0.00256615 -0.000593841 -0.0016892 -0.00749431 -0.000436053 -0.00155378 -0.00402444 0.000736742 -0.00073933 -0.00186887 -0.00397302 -0.000574651 -0.000918525 -0.00308661 -9.4977e-05 -0.00368993 -0.00079432 -0.000618308 0.00093572 0.00262773 0.00157698 -0.00245127 -0.00198755 -0.000281001 -0.000881455 -0.00307566 -0.00401635 -0.00606389 -0.00855171 0.000639148
internal_weight=9.42466e+06 4.85748e+06 64938.9 4.56718e+06 763485 65809.3 57231.8 697675 4.79254e+06 157720 32022.1 4.63482e+06 1.04572e+06 7707.01 25172.2 3.58911e+06 1.36772e+06 2.22139e+06 125697 109364 3.80369e+06 2.16542e+06 146678 2.01874e+06 6849.87 609431 1.63827e+06 53409.4 844726 16027.9 828698 19673.7 13989.1 128485 480946 167540 17960.8 793761 185585 43614.3 436284 1.58486e+06 201654 62719.9 1.38321e+06 138934 40116.1 608176 21594.1 141970 134095 62809.8 41886.2 36616.3 20923.6 71284.7 125651 59440.5 57548.8 69044.5 31405.2 19094.7 13502.2
internal_count=3460010 1783439 24925 1676571 281638 23298 22043 258340 1758514 56093 10765 1702421 383175 2882 8524 1319246 532539 786707 45328 37625 1394933 790057 62211 727846 2241 203406 604876 21069 320615 6006 314609 5404 4698 41708 161698 45208 5112 316816 71259 19597 179769 583807 74969 24393 508838 50576 18593 245557 10255 51662 48636 23680 15877 14252 7803 24956 48697 19781 23069 21927 9553 5810 4703
cat_boundaries=0 2 4 6 8 10 12 14 16 18 20 22 24 26 28 30 32 34 36 37 39 41 43 45 46
cat_threshold=3257805734 10 2651062424 2 3356570531 66 486329368 52 3905454268 55 1094837431 12 3779735860 97 3264251908 100 1236965598 50 657789729 53 2454385000 2 4014891192 11 637861888 16 4132692280 96 1073741859 1 639631360 65 911212737 69 2869170394 25 512 8931620 42 135022600 2 269091328 2 1124208932 72 1090593700
is_linear=0
shrinkage=0.03


Tree=28
num_leaves=64
num_cat=19
split_feature=5 3 2 3 10 18 2 0 4 0 1 1 0 1 0 1 2 1 5 5 10 1 1 1 1 4 3 7 1 1 4 4 1 11 18 10 1 0 19 4 1 1 1 11 11 2 1 2 11 7 3 10 1 10 2 11 15 15 0 15 1 10 10
split_gain=2052.51 1127.3 1131.98 1033.2 903.072 965.114 801.44 674.307 650.952 586.593 573.718 548.578 541.233 614.169 490.308 483.872 465.287 451.87 441.736 431.074 430.897 410.63 356.038 353.595 323.486 277.922 283.257 268.277 248.466 245.769 236.264 1026.45 5249.54 280.544 357.647 266.252 241.633 233.791 232.005 465.645 474.258 395.855 230.455 228.175 329.764 449.257 226.609 220.208 241.771 213.703 210.761 207.085 202.763 350.179 194.813 193.14 390.096 192.245 210.689 214.926 271.942 190.228 203.058
threshold=0.2616069912910462 -0.37439191341400141 -1.3353099822998045 1.2111849188804629 2.0011521577835087 -1.2733466625213621 -1.3353099822998045 643.50000000000011 -0.13379042595624921 172.50000000000003 0 1 731.50000000000011 2 787.50000000000011 3 -1.3353099822998045 4 1.658214330673218 -1.1657976508140562 2.0011521577835087 5 6 7 8 -0.80504435300827015 -1.1839305162429807 -0.19616098701953885 9 10 0.46710924804210668 0.58580151200294506 11 1.9656068682670595 -0.681107997894287 -1.0307154655456541 12 871.50000000000011 1.0808296799659731 1.1480313539505007 13 14 15 -0.20239815115928647 -0.58721837401390065 0.12750209867954257 16 -0.38950632512569422 1.297972619533539 -0.56931757926940907 -0.93483376502990712 -0.829017013311386 17 -1.876185357570648 -0.48368899524211878 1.9656068682670595 -0.84419676661491383 -1.604362905025482 871.50000000000011 -0.42483788728713984 18 2.0011521577835087 -2.5115921497344966
decision_type=2 2 2 2 2 2 2 2 2 2 1 1 2 1 2 1 2 1 2 2 2 1 1 1 1 2 2 2 1 1 2 2 1 2 2 2 1 2 2 2 1 1 1 2 2 2 1 2 2 2 2 2 1 2 2 2 2 2 2 2 1 2 2
left_child=1 2 4 7 5 12 8 23 18 -7 14 -6 -1 -14 30 25 22 -10 42 20 -12 -18 -9 -2 -20 55 -27 -21 -22 -11 33 32 -32 -3 -35 36 -33 -31 49 40 54 -41 -5 44 51 -46 61 48 57 -25 -23 -42 53 -49 -40 -4 -57 -16 -59 60 -60 62 -8
right_child=3 10 15 6 11 9 46 16 17 29 19 -13 13 -15 47 -17 21 -19 24 27 28 50 -24 38 -26 26 -28 -29 -30 37 31 35 -34 34 -36 -37 -38 -39 39 41 43 -43 -44 -45 45 -47 -48 52 -50 -51 -52 -53 -54 -55 -56 56 -58 58 59 -61 -62 -63 -64
leaf_value=0.017235130723479142 0.00037349792718099223 8.4754575564885651e-05 0.00029251378380630187 -0.0088973679864198726 0.025611360414514256 0.012732128240898399 0.0071634010265109087 -0.0081808921770494397 0.0082442716560612306 0.0025051855451182509 0.00093936832243049322 0.0080124463473266339 0.015703307124182962 0.00016796840545250051 -0.00097628862323217254 0.00032013815281043567 -0.0013616922677971799 -0.0049353043197709751 -0.018649674038681532 0.00054150406328757424 0.013516446786720237 0.0014158439737995577 -0.0023971062874034218 0.00057479113392720185 -0.0092747655783379079 0.0028326541142876006 0.0013074323399299328 -0.00019180117710670039 0.0039160773750578342 -0.00038306381617034545 -0.048856944073894931 -0.0072046427954225722 -0.0014847030482616809 0.010092181126569401 0.0013372615775417585 -0.00018205776810065511 -0.0012412644974775112 -0.0082332859846570659 0.0085152866671423279 -0.016383574777185963 -0.01180546773405918 -0.0036797670916114966 0.0028597106329093392 -0.0018073340042613333 -0.004064409368237272 -0.023322465187323293 -0.0023370256590066105 -0.010585172753264047 0.0012740533339706235 -0.00045755092065079278 -0.0004454395836233712 0.001350769802706235 -5.3132299830735149e-05 -0.0016772675524811284 0.0011043260889911865 -0.0011641198854454333 0.011790957231481932 -0.0027235664908387609 -0.00021929830649993273 -0.015253348240893579 -0.0089966272814564832 0.0068675978313892383 -0.00099582860751628688
leaf_weight=5837.8674817085266 877287.2158203125 597827.978515625 241857.30622386932 3106.1586546897888 2740.7772483825684 3669.3810628652573 2858.585693359375 11648.341247558594 3302.518657207489 19761.108050942421 548833.7734375 3875.0943336486816 3552.5209035873413 6408.6288495063782 11372.234427928925 882875.88201904297 620281.18780517578 7943.1492805480957 5523.9095993041992 765568.21533203125 3437.8720703125 61514.938720703125 53857.865783691406 213839.02062988281 8529.1200637817383 137630.4501953125 537871.48363208771 1085881.0880357623 8286.3603515625 13908.176985740662 2399.6798706054688 9193.7730712890625 16455.977355957031 5557.2779235839844 17148.012115478516 374940.18840026855 18254.389114379883 4520.4665679931641 3740.1265869140625 3367.8215255737305 1451.6880226135254 6423.2968673706055 2881.733588218689 37039.284583806992 2332.6971800327301 2046.0969715118408 168487.58758544922 4109.2041015625 8326.287109375 1156389.1304931641 497779.96746826172 4125.5700798034668 82984.808349609375 114910.41186523438 21644.172088623047 4452.3894653320312 3939.2872924804688 13567.879616260529 4642.0849533081055 2840.2442908287048 10105.672434329987 3155.550537109375 66383.795715332031
leaf_count=1870 332425 259160 89209 1111 986 1323 1058 4627 910 5953 181732 1472 1073 2179 6353 339344 197101 3055 1674 262463 1301 28853 18606 76512 2904 54840 193090 365375 2492 5454 1166 4057 7166 1554 5015 146610 8339 1855 1601 1265 1014 2592 1037 11297 1195 1073 68648 1486 2481 402377 205391 3008 42471 39586 10220 1496 737 5489 2045 664 4412 1123 27115
internal_value=-5.80213e-06 0.000361774 0.000961667 -0.000538928 0.00487388 0.00366854 -0.00232071 -0.000403266 -0.00683747 0.00128359 5.86572e-05 0.0153678 0.00998502 0.00572948 -0.000450783 0.000822624 -0.000966871 -0.00105997 -0.0100784 0.000332098 0.00106097 -0.000830196 -0.00342774 -0.00010205 -0.012985 0.00130182 0.00161821 0.000111419 0.0067506 0.00018206 -0.000163154 -0.000711487 -0.00755161 0.000209081 0.00348184 -0.000390873 -0.00324273 -0.00230915 -0.000389294 -0.00193758 -0.0011067 -0.00807607 -0.00325156 -0.002891 -0.0069225 -0.0130795 -0.00173393 -0.0016358 -0.0034002 -0.000296441 -0.000240708 -0.00208114 -0.00119155 -0.00198508 0.00219685 0.000447809 0.00492075 -0.00431539 -0.00553384 -0.00770038 -0.00624108 -0.000329961 -0.000658492
internal_weight=9.42648e+06 5.57954e+06 1.8729e+06 3.84694e+06 64274 57658.1 272172 3.57477e+06 31286.6 41859.1 3.70664e+06 6615.87 15799 9961.15 1.29464e+06 1.80863e+06 1.24508e+06 11245.7 20040.9 2.41201e+06 560558 1.17958e+06 65506.2 2.32969e+06 14053 925751 675502 1.85145e+06 11724.2 38189.8 1.04178e+06 421244 18855.7 620533 22705.3 402388 27448.2 18428.6 1.4524e+06 82170.8 72379.6 9791.12 5987.89 46995.3 9956.05 4378.79 240886 252859 50854.4 1.37023e+06 559295 5577.26 202004 119020 25384.3 250249 8391.68 42528.1 31155.9 17588 14747.8 72397.9 69242.4
internal_count=3460090 2052298 700881 1407792 22165 19707 108635 1299157 10691 14585 1351417 2458 5122 3252 538054 678716 454578 3965 6726 813363 185525 431345 23233 844579 4578 339372 247930 627838 3793 13262 433067 167338 8332 265729 6569 159006 12396 7309 512154 33265 29408 3857 2148 17587 6290 2268 97944 104987 21444 478889 234244 4022 83543 41072 11821 91442 2233 18963 12610 7121 6457 29296 28173
cat_boundaries=0 2 4 6 8 10 12 14 16 18 20 22 23 25 26 27 29 31 33 35
cat_threshold=3844092864 27 2932383804 3 3226124338 12 2349194641 31 102238233 4 1485974439 74 1075852100 2 2334527778 59 2450006506 3 134266920 36 242987011 71 1073742336 1610616896 16 1352187932 1879081089 44227439 10 2986871152 39 3221238400 9 69210496 2
is_linear=0
shrinkage=0.03


Tree=29
num_leaves=64
num_cat=21
split_feature=7 3 3 3 2 2 5 1 5 4 1 6 13 2 5 1 19 1 4 1 1 1 4 1 2 1 5 1 1 5 1 1 1 16 1 3 19 1 5 15 6 6 9 2 2 19 6 1 19 1 15 9 18 1 15 1 4 3 4 1 19 18 2
split_gain=1986.43 1406.31 1089.38 928.721 758.726 750.147 564.994 514.852 454.199 413.677 354.271 312.706 549.503 309.932 618.013 419.291 324.058 310.015 302.934 295.654 289.695 273.817 255.634 505.497 255.181 261.066 237.864 237.339 233.386 228.834 253.294 245.441 217.814 217.26 202.472 197.082 196.222 292.632 194.97 187.718 881.378 214.106 188.916 185.945 175.45 172.995 168.631 198.307 175.747 189.479 168.557 1056.81 168.384 167.205 165.068 880.14 194.757 160.418 157.982 225.623 156.603 155.806 149.211
threshold=-0.56931757926940907 0.21740959584712985 -1.7388762235641477 1.7734164595603945 -1.0903097391128538 -0.93756237626075734 0.043449360877275474 0 0.48549599945545202 -0.13379042595624921 1 -1.8183490633964536 -0.70186895132064808 -0.93756237626075734 -2.2249845266342159 2 0.68251332640647899 3 -2.066596150398254 4 5 6 1.7135866284370425 7 -0.17662393301725385 8 -2.2249845266342159 9 10 1.4366406202316286 11 12 13 0.82787287235260021 14 -0.66115477681159962 1.3059275150299074 15 -1.5294209122657774 1.306338965892792 0.19822065532207492 -0.24384484440088269 -0.26795329153537745 -0.34923835098743433 -1.8603156208992002 2.3440901041030888 1.0651943087577822 16 0.25063651800155645 17 1.306338965892792 -0.78342774510383595 -1.6394627690315244 18 -1.87097692489624 19 1.0919750332832339 1.0000000180025095e-35 0.80027133226394664 20 -0.33047556877136225 -0.35856898128986353 -1.8603156208992002
decision_type=2 2 2 2 2 2 2 1 2 2 1 2 2 2 2 1 2 1 2 1 1 1 2 1 2 1 2 1 1 2 1 1 1 2 1 2 2 1 2 2 2 2 2 2 2 2 2 1 2 1 2 2 2 1 2 1 2 2 2 1 2 2 2
left_child=2 6 5 8 9 7 19 -1 20 29 36 12 -6 14 17 -16 32 -4 21 44 38 -10 24 -24 25 -18 -9 -26 -13 30 -5 -31 57 58 -7 -21 39 43 -3 41 -41 42 -8 -38 53 -45 47 48 -30 -50 61 -52 -17 -2 55 -12 -57 -15 -29 -60 -58 -37 -20
right_child=1 3 13 4 11 34 10 26 18 -11 54 28 -14 16 15 52 22 -19 62 35 -22 -23 23 -25 27 -27 -28 33 46 31 -32 -33 -34 -35 -36 50 37 -39 -40 40 -42 -43 -44 45 -46 -47 -48 -49 49 -51 51 -53 -54 -55 -56 56 60 -59 59 -61 -62 -63 -64
leaf_value=0.0027795953068103178 0.0071336855967353164 0.0016455298385950545 0.015362103766426671 -0.012935627176042491 -0.00056483322076891426 0.0055406117238790166 0.00044172222908069687 0.020097899167381673 -0.0018404529340446988 -0.00081194525339379781 -0.016368131231658544 0.0039015999810718938 -0.022104208281881702 0.0013908397354118246 0.0034296115091314626 0.0042378631472566068 0.0044560333032609336 0.0052616136288167054 -0.0036086961402138238 0.0013597102632418739 -0.00071639900067460831 0.002647092818761544 -0.015993473104367561 -0.00050251710587775639 0.00046063941819988856 -0.00012229480763345456 0.010483362494004401 -0.00074389949086298189 -0.002700194744070229 -0.020659001571303463 -0.00059072886351495984 -0.010460754556737128 0.0003546652227722955 -0.006008197787705092 0.00054645069648554684 0.00093867376369584485 0.00086705544370995239 0.00034337676436531047 -6.2658339495881598e-05 -0.00036585988254225451 0.016145238726789874 -0.000435384788441518 0.0020649758173511578 -0.0054022115177074391 5.839968337698626e-05 -0.015085705043739434 0.0037992245978886743 -0.0017354194996642169 -0.015185441290272623 -0.0051928376757460325 0.020260728137213076 0.00077052955528781047 -7.2554397487487705e-05 0.00065187287445968496 -0.00043666077849908091 -0.0002317480950058746 -0.0012706928374782273 0.00060917094509561681 -0.0082054007005112548 -0.00043047358060925849 -0.01235914475093979 3.7077036146448035e-05 -0.0011660926966806427
leaf_weight=4339.562744140625 6127.0140686035156 65274.3876953125 3673.8655395507812 2812.859005689621 2404.0938129425049 13480.52467918396 342817.69279193878 4686.847900390625 18755.141784667969 4613.1040766239166 3658.549072265625 5908.479373216629 1910.5333290100098 524099.82614135742 58519.458679199219 8877.7559204101562 18131.108459472656 10789.234069824219 23001.785785675049 369602.20703125 849852.79809570312 35157.225402832031 2803.5500991344452 5806.4481918811798 66556.361644029617 29329.353851318359 4617.9901123046875 63442.440804719925 8914.6377053260803 3217.4007453918457 3191.0875768661499 6586.3923454284668 747983.16110229492 10303.484647750854 15953.367532730103 301236.99459838867 2501.8925704956055 15595.781494140625 763352.70812988281 11874.924525022507 3849.0197143554688 204473.96811413765 79484.650225639343 5099.2163162231445 1100065.74609375 2464.541748046875 3865.1508712768555 52195.852436304092 2748.8807525634766 4594.8873443603516 2804.2293853759766 23036.602645874023 99762.527221679688 8616.2730407714844 1459379.7119140625 34385.208648681641 2295.5339508056641 430312.09350585938 6715.8301467895508 6721.7382559776306 2287.2561798095703 403660.32185894251 1040995.3788871765
leaf_count=1732 1648 22700 1168 851 1585 5411 168738 1461 6494 1619 1360 1635 679 172939 24584 2779 7356 3741 7804 136840 330333 12378 870 2351 27364 12597 1521 29486 3673 984 1416 2202 302901 2630 6650 104617 955 9369 270305 3548 1058 64290 29762 2043 404177 1079 843 22799 1191 1674 1044 8478 32487 3258 491137 17074 957 150516 2926 3134 1084 140507 378303
internal_value=6.27069e-06 -0.00022966 0.000810552 -0.000742292 -0.00354037 0.00553263 0.000109268 0.0113459 -0.000639261 -0.00871726 -0.000234763 -0.00225917 -0.0101171 0.000713387 0.00189768 0.0013828 0.000600897 0.00784598 -0.00110775 0.000446312 -0.000327233 0.00108608 -0.000511547 -0.00557212 -0.000294856 0.00162794 0.0153179 -0.00088847 -0.00182515 -0.0110232 -0.0064028 -0.0138482 0.000738 -0.00191819 0.00283636 0.000795166 0.000339929 -0.00223229 7.1911e-05 0.000442685 0.00367969 0.000361449 0.000747268 -0.00621539 0.000101976 -0.00856532 -0.00229349 -0.00263809 -0.00553012 -0.00896873 0.000509626 0.0028891 0.000279833 0.00335237 -0.000490412 -0.00233049 -0.00100617 0.00103841 -0.00136994 -0.00432426 -0.00681234 0.000422377 -0.00121891
internal_weight=9.42158e+06 7.28467e+06 2.13691e+06 2.89935e+06 102963 43078.3 4.38532e+06 13644.4 2.79639e+06 20420.8 2.17017e+06 82542.5 4314.63 2.09383e+06 181623 167160 1.91221e+06 14463.1 1.11791e+06 2.21515e+06 1.67848e+06 53912.4 209810 8610 201200 47460.5 9304.84 153740 78227.9 15807.7 6003.95 9803.79 1.7024e+06 87183.5 29433.9 1.10034e+06 668162 25661.4 828627 642500 15723.9 626776 422302 10065.7 1.11481e+06 7563.76 72319.4 68454.3 16258.4 7343.77 730738 25840.8 108640 14743.3 1.50201e+06 42626.5 38968 954412 76880 13437.6 4582.79 704897 1.064e+06
internal_count=3459095 2662491 796604 1069468 41151 16775 1593023 4714 1028317 7072 792454 34079 2264 779829 64759 59850 715070 4909 404979 800569 623338 18872 88714 3221 85493 19953 2982 65540 31815 5453 2267 3186 626356 38176 12061 391486 280842 13446 293005 267396 4606 262790 198500 4077 409083 3122 30180 29337 6538 2865 254646 9522 35266 4906 511612 20475 19115 323455 35546 6060 2041 245124 386107
cat_boundaries=0 2 4 6 8 10 12 14 16 18 20 22 24 26 28 30 32 34 35 36 37 38
cat_threshold=1630605120 44 2938376224 53 4015292472 20 2148585504 68 3781845866 114 175033407 36 1155141642 21 637681795 20 160192924 17 2432927953 126 526384 4 1141512495 18 2458443776 96 237886633 60 220172801 12 570425376 1 338888203 16 3212296 3225952288 1073741824 649072934
is_linear=0
shrinkage=0.03


Tree=30
num_leaves=64
num_cat=19
split_feature=5 3 10 2 2 0 2 1 1 1 1 10 10 1 1 0 19 1 1 1 16 15 8 19 18 6 1 2 18 18 2 18 0 0 0 0 1 10 13 0 1 1 18 17 5 0 1 2 18 2 1 19 1 2 1 16 2 14 10 11 10 1 19
split_gain=1887.78 1179.58 1063.32 828.891 821.965 693.339 642.068 564.076 536.475 504.028 482.54 475.207 543.081 917.799 462.108 463.941 447.006 698.762 447.539 411.389 393.389 370.991 2453.68 354.924 379.353 473.945 409.665 340.559 473.98 546.761 325.724 617.68 502.772 316.756 311.482 305.691 331.669 304.401 459.558 371.351 305.326 303.129 290.37 347.762 286.378 282.135 553.528 831.853 303.374 281.569 274.711 293.011 244.766 242.358 470.398 241.162 240.004 287.359 236.516 235.614 461.99 234.046 228.46
threshold=-0.59645131230354298 0.79068219661712658 2.0011521577835087 -1.8603156208992002 -1.8603156208992002 773.50000000000011 -1.3353099822998045 0 1 2 3 0.03987362980842591 1.5346843600273135 4 5 787.50000000000011 1.0808296799659731 6 7 8 1.3390110135078432 1.306338965892792 1.6483544111251833 1.6460059285163882 -1.6394627690315244 -0.62102681398391713 9 -1.3353099822998045 -2.0339003801345821 1.8071193099021914 -1.3353099822998045 -1.5012220144271848 172.50000000000003 202.50000000000003 643.50000000000011 927.50000000000011 10 -1.5495504736900327 1.5608298778533938 277.50000000000006 11 12 1.0000000180025095e-35 13 0.53205174207687389 187.50000000000003 14 -0.08993628621101378 1.8071193099021914 -1.8603156208992002 15 -0.11480296403169631 16 -0.66282558441162098 17 0.66022512316703807 -0.82665434479713429 0.90712493658065807 1.1062456965446474 1.9656068682670595 -0.91922438144683827 18 -0.11480296403169631
decision_type=2 2 2 2 2 2 2 1 1 1 1 2 2 1 1 2 2 1 1 1 2 2 2 2 2 2 1 2 2 2 2 2 2 2 2 2 1 2 2 2 1 1 2 1 2 2 1 2 2 2 1 2 1 2 1 2 2 2 2 2 2 1 2
left_child=2 5 14 8 19 11 7 58 -4 -5 -8 16 44 -14 27 23 18 45 21 -3 -17 49 -23 30 -25 26 -26 28 -1 -30 31 -16 -33 -31 50 -12 -37 38 40 53 -20 -36 -28 -44 -13 46 -18 -48 -49 -2 -6 -52 -41 54 -39 -19 57 -43 -7 -51 -61 -46 -29
right_child=1 4 3 9 34 6 10 -9 -10 -11 35 12 13 -15 15 20 17 55 37 -21 -22 22 -24 24 25 -27 42 62 29 33 -32 32 -34 -35 41 36 -38 39 -40 52 -42 56 43 -45 61 -47 47 48 -50 59 51 -53 -54 -55 -56 -57 -58 -59 -60 60 -62 -63 -64
leaf_value=0.011456213472171481 0.0079170781345744082 -0.011035718520724094 0.025293031010971391 0.0085951674395160684 7.9053630568348476e-05 -0.005756758700350707 -0.0015650716746465538 -0.0017149651081332382 0.0076608264710484354 0.0013102658342489001 -0.00048085403143248163 -5.3597200579930109e-05 0.0051970313699512905 -0.00064352202957012261 0.015434229733675857 -0.00040284060465969835 -0.00045131312934430415 -0.0033273552202999533 -0.0048768575924261898 -0.0036132525897366301 -0.0037852185355226201 -0.00039598381965621305 0.022035646715630325 -0.011532994393230144 0.0023732290605583402 0.0020564400301076764 -0.0027151282628339328 0.0012102150400555064 0.0010835761544511135 0.016825767189447186 0.00052328909656920697 0.013224455843893663 0.00055595634286549796 0.0038469205068236601 -0.00070084176209520672 -0.00062656323771332137 0.002430477230084271 0.01069893982251547 0.0081174528980618027 -0.00051288414046472971 -0.0008559721086883439 -0.0040939432415413 -0.022154390901910483 -0.0068463668155106464 -0.0012115751115274701 -0.00071553031484387864 0.023825827505266323 0.0082709958492373451 -0.0055438100179147866 0.00080339233069137109 -0.00044042384879369273 -0.0020957081841183269 0.00037245194693780745 0.00086913553286329845 0.001445609934061883 -0.010617137846750092 -0.0021770723467970745 -0.013939943390718121 -0.013003191416056064 0.013708712601990665 0.002084304078399905 -0.00022216046752452146 0.0003984543561755538
leaf_weight=5725.218505859375 5232.71435546875 10015.784027099609 2704.1107482910156 12329.492926120758 261582.12701416016 10473.923233032227 332716.7608795166 29532.912521362305 3708.1241149902344 27838.947991847992 550946.62705993652 1109774.1982421875 43005.783264160156 55393.451110839844 3554.4170227050781 327160.26611328125 13236.654510498047 50742.194471359253 24083.308502197266 20502.389801025391 34175.5888671875 19192.398422241211 5684.7483062744141 3732.7103881835938 4093.2371826171875 16257.856959342957 3883.6307039260864 770343.07446289062 42662.228637695312 3340.7301503419876 1034335.240020752 3209.5654133558273 22942.108445286751 3432.4594248533249 136639.27883911133 55497.48681640625 75226.119384765625 6704.3321838378906 4210.0394897460938 473123.1904296875 57734.527984619141 18009.183776855469 2345.1710247993469 3165.3764071464539 492693.6103515625 45161.012664794922 2515.0232238769531 4060.4297027587891 2203.1855010986328 552936.11255180836 216044.90274047852 173569.09130859375 692221.25250244141 397122.29083251953 18765.940032958984 4438.5370349884033 181930.32641601562 3128.7168579101562 6624.8947143554688 3619.0808410644531 20404.091033935547 382030.3095703125 524478.60073852539
leaf_count=1614 1640 3461 990 5050 107356 2873 104987 11791 1410 10022 213556 408244 15979 23417 1320 134321 4739 23890 9206 7136 7992 5651 1320 1547 2382 6427 1995 252021 13324 1030 403380 1296 8704 1079 57353 20094 30380 2799 848 185231 23205 6873 964 1772 152489 18432 1049 1866 1113 194328 80177 70182 237406 142149 5976 1580 69450 844 1859 1006 5774 161298 181549
internal_value=1.0312e-05 -0.000269631 0.000654305 0.00514956 -0.00120651 -9.71241e-05 -0.000786782 -0.0042286 0.0151618 0.00354959 -0.000628541 6.59825e-05 -0.00026568 0.00190971 0.000579748 0.000209583 0.000353418 -0.00141306 0.000448176 -0.00605545 -0.000722798 0.00114596 0.00473333 0.000516554 -0.00252468 -0.00139249 -0.00554908 0.000979756 0.00328824 0.00234123 0.000612252 0.00370923 0.00211298 0.0102561 -0.00105714 -0.000171395 0.0011328 0.000195114 -0.00154291 0.000289278 -0.00204046 -0.00179355 -0.00899338 -0.0134279 -0.000373549 0.00064185 0.00342613 0.00925954 0.00341118 0.000992647 -0.000672963 -0.00117782 1.30087e-05 0.00105111 0.00388768 -0.00391392 -0.00252861 -0.00555425 -0.00856235 0.000929778 0.003838 -0.000779474 0.000881407
internal_weight=9.42415e+06 6.56873e+06 2.85542e+06 46580.7 1.02142e+06 5.54731e+06 1.06102e+06 46631.7 6412.23 40168.4 1.01439e+06 4.48629e+06 2.0829e+06 98399.2 2.80884e+06 1.45886e+06 2.40339e+06 122357 2.28103e+06 30518.2 361336 607069 24877.1 1.09752e+06 33478 29745.3 13487.4 1.34998e+06 55160.6 49435.4 1.06404e+06 29706.1 26151.7 6773.19 990904 681670 130724 1.67396e+06 86027.9 1.58794e+06 81817.8 339708 9394.18 5510.55 1.9845e+06 67176.3 22015.3 8778.64 6263.62 582192 651196 389614 1.16534e+06 422593 25470.3 55180.7 203068 21137.9 17098.8 576959 24023.2 874724 1.29482e+06
internal_count=3459196 2419007 1040189 17472 402832 2016175 385540 16523 2400 15072 369017 1630635 761427 39396 1022717 572100 869208 52669 816539 10597 142313 209719 6971 429787 15087 13540 7113 450617 17047 15433 414700 11320 10000 2109 392235 264030 50474 606820 33259 573561 32411 134520 4731 2736 722031 27199 8767 4028 2979 202748 257715 150359 422637 150924 8775 25470 77167 7717 4732 201108 6780 313787 433570
cat_boundaries=0 2 4 6 8 10 12 14 16 18 20 22 24 26 27 28 30 32 34 36
cat_threshold=1074277350 9 3901276220 51 2651242648 4 3758105507 2 3998089406 11 182373525 4 1234942414 34 234885153 45 2416092039 19 16786248 8 59181140 64 1099694272 82 388761049 37 12632064 135477696 3794811004 98 3502785110 2 3494133766 16 1415261749 68
is_linear=0
shrinkage=0.03


Tree=31
num_leaves=64
num_cat=16
split_feature=7 5 0 1 10 5 0 10 1 10 4 1 1 19 4 1 19 0 1 1 6 0 1 9 15 14 6 12 8 5 19 1 1 10 18 13 12 10 1 8 4 16 16 9 16 13 1 10 1 1 19 0 1 6 9 12 14 15 4 1 15 8 16
split_gain=1897.8 1296.09 744.048 784.095 739.095 924.986 539.1 488.256 565.622 499.504 475.004 428.824 414.772 405.989 392.774 382.019 349.944 386.85 487.866 331.453 331.337 306.161 439.077 422.699 412.544 364.697 437.309 503.063 348.385 283.816 396.341 445.42 279.681 278.842 276.838 392.814 274.033 271.546 704.038 345.965 309.577 303.701 342.756 290.832 307.452 255.338 252.244 249.58 256.078 248.449 244.75 244.521 247.422 243.184 1705.41 239.826 239.746 1065.45 237.88 234.919 239.661 669.094 232.326
threshold=-0.56931757926940907 0.72579422593116771 773.50000000000011 0 2.0011521577835087 -2.2249845266342159 801.50000000000011 1.5346843600273135 1 0.1011020950973034 -2.3358898162841792 2 3 -0.19337112456560132 -2.066596150398254 4 0.025644427165389064 172.50000000000003 5 6 -1.6978734731674192 187.50000000000003 7 -0.85416820645332325 1.306338965892792 0.43977797031402593 1.0651943087577822 -0.58902469277381886 1.7755158543586733 -2.2249845266342159 -0.71225932240486134 8 9 2.0011521577835087 -0.51270732283592213 -0.50433793663978566 -1.0593303442001341 -1.876185357570648 10 1.8266562819480898 -0.80504435300827015 0.92115417122840892 0.66022512316703807 -0.60846206545829762 1.0000000180025095e-35 0.74570241570472728 11 -2.5115921497344966 12 13 1.3059275150299074 307.50000000000006 14 0.63092368841171276 -0.38741496205329889 -0.77215528488159169 -0.16469540446996686 1.306338965892792 0.63682281970977794 15 -1.5548936724662779 5.2206554412841806 0.66022512316703807
decision_type=2 2 2 1 2 2 2 2 1 2 2 1 1 2 2 1 2 2 1 1 2 2 1 2 2 2 2 2 2 2 2 1 1 2 2 2 2 2 1 2 2 2 2 2 2 2 1 2 1 1 2 2 1 2 2 2 2 2 2 1 2 2 2
left_child=4 2 7 33 13 -6 14 9 -9 12 32 -7 21 29 46 -8 -11 18 20 -16 55 22 23 -2 34 50 28 -28 -27 30 31 -1 -5 -4 58 -36 -24 38 39 40 -15 42 49 -42 -45 -38 -3 48 -21 -40 56 52 -31 -14 -55 -18 57 -23 -25 60 61 -19 -12
right_child=1 6 3 10 5 11 15 8 -10 16 62 -13 53 37 19 -17 17 59 -20 47 -22 25 36 24 -26 26 27 -29 -30 51 -32 -33 -34 -35 35 -37 45 -39 41 -41 43 -43 -44 44 -46 -47 -48 -49 -50 -51 -52 -53 -54 54 -56 -57 -58 -59 -60 -61 -62 -63 -64
leaf_value=0.018238599127595175 0.011919737664548964 0.0034845256257038065 0.00020632524266460305 0.0011356448767063639 0.020058130640855525 0.0077333961134937396 -0.00066436065527154364 -0.00029262739619421952 0.0045236391727629336 2.3480421128958124e-05 -0.00083428589846416324 0.00071889093972947742 5.7564819125514481e-05 -0.0023763162335598558 -0.00027524900430901189 -0.0026462865946635366 -0.02128367204091142 0.0011120503466358308 -0.0011222204207647437 -0.0011052786471322173 -0.0043477255961699686 0.00094208499075411497 -0.004520012392757059 0.0088484884175195552 0.01266096702971007 0.0031241126183968837 0.01081041349730587 0.00010587263348249561 0.00070316251666698948 0.003693411594466955 0.0019402909038034966 0.0044397723778216514 -0.007518757695722327 0.0060573112657110496 0.011313874347619801 0.0010206628761444125 0.00062932894942314694 0.0004497272829106827 -0.0065381730519508893 -0.0022726945044696857 0.0022115950031814839 -0.010415292005112702 0.0058839630811307669 0.0031458530453938572 0.015659691025613091 0.0067504395219496627 5.4121293989752619e-05 -0.0010962518629521725 -0.011323387749761694 -0.00163996420257781 -0.0029466330287304418 0.00084101431279190301 0.0012631418711094348 -0.00011298084352979211 -0.022923213657554307 -0.006888176145128099 0.00017194274723911069 0.015445857300904857 0.0016079542242816841 0.00010720966080278784 -0.0012417919399250776 -0.020068503386104251 -0.0021386727428092021
leaf_weight=3117.4840393066406 4922.7227478027344 31896.176940917969 414087.56494140625 4199.157958984375 3351.235107421875 13043.64616394043 140983.134765625 39182.505126953125 49879.155029296875 1106455.4560546875 424702.68280029297 19666.439041137695 1104024.9893798828 4068.4793972969055 739885.32122802734 230959.048828125 1875.6410878896713 3251.3934631347656 72638.598937988281 4477.5453186035156 31295.319274902344 55594.521974563599 8734.5433349609375 9943.9041595458984 3714.3033752441406 65045.867584228516 9138.6795043945312 6958.0275268554688 301234.2135925293 57508.415893554688 29840.150756835938 6504.2870788574219 16856.127197265625 7457.76806640625 3520.1273221969604 62487.80645185709 99410.800567626953 995989.84562301636 15572.573398351669 9204.3684310913086 6176.9622609615326 5250.7871551513672 3750.8617935180664 2823.1796011924744 4731.8051092624664 6531.7757263183594 48796.102844238281 811907.67077636719 4359.7649230957031 23246.69379067421 21249.553344726562 821216.1623916626 109562.60734176636 25830.889427185059 3325.2648696899414 2350.9782968759537 780300.61018180847 4960.6225433349609 6931.6101689338684 221666.98181152344 116596.33129882812 2280.5439147949219 172936.61309814453
leaf_count=873 1635 11605 170453 1294 1239 5901 66300 17339 17635 393362 153298 7288 457213 1485 276543 70137 1069 1653 26612 1697 13294 31179 2803 2686 949 18203 1570 1578 77812 22536 10608 2249 4673 3070 1076 17779 37159 383353 7951 2746 2359 1462 1181 1307 1628 1435 16372 285529 1658 9622 9332 296267 36133 9376 1370 1441 265987 1648 1877 89842 46550 1085 47052
internal_value=1.41098e-05 -0.000216397 3.08939e-05 -0.00068793 0.00080076 0.00505891 -0.000863908 0.000207612 0.00240531 0.000160357 -0.00136778 0.00351937 0.000416202 0.000727577 -0.000630211 -0.00189515 -0.000263837 -0.000967226 -0.00253199 -0.000735739 -0.00541241 0.000752133 0.00182281 0.00337225 0.00288609 0.000574732 0.00134586 0.0061847 0.00113312 0.0011535 0.00364823 0.00894134 -0.00579594 0.000309901 0.00244731 0.0015704 0.000585816 0.000318782 -0.00142412 0.00244769 0.00488986 -0.00361034 -0.00277071 0.00704275 0.0109886 0.00100702 0.00141067 -0.00115084 -0.00616385 -0.0036076 0.000232704 0.00105387 0.00210006 -1.386e-05 -0.00271798 -0.013294 0.000313067 0.0021314 0.0058758 -0.00047491 -0.00153132 -0.00762988 -0.00121175
internal_weight=9.41946e+06 7.28484e+06 5.27157e+06 1.04024e+06 2.13463e+06 36061.3 2.01326e+06 4.23133e+06 89061.7 4.14227e+06 618695 32710.1 2.58386e+06 2.09856e+06 1.64132e+06 371942 1.55841e+06 451956 108161 1.56063e+06 35521.9 1.45068e+06 206198 91520.5 86597.8 1.24448e+06 382377 16096.7 366280 1.02775e+06 39461.9 9621.77 21055.3 421545 82883.4 66007.9 114677 1.07082e+06 74825.7 27004.8 17800.4 47820.9 42570.1 13731.9 7554.98 105943 80692.3 820745 8837.31 38819.3 862105 988287 167071 1.13318e+06 29156.2 4226.62 840856 60555.1 16875.5 343795 122128 5531.94 597639
internal_count=3458418 2662230 1932389 379840 796188 14428 729841 1552549 34974 1517575 206317 13189 942667 781760 593404 136437 574908 181546 42416 565427 15804 474708 67399 26002 24367 407309 99163 3148 96015 368666 13730 3122 5967 173523 23418 18855 41397 413094 29741 9525 6779 20216 18754 5294 2935 38594 27977 288884 3355 17573 308146 354936 58669 467959 10746 2510 298814 32827 4563 139130 49288 2738 200350
cat_boundaries=0 2 4 6 8 10 12 14 16 18 20 22 24 26 28 30 32
cat_threshold=519867480 36 552648258 60 2389590681 58 101170343 45 867288152 61 2811274048 65 3812364602 51 67719 4 2449645602 70 3221356800 16 25797891 98 2837807813 106 277080576 4 2920304744 9 3272903428 60 415323660 100
is_linear=0
shrinkage=0.03


Tree=32
num_leaves=64
num_cat=19
split_feature=7 3 3 2 2 4 10 7 10 18 18 19 18 1 19 10 1 7 1 1 3 3 6 1 1 2 12 1 6 9 1 9 6 9 4 10 1 16 1 14 1 18 1 4 2 1 10 11 1 19 1 1 10 1 14 12 4 1 19 18 2 9 1
split_gain=1815.45 1137.51 1038.9 695.664 695.039 514.658 504.484 473.735 485.477 460.805 436.531 420.841 418.94 354.676 348.909 330.187 447.765 329.773 325.215 310.77 280.85 274.075 268.293 253.468 239.15 246.133 234.62 269.733 538.168 1389.47 255.444 352.615 1958.14 341.048 220.149 219.27 315.08 219.179 440.068 1174.98 291.213 218.116 332.685 239.867 239.084 217.281 212.943 465.347 211.494 206.965 183.444 182.487 173.641 169.565 262.525 457.6 169.186 203.552 168.175 165.803 165.624 165.594 176.233
threshold=-0.19616098701953885 0.60923051834106456 -1.7388762235641477 0.12750209867954257 -1.8603156208992002 -0.13379042595624921 2.0011521577835087 -1.0495393872261045 2.0011521577835087 -0.681107997894287 1.2869760990142824 0.025644427165389064 -0.40837341547012324 0 -0.34618584811687464 2.0011521577835087 1 0.7861008644104005 2 3 1.7734164595603945 -0.065650153905153261 -1.8183490633964536 4 5 -1.0903097391128538 -0.72259795665740956 6 0.63092368841171276 -0.43710286915302271 7 -0.77390003204345692 0.16200352460145953 -0.78342774510383595 -0.17717035114765164 -0.1055852249264717 8 0.34463578462600714 9 0.21328810602426532 10 -1.813586354255676 11 1.0205355882644656 -0.34923835098743433 12 -1.3299503922462461 1.76390016078949 13 2.3440901041030888 14 15 -1.3299503922462461 16 -0.17209174484014508 -0.60928758978843678 0.64607051014900219 17 -0.28020846843719477 0.36989177763462072 0.41754612326622015 -0.8193218708038329 18
decision_type=2 2 2 2 2 2 2 2 2 2 2 2 2 1 2 2 1 2 1 1 2 2 2 1 1 2 2 1 2 2 1 2 2 2 2 2 1 2 1 2 1 2 1 2 2 1 2 2 1 2 1 1 2 1 2 2 2 1 2 2 2 2 1
left_child=2 12 3 6 5 10 9 8 34 14 48 21 13 -2 18 17 60 26 -1 -10 61 53 -22 -11 -24 45 27 28 52 -30 31 32 33 -28 49 36 58 38 39 -13 -39 42 -36 44 -44 -26 47 -33 -3 -4 -7 -5 -14 54 55 -9 57 -43 -19 -51 -17 62 -6
right_child=1 4 7 51 20 50 -8 11 19 23 -12 37 15 -15 -16 16 -18 35 -20 -21 22 -23 24 -25 25 -27 30 -29 29 -31 -32 46 -34 -35 41 -37 -38 40 -40 -41 -42 56 43 -45 -46 -47 -48 -49 -50 59 -52 -53 -54 -55 -56 -57 -58 -59 -60 -61 -62 -63 -64
leaf_value=0.020874776757786245 -0.00017885070396580444 -0.0099707881894457971 0.00042693523637323954 0.0031094387373703852 0.0012990727491840148 -0.0049453928707192917 0.018627002914184319 0.0029009810427210654 0.0016593911291865773 0.0064678067427702355 -0.016335491913049931 0.0017817824662507277 -0.0052035616425576865 0.00074822511908180153 0.0034159491927908642 0.0072420238404517449 -0.00012904622781906788 -0.00057880096505254913 0.008721781776775522 0.0085760582577893811 -0.010904477912329865 0.00013014534902330721 0.0055533082964240015 -0.000226342933698439 -0.013032007509138419 -0.0021466656136086039 0.00038988287518845088 -0.0002020622053134893 -9.2974877314483032e-05 -0.024138474708107489 -0.00018495364105635762 0.00085256830228254248 0.024668217296428784 0.010497828998894232 0.005649328412494499 -0.0012747156815316909 -0.00085081817900965566 -0.00021852223657770159 6.7650052705982026e-05 -0.028260509307172738 -0.0023760532042433743 0.0024650598823949097 0.0090901022335644083 -0.0031128313873192179 0.00074216301455110143 -0.0026907461667107671 0.00033797338029069622 0.01315510116574147 -0.0011892479949432695 0.00039017620272283673 0.0015303624546834868 -0.0015453598646130203 -0.0008575594857765991 0.00053828985738205658 0.001197068083726796 0.016376791418256813 0.00059406283576297198 0.00081390579528661344 0.0028501999209152432 -0.010550543495939046 -0.00085720226780009443 -0.0010267149648377704 -0.00088536254504820763
leaf_weight=3625.2815361022949 708055.50390625 5097.8963670730591 389963.47778320312 16077.507827758789 60216.000854492188 7952.7353229522705 3111.49169921875 14715.745422363281 11239.551208496094 10501.32506942749 5398.0918884277344 3338.8424377441406 8537.9953460693359 781117.185546875 4060.8397560119629 14785.625133514404 27897.901702880859 18972.549560546875 4501.7473030090332 12214.439025878906 3493.6394653320312 928295.42388916016 3239.4926521778107 9873.8792724609375 3723.3039283752441 60747.698857069016 30478.009750366211 1111205.3028869629 6421.4497680664062 3256.3296508789062 528841.33459806442 10476.525177001953 3592.2873229980469 3327.7882537841797 24497.084121704102 480446.33850097656 145832.05444335938 135507.38647460938 543835.54290771484 1799.6966247558594 96326.160400390625 133506.78737449646 4212.8739318847656 9222.594762802124 11527.316644668579 3621.5174407958984 269609.73910522461 3755.72509765625 4796.9075317382812 2243.9189376831055 7774.4977960586548 14318.255661010742 263004.38975524902 546992.240234375 327011.71740722656 2676.8428344726562 295659.18361854553 135357.75793457031 40023.23828125 2799.0410232543945 2683.6899604797363 1021106.3620300293 74157.715240478516
leaf_count=1124 219750 1588 153245 6429 21810 2534 1188 6881 4517 4134 1834 2399 3198 317237 1691 6118 10479 5763 1649 4858 1822 330921 1222 3907 1118 24696 10359 371169 2012 1048 234282 3894 1198 906 7878 176705 60156 39806 233286 940 29592 46906 1440 3850 4594 1490 89922 853 1824 1144 2975 5917 84274 197809 104232 1335 106615 55090 13055 1378 1191 391146 26511
internal_value=6.6157e-06 -0.000328144 0.000524603 0.0042526 -0.00112362 -0.00555831 0.00709378 0.000456799 0.00100049 0.00598906 -0.0094761 0.000240942 -0.000103292 0.000307434 0.0106023 -0.000309014 0.0022306 -0.00034837 0.0141889 0.0052669 -0.00101179 0.000490932 -0.00279292 0.00322761 -0.0023949 -0.00277382 -0.000172364 -0.000412126 -0.0012421 -0.00819197 0.000220364 0.000887588 0.00362565 0.0013863 0.000901293 -0.00092433 -0.00010245 -0.000341668 -1.50318e-05 -0.00874033 -0.00111511 0.00125673 0.00316695 0.000727679 0.00297867 -0.00795972 0.000526803 0.00410254 -0.0057276 0.000348812 -0.00174691 0.000917366 -0.000994302 0.000866651 0.00138809 0.00497911 0.00108934 0.00163395 0.00174721 -0.00568679 0.00599448 -0.000896434 9.35766e-05
internal_weight=9.42266e+06 5.72365e+06 3.69901e+06 66070.3 1.26133e+06 31020.1 35674.6 3.63294e+06 1.03244e+06 32563.1 15292.9 2.6005e+06 4.46232e+06 1.48917e+06 12187.9 2.97315e+06 45367.2 2.92778e+06 8127.03 23454 1.23031e+06 1.81969e+06 74825.7 20375.2 71332 68092.5 2.24251e+06 1.39243e+06 281220 9677.78 850081 321240 37398.1 33805.8 1.00899e+06 685274 204828 780808 548974 5138.54 231834 613984 49459.9 24962.8 15740.2 7344.82 283842 14232.3 9894.8 395006 15727.2 30395.8 271542 891397 344404 17392.6 564524 268865 58995.8 5042.96 17469.3 1.15548e+06 134374
internal_count=3458894 2094139 1364755 26039 480570 10755 13693 1338716 391515 12505 5246 947201 1613569 536987 4464 1076582 17788 1058794 2773 9375 469815 641178 30348 8041 28526 27304 803115 461701 90532 3060 341414 107132 12463 11265 382140 255679 78974 306023 236625 3339 69398 226373 17762 9884 6034 2608 94669 4747 3412 155767 5509 12346 87472 310257 112448 8216 208611 101996 18818 2522 7309 439467 48321
cat_boundaries=0 2 4 6 8 10 12 14 16 18 19 21 23 25 27 29 31 33 35 37
cat_threshold=3224003494 74 2402206392 1 3527467311 66 1372691782 73 215913605 37 2064 36 1076386368 28 3087954048 5 1108423076 8 512 2147562289 10 137010787 62 1711894690 18 336225071 22 2443328902 83 1478330304 60 235183264 29 39635209 119 732439678 2
is_linear=0
shrinkage=0.03


end of trees

feature_importances:
symbol_id=485
time_id=186
feature_58=179
feature_08=147
feature_36=144
feature_70=132
feature_11=115
feature_04=102
feature_61=82
feature_06=73
feature_01=72
feature_31=53
feature_20=51
feature_24=46
feature_29=46
feature_27=45
feature_23=39
feature_21=37
feature_30=28
feature_28=17

parameters:
[boosting: gbdt]
[objective: regression]
[metric: rmse]
[tree_learner: serial]
[device_type: gpu]
[data_sample_strategy: bagging]
[data: ]
[valid: ]
[num_iterations: 2000]
[learning_rate: 0.03]
[num_leaves: 64]
[num_threads: 0]
[seed: 42]
[deterministic: 0]
[force_col_wise: 1]
[force_row_wise: 0]
[histogram_pool_size: -1]
[max_depth: -1]
[min_data_in_leaf: 1000]
[min_sum_hessian_in_leaf: 0.001]
[bagging_fraction: 0.8]
[pos_bagging_fraction: 1]
[neg_bagging_fraction: 1]
[bagging_freq: 1]
[bagging_seed: 400]
[bagging_by_query: 0]
[feature_fraction: 0.8]
[feature_fraction_bynode: 1]
[feature_fraction_seed: 30056]
[extra_trees: 0]
[extra_seed: 12879]
[early_stopping_round: 0]
[early_stopping_min_delta: 0]
[first_metric_only: 0]
[max_delta_step: 0]
[lambda_l1: 0]
[lambda_l2: 5]
[linear_lambda: 0]
[min_gain_to_split: 0]
[drop_rate: 0.1]
[max_drop: 50]
[skip_drop: 0.5]
[xgboost_dart_mode: 0]
[uniform_drop: 0]
[drop_seed: 17869]
[top_rate: 0.2]
[other_rate: 0.1]
[min_data_per_group: 100]
[max_cat_threshold: 32]
[cat_l2: 10]
[cat_smooth: 10]
[max_cat_to_onehot: 4]
[top_k: 20]
[monotone_constraints: ]
[monotone_constraints_method: basic]
[monotone_penalty: 0]
[feature_contri: ]
[forcedsplits_filename: ]
[refit_decay_rate: 0.9]
[cegb_tradeoff: 1]
[cegb_penalty_split: 0]
[cegb_penalty_feature_lazy: ]
[cegb_penalty_feature_coupled: ]
[path_smooth: 0]
[interaction_constraints: ]
[verbosity: -1]
[saved_feature_importance_type: 0]
[use_quantized_grad: 0]
[num_grad_quant_bins: 4]
[quant_train_renew_leaf: 0]
[stochastic_rounding: 1]
[linear_tree: 0]
[max_bin: 63]
[max_bin_by_feature: ]
[min_data_in_bin: 3]
[bin_construct_sample_cnt: 200000]
[data_random_seed: 175]
[is_enable_sparse: 1]
[enable_bundle: 1]
[use_missing: 1]
[zero_as_missing: 0]
[feature_pre_filter: 0]
[pre_partition: 0]
[two_round: 0]
[header: 0]
[label_column: ]
[weight_column: ]
[group_column: ]
[ignore_column: ]
[categorical_feature: 1,17]
[forcedbins_filename: ]
[precise_float_parser: 0]
[parser_config_file: ]
[objective_seed: 16083]
[num_class: 1]
[is_unbalance: 0]
[scale_pos_weight: 1]
[sigmoid: 1]
[boost_from_average: 1]
[reg_sqrt: 0]
[alpha: 0.9]
[fair_c: 1]
[poisson_max_delta_step: 0.7]
[tweedie_variance_power: 1.5]
[lambdarank_truncation_level: 30]
[lambdarank_norm: 1]
[label_gain: ]
[lambdarank_position_bias_regularization: 0]
[eval_at: ]
[multi_error_top_k: 1]
[auc_mu_weights: ]
[num_machines: 1]
[local_listen_port: 12400]
[time_out: 120]
[machine_list_filename: ]
[machines: ]
[gpu_platform_id: -1]
[gpu_device_id: -1]
[gpu_device_id_list: ]
[gpu_use_dp: 0]
[num_gpu: 1]

end of parameters

pandas_categorical:[[0, 1, 2, 3, 4, 5, 6, 7, 8, 9, 10, 11, 12, 13, 14, 15, 16, 17, 18, 19, 20, 21, 22, 23, 24, 25, 26, 27, 28, 29, 30, 31, 32, 33, 34, 35, 36, 37, 38], [9, 11, 13, 16, 24, 25, 34, 40, 50, 59, 62, 66, 76, 150, 158, 171, 214, 230, 261, 336, 376, 388, 410, 522, 534, 539]]
