tree
version=v4
num_class=1
num_tree_per_iteration=1
label_index=0
max_feature_idx=19
objective=regression
feature_names=time_id symbol_id feature_08 feature_36 feature_61 feature_04 feature_20 feature_06 feature_24 feature_29 feature_58 feature_23 feature_30 feature_28 feature_31 feature_27 feature_21 feature_11 feature_01 feature_70
feature_infos=[68:967] -1:23:11:21:19:31:2:17:34:6:15:28:37:8:26:20:29:5:13:3:36:0:10:25:12:14:38:4:22:7:24:30:1:33:32:27:35:16:9:18 [-6.2398080825805664:10.90894889831543] [-3.7051939964294434:3.8248367309570312] [-5.3835306167602539:2.5774424076080322] [-3.6400551795959473:3.5748732089996338] [-3.5648505687713623:2.0042605400085449] [-23.587894439697266:27.526632308959961] [-1.4127810001373291:10.744451522827148] [-1.5957297086715698:2.7339985370635986] [-14.901630401611328:10.187483787536621] [-1.9807209968566895:2.7033905982971191] [-1.6706933975219727:0.8173288106918335] [-3.0834453105926514:2.4178903102874756] [-0.40096586942672729:4.1158304214477539] [-3.3220875263214111:2.6435503959655762] [-0.38646817207336426:3.4403641223907471] -1:12:16:1:5:13:23:14:18:4:9:20:6:10:8:19:15:21:17:22:3:0:2:7:24:25:11 [-3.6308321952819824:6.0828566551208496] [-1.6046665906906128:40.111896514892578]
tree_sizes=7319 7321 7275 7318 7285 7294 7302 7330 7363 7291 7392 7275 7347 7340 7329 7337 7309 7359 7340 7339 7331 7340 7262 7326 7319 7332 7299 7317 7339 7317 7331 7325 7318 7362 7334 7328 7294 7286 7346 7305 7293 7309 7308 7306 7344 7351 7350 7324 7300 7304 7280 7335 7329 7348 7321 7322 7339 7271 7323 7298 7305 7357 7270 7279 7285 7324 7307 7252 7333 7298 7266 7312 7335 7282 7256 7294 7224 7314 7265 7254 7243 7250 7305 7313 7252 7314 7321 7295 7296 7332 7281 7314 7218 7306 7324 7270 7290 7236 7252 7250 7312 7320 7215 7210 7237 7288 7277 7271 7273 7249 7257 7279 7283 7337 7315 7241 7244 7295 7278 7236 7235 7255 7276 7242 7329 7222 7209 7254 7305 7217 7325 7215

Tree=0
num_leaves=64
num_cat=19
split_feature=5 10 7 7 1 0 5 1 0 17 1 0 1 5 19 18 14 19 1 5 19 0 10 1 10 1 10 7 10 0 5 10 1 12 1 5 1 10 1 10 1 18 10 19 1 5 16 14 11 12 5 14 1 1 1 14 12 19 18 10 1 1 19
split_gain=7420.7 3983.22 3195.47 2349.26 1664.95 1645.81 1396.9 1060.85 1020.98 1121.81 740.87 727.159 807.887 722.435 721.11 547.037 504.81 489.101 515.185 488.845 1042.59 681.058 484.883 515.193 480.632 522.252 469.684 432.505 426.897 425.517 449.805 656.958 411.569 406.63 402.117 396.368 352.238 349.533 463.54 333.414 326.178 363.108 321.001 361.44 462.785 318.171 317.102 297.483 440.132 1191.96 291.652 290.713 281.52 278.322 276.867 375.92 458.617 267.174 265.68 264.76 447.665 261.841 258.014
threshold=-1.0000000180025095e-35 1.9644516110420229 0.28054545819759374 -0.16436788439750669 0 803.50000000000011 -1.7908884882926939 1 775.50000000000011 2 3 775.50000000000011 4 -1.9655067920684812 -1.0000000180025095e-35 0.93316233158111583 0.20728760957717898 0.050372708588838584 5 2.0197230577468877 -0.48830065131187433 514.50000000000011 1.9644516110420229 6 1.9644516110420229 7 0.040275949984788902 -0.93955636024475087 0.45254229009151464 775.50000000000011 -2.2323027849197383 0.58553540706634533 8 -0.29911231994628901 9 -1.4421188831329343 10 -1.8547923564910886 11 0.2613621205091477 12 2.4210708141326909 0.16448456048965457 1.3482177257537844 13 -1.657455265522003 1.6058590412139895 -0.17343234270811078 0.56661278009414684 -0.63114520907402027 2.0197230577468877 0.83910587430000316 14 15 16 0.24402245134115222 -0.84569817781448353 1.3482177257537844 1.8264871239662173 -2.4594172239303584 17 18 1.3482177257537844
decision_type=2 2 2 2 1 2 2 1 2 1 1 2 1 2 2 2 2 2 1 2 2 2 2 1 2 1 2 2 2 2 2 2 1 2 1 2 1 2 1 2 1 2 2 2 1 2 2 2 2 2 2 2 1 1 1 2 2 2 2 2 1 1 2
left_child=1 3 11 7 6 19 27 13 35 39 -7 17 58 -1 29 -6 -16 18 -2 22 21 28 26 -24 33 -26 32 -3 -21 30 31 -9 62 36 -8 52 59 38 51 -10 -22 -42 43 -37 -45 -17 61 48 -15 -50 -12 -18 57 -35 55 56 -39 -5 -13 60 -19 -31 -4
right_child=2 4 5 8 15 10 34 14 9 -11 50 12 -14 47 16 45 37 24 -20 20 40 -23 23 -25 25 -27 -28 -29 -30 46 -32 -33 -34 53 -36 42 -38 54 -40 -41 41 -43 -44 44 -46 -47 -48 -49 49 -51 -52 -53 -54 -55 -56 -57 -58 -59 -60 -61 -62 -63 -64
leaf_value=-0.00019374052047578527 -0.0038504745733717229 0.028329639714162552 -0.0044141073437943042 -0.0045572800378500446 -0.0036255951625989422 -0.0096805782227945628 0.012721407895357969 -0.00093124379198195658 -0.0064330005694715042 -0.0045163864295134507 -0.0067785627038698133 -0.0070181771010337981 -0.0047894520415111465 -0.0021525630881512351 -0.0039579504815828561 0.013628078899101618 -0.010533233046073209 -0.021599732830365603 -0.0049235405333669631 -0.015664509355478518 -0.0039884319434216418 -0.0096568365254304581 -0.0058041251891086257 0.0022909235318998682 0.0059655820060434189 -0.0047310812246285317 -0.0066105493152650487 0.01355513450274945 -0.030358590523450451 -0.0031454368995078603 -0.0033203464550128244 0.014639614982868431 -0.0060873054197103805 0.0023597406400804382 0.0028961369169550185 -0.0042208895139891891 -0.0052260312850468549 -0.0069827949126789988 -0.0052924619590471456 -0.0085584654070553923 -0.0072186886435452952 -0.015984649744970974 -0.0051845091017190736 -0.0034580385172488003 -0.010180906972888114 0.0010767756364469042 -0.0093936040398678658 -0.0031948636372409697 -0.0022289155846945052 0.020745508641485364 -0.011443095777831598 -0.021248715751463761 -0.0028133160575929171 -0.0039696008757215536 -0.0050698921917075737 -0.0068310040535777966 -0.026731065194773463 -0.012480038337734811 -0.013584356760152135 -0.0064543195880779535 -0.0073730512294534409 -0.005319479943192343 -0.0092904588761417942
leaf_weight=90529.7109375 621494.37255859375 2875.8269424438477 249842.82434082031 66626.177612304688 26274.201171875 186689.68920898438 4532.9074554443359 21191.185104370117 184139.37841796875 273214.76293945312 192935.79418945312 272357.95788574219 245172.21875 117784.18089294434 221512.8701171875 2719.9390563964844 6438.9661407470703 2797.4087829589844 1143621.7969828248 4048.7633972167969 23757.373046875 8586.2029800415039 15764.754089355469 12821.896301269531 6758.3466720581055 10450.649421691895 813302.24768066406 4767.1906356811523 3188.7316818237305 85270.36669921875 690561.873046875 2751.5922393798828 478899.5126953125 8457.6796264648438 22091.514297485352 1098821.614074707 420323.61531543732 2259.0453643798828 10501.517562866211 103911.3125 25792.731628417969 5088.6875 584997.6455078125 16462.772583007812 20909.885864257812 5483.9204406738281 12200.345703125 858605.59710693359 6999.3746337890625 2859.8502349853516 12864.9189453125 3529.6481323242188 202215.63818359375 23908.426788330078 174427.09178161621 37593.47119140625 1988.2783813476562 4059.4188232421875 5656.8741455078125 238369.17719554901 6862.1644592285156 120021.86572265625 10157.755126953125
leaf_count=30829 257106 1072 95614 28029 9900 56313 2041 7832 61354 111029 83815 87550 103752 63891 110904 1098 2186 1448 367458 1368 8111 2924 6584 4762 2999 4343 298717 1608 1003 35388 257378 987 175949 3077 8282 400961 159235 1141 3848 32558 9479 1925 217012 7757 8903 2313 2497 277068 2213 1326 5465 979 68097 13724 56146 13387 1100 1816 1754 98690 2552 42150 4389
internal_value=-0.0048358 -0.00402757 -0.00565063 -0.00412575 0.00314457 -0.00656588 0.00782619 -0.0034654 -0.00476327 -0.00589356 -0.00831206 -0.0050284 -0.00604485 -0.00275853 -0.00401292 -0.00151427 -0.0049873 -0.00481423 -0.00454571 -0.00615082 -0.00859563 -0.0153754 -0.00604183 -0.0021705 -0.00547443 -0.000521999 -0.00611314 0.0191324 -0.0221516 -0.00353382 -0.00318016 0.000861912 -0.00556563 -0.00559609 0.00458142 -0.00444513 -0.00575513 -0.00595045 -0.00969683 -0.00719971 -0.00663139 -0.00866349 -0.00461355 -0.00431957 -0.00722073 0.0052468 -0.00469569 -0.00299395 -0.00164263 0.00444484 -0.00707019 -0.0143241 -0.00338293 -0.00231231 -0.00559575 -0.00778691 -0.0162423 -0.00501276 -0.00715185 -0.00665165 -0.0115196 -0.00441639 -0.00460471
internal_weight=1.01411e+07 5.09113e+06 5.04997e+06 5.02239e+06 68745.5 2.04374e+06 34267.4 2.46703e+06 2.55536e+06 561265 392490 3.00623e+06 523187 1.07678e+06 1.39025e+06 34478.1 458251 2.48304e+06 1.76512e+06 1.65125e+06 70462.5 15823.7 1.58079e+06 28586.7 717927 17209 1.5522e+06 7643.02 7237.5 931997 714505 23942.8 738900 700718 26624.4 1.99409e+06 668352 236738 20470.1 288051 54638.8 30881.4 1.72119e+06 1.13619e+06 37372.7 8203.86 217493 986249 127643 9859.22 205801 9968.61 272901 32366.1 216268 41840.8 4247.32 70685.6 278015 248029 9659.57 205292 260001
internal_count=3735186 1875080 1860106 1848766 26314 756418 13003 911250 937516 204941 145593 1103688 193056 375327 535923 13311 189691 910632 624564 610825 24810 5295 586015 11346 286068 7342 574669 2680 2371 346232 266197 8819 275952 278726 10323 732575 261925 78787 7013 93912 19515 11404 634633 417621 16660 3411 80035 344498 67430 3539 89280 3165 97942 16801 71774 15628 2241 29845 89304 102690 4000 77538 100003
cat_boundaries=0 2 4 5 7 9 11 13 15 17 18 20 22 24 26 28 30 31 32 34
cat_threshold=2672738492 6 479054977 44 32020112 3355524003 74 3759371175 66 2788430176 61 280091974 116 3997975257 3 590417965 37 2281963544 1960116996 70 537923880 80 4010285808 9 96641373 15 2902471232 19 1073813504 64 587203072 72614144 41037896 16
is_linear=0
shrinkage=1


Tree=1
num_leaves=64
num_cat=20
split_feature=5 3 10 7 3 7 2 3 2 0 1 2 1 3 1 0 1 4 7 3 1 1 1 3 1 0 10 5 5 2 1 10 1 10 1 0 1 2 1 0 18 5 2 1 16 1 8 5 6 17 10 10 1 7 1 1 2 3 2 0 10 2 17
split_gain=7168.52 3610.29 3305.99 3076.35 1974.82 1792.92 1772.02 1549.07 1528.24 1525.68 1204.75 1112.33 1103.05 1088.33 944.445 864.649 992.194 833.739 685.848 684.364 651.739 648.204 644.559 602.339 576.036 523.393 543.984 518.302 466.938 466.744 465.561 462.181 457.292 447.597 439.262 422.877 543.169 399.758 375.88 363.913 363.269 355.463 352.67 324.413 322.528 318.59 326.582 318.322 291.37 286.971 286.857 286.764 283.33 281.527 273.969 262.4 256.387 236.747 217.162 222.99 216.413 234.203 225.975
threshold=-0.18351384997367856 1.7527557015419009 1.9644516110420229 0.28054545819759374 -1.4934133291244505 -0.19406368583440778 -1.3179268240928648 -1.7563155889511106 -0.8156110644340514 731.50000000000011 0 -1.3179268240928648 1 -0.096410565078258501 2 775.50000000000011 3 -0.13379042595624921 0.18932435661554339 0.58633190393447887 4 5 6 0.22438745945692065 7 789.50000000000011 -1.1444867849349973 -1.4421188831329343 2.0197230577468877 -1.3179268240928648 8 1.9644516110420229 9 -1.0000000180025095e-35 10 745.50000000000011 11 -1.0736950039863584 12 775.50000000000011 -1.1860061883926389 -1.9655067920684812 -1.3179268240928648 13 1.6058590412139895 14 0.191217876970768 -2.2323027849197383 -2.105982661247253 15 1.9644516110420229 0.2613621205091477 16 -0.55966201424598683 17 18 0.36596243083477026 0.15965799987316134 -0.26081183552741999 873.50000000000011 -2.4594172239303584 0.36596243083477026 19
decision_type=2 2 2 2 2 2 2 2 2 2 1 2 1 2 1 2 1 2 2 2 1 1 1 2 1 2 2 2 2 2 1 2 1 2 1 2 1 2 1 2 2 2 2 1 2 1 2 2 2 1 2 2 1 2 1 1 2 2 2 2 2 2 1
left_child=2 3 5 13 12 7 17 8 21 19 27 32 -4 22 41 23 -17 18 -3 31 -13 -1 -2 29 -8 26 45 -6 -20 40 -10 33 -11 34 -5 53 -37 47 -33 50 -7 42 -9 -27 51 46 -16 -28 -26 -41 -24 -18 -52 -15 -35 -25 -29 -43 59 -53 62 -62 -47
right_child=1 6 4 9 10 15 24 14 30 11 -12 20 -14 35 25 16 44 -19 28 -21 -22 -23 39 55 48 43 37 56 -30 -31 -32 38 -34 54 -36 36 -38 -39 -40 49 -42 57 -44 -45 -46 60 -48 -49 -50 -51 52 58 -54 -55 -56 -57 -58 -59 -60 -61 61 -63 -64
leaf_value=0.023691098860714709 0.0018422076037240478 -0.010334775535405689 0.0089287709204030809 0.0014229590336087908 0.016292888835418285 0.014688514460561582 0.0030370827791277692 0.0096194959478633092 0.0067960306467553643 -0.012905341788393613 0.0019489569193246951 -0.0038834717201937157 0.034560861782645613 0.00042232041024188458 0.010477042324712454 0.00065418526737944958 -0.0010790821215709695 -0.0032958122079087848 -0.014896454027853586 -0.002071821842868941 -0.0017048143301071595 0.0095346711940030339 0.0004671351732417536 -0.00092169418281753002 -0.013317698214141444 -0.0019307006073795885 0.01413256087060402 0.0093977981967073212 -0.029212998130519949 0.00087325669007311713 -0.0004193625037564079 0.011718300030301816 -0.005634084817458764 -0.00031644287704126102 -0.00056368946834203901 -0.002749993838559906 -0.00043603761217673277 0.0011925335639448068 0.0017377424024753773 0.00065173957277806795 0.0037011230185549247 0.0021840197727596893 0.0032045719250108533 0.0003033807160591155 -0.006326924111093828 -0.013093964963531124 -0.00018187046320908938 0.0037789095974054615 -0.0047805995072490483 -0.0016403284669083481 0.014575584012217415 -0.0019103124464691517 0.0022794199619195028 -0.00052040638842550373 -0.001655302207459689 0.00031467647854282961 6.4934402550233014e-05 0.0011483935136857783 -0.0020184505366499512 -0.006829096120995734 0.00039264663738010591 -0.004812715961467518 -0.0021777579896055162
leaf_weight=5547.7120513916016 290691.236328125 6235.2929944992065 2650.9310531616211 133431.69091796875 9562.0509033203125 3148.6307373046875 8473.5396957397461 8553.219970703125 18346.620468139648 10920.944580078125 30629.918441772461 185017.65545654297 3589.1047134399414 379692.4345703125 2789.0597229003906 219362.5400390625 178825.40348815918 4607.39000415802 3462.9819183349609 394884.6669921875 372338.06524658203 6237.9584197998047 983154.06103515625 263266.3349609375 3788.0991051197052 88076.26123046875 3030.854736328125 12955.64998626709 5091.5797119140625 1083420.7857055664 14333.802810668945 4286.0587921142578 27337.117919921875 198997.24938964844 401638.728515625 157727.96484375 216789.74816894531 764313.34146118164 16209.729293823242 75309.794067382812 19226.497192382812 572674.94100952148 78284.936279296875 174129.72973632812 14849.490234375 3717.9285583496094 34920.701141357422 22408.104736328125 70678.925163984299 141551.33532714844 2486.9115753173828 13295.989379882812 5221.5894012451172 1144284.0051298738 445637.43359375 373880.90167236328 3329.8644332885742 304220.78759765625 60212.873245239258 22070.707275390625 15507.056671142578 15603.496795654297 3176.0787658691406
leaf_count=1823 117017 2069 974 50279 3285 1052 2337 2738 7767 3772 11848 59754 1427 143554 1477 86352 63940 1541 1208 148615 147408 2123 353522 115657 1510 35546 1100 5059 1635 394153 5298 1734 9961 75952 147648 49543 88189 293210 6362 31995 6649 196314 26961 65197 3037 1658 12087 8307 29600 45905 1014 4449 2201 414105 160276 120799 1260 111084 20276 7336 6606 6958 1541
internal_value=7.41927e-06 -0.000698001 0.000909367 -0.00059573 0.00774814 0.0008116 -0.0062817 0.00143426 0.00697477 -0.00147228 0.0059774 -0.00276787 0.0237572 -3.04332e-05 0.00131644 0.000220933 -0.000867354 -0.0144437 -0.0179143 -0.000988489 -0.00242816 0.0162337 0.000573998 0.000538513 -0.0043721 0.000727059 0.00108281 0.010745 -0.0234296 0.000961845 0.00363369 -0.000632049 -0.00771596 -0.000709653 -6.82498e-05 -0.00050749 -0.00141067 0.00131569 0.00383378 0.000268724 0.00525021 0.00200605 0.00383693 -0.000447143 -0.00202119 -0.00134622 0.000607599 0.005015 -0.00521504 -0.000844406 0.00051235 -0.00178815 0.00627513 -0.000285529 -0.00124204 -0.000196199 0.00749013 0.00182474 -0.00311466 -0.00498043 -0.00328401 -0.00221846 -0.00809221
internal_weight=1.01401e+07 5.68995e+06 4.45015e+06 5.58761e+06 62717.5 4.38743e+06 102338 2.13587e+06 44466.1 2.1907e+06 56477.5 595614 6240.04 3.39691e+06 2.09141e+06 2.25156e+06 508617 19397.2 14789.9 1.59509e+06 557356 11785.7 1.49841e+06 1.74294e+06 82940.6 1.12767e+06 865467 25847.6 8554.56 1.1058e+06 32680.4 1.2002e+06 38258.1 1.17971e+06 535070 1.89849e+06 374518 789752 20495.8 1.20772e+06 22375.1 963734 86838.2 262206 289254 75714.3 37709.8 25439 74467 216861 990863 274405 7708.5 1.52398e+06 644635 637147 16285.5 876896 95579.6 35366.7 38004.6 31110.6 6894.01
internal_count=3734054 2098706 1635348 2058806 23853 1611495 39900 787795 17011 811761 21452 220895 2401 1247045 770784 823700 185390 6453 4912 590866 207162 3946 551654 638310 33447 433687 332944 9604 2843 401854 13065 442251 13733 434155 197927 695391 137732 302617 8096 434637 7701 337097 29699 100743 99038 30327 13564 9407 31110 77900 356737 96001 3215 557659 236228 236456 6319 307398 32061 11785 16763 13564 3199
cat_boundaries=0 2 4 6 8 10 12 14 16 18 20 22 24 26 27 29 30 32 34 36 37
cat_threshold=2651832504 36 1610699619 124 416140425 44 519736408 36 3355456290 74 2487935149 35 201592832 29 526640 4 3364726597 25 3221240774 11 51392548 49 3758175142 66 2336628880 10 3774882310 16790294 67 860390 2466792596 2 707006858 51 3987747648 27 2670848
is_linear=0
shrinkage=0.03


Tree=2
num_leaves=64
num_cat=14
split_feature=5 10 3 7 7 3 3 0 5 19 0 17 17 3 3 19 19 16 5 3 17 17 17 17 17 10 0 7 16 0 10 0 17 14 11 3 10 0 19 5 17 19 19 16 3 17 0 8 17 9 15 4 17 8 17 0 10 7 12 19 10 17 12
split_gain=6607.86 3249.58 3211.43 2560.29 2012.29 1757.39 1596.73 1379.66 1190.25 1102.86 1026.21 1078.22 920.617 872.536 693.239 674.199 660.472 626.286 586.17 556.65 502.936 487.095 478.07 477.748 463 445.798 403.481 394.096 373.113 358.355 330.701 327.915 402.681 327.723 795.5 320.927 316.688 313.568 302.843 293.053 286.54 285.983 272.493 263.901 259.446 254.556 328.41 251.285 249.913 246.325 247.101 525.698 243.019 241.667 245.27 239.272 237.533 235.063 231.207 288.721 267.683 226.404 222.185
threshold=-1.0000000180025095e-35 1.9644516110420229 1.7527557015419009 0.24978721141815188 -0.19406368583440778 -1.7563155889511106 -1.7563155889511106 731.50000000000011 2.0197230577468877 -0.64194113016128529 775.50000000000011 0 1 -0.096410565078258501 -0.19266438484191892 -0.24914781004190442 0.024229395203292373 0.36108247935771948 -1.4421188831329343 0.50685244798660289 2 3 4 5 6 1.9644516110420229 775.50000000000011 0.18932435661554339 0.91046038269996654 514.50000000000011 0.2613621205091477 745.50000000000011 7 -0.17343234270811078 0.56661278009414684 -0.22590927034616468 -1.0000000180025095e-35 929.50000000000011 0.95626643300056469 -1.7908884882926939 8 1.1229721903800967 0.95626643300056469 1.6058590412139895 0.72144043445587169 9 915.50000000000011 1.3661783337593081 10 -0.22357788681983945 1.3119027614593508 0.38342870771884924 11 2.4924867153167729 12 336.50000000000006 -0.10356964543461798 -0.55966201424598683 -1.0118998885154722 0.2833652943372727 -1.5296894907951353 13 -0.65423989295959462
decision_type=2 2 2 2 2 2 2 2 2 2 2 1 1 2 2 2 2 2 2 2 1 1 1 1 1 2 2 2 2 2 2 2 1 2 2 2 2 2 2 2 1 2 2 2 2 1 2 2 1 2 2 2 1 2 1 2 2 2 2 2 2 1 2
left_child=1 4 3 13 6 -3 9 19 -4 21 14 30 18 22 42 27 20 45 -7 25 33 -1 49 -17 44 36 35 -10 -28 -29 43 57 -33 34 -8 -22 48 -13 55 52 -19 -24 56 -12 -9 46 -18 -20 -5 50 -2 -52 -14 54 -27 61 -6 -15 59 -42 62 -11 -60
right_child=2 5 8 7 10 12 16 24 15 38 11 37 39 31 -16 23 17 40 47 -21 26 -23 41 -25 -26 53 28 29 -30 -31 -32 32 -34 -35 -36 -37 -38 -39 -40 -41 58 -43 -44 -45 -46 -47 -48 -49 -50 -51 51 -53 -54 -55 -56 -57 -58 -59 60 -61 -62 -63 -64
leaf_value=0.024504157455176204 0.0009050357235069721 0.02462123377539369 -0.0045357281121887446 0.0011237251051154421 0.0017947592540598187 0.018514422328554259 0.0034274543976571675 -0.0031111307854639106 -0.010273856030300364 0.016813682453114903 -0.0012399149189669802 -0.00014367737898838165 0.015639028541137447 0.00035912109377073017 -3.8306174145301134e-05 -0.017219343671521135 0.0015107818229082124 -0.00023613397097294893 0.0047058584590311233 -0.0018960935570101578 0.0021716040929487894 0.010579918763873796 0.00030114680143463298 -0.0024353722523423405 -0.001835039816353488 -0.001059246393981286 0.00065104205723552362 -0.029921369707461433 -0.0026277915883805812 -0.015698029539202261 -0.0035528294998164369 -0.0024379409967375076 -0.00031320866342882347 0.0021503214146763611 0.015837916244462812 0.0010489328184502811 -0.0011816820759411252 0.0024164698895386243 -0.0025538994378405538 0.0022488296942709397 -0.0010729266960976915 -0.0019903039225651863 -0.001047777966682265 -0.0061903696643098045 -0.0053447228649435175 0.00053251846235409213 0.0060759101493579508 0.013496730327233055 -0.00050927566802348105 0.003207791770055687 0.00073085563121997785 0.014874178928630754 0.0049229634769133194 0.0097975053323151127 0.0074078939055723537 0.0038708676868163803 0.0007472730786365091 -0.00056910652723539022 -0.0023556148406386765 -0.011470046140096009 -0.0010261388902095964 0.0063998173452968635 -0.012522076305104143
leaf_weight=3598.3428015708923 235105.40710449219 4865.25341796875 76668.80078125 108771.47045898438 353850.58532714844 6679.58544921875 40692.840225219727 235852.6669921875 3570.150691986084 2747.5969581604004 186331.7998046875 216228.99530029297 2808.3935317993164 330017.29632568359 1229278.7644042969 2841.1730484962463 144359.37951660156 121743.2001953125 8871.5660462379456 438593.630859375 400817.69482421875 6258.6939415931702 894092.82397460938 6364.4294600486755 270755.8017578125 8647.5007026195526 242534.74206542969 3165.4295418262482 35847.37841796875 3253.758663892746 109820.64697265625 164741.80004882812 156589.41833496094 349345.45434570312 5243.8050384521484 535133.92987060547 579956.36535644531 53757.517578125 4871.1618041992188 34908.02317237854 4233.370361328125 51857.069580078125 50852.83203125 10218.7763671875 58405.66015625 379096.65594482422 15723.733642578125 4369.1606135368347 375393.70483398438 63058.7099609375 6846.9596862792969 3608.9535217285156 5984.2912063598633 4799.7464981079102 4765.1610023975372 23165.884155273438 433585.19488525391 959151.33584982157 4177.7611782550812 5560.3919677734375 43289.155548095703 6074.3515892028809 3603.1519992351532
leaf_count=1033 93680 1852 30623 41939 130178 2327 21071 69831 1165 1068 64514 86944 885 124233 446877 1302 61049 36652 3567 163365 141857 2366 319217 2055 121034 3803 91086 1001 9041 1050 34900 51187 66948 116191 1611 194935 212422 21902 2048 13853 1025 22011 21912 2110 18427 163573 6450 1477 136527 23700 2068 1137 2247 1506 1928 9090 160351 346492 1065 1456 12773 2357 1152
internal_value=-1.31358e-06 0.000761323 -0.000770547 -0.000665241 0.000672805 0.00725179 0.00130599 -0.00146477 -0.0062089 0.00679727 0.000103272 -0.00101616 0.00592168 -8.31347e-05 0.000415327 -0.012889 0.00119595 0.000441899 0.0112649 -0.000994511 0.00153408 0.0157084 0.000510033 -0.00702644 -0.00273061 -0.000629157 0.00123148 -0.0182854 0.000228786 -0.0227297 -0.00223418 -0.000545209 -0.00140263 0.00246355 0.00484572 0.00152972 -0.000708816 0.0003661 0.00441239 0.00348165 -0.00107657 0.000175518 0.00108054 -0.00149744 -0.00355443 0.000956172 0.00195923 0.00761066 -0.000142389 0.00153528 0.00110579 0.00561733 0.008376 0.00402416 0.00195527 0.00547346 0.00121799 -0.000331487 -0.002757 -0.00697871 -0.00194734 0.0096772 -0.00706847
internal_weight=1.01374e+07 5.09053e+06 5.04688e+06 4.95101e+06 5.02204e+06 68486.3 2.37812e+06 2.08594e+06 95863.7 46716 2.64393e+06 576358 63621 2.86507e+06 2.06757e+06 19194.9 2.3314e+06 721787 19920.3 1.52093e+06 1.60962e+06 9857.04 1.25457e+06 9205.6 565014 1.08233e+06 1.21433e+06 9989.34 278382 6419.19 306371 1.6105e+06 321331 395282 45936.6 935952 1.06412e+06 269987 36859 43700.7 182607 945950 838289 196551 294258 539180 160083 13240.7 484165 308620 245561 10455.9 8792.68 18212.4 13412.7 31987.8 787436 1.28917e+06 60863.8 9793.76 51070.1 8821.95 7780.91
internal_count=3733496 1874845 1858651 1821455 1848637 26208 878949 770782 37196 17962 969688 210370 24356 1050673 759318 6573 860987 285195 7371 561490 575792 3399 461813 3357 209292 398125 436919 3216 100127 2051 101524 588860 118135 138873 22682 336792 390888 108846 14563 16985 54123 341228 312441 66624 88258 231072 67499 5044 178466 120585 96885 3205 3132 7237 5731 12515 290529 470725 17471 2481 14990 3425 2217
cat_boundaries=0 1 2 3 4 5 6 7 8 9 10 11 12 13 14
cat_threshold=32022160 34613307 38021160 9617982 39873600 36774972 30709264 30184976 29365521 2204675 6472576 4899328 59744616 1838890
is_linear=0
shrinkage=0.03


Tree=3
num_leaves=64
num_cat=21
split_feature=5 10 3 7 7 3 2 2 5 1 3 1 3 7 5 3 19 1 1 2 5 3 1 1 3 1 10 10 19 1 18 14 10 11 1 1 1 1 1 19 15 1 7 19 1 1 1 11 1 3 1 6 19 1 3 12 2 10 19 15 5 18 1
split_gain=6410.13 3289.05 2900.33 2532.62 1942.12 1907.64 1543.09 1458.86 1530.98 1123.08 1003.26 935.246 866.779 725.624 703.056 687.763 558.273 532.697 503.779 491.407 464.84 451.75 446.99 432.492 416.906 431.625 401.077 399.661 480.446 654.579 392.391 327.944 321.047 309.115 403.18 305.564 299.58 292.849 287.278 274.066 270.814 267.106 266.466 258.114 418.199 255.557 251.539 248.595 242.768 236.285 234.77 234.665 222.253 350.115 220.059 210.347 207.472 203.242 193.924 193.344 187.306 180.31 237.925
threshold=-1.0000000180025095e-35 1.9644516110420229 1.7527557015419009 0.026217128150165084 -0.16436788439750669 -1.7563155889511106 -1.3179268240928648 -1.3179268240928648 -2.2323027849197383 0 0.62887448072433483 1 0.39443530142307287 -0.35461311042308802 -1.4421188831329343 -0.096410565078258501 -1.0000000180025095e-35 2 3 -1.3179268240928648 1.7875921726226809 -0.47158424556255335 4 5 -1.2094883322715757 6 0.10113328322768213 0.019940997473895553 0.95626643300056469 7 -1.8091298937797544 0.20728760957717898 1.9644516110420229 -0.040299339219927781 8 9 10 11 12 -0.70776975154876698 1.3119027614593508 13 1.1331788897514345 1.3482177257537844 14 15 16 0.61875310540199291 17 -0.19266438484191892 18 -0.49537664651870722 0.95626643300056469 19 -1.7563155889511106 -0.36316962540149683 0.39770589768886572 1.9644516110420229 0.7162228822708131 1.5954596996307375 2.0197230577468877 1.6490134596824648 20
decision_type=2 2 2 2 2 2 2 2 2 1 2 1 2 2 2 2 2 1 1 2 2 2 1 1 2 1 2 2 2 1 2 2 2 2 1 1 1 1 1 2 2 1 2 2 1 1 1 2 1 2 1 2 2 1 2 2 2 2 2 2 2 2 1
left_child=1 4 3 15 7 -3 13 8 24 14 17 21 27 -4 58 22 49 57 -8 39 -15 54 -2 -22 25 -1 43 28 37 -30 -10 59 42 34 -33 -26 -14 40 -34 -12 -6 -41 -28 61 -45 -17 -29 -42 -16 55 60 -40 -24 -54 -9 -13 -50 -5 -7 -18 -20 -19 -63
right_child=2 5 6 10 12 9 18 11 30 -11 19 16 36 20 48 45 31 26 50 -21 23 -23 52 -25 35 -27 32 46 29 -31 -32 33 38 -35 -36 -37 -38 -39 51 41 47 -43 -44 44 -46 -47 -48 -49 56 -51 -52 -53 53 -55 -56 -57 -58 -59 -60 -61 -62 62 -64
leaf_value=0.024517889340025235 0.0018720110476336705 0.025524903357915366 -0.0045622759708888244 -9.3437915854636101e-05 0.0014257443691245318 0.013296550173692304 0.0041353248073945281 0.0056925068961193202 0.011325840951414706 0.0023450170599218683 -0.014481496774058095 0.0013800068344789831 -0.0017934509039974746 -0.0090111688902154412 0.013710952490395792 0.00014980218230491608 0.00073891095837394006 -0.00075980689192356248 -0.0061088062804495651 -0.0021463598825183718 -0.02672673431531513 0.0013602857014979623 0.00048675891567555085 -0.013499924880770944 0.015626289015314626 0.010321240814028998 -0.0014687518669130638 0.00057935432065769812 0.0014631535561347459 -0.0047808460648060252 0.0023197054569325014 -0.011750754011658284 0.0053314168471561103 -0.00030133059044095431 -0.0021221567648514322 0.0040640871307756404 -0.00042587924131936699 0.00047896981748817306 -0.0065766516021008954 -0.0019871403844562434 0.0030470027794803501 -0.008350673253778319 -0.002737761952691035 0.00056336813576276579 -0.0061937557479002561 -0.00073571381323411908 -0.00047578547234471526 0.012320124097699696 0.0070635662420052668 0.00057211103437426996 -0.003408851988262027 0.0011295827909909401 -0.0043880004717041076 0.00054440711967564798 0.0024825844993915992 0.0041720658644381218 -0.0016040726000327648 0.0052400151335480656 0.021955905122532506 -0.0046955676860332999 -0.014250411863726961 0.0038168070309150598 -0.00058905396579350276
leaf_weight=4514.4797668457031 223741.7333984375 4790.8046875 5704.5277099609375 422702.04223632812 443063.28610229492 5557.5801391601562 6246.482292175293 20414.517578125 4752.8818359375 35448.383743286133 3227.6936950683594 376388.59423828125 199298.80322265625 4183.424560546875 3809.5370178222656 494891.7021484375 198804.8596496582 820847.04162597656 23526.018669128418 594851.4736328125 5281.3334732055664 737039.7018737793 695415.26098632812 4013.6488265991211 3508.3307673931122 3469.0970153808594 585980.83135986328 338768.837890625 29303.216705322266 31174.593841552734 51362.7333984375 4130.388671875 10655.730346679688 152186.68315124512 70706.177688598633 5013.6412785053253 521106.86596679688 470727.37350463867 4770.4743537902832 11914.460346221924 8208.5795745849609 11867.434825897217 199674.49084472656 14306.00341796875 19442.682861328125 720110.7515822649 508613.8359375 3807.6518707275391 11628.944257259369 474975.85528564453 44233.401382446289 13926.844127655029 22302.167541503906 30862.957214355469 328680.9140625 25956.208374023438 3158.5682091712952 6524.7548828125 4054.2678833007812 6066.9454345703125 2850.9677734375 18352.32373046875 27614.346008300781
leaf_count=1288 103240 1837 1900 186287 146475 1887 1679 8200 1578 13616 1036 134714 87095 1488 1640 195526 100269 282027 9729 225491 1588 260847 233099 1423 1234 1217 200149 148272 11527 14354 18413 1651 4551 46164 27776 1749 184912 183558 2038 4106 2382 4513 70652 6895 7171 251437 157399 1102 4591 176221 18346 4252 8256 12764 116756 11762 1162 3063 1484 1755 1121 7295 8191
internal_value=-4.84466e-06 0.000746417 -0.000762127 -0.00066202 0.000657387 0.00727803 -0.00592556 0.00125754 0.00544641 0.00590288 -0.00126515 0.00113054 7.74605e-05 -0.0135362 0.0103681 0.00010085 0.00059059 -0.000957529 -0.00402525 -0.0023261 -0.0173311 0.00178136 0.000695506 -0.0210689 0.0134767 0.018403 -0.00119401 0.000423868 0.000834397 -0.00175613 0.00308345 -0.000292339 -0.0016762 -0.00107763 -0.00265618 0.00885349 -0.000804256 0.00100363 0.00140407 -0.0062835 0.00154627 -0.00516805 -0.00179129 -0.000757642 -0.00333143 -0.000375033 -5.39568e-05 0.00598933 0.00696378 0.00102525 -0.00474732 -0.000837387 0.000343823 -0.00152562 0.00267037 0.00156018 0.00520875 -1.23027e-05 0.0169586 0.000577867 -0.00698868 -0.000657415 0.00117092
internal_weight=1.01405e+07 5.09049e+06 5.05002e+06 4.95398e+06 5.02205e+06 68448.1 96039.8 2.46797e+06 72621.2 63657.3 2.76666e+06 2.39535e+06 2.55407e+06 19182.9 28208.9 2.18732e+06 1.30922e+06 2.1448e+06 76856.9 621861 13478.4 1.08614e+06 972322 9294.98 16505.5 7983.58 1.71557e+06 1.83367e+06 986285 60477.8 56115.6 431895 815008 227023 74836.6 8521.97 720406 925807 29353 27009.6 455080 23781.9 785655 900562 33748.7 1.215e+06 847383 12016.2 18597 877321 70610.4 18697.3 748580 53165.1 349095 402345 14787.5 429227 9611.85 204872 26377 866814 45966.7
internal_count=3734200 1874887 1859313 1822039 1848670 26217 37274 911594 25479 24380 1017717 886115 937076 6399 10764 804322 500312 782571 30875 235146 4499 385803 357359 3011 5488 2505 593221 665069 359398 25881 19991 177615 281642 75591 29427 2983 272007 333517 10841 9655 149959 8619 270801 311579 14066 446963 305671 3484 7393 322697 29196 6290 254119 21020 124956 146476 5753 189350 3371 102024 10850 297513 15486
cat_boundaries=0 2 4 6 8 10 12 14 16 17 19 21 23 25 27 29 31 33 34 36 38 40
cat_threshold=2651766968 38 479054993 44 186912776 49 526384 4 2351173696 29 2452317570 117 3725254828 97 25866749 13 768 2706430136 100 3774878528 25 370482343 28 2764750992 8 1801438232 96 1351663958 14 2201787464 60 1022675153 37 2147745944 696501258 16 1917322789 64 3826336309 10
is_linear=0
shrinkage=0.03


Tree=4
num_leaves=64
num_cat=14
split_feature=5 3 10 7 2 3 7 2 0 3 0 17 4 3 2 2 17 7 0 3 9 5 17 10 10 0 19 19 19 17 10 5 16 0 2 17 5 10 17 17 15 5 19 11 17 0 17 0 17 19 17 17 17 16 4 2 0 17 6 0 2 2 0
split_gain=5949.94 2898.63 2705.4 2076.56 2037.89 1775.02 1674.5 1263.78 1258.69 1251.2 1127.76 1313.33 965.171 896.56 872.825 844.256 816.858 699.48 603.72 555.592 482.817 468.085 461.396 443.955 476.578 426.049 424.962 415.986 413.811 476.492 456.817 401.219 366.679 366.576 360.27 357.664 349.901 339.949 335.66 325.776 319.933 300.626 379.173 308.795 299.574 293.71 338.755 290.933 392.263 285.38 283.827 282.817 280.625 276.17 275.592 265.337 267.791 317.353 257.988 242.467 241.136 238.882 232.577
threshold=-0.13784823566675183 0.8225919008255006 1.9644516110420229 -0.026433005928993222 -1.8440827727317808 -1.4934133291244505 -0.78468674421310414 -1.3179268240928648 731.50000000000011 -1.4934133291244505 789.50000000000011 0 -0.13379042595624921 -0.19266438484191892 -1.3179268240928648 -1.3179268240928648 1 0.28054545819759374 514.50000000000011 1.7527557015419009 1.0000000180025095e-35 -1.4421188831329343 2 1.9644516110420229 0.12197682633996011 702.50000000000011 1.3482177257537844 0.62885972857475292 0.024229395203292373 3 -0.82187929749488819 -2.2323027849197383 1.6058590412139895 803.50000000000011 -1.3179268240928648 4 -2.2323027849197383 0.2613621205091477 5 6 -1.2399296164512632 2.0197230577468877 -0.56804123520851124 0.56661278009414684 7 789.50000000000011 8 789.50000000000011 9 1.1229721903800967 10 11 12 0.083984464406967177 1.5712455511093142 0.30607146024703985 558.50000000000011 13 -1.9427543282508848 775.50000000000011 -1.3179268240928648 -0.13914056867361066 217.50000000000003
decision_type=2 2 2 2 2 2 2 2 2 2 2 1 2 2 2 2 1 2 2 2 2 2 1 2 2 2 2 2 2 1 2 2 2 2 2 1 2 2 1 1 2 2 2 2 1 2 1 2 1 2 1 1 1 2 2 2 2 1 2 2 2 2 2
left_child=2 3 6 20 12 15 7 9 23 25 13 32 17 27 45 -4 21 -3 -19 33 35 -7 -16 24 26 -1 39 34 50 30 53 -11 37 -6 36 49 -8 -12 -35 60 -15 58 -43 -44 -36 -10 -47 48 -14 59 -9 -25 -28 -30 -51 56 -18 -58 -21 -2 -5 -39 -33
right_child=1 4 5 8 19 16 10 28 14 31 11 -13 47 40 22 -17 55 18 -20 41 -22 -23 -24 51 -26 -27 52 -29 29 -31 -32 62 -34 38 44 -37 -38 61 -40 -41 -42 42 43 -45 -46 46 -48 -49 -50 54 -52 -53 -54 -55 -56 -57 57 -59 -60 -61 -62 -63 -64
leaf_value=0.023364597673071981 0.00016483210426821796 -0.0077311492538129746 0.034266413526618952 0.0083623304482562891 -0.0014257030425770091 0.015696944897893927 0.013401067202089853 0.0011177746949823468 -0.001453864736009965 0.010455447744384715 -0.00096301965775679301 0.00071392703919855081 0.0085334346084284356 -0.00066494936095426601 -0.0025598602216169216 0.012215993719106547 0.0068396789657689675 -0.028812094306553324 -0.013566739586931838 -0.010727083830713262 0.0023773131118709008 0.0065143199632513105 -0.0009343344137978728 0.0079666753634742345 -0.0011396287988214304 0.0097982138453130852 -0.0062476054419606008 -0.00041640158580020901 0.00043842604434750804 0.0014627635786299015 0.00015067178053080149 0.0098192811453308368 -0.0057055338141375964 -0.0012393780846232034 0.0019092698975367553 0.00060505331129795479 0.0035158369739444625 -0.0043435542035248536 -0.0044767870838270073 -0.00036162633709094656 0.00041605628224240901 -0.018151513306841185 -0.0097441165855201746 0.0018026426709189841 0.00089889068365435682 -0.0022914855380497144 -0.010256382590310644 -0.010031098420350116 -0.0050833216354349798 -0.0019296837395663437 0.0024669541113225722 0.0012284976620094243 -0.0012134219741439191 -0.0064651237877892329 -0.011487099055244292 -0.0022254901721514182 -0.0056525285912050558 0.0039906452453088853 -0.0031273363984023238 -0.0012592680796129159 0.00075542172239397628 -0.0017160638147056578 0.0018064903346301951
leaf_weight=4511.7867293357849 594863.51174926758 7445.2963086366653 2797.5758056640625 3804.8883056640625 607422.50704956055 7905.4033203125 3920.779052734375 212793.40198516846 7245.94970703125 7649.43212890625 239421.44833374023 337066.49847412109 2841.1381891965866 302530.0827331543 335295.22509765625 3552.8045654296875 14042.134715557098 4042.7036828994751 5577.3024587631226 4255.1025314331055 101950.603515625 13599.100637435913 295879.32763671875 8170.3830718994141 842003.0712890625 3889.5984025001526 16291.220825195312 115151.720703125 7303.9178619384766 222217.86575317383 75579.14111328125 3704.5760670900345 20973.3046875 46933.527008056641 525542.33165740967 1098665.8323669434 18032.862670898438 56212.2587890625 74812.647583007812 893587.34057998657 1328030.5809631348 2877.2238006591797 5889.2462854385376 3222.8033514022827 531072.7075881958 6412.5180702209473 19464.694332122803 4410.791877746582 5697.0272483825684 42854.531044006348 412511.55098724365 17838.667709350586 25680.418334960938 18226.999862670898 2894.4386825561523 8216.8109574317932 4430.0417404174805 9927.4212265014648 71717.959968566895 131356.17932128906 240858.375831604 69842.742095947266 26947.587140917778
leaf_count=1415 189748 2540 1049 1396 239078 2577 1232 84891 2557 2650 83289 134473 826 156244 106472 1390 5691 1309 1982 1919 44976 4853 124528 3458 307637 1351 6628 48312 3817 87278 30849 1424 4289 22393 181276 423990 6219 18452 25934 317292 437526 894 2486 809 202593 3270 6053 1593 2191 15806 142999 6914 11585 6627 972 3351 1654 3973 28841 41951 91097 23009 9594
internal_value=-2.52018e-06 -0.000665725 0.000793777 -0.000373722 -0.00228063 0.00689584 0.000707175 0.00179455 -0.000912319 0.00661211 0.000402109 -0.000654658 -0.00995742 0.00067283 -0.00204707 0.0219493 0.00524933 -0.0146427 -0.0199851 -0.00199859 0.00036691 0.00988827 -0.00179792 -0.000544284 -0.000594377 0.0170933 -0.000205377 0.00129753 0.00155734 0.000685964 -0.0010213 0.00431115 -0.00184832 -0.00172687 0.00148052 0.000257336 0.00528392 -0.00162695 -0.00322933 -9.60568e-05 0.000215488 -0.00425081 -0.00866517 -0.00566144 0.00140147 -0.00679367 -0.00828831 -0.00377944 -0.000545864 -0.00023754 0.00200789 0.00334986 -0.00316972 -0.00449045 -0.00253555 0.00252055 0.00389475 0.00101312 -0.00355366 -9.27613e-05 0.000873854 -0.00288788 0.00277635
internal_weight=1.01399e+07 5.53226e+06 4.6076e+06 4.68512e+06 847145 64471.3 4.54313e+06 995336 2.71253e+06 46703 3.5478e+06 723516 30014.3 2.82428e+06 664298 6350.38 58120.9 17065.3 9620.01 817131 1.97259e+06 21504.5 631175 2.04823e+06 2.02223e+06 8401.39 1.18022e+06 1.19372e+06 948633 323328 101110 38301.6 386450 729169 1.07857e+06 1.87063e+06 21953.6 365476 121746 1.13825e+06 1.63056e+06 87962.3 11989.3 9112.05 1.05662e+06 33123.2 25877.2 12949 8538.17 771969 625305 26009.1 41971.6 25530.9 45749 36616.4 28399.6 14357.5 75973.1 726220 244663 126055 30652.2
internal_count=3733472 2039125 1694347 1706330 332795 24538 1669809 372895 988887 16434 1296914 263512 10441 1033402 242880 2439 22099 5831 3291 322354 717443 7430 231000 746007 735635 2766 427998 439632 356461 128571 41293 13668 129039 287405 391320 672467 7451 124750 48327 409785 593770 34949 4189 3295 383869 11880 9323 4610 3017 248477 227890 10372 18213 10444 16778 14669 11318 5627 30760 231699 92493 41461 11018
cat_boundaries=0 1 2 3 4 5 6 7 8 9 10 11 12 13 14
cat_threshold=32020120 34646075 30971664 48925136 26743301 2320615 38453632 40122920 33753389 17473543 26756821 34753183 970752 27525312
is_linear=0
shrinkage=0.03


Tree=5
num_leaves=64
num_cat=16
split_feature=5 10 3 3 3 0 3 5 3 19 1 1 1 1 0 1 0 5 19 1 0 16 5 15 13 9 1 19 1 19 10 10 10 1 19 16 0 16 17 10 8 10 1 1 16 5 10 8 17 1 8 1 0 6 0 9 8 1 0 0 8 19 19
split_gain=5649.01 2913.26 2767.02 1735.23 1704.85 1445.78 1369.87 1180.13 965.144 1106.02 953.364 840.094 776.896 742.897 688.634 680.681 625.624 604.022 596.83 583.248 558.548 588.181 490.592 482.877 4386.73 458.773 448.437 410.211 401.114 391.053 384.26 383.71 360.26 462.782 398.031 560.633 403.901 347.082 336.16 304.958 303.919 444.55 431.786 303.808 298.973 289.123 286.487 278.114 275.936 270.994 268.281 370.794 339.081 488.049 257.421 236.128 234.573 229.769 238.508 225.84 223.337 214.774 213.134
threshold=-0.2304522171616554 1.9644516110420229 0.50685244798660289 1.7527557015419009 -1.7563155889511106 775.50000000000011 -0.064054723829030977 2.0197230577468877 -1.7563155889511106 -0.64194113016128529 0 1 2 3 745.50000000000011 4 789.50000000000011 -2.2323027849197383 -0.56804123520851124 5 789.50000000000011 0.59267461299896251 -1.4421188831329343 1.3119027614593508 1.2035079598426821 -0.27023659646511072 6 0.2833652943372727 7 0.32682363688945776 1.9644516110420229 0.10113328322768213 1.9644516110420229 8 0.95626643300056469 0.59267461299896251 261.50000000000006 1.3424351215362551 9 0.040275949984788902 0.72863909602165233 -2.4594172239303584 10 11 1.3424351215362551 -1.1899090409278867 -0.22716146707534787 2.4924867153167729 12 13 1.9408048391342165 14 157.50000000000003 -0.13557609915733335 645.50000000000011 -0.76263108849525441 2.7955322265625004 15 929.50000000000011 929.50000000000011 2.5948152542114262 0.82401347160339367 0.37541826069355017
decision_type=2 2 2 2 2 2 2 2 2 2 1 1 1 1 2 1 2 2 2 1 2 2 2 2 2 2 1 2 1 2 2 2 2 1 2 2 2 2 1 2 2 2 1 1 2 2 2 2 1 1 2 1 2 2 2 2 2 1 2 2 2 2 2
left_child=1 6 5 14 -3 13 8 43 9 17 22 -7 16 30 -4 46 -8 -1 -9 -20 27 -22 -6 25 -25 32 -16 -17 -11 -23 31 -2 34 -34 39 38 -37 -18 -36 50 -29 42 -42 -5 56 -14 48 49 -10 -32 51 52 53 55 -41 -15 -27 -13 -59 61 62 -50 -45
right_child=2 4 3 7 10 11 12 18 15 28 -12 57 45 23 26 20 37 -19 19 -21 21 29 -24 24 -26 44 -28 40 -30 -31 47 -33 33 -35 35 36 -38 -39 -40 54 41 -43 -44 60 -46 -47 -48 -49 59 -51 -52 -53 -54 -55 -56 -57 -58 58 -60 -61 -62 -63 -64
leaf_value=0.019012475426131225 -2.0491541289202118e-05 0.024952610894639918 -0.0010654857924990017 -0.0057906117445387104 0.015543764430065304 -0.0027280857033265206 -0.0001393695964923168 -0.019667189065852745 0.0033107083775136153 0.00010594514126108585 0.0024029150163060835 -0.0012302772672031646 0.0013022751067657398 0.012724943221789383 -0.0014236906990253129 0.0013187648934658315 -0.0017130958447153148 0.0071169403436100618 -0.00013438982837483271 -0.013351999594209109 0.00022153146047642629 -0.0021878807375291321 0.0069387675793516242 0.036557247898208807 0.00024774333973040177 0.0020345778649346288 -0.003628305570660986 0.0023637848053128826 0.0047870638750260206 -0.0093217124869743248 0.0070276150850678938 -0.00089454658308532186 0.00041713685807121307 0.011773590583932441 0.0005781127827961186 -0.014110858245522172 -0.0014659043270125764 -0.0059213086187267358 -0.0039287292934593815 0.00010845179982820647 -0.017606108715937593 -0.00059517988098249392 -0.00083334355679337861 -0.0020600775965379597 0.0038488651559291272 0.00032502588233015241 0.0012886795321258389 0.011230289307822118 0.0017304551345195811 -0.00081213739139900901 0.00028244253609930096 0.00040980765083085274 0.0022442629666743308 0.019668757194296539 -0.001538742253217299 0.00197679857773318 0.00020370564443811934 -0.00044346844809131208 0.0019420601079726567 0.0060126834706154863 -0.003978699749562933 -0.0020378325080388305 0.0046754619579602438
leaf_weight=5894.13623046875 1085389.5618194342 4566.6826171875 1164086.2458496094 40097.214309692383 9689.521484375 266051.90478515625 617401.91796875 6343.3165283203125 158393.56640625 30034.694171905518 31296.490509033203 298841.287109375 397428.669921875 2428.2048344612122 154337.75366210938 709299.36474609375 140025.384765625 11047.2265625 4806.8008165359497 8029.2283582687378 208111.06646728516 56020.736450195312 15534.512420654297 3366.322265625 26801.966796875 129000.39904785156 179877.45361328125 30516.569458007812 36492.205730438232 7885.6990966796875 6314.6255769729614 774641.68359375 7800.1678771972656 5503.6518249511719 43255.088680267334 5433.9095640182495 3908.4090576171875 20178.271484375 22701.816575050354 419719.61837768555 2769.1308670043945 129482.45373535156 2756.7468185424805 11865.678344726562 42936.30859375 866547.1552734375 565228.99798583984 3658.1675624847412 206277.75716400146 10634.801587104797 392166.59547805786 116721.09107589722 95683.905029296875 2395.0742263793945 107190.7734375 7550.9799723625183 123058.7724609375 199368.56591796875 46517.240234375 10361.477294921875 25975.031661987305 14570.09561920166 6562.36279296875
leaf_count=1862 382504 1729 442229 16167 3375 82769 246425 2002 48408 10741 11945 91867 138792 999 66213 269997 59999 4081 1505 3048 88655 14509 6182 1056 8181 56181 61383 17002 15547 2215 2574 278638 3313 2055 18968 1377 1084 4608 11234 155332 897 51089 1232 5240 10615 305670 187234 1048 72893 4844 126629 48420 43873 674 39045 3893 50315 98357 22923 3790 9694 6628 2812
internal_value=-1.15496e-06 0.000826047 -0.000607354 -0.00166985 0.00733037 -0.000206768 0.000732033 -0.00542316 0.00125407 0.00441772 0.00590447 -0.00134635 0.000173284 6.19578e-05 -0.00141011 0.00112842 -0.00057283 0.01126 -0.0121405 -0.00841479 0.000635762 -0.000551529 0.0102426 0.000546504 0.00430472 0.000472266 -0.00261042 0.00100495 0.0026746 -0.00306882 -0.000339365 -0.000384508 0.000217898 0.005127 0.000164308 -0.00194833 -0.00882439 -0.0022433 -0.000973793 0.000303389 -0.000339814 -0.000950986 -0.00928018 -0.00389786 0.00153497 0.000632299 0.00172011 0.0037342 0.00234604 0.00211349 0.000756076 0.00158239 0.00284859 0.00752109 -0.000226653 0.00459717 0.00114074 -0.000671406 7.8613e-06 0.00168491 -0.0021864 0.00148181 0.000339116
internal_weight=1.01388e+07 4.28781e+06 5.85102e+06 1.60198e+06 61087.2 4.24904e+06 4.22672e+06 103680 2.18514e+06 83468.3 56520.5 810779 2.04158e+06 3.43826e+06 1.4983e+06 2.10167e+06 777606 16941.4 19179.3 12836 1.14684e+06 272018 25224 1.55762e+06 30168.3 1.52745e+06 334215 874824 66526.9 63906.4 1.88064e+06 1.86003e+06 1.23246e+06 13303.8 1.21916e+06 75299.2 9342.32 160204 65956.9 1.14386e+06 165525 135008 5525.88 84500.3 294995 1.26398e+06 954832 20607.6 389603 16949.4 616946 224779 108058 12374.3 526910 9979.18 252059 544727 245886 231209 44403.1 220848 18428
internal_count=3734566 1575505 2159061 610293 23231 1548768 1552274 40468 796780 32231 21502 295916 755494 1252852 569825 764549 311032 5943 6555 4553 445596 105379 9557 583244 9237 574007 127596 340217 26288 16724 669608 661142 456896 5368 451528 32663 2461 64607 30202 418865 70220 53218 2129 33913 117111 444462 318953 8466 131719 7418 224488 97859 49439 5566 194377 4892 106496 213147 121280 83311 17746 79521 8052
cat_boundaries=0 2 4 6 8 10 12 14 16 18 19 21 23 24 25 27 29
cat_threshold=2651766968 38 3221234599 2 3841995714 27 1423634013 64 80600193 28 1159203509 9 468485209 61 593508602 86 539037954 37 33578128 2047869220 64 3111343118 80 12288 71959577 587202594 32 572250112 72
is_linear=0
shrinkage=0.03


Tree=6
num_leaves=64
num_cat=14
split_feature=5 10 7 7 3 3 3 0 3 3 5 19 17 0 17 17 19 17 5 17 17 0 17 19 3 3 17 10 10 14 0 3 19 17 12 15 10 17 0 9 0 5 10 0 14 6 17 14 11 17 14 9 17 15 12 19 10 3 12 15 7 5 17
split_gain=5300 2872.59 2375.03 1682.46 1680.65 1663.93 1296.49 1167.79 1083.87 992.303 927.979 825.756 644.301 638.463 781.547 584.718 520.698 489.099 461.145 458.218 450.027 438.099 541.941 433.392 410.528 406.688 402.527 807.06 360.101 356.107 340.08 334.668 341.727 301.358 291.111 1093.09 350.388 274.154 263.569 261.051 259.922 323.746 248.77 237.766 236.376 236.284 230.845 228.317 341.19 218.332 214.719 213.777 212.529 410.494 787.609 211.169 254.775 204.809 201.678 213.499 198.65 195.192 195.149
threshold=-1.0000000180025095e-35 1.9644516110420229 0.28054545819759374 -0.55966201424598683 -1.7563155889511106 1.7527557015419009 -1.7563155889511106 717.50000000000011 0.22438745945692065 0.35857097804546362 2.0197230577468877 -0.47007459402084345 0 789.50000000000011 1 2 -0.48830065131187433 3 -1.0461278557777403 4 5 775.50000000000011 6 1.0000000180025095e-35 1.7527557015419009 0.58633190393447887 7 -1.1444867849349973 1.9644516110420229 0.83910587430000316 775.50000000000011 -1.029130160808563 0.95626643300056469 8 -0.63114520907402027 1.3119027614593508 1.9644516110420229 9 803.50000000000011 -0.46485877037048334 942.50000000000011 -1.9655067920684812 -1.0000000180025095e-35 789.50000000000011 0.7580358386039735 0.47605699300765997 10 -0.17343234270811078 0.56661278009414684 11 0.15688692033290866 -0.27023659646511072 12 1.3119027614593508 -0.64261594414710987 1.1229721903800967 0.040275949984788902 0.72144043445587169 -0.40829387307167048 -0.41400507092475886 -0.55966201424598683 -0.9160063862800597 13
decision_type=2 2 2 2 2 2 2 2 2 2 2 2 1 2 1 1 2 1 2 1 1 2 1 2 2 2 1 2 2 2 2 2 2 1 2 2 2 1 2 2 2 2 2 2 2 2 1 2 2 1 2 2 1 2 2 2 2 2 2 2 2 2 1
left_child=1 3 9 6 -3 7 11 25 13 20 49 15 18 31 29 -1 -12 -18 -6 38 34 -10 -23 33 60 28 61 37 42 58 55 32 62 47 36 51 -2 -28 -9 -31 41 -14 46 -35 -32 -46 -4 48 -8 -7 -24 -36 53 -33 -55 56 -22 -40 -15 -60 -11 -25 -5
right_child=2 4 5 8 12 10 23 19 21 24 16 -13 40 14 -16 -17 17 -19 -20 -21 30 22 50 26 -26 -27 27 -29 -30 39 44 52 -34 43 35 -37 -38 -39 57 -41 -42 -43 -44 -45 45 -47 -48 -49 -50 -51 -52 -53 -54 54 -56 -57 -58 -59 59 -61 -62 -63 -64
leaf_value=0.02471802700058584 0.00042274990364265689 0.023839729463669176 0.0012200074077920752 0.00098212637054341479 0.014488974068306635 0.0018431850016165929 0.0037994899173426355 -0.0020708502457805851 -0.00017338552878414429 -5.3865898089285679e-05 -0.02279957640144574 0.0040665531684354788 0.010866177977673799 -0.00120689892982304 0.0009529070956611381 0.0094430487813923457 -0.01911382456323393 -0.0029771636244122317 0.0053229764915306323 -0.001601583397410136 0.00066152895974395292 0.00022920704096070303 -0.0011247715127623566 0.0019295459535055856 -0.0034831603697049896 -0.0017604295671859768 -0.0084214457960719302 0.00040314546394353348 0.0035520092009521183 -0.0056642412443027104 -0.00064885344224568573 0.00096441045498045085 -0.0018493116038525023 0.0016081767006066747 0.000519727239635389 0.019013313172522774 0.0095161114167585572 -0.0026467516580369679 -0.0034324198207779308 -0.0010298682525869906 -0.0046832064498119417 0.0030567609771142666 -0.0010843024231733452 0.00013341884289279774 -0.0022619009459468164 -0.0091322780955105601 -0.00047320306052022815 0.0021506373762516071 0.014436984630488932 -0.005622369638452248 -0.0034536521481701877 0.0027316551313258893 0.00036905046719836387 0.0024311298999327179 0.018061131449545655 -0.001548822285217211 -0.00023247806262438831 -0.0058069456488460914 3.728858517873869e-05 0.008202614141640285 -0.0010380314699558815 0.00043462014225460857 0.0028206630428611566
leaf_weight=3364.0468726158142 356436.26904296875 4829.58056640625 89376 77246.528282165527 10070.017639160156 4040.0834817886353 23047.166976928711 105631.4111328125 1016570.5574951172 251352.02770996094 4360.9089050292969 20610.012512207031 5525.4088745117188 189658.94115447998 221343.16796875 6973.7726464271545 2853.1290371417999 4154.7052218914032 9709.9877090454102 280921.38854980469 652949.97586482763 94150.476196289062 54482.01203918457 172613.80078125 53272.69921875 355483.6630859375 12258.2939453125 143349.92553710938 18574.4609375 28334.103813171387 223213.904296875 799155.01608276367 20157.550048828125 404577.12797546387 74084.121318817139 3344.3183898925781 3849.930908203125 18732.24072265625 157554.44555664062 17820.908882141113 3257.6541748046875 35168.460411071777 568600.21997070312 130006.97290039062 31453.175140380859 5254.7931213378906 382755.10729980469 368116.72822570801 3072.2138824462891 27571.700697898865 103002.43461608887 83814.329578399658 757823.44711303711 14811.633209228516 3604.1405944824219 60515.23486328125 511728.62908935547 41267.549560546875 9161.8489685058594 4199.6261367797852 694879.48400878906 144342.66424560547 158986.87454986572
leaf_count=926 147556 1825 32009 31918 3558 1563 12030 32801 379927 98368 1385 8242 1984 63218 86844 2631 1099 1382 3752 122644 220122 36638 24504 65018 20887 133098 4517 59386 7349 6694 79661 266238 9068 160865 34360 966 1666 8277 48299 5411 1009 14091 207870 51473 8257 1231 142155 109888 931 11022 32870 31750 290352 4353 1056 24590 175428 13378 5701 1703 258572 56536 61366
internal_value=3.67009e-06 0.000686799 -0.000684985 0.000603521 0.0067858 -0.0014742 0.0014649 -0.00134869 0.000253453 -0.000148589 -0.00731418 0.00753891 0.00549168 0.000641387 -0.000344337 0.0144563 -0.0146632 -0.00958739 0.00998683 -0.00247562 0.000236087 -0.000450803 -0.00157151 0.00133251 -0.000920878 -0.00088241 0.000611899 -0.000545927 -0.000587756 -0.00149666 -3.01514e-05 0.000894584 0.00189974 0.00171366 0.000994207 0.00205369 0.00052005 -0.00493549 -0.0032819 -0.00387517 0.00346472 0.00411833 -0.000661657 0.00124951 -0.00101577 -0.00324651 -0.000152647 0.00234294 0.00505322 -0.0046693 -0.00264787 0.00169389 0.000730993 0.00106646 0.00549414 0.000178948 0.000268727 -0.00392541 -0.000955912 0.00260583 -0.000776605 0.00124873 0.00221967
internal_weight=1.01394e+07 5.09014e+06 5.04929e+06 5.02157e+06 68561.1 2.04314e+06 1.45106e+06 2.00016e+06 3.57051e+06 3.00615e+06 42980.5 30947.8 63731.5 2.3023e+06 470519 10337.8 11368.7 7007.83 19780 585375 2.00664e+06 1.26821e+06 251635 1.42012e+06 999504 1.41479e+06 491297 174340 1.05931e+06 249175 1.48512e+06 1.83179e+06 256391 928820 521529 161243 360286 30990.5 304453 46155 43951.5 40693.9 1.04073e+06 534584 259922 36708 472131 394236 26119.4 31611.8 157484 157898 1.57539e+06 817571 18415.8 1.22519e+06 1.16468e+06 198822 203020 13361.5 946232 316956 236233
internal_count=3734268 1874800 1859468 1848581 26219 756054 540720 739603 1307861 1103414 16451 11799 24394 833922 169571 3557 3866 2481 7310 217122 725587 473939 94012 528921 377827 522481 193734 72180 389383 82727 509289 664351 102352 335187 216298 67076 149222 12794 94478 12105 17084 16075 382034 212338 89149 9488 174164 122849 12961 12585 57374 66110 561999 271647 5409 420140 395550 61677 70622 7404 356940 121554 93284
cat_boundaries=0 1 2 3 4 5 6 7 8 9 10 11 12 13 14
cat_threshold=34613307 28874392 9568830 7939134 63739408 40003792 33892135 1390255 40151082 6848528 4375296 319489 38058537 9937605
is_linear=0
shrinkage=0.03


Tree=7
num_leaves=64
num_cat=17
split_feature=7 3 3 2 0 2 17 3 3 1 1 2 4 7 0 18 1 3 7 1 2 7 1 6 18 15 8 14 1 1 19 18 2 3 1 0 19 6 12 4 4 0 3 8 1 0 1 17 4 9 18 18 0 1 19 19 17 1 19 13 1 0 1
split_gain=5018.64 2455.64 2294.29 1967.98 1809.21 1673.53 1288.8 1194.72 1156.3 817.284 780.141 664.355 570.006 483.939 461.687 456.219 444.763 443.984 432.29 426.102 399.675 386.722 375.221 633.711 369.067 337.658 1186.18 327.539 321.059 314.051 313.161 303.286 388.636 370.845 299.095 297.586 292.029 274.076 272.688 262.529 283.983 260.302 259.015 258.166 453.568 250.166 247.379 241.563 232.072 226.368 219.968 219.099 211.192 260.37 201.308 197.447 331.836 194.368 250.2 245.239 195.583 193.061 243.364
threshold=-0.08216718956828116 1.7527557015419009 -1.7563155889511106 -1.0736950039863584 775.50000000000011 -1.3179268240928648 0 0.096147291362285628 0.22438745945692065 1 2 -0.72702601552009571 -0.13379042595624921 -0.72022336721420277 775.50000000000011 -0.82097086310386647 3 1.4770151972770693 -1.2798516750335691 4 -1.3179268240928648 -1.0342245697975156 5 -0.49537664651870722 1.8264871239662173 1.3119027614593508 1.6825375556945803 0.7580358386039735 6 7 -0.13611029833555219 -0.42421029508113856 -1.3179268240928648 -1.2094883322715757 8 942.50000000000011 1.1229721903800967 0.57884424924850475 -0.7236138880252837 1.007509380578995 1.0704205036163332 97.500000000000014 0.43098193407058721 0.72863909602165233 9 929.50000000000011 10 11 -0.98101535439491261 -0.27023659646511072 -0.69881606101989735 -0.32432694733142847 745.50000000000011 12 0.32682363688945776 2.3734664916992192 13 14 2.3734664916992192 0.072011616080999388 15 127.50000000000001 16
decision_type=2 2 2 2 2 2 1 2 2 1 1 2 2 2 2 2 1 2 2 1 2 2 1 2 2 2 2 2 1 1 2 2 2 2 1 2 2 2 2 2 2 2 2 2 1 2 1 1 2 2 2 2 2 1 2 2 1 1 2 2 1 2 1
left_child=2 4 3 10 8 12 11 9 16 21 18 22 24 34 20 46 25 52 -1 48 -11 -4 23 -6 -3 49 -27 -16 -10 54 -22 32 33 -18 45 -17 -21 47 -23 41 -41 -31 -13 44 -32 -9 -8 -29 -5 57 -12 -30 -15 -54 -7 -45 -57 -2 -59 60 -60 62 -33
right_child=1 5 7 19 6 29 15 13 28 14 50 42 -14 17 27 35 31 -19 -20 36 30 38 -24 -25 -26 26 -28 37 51 39 43 61 -34 -35 -36 -37 -38 -39 -40 40 -42 -43 -44 55 -46 -47 -48 -49 -50 -51 -52 -53 53 -55 -56 56 -58 58 59 -61 -62 -63 -64
leaf_value=0.029366578271381869 -0.0010357427051211662 -0.014606017972158086 0.0024641480730921545 0.0015053951949619228 -0.018359337576684162 -0.0027169967138555768 0.00233287817367677 0.001220688281557445 -0.00037457058470072383 0.0048150157104390008 0.014402786518692626 -0.0018013429004985375 -0.003690314262886513 6.2154918362999242e-05 -2.2919468094472321e-05 -0.0015022177406331292 0.01527516380983506 -0.002547750858491685 0.014877434256621627 0.0021012039318425552 0.0011988687356281208 0.00081499587915114663 -0.0038371939075611209 -0.0060119814021792704 -0.026744405047102179 0.00091043122926903275 0.018624529551521513 0.0049640685017234253 -0.00051559910733792668 0.0048834680257103255 2.1691735005004938e-05 0.0027544577356618445 0.00036839959954023863 0.0023033724963471502 0.00017399783907379675 0.001087874151707039 -0.0058978357414222323 -0.0096274499871763768 0.0018152330923099462 -0.017161197231523442 -0.0045578724776331164 -0.0046402986114099064 -0.0033530265411078641 -9.2606097114777009e-05 0.0049314940209752084 0.0052633242533810373 -8.2695251523966931e-05 -0.0025381617475340535 0.00734920580976604 0.0015739521207949112 0.0051100210296348121 -0.0014962656930417088 -0.0020613075063201729 -2.1102829273154719e-05 0.0036777789938983525 -0.010374899068496597 0.00062684648895897305 0.00061383847975372276 -0.015713455615057135 0.0019623276814062932 -0.0028318692974916675 -0.00051636069791234109 -0.00033781110731824894
leaf_weight=3744.8115234375 78567.79296875 8660.9224865436554 337501.51171875 8319.3874249458313 4709.2258439064026 12167.758346557617 51950.564697265625 286409.04541015625 747348.07421875 22189.88623046875 4022.9491271972656 332839.39978027344 3314.6036670207977 905336.49505615234 237117.4638671875 353676.30688476562 2999.9533081054688 73575.744140625 3705.1857414245605 26167.174789428711 579263.05816650391 519482.80932617188 45370.325927734375 18172.229478359222 3061.6769714355469 17122.274383544922 4240.9595031738281 4183.5134582519531 293330.97119140625 2736.1948890686035 48721.448913574219 38009.779720664024 507907.72381591797 5841.8250122070312 416873.19482421875 44999.4296875 4867.4178466796875 4531.0055236816406 464790.70776367188 3059.8289680480957 3397.9402008056641 44992.507179260254 136550.56799316406 340709.57446289062 25942.980224609375 14468.384765625 143587.69799804688 48542.757873535156 23120.37638425827 176003.62881469727 5341.8690376281738 681269.47607421875 104468.14453125 122081.41314697266 6960.9071350097656 4512.9993257522583 5426.1425199508667 607120.51557922363 2216.9154205322266 2710.612856388092 2057.070004940033 1048520.3131103516 57606.555908203125
leaf_count=1244 24224 2982 119902 3553 1414 4257 25313 111894 268710 7710 1390 103953 1135 334081 95742 147429 1103 30070 1180 9963 207972 165817 13270 5761 1037 5125 1425 1352 110113 1220 25472 15403 194107 2054 162110 18852 1856 1116 175394 1279 1582 18975 43984 123827 15764 5625 55805 11818 9760 65520 2014 253502 37576 46039 2316 1614 2404 201395 782 1014 1312 401747 21769
internal_value=8.48762e-06 -0.000605319 0.000734298 0.00579355 -0.000524217 -0.00556623 -0.00159067 0.000646439 -0.000241719 0.00106039 0.0149023 -0.0026549 -0.0146815 7.7576e-05 0.000532696 -0.000627693 0.00016375 -0.000289633 0.0221456 0.00334096 0.000832985 0.00158782 -0.00542047 -0.00855291 -0.0177863 0.000704874 0.00443051 -0.000514677 -0.000842387 -0.00369579 0.000745003 -0.000126234 0.000476984 0.00671076 0.0006943 -0.00120986 0.000845626 -0.002551 0.00128733 -0.00486189 -0.0105383 -0.00409387 -0.00225278 0.000126846 0.00172854 0.00141512 0.000559232 -0.00194203 0.00580149 0.000613233 0.00909786 -0.0012011 -0.000142838 -0.000962013 -0.000389386 -0.000214226 -0.00438115 0.000369112 0.000548862 -0.00509472 -0.00956744 -0.000398679 0.000891772
internal_weight=1.01385e+07 5.49308e+06 4.64542e+06 79289.2 5.40473e+06 88352.3 1.13186e+06 4.56613e+06 4.27287e+06 2.64292e+06 16814.8 537642 15037.2 1.92321e+06 1.32114e+06 594214 2.55093e+06 1.20546e+06 7450 62474.4 1.02677e+06 1.32178e+06 68251.8 22881.5 11722.6 890040 21363.2 294375 1.72195e+06 73315.1 1.00458e+06 1.66089e+06 516750 8841.78 717751 398676 31034.6 57257.3 984274 54186.5 6457.77 47728.7 469390 425313 74664.4 300877 195538 52726.3 31439.8 868677 9364.82 974600 1.13189e+06 226550 19128.7 350649 9939.14 692673 614105 6984.6 4273.99 1.14414e+06 95616.3
internal_count=3734128 2019869 1714259 30960 1985086 34783 415781 1683299 1569305 955904 5828 168382 5154 727395 494791 247399 936980 447766 2424 25132 384763 461113 20445 7175 4019 300797 6550 110028 632325 29629 377053 636183 197264 3157 279629 166281 11819 14286 341211 23056 2861 20195 147937 169081 41236 117519 81118 13170 13313 294247 3404 363615 417696 83615 6573 127845 4018 228727 204503 3108 2094 438919 37172
cat_boundaries=0 1 3 5 7 9 11 13 15 17 19 21 22 24 25 27 29 31
cat_threshold=29922832 212720769 61 2622152749 2 2852458658 13 1277142788 13 1073816320 2 722927807 34 535024 71 171756569 44 2421293160 64 77595656 36 131088 3774968806 3 9044800 4096 12 33554592 1 1083230725 34
is_linear=0
shrinkage=0.03


Tree=8
num_leaves=64
num_cat=17
split_feature=7 3 3 2 2 0 10 3 1 4 1 1 0 1 10 3 2 18 1 19 1 0 7 10 1 0 1 10 19 1 15 13 10 18 7 7 14 0 19 1 10 1 19 8 1 10 11 1 1 1 6 2 18 0 1 2 1 10 18 3 10 2 10
split_gain=4884.53 2278.07 2185.57 1964.04 1487.84 1260.93 1323.25 1251.83 959.454 810.244 808.032 798.794 725.712 706.196 617.791 611.418 582.884 587.675 560.1 505.398 576.216 503.394 502.392 487.227 482.73 463.977 460.435 394.282 478.481 381.465 447.473 970.346 381.128 374.272 362.801 350.755 344.636 328.236 327.601 327.127 326.399 312.383 307.516 302.511 477.66 369.227 299.377 293.159 290.535 288.77 463.013 282.367 281.972 283.104 408.262 266.257 262.882 261.526 261.322 261.084 255.593 262.363 253.861
threshold=-0.026433005928993222 -1.7563155889511106 0.62887448072433483 -1.0736950039863584 -1.8440827727317808 803.50000000000011 1.9644516110420229 -0.064054723829030977 0 -0.13379042595624921 1 2 803.50000000000011 3 0.040275949984788902 1.4770151972770693 -0.72702601552009571 -2.0249447822570796 4 1.3482177257537844 5 514.50000000000011 -1.2798516750335691 -1.5296894907951353 6 775.50000000000011 7 1.2610026597976687 0.82401347160339367 8 1.3119027614593508 1.0947058796882632 1.5109481215476992 -1.1019436120986936 -1.0342245697975156 -0.93955636024475087 0.7580358386039735 760.50000000000011 0.024229395203292373 9 1.9644516110420229 10 0.10759888216853143 0.65554237365722667 11 -2.4594172239303584 1.9528558254241946 12 13 14 -0.43310168385505671 -0.8156110644340514 -0.58347153663635243 157.50000000000003 15 0.2244791463017464 16 -0.91050890088081349 -0.82097086310386647 1.7527557015419009 1.9644516110420229 -1.0736950039863584 -1.0178364515304563
decision_type=2 2 2 2 2 2 2 2 1 2 1 1 2 1 2 2 2 2 1 2 1 2 2 2 1 2 1 2 2 1 2 2 2 2 2 2 2 2 2 1 2 1 2 2 1 2 2 1 1 1 2 2 2 2 1 2 1 2 2 2 2 2 2
left_child=1 3 5 10 9 6 14 13 16 15 58 -8 59 35 19 -4 17 -7 34 29 -21 -17 -12 24 -20 32 51 28 39 30 46 -32 38 -10 -9 40 -27 -25 -15 62 -3 -39 -38 44 -40 48 -2 -30 -45 50 -19 -14 53 54 -16 -13 -11 -48 -1 -6 61 -35 -5
right_child=2 7 4 27 12 8 11 18 33 56 22 55 26 25 52 21 -18 49 23 20 -22 -23 -24 37 -26 36 -28 -29 47 -31 31 -33 -34 60 -36 -37 42 41 43 -41 -42 -43 -44 45 -46 -47 57 -49 -50 -51 -52 -53 -54 -55 -56 -57 -58 -59 -60 -61 -62 -63 -64
leaf_value=0.014109027754000626 0.00062847582107440148 0.0022824789250840802 -0.0055689171305109081 0.010821163871031452 -0.0011483706666189216 0.0056533152098485724 0.010376018570937531 0.0015594728695488653 0.0013509559663830576 0.0032831044839142466 0.028621821097836647 0.003575584846592237 -0.0095682181054988231 0.0011680258299288386 -0.0063845610178536382 -0.025390462120079171 -0.0020083803846076996 -0.020046493124685021 -0.00033205315729572686 -0.0057440792293849607 9.7302739342747084e-05 -0.011526231455607501 0.014113520571804251 7.6699694203938832e-05 -0.0055019491055688426 -1.1208476349107305e-05 -0.0019029279866449832 0.011695142537292504 0.0050921877120682635 -4.4820778033206534e-05 0.016789946483221473 0.0014745780034106125 0.0054722391875141512 -0.0041941639030776898 0.00030286188049042897 0.0012667103764580057 -0.0015860314942242185 0.00070175621249738871 -0.00089869248924327922 0.00019367622604865174 0.0093423667055257398 -0.0016602627511385333 -0.0073409037202380283 -0.00038167106299361226 0.0050498724701462643 -0.00031058923619942672 0.01108979886115464 -0.0068391856057546802 -0.012873137276525191 -0.005013098394870766 -0.0066937083569131219 -0.0042527037862060135 -0.00078745431830720659 0.00053866825074941967 0.00038170557416320519 -0.0033282764170928215 -0.0058276435491867087 0.0026472502699244945 0.0035027160991347051 -0.0032309132070888311 0.0045220150634810033 -0.00075032085800611414 0.0041649691934321238
leaf_weight=3648.2481002807617 657103.18500429392 327210.60009765625 5793.1150516271591 6207.8558807373047 839037.63613891602 3997.8602294921875 16101.398559570312 271118.94140625 91238.0546875 3931.1819934844971 4150.5247802734375 22900.240800857544 10088.5107421875 631762.83848571777 13592.978546142578 4390.0139999389648 337365.72314453125 3252.5052769184113 33613.6787109375 26630.144165039062 35385.962280273438 5116.9568252563477 4487.198127746582 1012951.806640625 31476.010009765625 213911.29248046875 100980.87841796875 4615.6148071289062 2526.5727500915527 951777.41296386719 4968.7807922363281 14812.121673583984 15914.6943359375 21825.049682617188 871320.15563964844 879396.43359375 42834.880477905273 66383.45263671875 24223.118751525879 16400.368903160095 5997.50927734375 209118.23620605469 10378.694229125977 2994.2101898193359 24355.088172912598 223478.4658203125 3957.0142822265625 6861.3210792541504 3811.5803375244141 37208.43741607666 8305.9929759502411 82930.663177490234 1222257.400390625 277134.30395507812 19567.918670654297 6437.1672801971436 10291.991895318031 19867.161499023438 4898.7216186523438 57916.7158203125 7623.0528564453125 226349.01123046875 30444.948952674866
leaf_count=1220 229868 116369 2095 2268 319239 1046 6341 100408 40623 1217 1423 8883 3285 229084 4697 1423 98995 958 11699 11020 16013 1855 1492 385357 14774 86842 42575 1824 1230 355216 1174 4571 6497 9574 312942 307460 10467 35652 13485 6968 2305 69861 2826 1247 13324 83535 1038 2663 1337 9822 2725 29037 444724 100765 6944 2550 3802 5681 1793 23060 3318 100970 11976
internal_value=-2.58177e-06 0.000666682 -0.00065058 0.00555804 -0.00182258 -0.000324696 -7.35918e-05 0.000582623 -0.00144622 -0.00846739 0.0146052 0.0050102 -0.00164272 0.00107087 -0.000144741 -0.0132582 -0.00246697 -0.00539908 0.000111918 0.000246492 -0.0024122 -0.0179383 0.0210731 -0.000300952 -0.00283323 0.000552855 -0.00330644 0.00323859 0.0026126 0.000346277 0.000877493 0.00532493 0.000870439 -0.000298624 0.000601076 0.00158078 -0.00054868 -0.000173018 0.000789985 0.00371729 0.00240969 -0.00109116 -0.00270904 -6.64723e-05 0.00208474 -0.000520303 0.00074827 -0.00362894 -0.00740129 -0.00630563 -0.0104491 -0.00482917 -0.000582422 0.000225202 -0.00239421 0.00205974 -0.00331102 0.00405153 0.0080262 -0.00128286 -0.000887025 -0.00105326 0.0052922
internal_weight=1.01366e+07 4.98649e+06 5.15014e+06 84241.4 1.12048e+06 4.02966e+06 3.29249e+06 4.90225e+06 737166 29523.3 17184.7 45438.8 1.09095e+06 2.40627e+06 3.24705e+06 15300.1 390131 52764.8 2.49598e+06 1.7145e+06 62016.1 9506.97 8637.72 1.35354e+06 65089.7 1.19366e+06 194000 67056.7 62441.1 1.65249e+06 700708 19780.9 926540 347035 1.14244e+06 1.2126e+06 267125 1.28845e+06 910625 53053.2 333208 275502 53213.6 278862 48578.2 230284 680927 9387.89 6805.79 48766.9 11558.5 93019.2 1.53255e+06 310295 33160.9 29337.4 14223.2 23824.2 8546.97 896954 255797 248174 36652.8
internal_count=3733432 1838328 1895104 32857 427588 1467516 1199485 1805471 268031 10392 5928 17774 417196 874778 1181711 5373 113546 14551 930693 624581 27033 3278 2915 517343 26473 448644 74897 26929 25105 597548 242332 5745 348509 154485 413350 426134 100135 490870 342012 21212 118674 105513 13293 112928 26809 86119 236587 3893 2584 13505 3683 32322 557130 112406 11641 11433 5019 6719 3013 342299 113862 110544 14244
cat_boundaries=0 2 4 6 8 10 12 14 16 18 20 22 23 25 27 29 31 33
cat_threshold=3221828519 90 1664159698 124 2400109232 10 212720769 61 304925757 44 2118979105 96 21050240 67 3909300771 88 51720357 61 3625842053 25 214958144 16 2454716520 344403536 44 20980254 2 1073750784 2 3493930723 22 710410808 8
is_linear=0
shrinkage=0.03


Tree=9
num_leaves=64
num_cat=19
split_feature=5 10 3 2 2 0 3 2 18 3 0 1 4 2 1 1 0 1 1 5 1 1 1 15 13 0 1 0 16 0 17 0 0 9 10 3 3 1 10 1 16 2 14 1 10 10 8 1 1 0 1 5 5 9 9 15 1 1 8 1 9 5 10
split_gain=4941.6 2335.68 2258.39 1542.62 1541.46 1196.38 1136.05 1620.14 1609.75 1136.01 969.665 910.75 896.95 801.238 797.6 734.504 688.64 688.465 682.54 682.211 651.386 513.553 506.121 502.542 4192.08 469.887 707.928 458.135 486.687 449.844 535.754 416.02 405.174 399.537 395.228 366.153 348.212 324.035 319.371 414.146 316.354 315.693 309.144 303.997 286.435 356.465 296.482 281.197 266.767 262.357 437.111 258.358 255.375 247.551 688.447 859.038 245.986 242.161 220.377 216.13 209.561 209.311 208.585
threshold=-0.27797959744930262 1.9644516110420229 0.50685244798660289 -1.8440827727317808 -1.8440827727317808 775.50000000000011 0.22438745945692065 -1.3179268240928648 -1.6429651975631712 -0.95611605048179615 172.50000000000003 0 -0.13379042595624921 -1.3179268240928648 1 2 803.50000000000011 3 4 1.7875921726226809 5 6 7 1.3119027614593508 1.2035079598426821 529.50000000000011 8 775.50000000000011 0.59267461299896251 789.50000000000011 9 789.50000000000011 688.50000000000011 -0.27023659646511072 -1.8547923564910886 -1.029130160808563 1.7527557015419009 10 1.9644516110420229 11 1.3424351215362551 -0.8156110644340514 -0.14879423379898069 12 1.9644516110420229 0.10113328322768213 2.4924867153167729 13 14 817.50000000000011 15 -1.657455265522003 -1.7908884882926939 -0.77439677715301503 -0.79619011282920826 0.91087520122528087 16 17 2.7955322265625004 18 -0.51752331852912892 -1.0461278557777403 0.77917268872261058
decision_type=2 2 2 2 2 2 2 2 2 2 2 1 2 2 1 1 2 1 1 2 1 1 1 2 2 2 1 2 2 2 1 2 2 2 2 2 2 1 2 1 2 2 2 1 2 2 2 1 1 2 1 2 2 2 2 2 1 1 2 1 2 2 2
left_child=1 6 5 9 12 17 7 8 14 -3 -10 35 19 18 -1 27 36 23 62 -4 -15 -18 31 33 -25 -21 -27 -9 -29 30 -14 -8 43 38 -33 -5 -6 -31 57 -40 58 -23 47 51 45 -19 56 53 -38 -13 -51 -12 -37 54 -17 -56 -46 -2 -35 -22 -26 -24 -7
right_child=2 3 4 11 16 13 22 15 10 -11 32 49 29 20 -16 42 21 44 -20 25 59 41 61 24 60 26 -28 28 -30 37 -32 34 -34 40 -36 52 48 -39 39 -41 -42 -43 -44 -45 46 -47 -48 -49 -50 50 -52 -53 -54 -55 55 -57 -58 -59 -60 -61 -62 -63 -64
leaf_value=0.022792933062741903 -0.00071164520144181257 0.033724883719688292 -0.005128255373436693 0.019470568529159078 -0.00096020102710586415 -0.0074143546460886511 -0.00043618069560288648 0.00070238764047882455 0.016570630321328095 0.010053206831762978 0.015066277640023483 0.0034822499230866789 0.010012328162989227 -0.0021378547708461836 0.0083647692794897588 0.0034036308718716434 -0.0012536368858675571 -1.9459404073382892e-05 -0.0029062413005250813 -0.023493712748752296 0.00062147799604215018 -0.0078856301034194859 0.00087347113148186642 0.035926474527421974 -0.0006375941462658961 -0.00021794475774631735 -0.02010216449006548 0.00010210412860123296 -0.0026756230664603674 -0.017062701635965589 -0.0033410116904883823 -0.01391637766062229 0.00015456288126082046 0.0018726930520015874 -0.0025180419935903467 0.015273317147689093 0.00095167643421377793 -0.0037197118270837996 0.00026261287641589793 0.011252649372139151 0.0037622998159986105 -0.0034488381063036127 0.0011913705511250646 0.0026354379415494287 0.0070139529459013741 -0.00084257173160325299 0.010682027983521679 0.0014180053279394371 -0.0039116157811907547 -0.0083084226993706406 0.0043972613227929091 0.0053661588271448216 0.0062527637063436161 0.0028350909099131979 0.0035575279508415106 0.028942513870738349 -0.00072675430374979986 0.00035994963855437239 0.00012022748423767837 -0.0007481946275409015 0.0066710462791962685 -1.0482413825276015e-05 -0.015614188335452781
leaf_weight=5905.5413131713867 234872.88035774231 2973.6987686157227 7896.0253911018372 3011.0545654296875 1268858.7370300293 5438.8308868408203 281331.29638671875 839251.61608886719 4610.9249497652054 4726.2289657592773 3964.832275390625 22303.561597824097 3597.8823134899139 289682.80422973633 8386.1327590942383 15001.080261230469 113815.16333007812 1139048.5002599955 28854.957260131836 5004.2702598571777 145625.25018310547 16244.28955078125 408575.87890625 3357.901611328125 23564.674163818359 2913.0531768798828 3608.4597663879395 194296.45166015625 80197.52880859375 2837.719295501709 10735.709036588669 2841.1710205078125 34944.936676025391 132383.34469604492 72155.100952148438 3565.3610992431641 12198.283630371094 3900.6268539428711 7245.0255584716797 5367.9567108154297 44271.16015625 129469.42337036133 1288272.6567993164 18654.523414611816 5155.9497737884521 810431.826171875 3814.953649520874 120363.45069885254 60463.091369628906 5232.4425964355469 4537.966064453125 6571.6823424100876 13611.06915473938 82623.64729309082 2363.69873046875 2434.8627014160156 12939.126850128174 988645.41505241394 126093.84979248047 359949.8225402832 4148.0311584472656 588110.07189941406 5769.1708374023438
leaf_count=1849 68498 1128 2850 1239 482895 1655 122991 311120 1677 1750 1005 8666 1054 89408 2714 6770 51761 412766 11141 1567 75507 5047 145504 1055 7137 948 1305 81246 20629 825 3954 1368 12119 57228 31669 1285 4164 1559 2715 2031 10955 42772 422082 7030 2183 300357 1121 70855 24848 1516 1773 1775 5420 34521 1349 846 6007 365855 51154 125317 1322 211381 1620
internal_value=1.21563e-06 0.0008016 -0.000546828 0.00667908 -0.00149575 -0.000190916 0.000714807 0.0010695 0.00519505 0.0192111 0.00329002 0.00483102 -0.00727596 -0.00121218 0.0143544 0.000938971 -0.00134954 4.99784e-05 -0.00535152 -0.0119259 -0.00100362 -0.00276409 4.94799e-06 0.000518705 0.00429579 -0.0165786 -0.0112583 0.000354413 -0.000709484 -0.00298834 1.77925e-05 -0.000965431 0.00233402 0.000442433 -0.00295076 0.00982026 -0.00107587 -0.00937815 0.000203206 0.00495159 0.00141919 -0.00394344 0.00136981 0.00494261 -0.000323301 -0.000361642 0.00308734 0.00240168 -0.00309557 0.00168614 -0.00241191 0.00901312 0.00812909 0.00355704 0.00657006 0.016455 0.00148366 0.000154236 0.0010178 -0.000353669 0.000457367 0.00035188 -0.0116298
internal_weight=1.0139e+07 4.12082e+06 6.0182e+06 59961.4 1.64154e+06 4.37666e+06 4.06086e+06 2.70784e+06 83038.6 7699.93 68746.9 52261.5 40493.7 835321 14291.7 2.6248e+06 1.60105e+06 3.54134e+06 40063 19421.8 795258 259529 1.35301e+06 1.56995e+06 31070.6 11525.8 6521.51 1.11375e+06 274494 21071.9 14333.6 356328 64136 1.53888e+06 74996.3 20187.5 1.34152e+06 6738.35 1.23613e+06 12613 302748 145714 1.51106e+06 29191 1.97139e+06 1.94948e+06 21910 222787 72661.4 32074 9770.41 10536.5 17176.4 102423 19799.6 4798.56 18095.1 1.22352e+06 258477 505575 27712.7 996686 11208
internal_count=3733858 1513277 2220581 22777 625549 1595032 1490500 977587 28169 2878 23606 19899 14062 304648 4563 949418 611487 1290384 14416 6670 290232 99580 512913 567950 9514 3820 2253 412995 101875 7392 5008 156028 21929 558436 33037 7944 511907 2384 439099 4746 119337 47819 536423 9810 722434 713123 9311 114341 29012 11955 3289 2780 6705 43486 8965 2195 8190 434353 108382 200824 8459 356885 3275
cat_boundaries=0 2 4 6 8 10 12 14 16 18 19 21 23 25 27 29 31 32 34 36
cat_threshold=2668544152 6 3494834216 34 3814859626 66 2869236130 63 1073752998 11 3221300135 2 384615516 61 3774886464 25 705910469 112 17465351 2185366944 81 536940802 54 39428101 64 134546432 12 2152204849 36 1073750883 73 71958553 4224 28 94372936 52
is_linear=0
shrinkage=0.03


Tree=10
num_leaves=64
num_cat=17
split_feature=5 7 3 2 3 2 7 3 1 2 1 5 3 5 3 5 12 1 1 19 1 1 3 2 1 1 5 1 7 3 19 19 19 7 5 19 1 14 1 13 4 4 1 14 11 2 19 11 1 14 16 1 1 1 2 2 3 5 1 18 9 19 4
split_gain=4604.17 2529.35 1752.7 2174.17 1554.87 1316.71 1048.94 968.282 767.363 721.814 656.587 633.389 605.921 573.237 531.511 495.224 494.266 432.233 370.245 354.804 546.274 352.759 350.454 348.057 345.885 333.707 321.914 312.047 303.108 283.739 235.019 229.328 206.234 203.006 200.029 198.003 193.343 190.677 187.835 204.308 302.101 2482.09 185.957 185.93 472.494 1206.57 185.607 245.12 203.274 194.865 400.398 185 184.059 176.758 172.284 170.169 168.509 166.765 163.367 163.712 163.285 148.274 244.901
threshold=-0.3262657225131988 0.28054545819759374 -1.7563155889511106 -1.0736950039863584 1.7527557015419009 -1.3179268240928648 -0.78468674421310414 -0.096410565078258501 0 -1.3179268240928648 1 -2.2323027849197383 0.77094849944114696 -2.2323027849197383 1.4770151972770693 2.0197230577468877 -0.36316962540149683 2 3 0.95626643300056469 4 5 0.54604163765907299 -1.8440827727317808 6 7 -1.9655067920684812 8 -0.55966201424598683 0.58633190393447887 0.1394067928195 1.6960514783859255 0.62885972857475292 -0.60902532935142506 -2.2323027849197383 0.024229395203292373 9 0.15688692033290866 10 -0.7682247757911681 0.55193653702735912 0.64131778478622448 11 -0.17343234270811078 0.56661278009414684 0.36596243083477026 0.17122810333967212 1.9528558254241946 12 0.20728760957717898 0.20704916119575503 13 14 15 -1.8440827727317808 -0.29622258245944971 -1.4934133291244505 0.80611360073089611 16 -1.3812113404273985 -0.46485877037048334 0.62885972857475292 1.7814109921455386
decision_type=2 2 2 2 2 2 2 2 1 2 1 2 2 2 2 2 2 1 1 2 1 1 2 2 1 1 2 1 2 2 2 2 2 2 2 2 1 2 1 2 2 2 1 2 2 2 2 2 1 2 2 1 1 1 2 2 2 2 1 2 2 2 2
left_child=2 7 3 8 12 15 9 16 34 11 22 27 21 -10 28 -6 19 32 35 24 31 -3 46 53 56 30 52 -4 58 43 -7 -21 -5 -26 -1 -11 -13 -37 39 40 -30 -42 -18 44 -28 -46 -8 48 49 -48 -51 -16 -12 -14 -53 -33 -2 -23 -9 -60 -57 -45 -63
right_child=1 4 6 17 5 25 10 14 13 18 26 36 23 -15 51 -17 42 -19 -20 20 -22 57 -24 -25 33 -27 29 -29 38 -31 -32 55 -34 -35 -36 37 -38 -39 -40 -41 41 -43 -44 61 45 -47 47 -49 -50 50 -52 54 -54 -55 -56 60 -58 -59 59 -61 -62 62 -64
leaf_value=0.012129166686667981 0.0034735627945150977 -0.00036294364366225209 0.017331111859433181 0.0011614541846561139 -0.0083751389143599947 -0.0030508100661817182 0.00039776278716963369 -0.00039377493028769454 0.027064829537136161 0.0011786640883687258 0.0038789067110215677 0.0068365753955664755 -0.012108035581714353 0.012299688123310245 -0.00093287723061983999 -0.021378530626751074 0.003823546108644201 0.0045631532221965428 0.0019245450679039868 -0.0024515044507582543 0.00039782773616360844 -0.00093427483700260288 -0.0010713280300405032 -0.0020963485703477274 0.00091820786297341277 -0.0053400161760677042 0.0014337497879028068 0.0064526951306039066 -0.00086665741491222779 -0.0001273194838671114 0.0080978231625917184 -0.00030386345550631542 -0.0047920694817413208 -2.7264325373868262e-05 0.0032578181254260701 0.0010258642654118247 0.0018455866886093672 -0.0014033713813426795 -0.00041711562727931309 -0.00081791595807061915 -0.031808250390324144 -0.0021270679120795779 0.0010770777731593916 0.00086820783112627009 0.0015391606962264234 0.024220001640575098 -8.1528673692078898e-05 0.0062571911487538656 0.00011460403114182896 -0.01069905438981688 -0.0020681020412757385 -0.0092688261187793691 0.0013944261006952094 -0.004293002840525981 -0.0029980968119307999 -0.0068607268055163482 0.0010786815467599996 -0.0016153988068663644 0.0034098836032287979 0.00051584794292166907 -0.015387249348922506 -7.2529682297840523e-05 -0.0088829306117364365
leaf_weight=4775.77294921875 28399.0361328125 621721.17764282227 5061.2348480224609 20437.406379699707 4582.48876953125 3734.8348541259766 712322.69653320312 207787.271484375 5014.43603515625 221007.43978881836 43456.861572265625 10248.899829864502 4483.251823425293 4505.6118240356445 46443.200927734375 6232.4462890625 52526.769943237305 38460.20043182373 516168.08145141602 24109.130249023438 61057.752563476562 745185.39883422852 265088.1376953125 379550.2880859375 276468.89953613281 28890.18864440918 113426.55131530762 4553.8383941650391 31548.978240966797 308141.306640625 3118.3148803710938 2511.7047348022461 7035.1322021484375 783881.5281829834 4395.6511154174805 51623.012451171875 21971.407787322998 66582.000244140625 1254853.3703904748 165275.63946533203 2819.7830200195312 24787.415557861328 38460.569900512695 1140126.6265869141 7217.3410873413086 2979.047233581543 37568.872589111328 4565.79443359375 110149.62484741211 5311.4562921524048 53753.820197105408 4184.839599609375 70267.779052734375 6306.069465637207 67402.66259765625 8222.7426409721375 383117.19776916504 571767.16180419922 18616.775756835938 318198.02697753906 2684.4378781318665 99306.740966796875 2918.0765991210938
leaf_count=1629 13070 253866 1409 6889 1637 1286 256224 78272 1559 78489 15710 3757 1802 1520 19537 2007 21632 16744 194963 9324 26643 261644 107036 146756 93708 12003 61277 1888 14473 115602 1043 1046 2563 261115 1648 23595 7801 23609 438630 69434 1263 10275 22555 376009 2517 1153 15616 1320 48541 1832 19487 1533 23646 2013 26927 3425 158538 196754 6937 120151 1131 37739 1005
internal_value=2.14425e-06 -0.000509584 0.000800927 0.00507185 -0.0012776 -0.00670571 0.000707621 -2.98836e-05 0.0141017 0.00160678 0.00043659 0.0054542 -0.00116907 0.0200659 -0.000451463 -0.0158752 0.000513613 0.00251107 0.00141858 0.00038906 -0.00135323 -0.000951941 -0.000109829 -0.00224745 0.000505763 -0.00392946 0.000799908 0.0122097 -0.000337335 0.000694987 0.00202129 -0.00420083 -0.000363579 0.000219253 0.00787285 0.000648581 0.00343667 -0.000342466 -0.000560096 -0.00135943 -0.00287237 -0.0051639 0.00266327 0.000880486 0.00199002 0.00817437 0.000166119 -0.000614595 -0.000766472 -0.00177056 -0.00284508 -0.00240833 0.0023444 -0.00755966 -0.00336482 -0.00734482 0.00124396 -0.00122999 0.000267744 0.000675838 -0.00896533 0.000770071 -0.000324451
internal_weight=1.01374e+07 6.17893e+06 3.95844e+06 84624.2 2.37557e+06 46558.3 3.87382e+06 3.80336e+06 18691.5 897216 2.9766e+06 41835.4 2.32901e+06 9520.05 2.14192e+06 10814.9 1.66144e+06 65932.7 855381 1.57045e+06 98585.8 1.93867e+06 1.18876e+06 390340 1.47187e+06 35743.3 1.78784e+06 9615.07 2.02389e+06 1.67412e+06 6853.15 37528 27472.5 1.06035e+06 9171.42 339212 32220.3 118205 1.47929e+06 224432 59156.2 27607.2 90987.3 1.36597e+06 123623 10196.4 923672 211350 206784 96634.1 59065.3 118031 113725 10789.3 71587.5 13418.9 411516 1.31695e+06 544602 336815 10907.2 1.24235e+06 102225
internal_count=3733207 2280430 1452777 32552 880811 17976 1420225 1399619 6356 335511 1084714 14855 862835 3079 787432 3644 612187 26196 320656 568000 41569 712264 450056 150571 526431 14332 634658 3297 739435 595302 2329 14926 9452 354823 3277 125693 11558 47204 534075 95445 26011 11538 44187 479700 64947 3670 343020 86796 85476 36935 21319 47997 39356 3815 28460 5602 171608 458398 205360 127088 4556 414753 38744
cat_boundaries=0 2 4 6 8 10 12 14 16 18 20 22 24 26 28 30 32 34
cat_threshold=3777060802 124 3777114946 83 861024426 118 3809620580 67 1918370337 125 723849372 49 2885980256 45 534832 7 3390756896 100 3898376216 36 1619018244 2 1275672993 16 1610617346 80 1713114229 44 5541000 4 343997262 26 2966434755 64
is_linear=0
shrinkage=0.03


Tree=11
num_leaves=64
num_cat=20
split_feature=7 5 5 2 2 4 0 5 10 0 10 5 17 0 17 2 17 10 19 0 19 16 10 18 17 17 17 5 0 10 17 19 17 8 16 0 17 17 17 17 17 0 15 8 17 14 15 17 13 15 11 4 16 17 10 17 6 17 10 17 17 0 0
split_gain=4331.9 1927.38 1476.55 2872.58 1226.38 1025.68 1052.17 990.651 967.371 898.593 885.423 787.191 744.42 741.606 736.417 621.806 615.796 583.565 575.835 571.136 525.374 521.108 455.982 452.816 446.015 431.96 425.112 403.055 390.042 366.427 365.778 362.011 359.068 346.15 356.706 458.648 868.509 334.194 329.818 329.688 329.191 368.488 310.851 1031.89 306.005 339.792 551.202 296.907 292.69 355.192 548.723 669.975 292.067 278.83 290.439 552.246 275.288 271.275 284.082 352.313 258.664 257.542 255.429
threshold=1.0000000180025095e-35 0.27016253769397741 -2.2323027849197383 -0.92766210436820973 -1.8440827727317808 -0.13379042595624921 789.50000000000011 -0.47305001318454737 1.5109481215476992 803.50000000000011 1.9644516110420229 1.6332179903984072 0 775.50000000000011 1 -0.92766210436820973 2 1.9644516110420229 1.0000000180025095e-35 529.50000000000011 0.024229395203292373 0.73209384083747875 1.9644516110420229 -1.5001991391181944 3 4 5 -1.4421188831329343 645.50000000000011 0.040275949984788902 6 1.3482177257537844 7 2.8997081518173222 0.19028642028570178 97.500000000000014 8 9 10 11 12 845.50000000000011 1.3119027614593508 1.2464484572410586 13 -0.17343234270811078 1.3119027614593508 14 -1.2613623142242429 -1.5161291956901548 -0.076195906847715364 0.64131778478622448 0.39342825114727026 15 -1.3084688186645506 16 -0.13557609915733335 17 -1.5296894907951353 18 19 470.50000000000006 760.50000000000011
decision_type=2 2 2 2 2 2 2 2 2 2 2 2 1 2 1 2 1 2 2 2 2 2 2 2 1 1 1 2 2 2 1 2 1 2 2 2 1 1 1 1 1 2 2 2 1 2 2 1 2 2 2 2 2 1 2 1 2 1 2 1 1 2 2
left_child=2 10 3 8 5 11 12 17 23 22 13 -3 61 27 -15 52 -12 18 44 -13 28 57 29 24 -1 -19 -17 -2 39 31 -8 53 -24 -22 35 36 -35 -5 -33 42 -23 -42 -9 -44 45 46 -4 -30 -36 50 51 -50 -11 54 55 -6 -18 -20 59 -59 -27 -7 -25
right_child=1 4 7 37 9 6 30 20 -10 15 16 19 -14 14 -16 26 56 25 21 -21 33 40 32 62 -26 60 -28 -29 47 -31 -32 38 -34 34 48 -37 -38 -39 -40 -41 41 -43 43 -45 -46 -47 -48 -49 49 -51 -52 -53 -54 -55 -56 -57 -58 58 -60 -61 -62 -63 -64
leaf_value=0.023169324713892273 0.0013399521528182007 -0.0032295310588011123 0.0035551220622770476 0.0033488705116724192 0.010667680015466941 0.014326361734379988 -0.018687809150662205 0.0012373169535180118 0.026486543805293829 -0.0045107878359686351 0.0092581624796371446 -0.0236228674076445 -0.0032199714167877604 6.9518355630385445e-05 -0.0021251863543957517 -0.0031066733628372792 -0.0012767986876884316 0.016847293042167828 0.001111015219873039 -0.010564704943733641 -6.2616370181108692e-05 -0.0072242693065837542 -0.0017707825255027783 0.010340993786966769 0.0091259416416404893 -0.0013142915518391182 -0.0010975084422192988 -2.3966326718694834e-05 0.00060671347825104829 -0.0013510140184551738 -0.0064420078219661857 0.00084923100804101435 0.0050190565318139757 0.018150517733574786 2.3956464336161015e-05 -0.00060887173086889902 -0.0022942152171667955 -0.00030084830870106443 -0.0050716754852156397 0.00038709802589544079 -0.00029505436792469836 -0.0060817222516158257 0.00043848672514085874 0.019965157118156968 0.0010607154088814635 0.0017432035303664689 0.015751297185706038 -0.00067691123582004089 -0.026046580298357411 -0.0024567961500105229 -0.0030078595068828424 -0.0047299541447336198 -0.010517421549789107 -0.00066056656171764345 0.00025356139905506646 -1.5642300750748972e-05 0.004629347783450562 -0.0068013783184614277 0.00015201936545462865 9.0234998146106814e-05 0.0065278768436171182 0.0037442908214481152 0.0018382884895644844
leaf_weight=3923.7120761871338 219435.67602539062 7221.5731337070465 38643.172821044922 43190.404605865479 7237.4268798828125 3406.9421014785767 3431.6692314147949 478824.24060058594 3954.752685546875 27422.559967041016 14393.541137695312 4929.7912635803223 14401.998447179794 255045.0237121582 298802.19506835938 180532.52224731445 14368.097961425781 2832.5260467529297 330508.70683288574 7789.3082237243652 695353.09301757812 9733.6748657226562 10608.007781982422 7818.4145879745483 4335.2518901824951 5302.4409637451172 199618.23593139648 1750654.4723815918 274770.49755859375 965528.22769165039 6181.9825019836426 12082.910575866699 20627.974639892578 3428.7541732788086 35043.834289550781 106664.8720703125 4091.4997329711914 47301.494319915771 28285.256416320801 891124.14378243685 55560.156036376953 12047.509918212891 8284.7716751098633 3445.0634078979492 1011588.3490753174 312753.81887817383 3645.9101867675781 395722.09637451172 2598.9477806091309 92775.611450195312 8958.400318145752 2711.4795989990234 9925.4097595214844 726475.80638885498 164030.85788726807 10909.003051757812 14037.970275878906 12497.532081604004 212488.17697143555 14321.783348083496 13213.031036376953 5275.4499406814575 5361.4893655776978
leaf_count=1026 79187 2621 19604 17041 1721 1116 1027 161201 1393 10619 5849 1576 5235 101374 101747 57559 6035 988 128937 2732 288820 2124 4774 2607 1663 1998 83319 648941 102285 352222 2419 5733 7437 1216 12677 44196 1862 15676 11674 326719 15500 3417 2409 1211 356255 109064 1200 137306 1147 24886 3458 1228 2754 262927 62550 5273 4215 6104 90856 5901 5419 1695 1886
internal_value=-1.38063e-05 -0.000644577 0.000595898 0.00394388 -0.00125274 -0.00578148 -0.00251052 0.000518897 0.0128591 -0.00115186 -7.21432e-05 -0.0111431 0.000962777 -0.000144705 -0.00111458 -0.00241474 0.00420644 0.00102993 0.000977618 -0.0156332 0.000172659 0.000240418 -0.000880883 0.0103398 0.0158468 0.00596335 -0.00205179 0.000127955 0.000442835 -0.000939546 -0.0108468 -0.000520915 0.00271429 -0.000409971 -0.00135244 -0.000103893 0.00705421 0.00144153 -0.0033006 0.000730947 -0.00207019 -0.0013264 0.00135553 0.00617955 0.00132671 0.00208447 0.00460834 -0.000150877 -0.00235575 -0.00313478 -0.00754061 -0.0151771 -0.00610827 -0.000397407 0.000651997 0.00425287 0.00164168 0.000554053 -0.000215215 -0.00312436 0.0042828 0.00789343 0.00688416
internal_weight=1.01375e+07 4.98266e+06 5.15482e+06 115886 2.41592e+06 52638.7 32698 5.03893e+06 25393.6 2.36328e+06 2.56674e+06 19940.7 23084.4 2.52394e+06 553847 417499 42799.6 2.03514e+06 2.01379e+06 12719.1 3.0038e+06 647158 1.94579e+06 21438.9 8258.96 21348 380151 1.97009e+06 2.05217e+06 1.91455e+06 9613.65 949021 31236 951626 256273 114185 7520.25 90491.9 40368.2 1.38168e+06 77341.3 67607.7 490554 11729.8 1.36663e+06 355043 42289.1 670493 142088 107044 14268.8 5310.43 37348 908653 182177 18146.4 28406.1 569816 239307 26819.3 18515.5 8682.39 13179.9
internal_count=3733611 1834331 1899280 41292 886983 18421 11492 1857988 8575 868562 947348 6929 8046 931249 203121 154251 16099 747367 738962 4308 1110621 252839 714311 7182 2689 8405 140878 728128 731131 702100 3446 349878 12211 379490 90670 47274 3078 32717 17407 491540 21041 18917 164821 3620 486123 129868 20804 239591 43396 30719 5833 2375 13373 332471 69544 6994 10250 231798 102861 12005 7417 2811 4493
cat_boundaries=0 1 2 3 4 5 6 7 8 9 10 11 12 13 14 15 16 17 18 19 20
cat_threshold=19580438 35086695 35276987 13796411 33556499 62952720 15500868 4530528 300032 35993960 40175528 7269392 688128 38021416 40004066 4899200 4227072 341583 21547280 9307584
is_linear=0
shrinkage=0.03


Tree=12
num_leaves=64
num_cat=20
split_feature=7 5 5 2 2 19 10 10 0 1 10 19 0 1 0 1 1 1 14 15 16 16 1 13 5 0 0 5 1 1 19 18 14 1 7 5 1 1 18 1 1 1 0 0 1 2 16 10 1 18 0 1 19 6 18 1 1 0 1 2 0 10 8
split_gain=3998.27 1860.66 1343.21 2606.87 1128.87 847.025 831.174 793.262 748.195 729.492 711.452 700.982 681.288 705.209 678.902 940.752 642.155 606.949 585.462 1453.34 2628.87 576.144 593.506 1939.5 540.672 574.875 511.07 463.881 425.072 407.205 437.212 439.854 397.331 380.824 375.485 350.509 347.751 347.202 345.464 414.657 336.807 322.863 322.839 356.982 428.318 337.734 320.523 319.929 346.011 300.72 291.832 286.617 281.417 279.989 276.606 270.886 259.615 254.061 249.392 243.685 241.096 230.619 264.088
threshold=-0.054074671119451516 0.40870068967342382 -2.2323027849197383 -1.0736950039863584 -1.8440827727317808 1.0000000180025095e-35 1.9644516110420229 1.5109481215476992 645.50000000000011 0 1.9644516110420229 -0.38405977189540857 831.50000000000011 1 789.50000000000011 2 3 4 -0.17343234270811078 1.3119027614593508 -0.1751512140035629 0.36108247935771948 5 -0.88972625136375416 1.6332179903984072 514.50000000000011 775.50000000000011 -1.1899090409278867 6 7 0.48429609835147863 2.070167183876038 0.83910587430000316 8 -0.72022336721420277 -0.42327368259429926 9 10 -1.5001991391181944 11 12 13 915.50000000000011 157.50000000000003 14 -0.19760710746049878 0.73209384083747875 1.9644516110420229 15 -0.3741172850131988 929.50000000000011 16 0.37541826069355017 -0.5549393594264983 -1.2766487598419187 17 18 688.50000000000011 19 -0.41985671222209925 929.50000000000011 0.12197682633996011 2.8997081518173222
decision_type=2 2 2 2 2 2 2 2 2 1 2 2 2 1 2 1 1 1 2 2 2 2 1 2 2 2 2 2 1 1 2 2 2 1 2 2 1 1 2 1 1 1 2 2 1 2 2 2 1 2 2 1 2 2 2 1 1 2 1 2 2 2 2
left_child=2 6 3 7 11 17 12 38 47 -8 21 24 27 50 15 -13 46 18 19 -4 -21 22 23 -7 -3 -26 35 55 -10 -23 -31 42 59 -24 60 -19 -16 -34 39 -1 -28 -5 43 44 -32 -45 -12 56 -49 -29 54 -47 -39 -18 -14 -2 -6 58 -40 -15 -20 62 -58
right_child=1 4 5 41 8 10 9 -9 28 -11 16 14 13 32 36 -17 53 26 34 20 -22 29 33 -25 25 -27 40 49 -30 30 31 -33 37 -35 -36 -37 -38 52 57 -41 -42 -43 -44 45 -46 51 -48 48 -50 -51 -52 -53 -54 -55 -56 -57 61 -59 -60 -61 -62 -63 -64
leaf_value=0.021987238406297654 7.5061546941404634e-05 -0.0038034212575473788 0.0024346283526819083 0.0034687699695169056 -0.0013079210618816021 -0.028425187407041187 0.0080035618209416126 0.025539391068288547 -0.00090911283944118725 0.0005073583954748914 0.0017655561484813569 0.0061289978545115411 0.0017419895207196443 -0.0037003952906886394 -2.1540721598147145e-05 -0.0063392730172986958 0.011352546813796568 0.0012803946545750368 0.0017535163822832254 0.0019927933298833989 0.036208711338165937 -0.0002577839555621661 0.0012819877612017803 0.00046255376539369291 -0.023473677062573507 -0.0093977090351099676 0.00055316877388163644 0.00034590423973388028 -0.0023703944865918537 -0.0011065556615091204 -0.0024130285926291899 0.0045999461513325252 -0.0095513597462920721 -2.5191947587436282e-05 0.00077168156495521756 0.00036301749653755243 -0.012052822062269878 -0.0025606713033849613 0.017105985173113562 0.0077133141066007124 -0.0012468808169820403 -0.00012111434825164061 -0.012533476074319407 0.0011321835713718287 -0.015413928544569069 -0.012425285547119939 -0.0076658031072639327 0.0075646690407549892 -0.00014812693426630627 -0.00039835213629105698 0.0020763540001999966 -0.0036934394199574228 -0.0099455214426133268 0.0045452247859705955 -0.0013458309961181202 0.0016213651263686866 0.00046645984537890453 0.0024069344050889761 0.005349214687547196 -0.001093269024106273 0.0054322745816422066 -0.0010288458228542823 -0.00091864806435599524
leaf_weight=4026.6345291137695 178582.22778320312 7337.0818176269531 65552.289916992188 42202.298843383789 504833.76210021973 2768.0056610107422 21139.688537597656 3711.22900390625 275693.83837890625 26115.221618652344 16797.480880737305 11327.316796779633 34903.74951171875 40652.597778320312 2929.678955078125 10462.358345508575 9001.2163696289062 639625.7705078125 404714.92199707031 5055.7957000732422 3362.4280548095703 218642.72204589844 262256.00775146484 8513.3698272705078 3966.2144231796265 7664.194634437561 162719.56787109375 753869.19995117188 511917.54046630859 114086.03393554688 4127.7020874023438 4652.60205078125 10007.636260986328 852813.57928466797 719684.39331054688 905483.13806152344 8319.4948711395264 41299.993217468262 3238.5677909851074 3433.9162826538086 220053.7744140625 48400.716293334961 4682.7180633544922 11959.969725608826 5127.4399833679199 3879.9761123657227 4013.6900787353516 8619.1051635742188 13304.526672363281 1388593.4308564067 51558.33984375 26184.977231025696 5228.8542251586914 13756.030639648438 103582.322265625 237659.77075195312 329323.89257526398 5392.1319854259491 3318.2318336963654 156374.93139648438 16691.375 373293.08352661133 198588.48158550262
leaf_count=1059 68547 2536 31056 16181 186994 1564 8648 1322 120455 9148 7334 3579 14070 14271 1368 3982 4645 243114 125189 1615 1104 64469 99166 5659 1303 2573 72628 278703 170479 33481 1308 1409 2136 376417 222751 343825 2760 11285 989 1370 72914 16556 1398 3704 1512 973 934 3149 5466 515015 21047 8513 1475 4863 41715 81603 126335 1898 1154 57321 5143 135359 64955
internal_value=-1.12095e-06 -0.000568381 0.000624656 0.00384627 -0.00121919 0.000546803 -8.44551e-05 0.0128365 -0.00111663 0.00386311 -2.3868e-05 -0.00558794 -0.000146594 -0.00123193 -0.00294819 0.000142154 0.00375572 0.000830648 0.00135578 0.00394216 0.0156728 -0.000132238 0.000212953 -0.00662894 -0.0101841 -0.0142059 0.000499668 4.15758e-05 -0.00185894 -0.00112069 -0.00220046 -0.00425943 -0.0022674 0.00028226 0.00118812 0.000742785 -0.00893159 -0.00448435 0.0104017 0.0154666 -0.000481688 0.0015515 -0.00499632 -0.00430689 -0.00963934 -0.00313152 -5.47755e-05 -0.000707191 0.00288851 -0.00013647 0.000149761 -0.00482755 -0.00339082 0.00723646 -0.000567548 0.000957997 -0.000763267 0.00723412 0.011199 -0.00163128 0.00189929 -0.00045814 -5.45896e-05
internal_weight=1.01371e+07 5.31715e+06 4.81993e+06 113724 2.26758e+06 4.70621e+06 3.04957e+06 23120.7 2.21557e+06 47254.9 1.56326e+06 52006.3 3.00231e+06 443608 33038.8 21789.7 43568.4 3.14294e+06 1.21506e+06 73970.5 8418.22 1.5197e+06 1.12635e+06 11281.4 18967.5 11630.4 1.92788e+06 2.5587e+06 787611 393344 174701 60615.4 253564 1.11507e+06 1.14109e+06 1.54511e+06 11249.2 56536.5 19409.5 7460.55 382773 90603 55962.8 51280.1 9255.14 42024.9 20811.2 1.42796e+06 21923.6 2.14246e+06 190044 30065 46528.8 22757.2 138486 416242 1.40604e+06 11948.9 6556.8 197028 421406 901205 527912
internal_count=3733494 1956277 1777217 40529 831293 1736688 1124984 7792 813192 17796 617349 18101 1107188 163320 11689 7561 17776 1119339 386858 33775 2719 599573 482806 7223 6412 3876 732481 943868 290934 116767 52298 18817 86488 475583 353083 586939 4128 14896 6470 2429 145542 32737 17408 16010 2820 13190 8268 522258 8615 793718 76832 9486 12760 9508 55785 150150 513643 4041 2143 71592 130332 326649 191290
cat_boundaries=0 2 4 6 8 10 11 13 15 17 19 20 22 24 26 28 30 31 33 34 36
cat_threshold=3209609368 38 519621656 37 3997861948 19 563198310 105 203201568 28 512 595330136 53 2147562385 10 1074266530 60 227922052 32 16777506 2450190634 68 316817481 33 412470987 46 1074266114 16 3427677080 25 16777226 2875732576 59 3561508429 1679548868 96
is_linear=0
shrinkage=0.03


Tree=13
num_leaves=64
num_cat=21
split_feature=5 7 10 2 7 2 2 5 1 1 0 19 5 0 1 0 1 19 7 0 1 0 19 1 1 0 1 1 1 1 10 16 1 16 16 16 0 6 19 10 15 6 10 1 19 4 1 10 0 2 1 0 1 1 2 4 1 8 1 0 10 1 1
split_gain=3868.22 2093.9 2007.23 1529.94 1074.67 1058.19 1017.62 896.732 827.613 784.871 755.23 891.85 715.794 851.372 695.417 695.214 926.871 592.638 632.107 573.338 571.456 546.564 472.493 536.736 458.019 452.013 373.141 372.9 357.849 354.758 331.174 297.278 292.171 280.705 351.086 539.644 274.072 307.14 454.722 273.097 267.918 1622.7 265.963 369.752 280.841 276.099 263.944 258.065 256.945 254.798 249.693 328.864 243.818 241.41 238.505 335.255 365.8 337.644 378.595 401.428 342.342 366.922 294.309
threshold=-0.3262657225131988 0.38470408320426946 1.9644516110420229 -1.8440827727317808 -0.72022336721420277 -1.3179268240928648 -1.3179268240928648 -2.2323027849197383 0 1 789.50000000000011 -0.43491528928279871 2.0197230577468877 529.50000000000011 2 789.50000000000011 3 0.95626643300056469 -0.55966201424598683 775.50000000000011 4 645.50000000000011 0.024229395203292373 5 6 702.50000000000011 7 8 9 10 1.9644516110420229 1.6058590412139895 11 0.058166939765214927 0.24348878115415576 0.17303602397441867 172.50000000000003 -1.6703305840492246 1.1229721903800967 0.2613621205091477 -1.8840259313583372 0.63447225093841564 -1.1444867849349973 12 -0.024582839570939537 -0.17717035114765164 13 0.040275949984788902 217.50000000000003 -1.3179268240928648 14 142.50000000000003 15 16 1.0000000180025095e-35 0.78444683551788341 17 0.51680317521095287 18 426.50000000000006 -2.4594172239303584 19 20
decision_type=2 2 2 2 2 2 2 2 1 1 2 2 2 2 1 2 1 2 2 2 1 2 2 1 1 2 1 1 1 1 2 2 1 2 2 2 2 2 2 2 2 2 2 1 2 2 1 2 2 2 1 2 1 1 2 2 1 2 1 2 2 1 1
left_child=2 17 4 9 6 10 7 25 -5 -4 11 12 -3 -14 46 22 -17 18 -2 29 -12 30 50 -24 33 26 -1 -23 -8 40 52 39 49 -19 35 -35 37 38 -25 -18 41 -20 43 45 -45 -30 -13 -31 -9 -21 51 -6 -7 -38 62 57 -57 58 59 -56 61 -59 -26
right_child=1 5 3 8 15 21 28 48 -10 -11 20 14 13 -15 -16 16 31 24 19 32 -22 27 23 36 54 -27 -28 -29 42 47 -32 -33 -34 34 -36 -37 53 -39 -40 -41 -42 -43 -44 44 -46 -47 -48 -49 -50 -51 -52 -53 -54 -55 55 56 -58 60 -60 -61 -62 -63 -64
leaf_value=0.025205938862560704 0.00067997375133132967 -0.0038589595711650939 0.027737330301392405 0.0099790969716863336 0.0034218505751357027 -0.00031911382618410192 0.002011178936205752 0.010475358127767056 0.001745816367808669 0.008431983736369655 -0.013139564390106117 0.011113205675564218 -0.025574461849114764 -0.0044967697945380632 -0.0037513214048100511 0.00080074620068009068 -0.00072689691240825972 -0.00054669021322609895 -0.00060656306776217951 -0.0085731916313976139 -0.0048685610643797667 -0.0024624787422055884 0.00097646025164875008 -0.0031050168356912921 -0.0014848421581326445 0.0067214829947335993 0.0110771175906836 -0.0011033413087866901 -0.0020219047663615581 0.00064160706611898625 0.00288020388542254 -0.0052866577536476896 -0.00043617299485684282 -0.0062117304948841696 -0.0041063735115211388 -0.023778792836185478 -0.0015280681656775542 -0.0016345769447575309 -0.01833059920015695 -0.0025464492015037691 -0.00036435732705687702 -0.023052866988123418 0.0010470021763824451 0.00031415646772921219 -0.005297226800265971 0.0039260736002776986 0.0021792049958523005 -0.00018023015023090714 0.0022413592873785507 -0.0018163310656122667 0.00051216864662926404 0.0010832959442039906 -0.0011799321691667378 0.00029031526837715272 0.013570126705171822 -0.0096008769747717559 -0.0016624833382087826 -0.015321525532226155 -0.00020487258966920646 -0.0023831812693703371 -0.0013372414538732251 -0.0027120835769523376 0.0019875426941548878
leaf_weight=3210.1041030883789 970495.20703125 15849.013946533203 4073.9369087219238 16112.253684997559 58339.34228515625 562604.30972290039 375838.3112487793 3850.715913772583 34536.669654846191 3600.4131889343262 12258.481307983398 3484.2348022460938 3579.8614406585693 3328.7909030914307 23938.853970527649 267184.69580078125 219907.65509033203 10362.29598236084 23084.862182617188 5138.79638671875 19548.015640258789 343310.17700195312 261125.22149658203 5976.2178344726562 43533.739196777344 6567.0407252311707 3677.5680623054504 386049.71630859375 11966.173759460449 798005.18682855368 22765.8603515625 18121.57421875 224996.12451171875 4741.15380859375 16958.367378234863 2354.8434753417969 98938.963623046875 89816.664428710938 2502.1599731445312 112073.35833740234 1027177.2517089844 3309.8858642578125 500887.85067749023 13014.905799865723 20938.714134216309 16992.022041320801 20070.232363700867 604254.42224121094 29612.827054977417 214364.74560546875 834325.15509033203 747880.736328125 625278.86239624023 195576.81103515625 4305.092208147049 9421.44580078125 11742.508716583252 3349.8104858398438 17519.685384750366 2114.6991279125214 90671.958883285522 5472.4534301757812 44315.67073059082
leaf_count=1023 360598 5496 1470 6685 17605 214689 125278 1433 12574 1386 3512 1070 1183 1095 9176 102774 80007 4227 10471 1586 7994 110819 102083 3482 18655 2251 1202 161264 4792 292105 8939 3724 91658 2487 5689 882 40620 32269 1316 38332 358143 1418 199745 5501 9739 6488 6888 223101 10508 66955 327234 235848 227619 77086 2064 3743 5307 1196 10305 1140 37485 2387 19695
internal_value=3.95598e-06 -0.000464979 0.00073637 0.00626039 0.000653717 -0.00125104 0.00150945 0.00582105 0.004368 0.0187387 -0.00422844 -0.00249165 -0.00737401 -0.0154292 -0.000151606 0.000363779 -0.000529936 -7.70344e-05 1.72378e-05 -0.000204525 -0.0080635 -0.0010944 0.000604217 -7.76553e-05 -0.00144442 0.0123605 0.0177282 -0.00174315 0.00129413 -2.50755e-05 -0.000703553 -0.00154544 -0.00119596 -0.00467365 -0.00645295 -0.0120541 -0.000778399 -0.00215005 -0.00760658 -0.00134119 -0.00044105 -0.00342515 0.000816065 -0.0010224 -0.00314565 0.0014678 0.00350698 0.000287464 0.00319029 -0.00197462 0.000876017 0.00125252 -0.000772248 -0.000320606 -0.000965954 -0.001715 -0.00520313 -0.00111674 0.00208167 0.00830437 -0.00188638 -0.00752628 0.000266874
internal_weight=1.01364e+07 6.17976e+06 3.95665e+06 58323.3 3.89832e+06 2.04207e+06 986556 46918.3 50648.9 7674.35 102057 70251 22757.7 6908.65 47493.3 2.91177e+06 617287 4.13769e+06 3.87083e+06 2.90033e+06 31806.5 1.94001e+06 2.29448e+06 653936 266864 13454.7 6887.67 729360 939638 2.45583e+06 1.21065e+06 350103 444500 34416.7 24054.4 7096 392811 98295 8478.38 331981 1.05357e+06 26394.7 563800 62911.8 33953.6 28958.2 23554.5 1.40226e+06 33463.5 219504 1.64055e+06 806220 1.18788e+06 294516 232447 144598 21164 123434 23939.5 6419.79 99494.2 8822.26 87849.4
internal_count=3733496 2281041 1452455 22115 1430340 759744 367960 16417 19259 2856 36414 24908 7774 2278 17134 1062380 224837 1521297 1406035 1045437 11506 723330 837543 256856 115262 4476 2225 272083 351543 885238 451247 122063 160199 13285 9058 3369 154773 37067 4798 118339 370032 11889 226265 26520 15240 11280 7958 515206 11941 68541 580687 253453 442308 117706 101977 63627 9050 54577 13509 3204 41068 3583 38350
cat_boundaries=0 2 4 6 8 10 12 13 15 17 19 21 23 25 26 28 30 32 34 36 38 40
cat_threshold=2651242648 12 3905470636 55 4014901308 16 519998488 36 3758631842 27 273016023 12 536871457 2652037420 97 3356834595 74 143510657 44 1356394012 66 3758322599 2 289538822 67 570425376 303402167 70 1790259390 35 9570824 18 1243644302 26 1209540678 66 504825090 85 1397944518 12
is_linear=0
shrinkage=0.03


Tree=14
num_leaves=64
num_cat=19
split_feature=7 3 3 2 2 0 10 1 10 19 1 3 1 3 10 0 2 19 1 1 1 1 0 1 15 4 11 6 16 1 1 1 4 1 3 3 11 10 18 1 10 3 10 2 4 19 18 10 2 1 1 0 1 4 4 10 1 1 1 16 8 8 10
split_gain=3588 2263.15 1858.18 1285.4 1239.18 1093.03 948.403 936.528 732.972 767.93 726.318 701.655 691.107 670.874 663.074 661.983 619.616 550.902 664.974 528.752 490.638 464.007 425.746 404.832 474.643 969.567 2113.11 403.774 396.825 389.074 384.733 363.59 359.573 356.963 346 322.292 315.11 448.556 307.538 281.975 279.338 277.752 276.931 275.317 281.189 274.122 271.212 265.832 261.901 260.045 257.755 254.839 252.687 314.673 419.689 248.375 248.288 236.131 231.895 274.53 221.054 219.526 284.581
threshold=-0.25401739776134485 0.62887448072433483 -1.7563155889511106 -0.8156110644340514 -1.8440827727317808 775.50000000000011 1.9644516110420229 0 1.9644516110420229 0.7162228822708131 1 1.7527557015419009 2 -0.096410565078258501 0.040275949984788902 803.50000000000011 -0.72702601552009571 1.1229721903800967 3 4 5 6 514.50000000000011 7 1.3119027614593508 0.38342870771884924 0.50269123911857616 -0.49537664651870722 0.73209384083747875 8 9 10 1.3573725223541262 11 -1.4934133291244505 1.7527557015419009 1.9528558254241946 -1.0178364515304563 -0.82097086310386647 12 -1.1444867849349973 1.7527557015419009 1.9644516110420229 -0.028989185579121109 1.3573725223541262 2.3734664916992192 -0.69881606101989735 -0.22716146707534787 -1.3179268240928648 13 14 789.50000000000011 15 1.007509380578995 1.0704205036163332 0.96084678173065197 16 17 18 0.20704916119575503 2.4137189388275151 -0.091355957090854631 -2.4594172239303584
decision_type=2 2 2 2 2 2 2 1 2 2 1 2 1 2 2 2 2 2 1 1 1 1 2 1 2 2 2 2 2 1 1 1 2 1 2 2 2 2 2 1 2 2 2 2 2 2 2 2 2 1 1 2 1 2 2 2 1 1 1 2 2 2 2
left_child=2 5 3 12 11 6 14 16 9 13 -8 -3 -1 31 17 41 27 23 60 -10 35 28 -13 24 36 -26 -27 30 45 55 -7 47 58 -15 -12 -17 -2 -38 -9 -16 49 -6 48 57 61 -11 -14 -4 -40 -35 -44 -42 -43 -54 -55 -5 -24 -23 59 -20 -19 62 -45
right_child=1 4 8 29 15 7 10 38 19 21 34 22 46 33 39 20 -18 18 32 -21 -22 43 56 -25 25 26 -28 -29 -30 -31 -32 -33 -34 40 -36 -37 37 -39 42 -41 51 52 50 44 -46 -47 -48 -49 -50 -51 -52 -53 53 54 -56 -57 -58 -59 -60 -61 -62 -63 -64
leaf_value=0.02135112659964334 0.00077488163278665852 -0.0042549125509436054 0.0022650669358114514 0.0044938820499673647 -0.00093406288465978536 -0.0035376715321961223 0.00040768395520352104 0.00070702779035821197 0.00017039620202834247 -0.0012613071693603516 0.017534885725119791 -0.020886988994979441 0.013851863500900475 0.00079121662491573241 0.00013965659637513663 -0.0037019457182015645 -0.0016603917755778671 0.0021536418183310114 -0.015265156618259635 0.0068797534732352632 -0.0014172541729533048 0.0037192562735658048 -0.014940940021675012 0.00016499545497190493 -4.3458433119229266e-05 0.0010042094713777487 0.028322589092821083 -0.0039326892519439939 -0.0082424474431880314 -0.00023630198866340569 -0.016029152982447552 0.00069133167123039906 -0.014431087336458835 -0.006947408149310717 0.006531911414630328 -0.0092035993382600552 0.013269157691984649 0.0024716473399009316 -0.0039940371990131425 -0.00064262807958352804 0.00032094799220806731 -0.00040045589061997515 0.010291747233193085 0.013077381364387897 -0.0074622141012510926 -0.0066114202940061742 0.0046591558149570922 0.0011885272850749814 -0.00065657169828536779 -0.0012682467165613239 0.00044318440861212596 -0.0010307692054988724 -0.003278658918983541 -0.018851004048731877 -0.0017662720671932058 0.014139026973947644 -0.0028502800152814009 0.00026326748323867501 -0.0027752188409781819 -0.001632513991927632 -0.0021145580612209982 -0.00087218976220591047 0.0010792564076061082
leaf_weight=5671.4962844848633 761931.29055017233 22345.177734375 344230.94091796875 26305.357757568359 1043874.6813049316 3795.4519348144531 22779.967407226562 204693.443359375 16621.481750488281 75853.344512939453 2907.5857543945312 4316.4747581481934 5045.441593170166 806860.46929931641 627835.849609375 105212.88510131836 382517.86083984375 33406.833179473877 3064.5410747528076 29064.764099121094 111985.8271484375 25997.692321777344 2902.5842056274414 1267637.7267150879 14074.5732421875 6350.5694580078125 4251.6888427734375 39831.948873996735 9795.9480285644531 18066.554275512695 5408.7344450950623 680631.9775390625 2844.7537994384766 8565.4053955078125 22187.439025878906 10541.8876953125 3988.1271362304688 26098.411926269531 22437.172241210938 1221480.033203125 635970.6530456543 24830.699645996094 3830.3935699462891 2238.279296875 5484.2733154296875 9719.6766967773438 6766.2838020324707 515771.50296020508 370907.72937011719 47162.292724609375 6342.8659515380859 156390.60943603516 42388.885766983032 2842.5152492523193 2374.1102752685547 2641.2725372314453 3251.8687705993652 56333.531555175781 45364.420318603516 2347.4986133575439 16218.713756561279 137320.73065185547 8605.3795776367188
leaf_count=1767 242788 7945 116230 10497 398516 1330 9074 81428 6708 37544 1073 1405 1802 294395 244213 36454 119018 15212 1381 11511 47569 10405 1110 489473 4118 2003 1043 11752 2849 7392 1654 263162 1109 4161 8704 3888 1040 7370 8572 427229 237036 8588 1902 1180 1944 5454 2536 173447 148830 17198 2313 58433 18008 1168 1185 1082 1078 22441 19894 1019 5841 53845 4496
internal_value=1.84322e-06 -0.000420276 0.000756388 0.00580295 -0.0015001 -0.000130145 9.09067e-05 -0.000998554 0.000665274 0.000616364 0.00428831 -0.00725946 0.0127468 0.000758909 4.1123e-05 -0.00135946 -0.00206739 0.000394633 -0.00174437 0.0044406 -0.00283349 -0.000758352 -0.0136661 0.000500592 0.00102147 0.00511838 0.0119675 -0.00524222 -0.0025241 0.00321958 -0.0109041 0.00120942 -0.00405995 0.000339512 0.00780688 -0.004203 0.000893805 0.00390488 -0.000240116 -0.000377048 -9.02445e-05 -0.00105873 -0.000720584 -4.45967e-05 -0.000794691 -0.00186934 0.00858281 0.00161942 -0.000846996 -0.00214316 0.00416511 5.41509e-05 -0.00285508 -0.00413426 -0.0110848 0.0053744 -0.0085889 0.00135521 -0.00347834 -0.00934165 0.000758475 -0.000547651 0.00356072
internal_weight=1.01385e+07 6.5014e+06 3.63712e+06 64496.4 1.37687e+06 5.12454e+06 4.08477e+06 1.03977e+06 3.57262e+06 3.52693e+06 47875 32816.1 17483.2 3.19558e+06 4.0369e+06 1.34405e+06 431554 2.18758e+06 103247 45686.2 227741 331349 10470.9 2.08433e+06 816695 24676.8 10602.3 49036.1 95369 47013.2 9204.19 1.54063e+06 53621.2 1.65495e+06 25095 115755 792018 30086.5 608212 1.84932e+06 848089 1.11631e+06 403518 235980 153649 85573 11811.7 860002 393345 55727.7 10173.3 792361 72436.2 47605.5 5216.63 28946.6 6154.45 82331.2 50776.5 5412.04 49625.5 148164 10843.7
internal_count=3733812 2386297 1347515 25076 526914 1859383 1482584 376799 1322439 1304220 18851 11538 6105 1164062 1463733 515376 133754 792291 44456 18219 87911 140158 3593 747835 258362 7164 3046 14736 45847 18971 2984 552839 23403 611223 9777 40342 251198 8410 243045 671442 316828 427465 161617 94311 61465 42998 4338 289677 157402 21359 4215 295469 28949 20361 2353 11579 2188 32846 22294 2400 21053 59521 5676
cat_boundaries=0 2 4 5 7 9 11 12 14 16 18 20 22 24 26 28 30 32 34 35
cat_threshold=3221304231 10 280050755 117 2487918605 2173352284 23 19971394 73 3909300775 88 1982874150 34681249 45 1277138816 61 2147487744 2 212720801 61 440192057 44 2854572178 11 536879168 16 581222424 48 2152274162 76 2431312646 5 143132992 19 1536
is_linear=0
shrinkage=0.03


Tree=15
num_leaves=64
num_cat=20
split_feature=3 10 7 1 3 7 3 3 19 0 7 19 3 0 1 1 0 3 1 1 19 6 0 1 0 1 1 10 1 10 1 1 10 1 18 16 19 19 1 8 11 10 1 18 12 19 18 6 16 1 0 1 1 15 15 0 1 1 18 1 10 19 6
split_gain=3381.44 2011.65 1762.16 1310.23 1244.47 1220.69 984.346 888.084 953.532 832.417 660.667 659.889 647.062 615.289 564.499 537.902 453.443 446.552 430.793 413.141 407.052 390.513 387.686 378.736 371.827 424.18 359.585 318.51 317.682 315.556 393.221 309.903 306.514 296.966 304.851 293.729 495.702 291.376 291.047 295.907 612.638 285.59 314.596 276.764 256.41 245.91 245.701 242.976 346.175 238.565 230.534 301.498 229.339 254.012 315.062 226.537 265.041 225.479 223.132 222.571 331.132 220.047 244.472
threshold=-0.096410565078258501 1.9644516110420229 0.24978721141815188 0 1.7527557015419009 -0.026433005928993222 -1.7563155889511106 -1.7563155889511106 -0.804693043231964 659.50000000000011 -0.72022336721420277 -0.48830065131187433 1.4770151972770693 942.50000000000011 1 2 831.50000000000011 -1.3307987451553343 3 4 0.82401347160339367 -1.124759793281555 775.50000000000011 5 745.50000000000011 6 7 1.9644516110420229 8 1.9644516110420229 9 10 -0.12642879039049146 11 2.4210708141326909 0.81742417812347423 0.42878660559654241 0.024229395203292373 12 5.1909887790679941 -0.53359326720237721 -0.10356964543461798 13 -0.3741172850131988 -0.44191642105579371 -0.1158856153488159 -0.044073477387428277 -0.75956422090530384 0.30758938193321234 14 929.50000000000011 15 16 1.3119027614593508 1.4209709763526919 187.50000000000003 17 18 -0.88710606098175038 19 -1.5296894907951353 1.1229721903800967 1.0277248024940493
decision_type=2 2 2 1 2 2 2 2 2 2 2 2 2 2 1 1 2 2 1 1 2 2 2 1 2 1 1 2 1 2 1 1 2 1 2 2 2 2 1 2 2 2 1 2 2 2 2 2 2 1 2 1 1 2 2 2 1 1 2 1 2 2 2
left_child=1 5 10 6 9 7 -3 8 15 27 29 28 24 17 32 -1 43 18 -5 -11 26 49 45 -18 37 -26 -10 41 -6 59 -31 -29 50 -13 -35 -24 -37 -12 39 -39 -41 42 55 -7 -34 -16 -21 48 -8 -19 61 -52 53 -45 -55 56 -4 -23 -25 60 -2 62 -9
right_child=2 3 4 13 11 16 47 14 20 19 12 33 -14 -15 22 -17 23 21 -20 46 -22 57 35 58 25 -27 -28 31 -30 30 -32 -33 44 34 -36 36 -38 38 -40 40 -42 -43 -44 52 -46 -47 -48 -49 -50 -51 51 -53 -54 54 -56 -57 -58 -59 -60 -61 -62 -63 -64
leaf_value=0.023927462387537755 -0.0040909358659407995 0.030828642846362449 0.0066197460776848838 0.020553926137019483 -0.015132297420668798 0.00071800334988179058 0.0088410952262079866 0.0017456416643262078 0.0062503022104418125 -0.0034797168547855569 0.00018951863847865236 -0.00084032697925358292 -0.0024019144642853109 -0.0080746670424543497 0.0011286937577836384 0.0079958725857488724 -0.0021545163732030804 -0.0097439271882489159 0.0063959442992398852 -0.00097842842623324091 -0.0024132999669839094 0.0011411324167157773 -0.00015294945577102494 0.001163510423163561 0.00010946667847236061 -0.0017054800110241652 0.0016248745750103344 -0.0011394323905582302 -0.0067011382548238622 -0.0025471427237209253 0.0070633651456561627 0.0057876992982530996 0.0006824356483878573 -0.0046199069232065069 -0.015776443572674988 -0.0018261968789323318 -0.012780093729793406 -0.0016609671493713726 -0.00030456074877907558 -0.02015493424450087 -0.001416728790755409 -0.0010119766440485813 -0.0009250439697935397 0.00028322097773854664 0.0025688390717317406 0.00010865694408020114 -0.0021906460969518394 0.0059922438177305052 0.023941645489122105 0.0027986201392072099 0.0082770066869354043 0.0010728018076629261 -0.00047746915777944446 0.012249400184063489 0.00090136912572277752 0.00014340651902026221 0.0013288089964960152 0.0063577163850994838 -0.00091108649939202998 0.0008859713980268149 0.00012897375931242649 -0.0011156293464411153 0.004955745249351
leaf_weight=2966.9799900054932 17763.0947265625 2528.19482421875 10336.321014404297 2617.9971618652344 7411.8941307067871 615888.1142578125 3601.5854777097702 471158.56042480469 30291.727331161499 119697.0654296875 1441672.2794831395 20561.932815551758 128105.9140625 3770.056640625 524395.18422698975 5421.5637111663818 144641.9462890625 3154.9745979309082 7457.2283935546875 318982.046875 10670.5771484375 12397.47305059433 210823.69366455078 74334.56005859375 195761.82958984375 284067.39575195312 30257.178186416626 10112.749740600586 8946.4562110900879 5278.8706207275391 13926.855941772461 13649.838150024414 549054.66259765625 22683.396041870117 2438.10986328125 39149.32536315918 4103.6883087158203 89324.852478027344 455420.79565429688 2444.5728225708008 4377.2534103393555 792933.12173461914 217023.953125 554533.91381835938 73531.55419921875 357872.63144683838 284896.416015625 6036.6308861970901 2206.7444515228271 2390.9932827949524 11345.151550292969 9711.6380004882812 598703.90325927734 3583.3753662109375 5701.0736083984375 200458.6064453125 48321.463500976562 18770.64467048645 125304.36865234375 573510.87170410156 287956.50231933594 22919.96044921875 22362.144653320312
leaf_count=839 7276 973 3288 1179 2288 230018 2166 166316 12149 37433 504280 7131 52322 1215 189178 2085 48111 1764 2800 118622 4420 4333 84847 29793 75954 97713 11600 3738 3763 1707 6030 5283 186736 9903 1050 9474 1140 43321 171162 1403 1746 282787 85772 197188 31925 143146 106432 1958 772 1346 3192 4386 237256 1038 1791 70660 17356 6805 50648 219188 109702 9791 5138
internal_value=3.79563e-06 0.000609417 -0.00049169 0.00585191 -0.00118359 0.000533742 0.0138403 0.00100083 0.00411582 -0.00105481 -8.07639e-05 -0.00536839 -0.000323013 0.00357635 0.000892833 0.0136797 1.0911e-05 0.00451666 0.0101099 -0.00186958 0.00298846 0.00298056 0.000417574 -0.00098563 -0.00021532 -0.000965054 0.00394053 -0.000598803 -0.0105381 0.000620598 0.0044242 0.00284203 0.00135835 -0.00351628 -0.00570333 -0.000614995 -0.00286682 -3.48359e-05 -0.000621244 -0.00212094 -0.00814133 -0.000663241 -8.24743e-05 0.000203833 0.000905251 0.000714941 -0.00155031 0.0102145 0.0145939 -0.00435141 0.00188318 0.00495983 -6.85696e-05 0.000365632 0.00528543 0.000623239 0.00226299 0.00428568 -0.000138604 0.000537488 -0.000116273 0.00175769 0.00189114
internal_weight=1.01417e+07 4.56366e+06 5.57806e+06 64932.5 2.07845e+06 4.49873e+06 14373.2 2.37604e+06 79608 2.01641e+06 3.49961e+06 62041.8 2.60117e+06 50559.4 2.29643e+06 8388.54 2.12269e+06 46789.3 10075.2 723576 71219.5 36714.1 1.13634e+06 344281 2.47307e+06 479829 60548.9 1.29284e+06 16358.4 898436 19205.7 23762.6 1.16008e+06 45683.4 25121.5 254077 43253 1.99324e+06 551567 96146.7 6821.83 1.26907e+06 476140 1.77841e+06 622586 882268 603878 11845 5808.33 5545.97 537497 21056.8 1.16252e+06 563818 9284.45 259116 58657.8 31168.1 199639 879230 305720 516441 493521
internal_count=3734826 1687516 2047310 25311 755506 1662205 5869 866362 31093 731371 1291804 24135 947901 19442 835269 2924 795843 18227 3979 262487 28169 14248 427785 128552 895579 173667 23749 468884 6051 343903 7737 9021 407484 18084 10953 95461 10614 721912 217632 46470 3149 459863 177076 667291 218661 332324 225054 4896 2938 3110 188823 7578 437273 200017 2829 91304 20644 11138 80441 336166 116978 181245 171454
cat_boundaries=0 2 4 6 8 10 12 14 16 18 20 22 24 26 28 30 32 34 35 37 39
cat_threshold=2399928344 2 212720769 61 1342222375 80 6466560 9 1073754656 8 3221365686 90 486312984 116 1549714821 33 3603652623 86 8428802 65 49286434 22 1174940151 15 1687159296 5 1796454461 37 1617039680 8 134781953 8 2835722662 29 1073741829 1074799619 101 2759996098 81
is_linear=0
shrinkage=0.03


Tree=16
num_leaves=64
num_cat=14
split_feature=5 3 3 2 5 7 2 7 4 3 17 3 7 3 2 19 17 17 18 17 5 18 17 7 6 17 12 17 9 4 8 6 12 15 5 12 16 17 2 17 17 17 8 16 19 4 18 2 17 8 11 15 11 19 2 4 15 19 17 19 2 4 17
split_gain=3501.01 1650.91 1549.55 2149.61 1155.98 1152.32 1128.65 991.869 768.123 620.671 573.175 500.745 434.946 433.199 417.724 410.752 364.637 360.905 311.899 308.415 305.6 299.809 291.041 281.902 281.115 271.461 282.247 270.85 269.751 251.791 241.567 359.427 222.656 850.745 218.231 240.534 219.13 215.259 197.596 195.471 195.213 186.646 185.184 180.209 179.574 181.844 177.884 290.051 176.165 166.354 240.279 389.847 1071.76 191.789 288.526 283.171 202.778 164.218 163.365 162.329 186.438 164.326 212.45
threshold=0.090676013380289092 1.4770151972770693 -1.2094883322715757 -1.0736950039863584 -1.9655067920684812 0.24978721141815188 -1.3179268240928648 -0.72022336721420277 -0.13379042595624921 0.32402199506759649 0 -0.67932033538818348 0.28054545819759374 0.22438745945692065 -1.3179268240928648 0.62885972857475292 1 2 1.2956186532974245 3 -2.2323027849197383 -1.2766487598419187 4 -1.2798516750335691 -2.105982661247253 5 -0.63114520907402027 6 -0.22357788681983945 -1.7580090165138242 5.1909887790679941 -1.9427543282508848 -0.60070893168449391 1.3119027614593508 -0.79458093643188465 -0.65423989295959462 0.11208584532141687 7 -1.3179268240928648 8 9 10 0.59340763092041027 0.24348878115415576 -0.072572529315948472 1.9444987177848818 1.8264871239662173 -0.13914056867361066 11 2.2560166120529179 -0.040299339219927781 -1.8840259313583372 -0.19779366254806516 0.050372708588838584 0.14304283261299136 -0.51254457235336293 -1.2882952094078062 2.3734664916992192 12 0.1394067928195 0.86651635169982921 0.92175588011741649 13
decision_type=2 2 2 2 2 2 2 2 2 2 1 2 2 2 2 2 1 1 2 1 2 2 1 2 2 1 2 1 2 2 2 2 2 2 2 2 2 1 2 1 1 1 2 2 2 2 2 2 1 2 2 2 2 2 2 2 2 2 1 2 2 2 1
left_child=2 5 3 4 10 11 8 14 12 34 -1 28 -3 37 20 16 24 -10 -14 -17 41 -6 -11 -12 -5 49 -27 59 57 -26 -8 -32 33 40 36 -36 -9 -7 58 -22 -28 -4 -40 -41 -38 46 -46 -48 -21 -13 51 52 -51 -53 -55 -56 -57 -2 -15 -16 61 -61 -63
right_child=1 6 7 15 21 13 30 9 17 22 23 25 18 38 27 19 -18 -19 -20 48 39 -23 -24 -25 29 26 32 -29 -30 -31 31 -33 -34 -35 35 -37 44 -39 42 43 -42 -43 -44 -45 45 -47 47 -49 -50 50 -52 53 -54 54 55 56 -58 -59 -60 60 -62 62 -64
leaf_value=0.0091019761052924305 0.0005953349751359583 -0.0074054031717487373 0.015387343557690133 0.012031784007080533 0.010387343356296064 5.8249331337850248e-06 -0.0019005621454690888 0.0011981402650919212 -0.0092699676467551187 0.00013219958181963178 0.025698036864498744 -0.00013945591578298067 -0.012077608942160912 0.0028190208533945813 0.00078568178746288102 -0.0066785612093603489 0.00087313161540841767 0.0042362832199363976 -0.022684571176964055 0.0037072230624680368 0.00057065893807000279 0.0016480129707867532 -0.00078095968023440365 0.015204188318309737 -0.00027044867207272463 -0.00025766308489554788 0.0046699289828761462 0.0013967532930413674 0.0025628790716805227 0.0033507714302425193 -0.015055768158000131 -0.0038374489057345332 0.00038816107354312904 0.013695720826153382 -4.5741683311277272e-05 0.00080580291637107082 0.00071696228904173068 -0.00092272221191634597 -0.0024933641014792344 0.0032337581366613287 0.00030661965351703167 0.0057521131176073116 -0.0012635604824982726 0.0098528762040246357 -0.00044022973745320336 -0.0061634062052541502 0.010984713955212021 2.8858696944608552e-05 -0.00087224597530962647 -0.0012936027097250528 -0.00070924679334360627 -0.00094259994125424872 -0.026789279771223046 -0.0012958114023559376 0.0012599001388251538 -0.015766261620511614 -0.0066036031370406666 -0.0041990802920010466 -0.0043589117543031929 -0.0005760128348559669 -0.0028089151652446694 -0.0024608679999489676 0.0049149439232725042
leaf_weight=8750.3323440551758 380023.58239746094 8291.8624820709229 2921.0460929870605 3075.7759017944336 4802.8076171875 313740.8046875 121928.17358207703 500999.1181640625 2925.525333404541 548148.58544921875 4143.6506652832031 296592.74188232422 5807.9817600250244 3117.69970703125 279880.89051818848 6962.5847320556641 123272.81524658203 4500.0335006713867 4404.203369140625 9575.7331695556641 17579.486543655396 13332.4384765625 735758.33740234375 5267.6053695678711 19878.941469669342 1017026.6063232422 11843.805633544922 694671.08067321777 68020.4091796875 132197.69650793076 2885.8110961914062 23267.815126419067 264376.33782958984 5465.3285675048828 1122112.5988769531 406756.37181633711 403816.697265625 791740.00048828125 131936.55337047577 14327.783536911011 41629.723220825195 4864.9587898254395 668955.44662952423 4990.9535522460938 189213.98434448242 4766.0304565429688 3273.6492462158203 6459.8769683837891 35693.489593505859 4789.3421478271484 416397.39886474609 66669.302062988281 2145.4314117431641 16840.794384002686 2706.5336847305298 3288.7603034973145 6436.8541326522827 6535.4537353515625 32896.63623046875 64012.150760650635 25815.4658203125 4969.9686279296875 11940.844966888428
leaf_count=3293 144575 2766 959 1223 1660 146748 50080 210035 1062 208780 1187 120115 1927 1327 105543 2943 51011 1507 1494 5070 6439 5035 276451 1497 7863 368646 3436 253292 28710 50993 965 9393 108122 1473 384810 167879 116856 264944 63786 5429 17813 1775 227419 1408 59880 1454 992 2032 14541 2444 117915 25156 865 6827 1165 1501 2341 3055 11350 26689 12101 2364 4608
internal_value=-8.7865e-06 -0.000605321 0.00051205 0.00239429 0.00932406 -0.000495718 -0.00347309 0.000375203 -0.00924637 0.000149846 0.0146731 -8.40638e-05 -0.0125166 -0.00104903 0.00116002 0.00163347 0.00209143 -0.00109435 -0.0166609 -0.000807703 0.00400235 0.0039647 -0.000391103 0.0198146 0.00305909 -0.000274831 -1.22057e-05 0.00104254 0.000820796 0.00287742 -0.00246189 -0.00507793 0.000759902 0.00242721 0.000413185 0.000180814 0.000733666 -0.000659205 -0.00156394 0.00286191 0.00127432 0.00940161 -0.00146617 0.00494334 0.000350631 -0.000375538 -0.000236731 0.00371736 9.73496e-05 -0.000706272 -0.00103003 -0.0023283 -0.00919489 -0.00183152 -0.00385555 -0.00732109 -0.00970851 0.000514224 -0.00373765 0.000406053 -0.000589331 0.000118874 0.00274861
internal_weight=1.01414e+07 4.72719e+06 5.41423e+06 366954 36296.8 4.55318e+06 174011 5.04728e+06 25929.6 3.92131e+06 18161.6 2.61079e+06 18504 1.94239e+06 1.12597e+06 330657 278425 7425.56 10212.2 52231.8 44684.2 18135.2 1.28391e+06 9411.26 155152 2.15621e+06 1.34034e+06 1.08129e+06 454579 152077 148082 26153.6 323315 58938.9 2.6374e+06 1.52887e+06 1.10853e+06 1.10548e+06 836906 36898.2 53473.5 7786 800892 19318.7 607530 203714 198948 9733.53 45269.2 815867 519274 102877 6934.77 95942.2 29272.9 12432.1 9725.61 386559 36014.3 386619 106738 80923 16910.8
internal_count=3735019 1738927 1996092 146316 12672 1669733 69194 1849776 8756 1429169 5977 954159 6187 715574 420607 133644 111090 2569 3421 22554 16010 6695 485231 2684 60079 777819 499490 404597 176340 58856 60438 10358 130844 22722 943938 552689 391249 411692 303882 13276 21249 2734 291205 6837 181214 64358 62904 3024 19611 278329 158214 40299 3309 36990 11834 5007 3842 147630 12677 151305 45762 33661 6972
cat_boundaries=0 1 2 3 4 5 6 7 8 9 10 11 12 13 14
cat_threshold=53294284 56646664 11605656 21004556 1550895 25170445 26919888 40585864 13752001 34897922 5154232 1076305 34212097 672000
is_linear=0
shrinkage=0.03


Tree=17
num_leaves=64
num_cat=21
split_feature=7 3 3 3 10 0 10 17 1 19 10 19 10 1 3 19 1 1 19 0 18 16 10 1 1 1 1 15 12 10 12 0 10 8 10 4 4 1 1 18 1 7 1 6 1 10 3 1 8 1 4 1 0 10 10 1 19 1 6 1 8 19 1
split_gain=3150.73 2069.88 1631.04 1204.92 1136.02 1106.56 872.819 795.201 779.422 764.736 678.574 748.457 589.908 561.17 543.441 514.776 554.974 495.861 489.48 474.846 424.838 392.885 397.133 382.795 380.8 380.639 369.994 434.59 1853.18 352.085 343.922 325.785 312.692 303.263 344.678 328.239 297.312 319.501 305.172 296.972 295.281 289.131 345.182 284.504 275.017 284.28 274.193 274.164 272.271 260.222 255.718 250.882 246.923 224.662 218.664 241.443 208.25 406.4 206.205 248.942 225.591 205.35 202.536
threshold=-0.31932906806468958 0.50685244798660289 -1.7563155889511106 1.7527557015419009 1.9644516110420229 775.50000000000011 1.9644516110420229 0 1 -0.64194113016128529 1.9644516110420229 0.95626643300056469 0.060088526457548148 2 -0.064054723829030977 1.3482177257537844 3 4 -0.804693043231964 717.50000000000011 -0.69881606101989735 0.73209384083747875 1.5109481215476992 5 6 7 8 1.3119027614593508 -0.60971888899803151 -2.4594172239303584 -0.29911231994628901 202.50000000000003 1.5109481215476992 0.87087279558181774 -2.4594172239303584 1.6692219376564028 -0.98101535439491261 9 10 -0.88710606098175038 11 2.6421749591827397 12 -2.105982661247253 13 -0.14989652484655377 -0.43408909440040583 14 3.9791573286056523 15 0.84922775626182567 16 789.50000000000011 -0.020299688912928101 0.12197682633996011 17 0.48429609835147863 18 -0.5549393594264983 19 2.4137189388275151 1.3482177257537844 20
decision_type=2 2 2 2 2 2 2 1 1 2 2 2 2 1 2 2 1 1 2 2 2 2 2 1 1 1 1 2 2 2 2 2 2 2 2 2 2 1 1 2 1 2 1 2 1 2 2 1 2 1 2 1 2 2 2 1 2 1 2 1 2 2 1
left_child=2 5 4 19 9 6 12 21 61 20 11 14 15 -12 30 26 48 29 25 54 23 53 56 -1 -21 -5 27 46 -29 31 44 -13 39 -19 -35 -36 37 -34 -38 -9 -16 43 -43 -20 52 -46 -2 -11 50 -14 -17 -10 -4 -7 55 -3 -23 -58 59 -18 -60 -8 -56
right_child=1 3 10 18 -6 7 8 32 51 47 13 17 49 -15 40 16 58 33 41 24 -22 22 -24 -25 -26 -27 -28 28 -30 -31 -32 -33 36 34 35 -37 38 -39 -40 -41 -42 42 -44 -45 45 -47 -48 -49 -50 -51 -52 -53 -54 -55 62 -57 57 -59 60 -61 -62 -63 -64
leaf_value=0.024115822740079854 0.0016069953923578465 0.00019389459677425586 0.00090932017557056484 -0.0045812244694741116 0.021795708070046618 -0.0004904549386379307 0.0087693993559446303 0.00074646254324276038 -0.00072543503602082019 -0.00049616881275439651 8.4823451322103344e-05 0.0009254720345484471 0.00023954471430663536 0.0071057816934220475 0.00077656701262204992 -0.0032942686129207133 -0.0097978742958167372 0.0022351624255085179 -0.010436940609758949 -0.0028106863941372924 0.0047830537716874073 -0.002594641929888418 -0.011475875392914657 0.0092249659597918449 -0.001038464149592497 -0.01623951528882538 0.00022022785147443074 0.0016055475550570098 0.025007486580279681 -0.0023533472788459507 0.0035553680298755722 -0.012131361949301301 0.0019938454786215844 -0.0069367361942911368 -5.245081492026779e-05 -0.0089688100056092759 -0.0030450833677056507 0.017417979448055971 0.0048305440724958765 -0.00079467909008010501 -6.9766015390991401e-05 -0.0028115483066300886 -0.016294559504833661 -0.0028282368965307 0.0020270669173399623 0.00090930797415304256 0.00046002816979005807 0.0045062019050428883 -0.01453298856200181 -0.00055000387072506396 -0.012974824103177657 0.0044128333734784865 -0.00050796773177201159 -0.0019747939296901524 -0.00048278111740742205 -0.00090462412398294081 -0.0012858585915737973 -0.014198379590752389 0.0039303493411697943 -0.001082136728143838 -0.001130092779255397 0.018251900195934433 -0.0016987353621478404
leaf_weight=3177.8816046714783 306846.01025390625 324326.96173095703 478087.50381469727 4930.2803344726562 3687.04443359375 154122.42620849609 9247.4090270996094 166044.53219604492 16317.814666748047 14590.465608596802 16677.132232666016 2325.2061767578125 551627.50390625 26581.092864990234 709616.21078491211 18101.695693731308 3563.294921875 37438.706848144531 4659.7307558059692 212383.27490234375 4583.1487007141113 89833.511539459229 5269.940185546875 3133.8615593910217 224517.89147949219 5211.9354858398438 1354954.9012145996 21515.900024414062 3542.804931640625 61713.24365234375 51379.419281005859 6594.0858154296875 2385.960693359375 7900.9833984375 90939.639330029488 3869.1512583494186 7641.0706329345703 2460.7081451416016 10492.654083251953 349145.05520629883 777543.24945068359 3416.770881652832 3439.5239181518555 85650.758624076843 374936.00439453125 451266.94393920898 482634.33971089125 30415.801218032837 2820.722647190094 1177861.908203125 2837.7325074672699 17953.64892578125 143939.6298828125 226854.84967041016 202731.22509765625 404826.97418212891 4628.9306030273438 4172.4077110290527 14973.003494262695 16839.030616760254 16841.608009338379 2648.2699584960938 314712.74291992188
leaf_count=921 103751 114996 170812 2100 1415 51916 3609 67306 6961 5517 6865 1083 211164 10494 265455 7159 1627 18196 1832 73506 1700 23160 1252 1226 91855 1564 512262 6253 1033 30142 23885 3080 1102 2921 33956 1356 2626 1065 4571 142403 288608 1317 1218 34163 133302 160627 155237 12405 1173 418665 1151 6438 51153 72737 76500 162181 1373 1051 6637 8688 6744 1172 116751
internal_value=-1.74962e-06 -0.000369303 0.000759438 -0.00124549 0.00567756 -5.82354e-05 0.000165889 -0.000939158 0.00426685 0.00461261 0.000669001 0.000618506 0.000118253 0.00440101 0.000740436 0.000438992 -0.00198818 -0.00110923 -0.00432765 -0.00104901 0.0117425 -0.00182029 -0.00345549 0.0167883 -0.00190007 -0.0105978 0.000523998 0.00102929 0.00491845 -0.00315855 0.00114342 -0.00872891 -0.000145227 -7.6094e-05 -0.000918645 -0.000416782 0.00327831 0.00987474 0.00151302 -0.00029797 0.000334078 -0.00367266 -0.00961022 -0.00322138 0.00105784 0.00141655 0.000905825 0.00288551 -0.00578749 -0.000298176 -0.00460897 0.00196708 0.000581343 -0.00137433 -0.000750731 -0.000416016 -0.00302641 -0.0074294 -0.00025784 -0.00261171 0.00125176 0.0108781 -0.00122238
internal_weight=1.01354e+07 6.83499e+06 3.3004e+06 1.79081e+06 59588.2 5.04418e+06 4.02113e+06 1.02305e+06 46167.1 55901.2 3.24081e+06 3.19755e+06 3.97496e+06 43258.2 2.98677e+06 2.24547e+06 75977.1 210781 107309 1.6835e+06 10894.9 484882 103905 6311.74 436901 10142.2 2.16949e+06 814539 25058.7 70632.5 1.49961e+06 8919.29 538170 140148 102710 94808.8 22980.4 4846.67 18133.7 515190 1.48716e+06 97166.8 6856.29 90310.5 1.44823e+06 826203 789480 45006.3 23760.2 1.72949e+06 20939.4 34271.5 622027 380977 1.2466e+06 729154 98634.8 8801.34 52216.9 20402.3 31814.6 11895.7 517444
internal_count=3733388 2508269 1225119 677983 23184 1830286 1459724 370562 18180 21769 1201935 1184576 1441544 17359 1093842 811715 33179 90734 42194 635789 3847 151489 26836 2147 165361 3664 778536 266274 7286 34305 539779 4163 219073 56429 38233 35312 9364 2167 7197 209709 554063 38530 2535 35995 515894 293929 258988 17922 9483 629829 8310 13399 221965 124653 470428 277177 25584 2424 23696 10315 13381 4781 193251
cat_boundaries=0 1 3 5 7 9 11 13 15 17 19 21 23 25 27 29 31 33 35 36 38 40
cat_threshold=26252824 2399535792 10 28360002 73 1915225633 96 1985238564 32 3259687023 82 3758324262 90 942953408 109 34680993 61 297831496 20 152570944 17 238865465 44 1844206193 1 4077036318 66 589302066 78 2854572162 11 11607105 52 1662105661 36 2147492608 409604 18 2855158938 34
is_linear=0
shrinkage=0.03


Tree=18
num_leaves=64
num_cat=21
split_feature=7 3 2 3 2 3 0 10 3 1 10 1 1 0 1 2 0 6 10 0 1 12 1 10 7 3 16 2 1 10 1 1 2 11 4 4 1 13 1 0 1 9 4 7 11 12 1 2 1 1 10 1 17 3 1 11 9 1 12 15 2 17 1
split_gain=3124.07 1561.25 1541.7 1529.31 1000.98 809.424 797.796 835.483 700.692 695.948 678.397 647.638 590.31 540.678 524.18 504.572 471.945 412.467 410.96 408.464 401.157 370.946 369.97 367.416 364.991 418.364 359.101 316.837 315.449 302.136 363.186 264.447 264.109 259.082 248.488 239.285 236.899 2347.23 229.501 227.276 301.736 302.101 274.331 224.41 214.325 211.271 197.81 219.396 196.057 192.097 215.511 229.891 187.377 178.568 214.33 177.724 234.447 813.508 768.759 1775.21 174.496 369.733 172.881
threshold=-0.026433005928993222 -1.4934133291244505 -1.0736950039863584 0.62887448072433483 -1.8440827727317808 0.22438745945692065 803.50000000000011 1.9644516110420229 1.7527557015419009 0 0.63974043726921093 1 2 514.50000000000011 3 -0.8156110644340514 803.50000000000011 -0.49537664651870722 -0.060679145157337182 775.50000000000011 4 -0.66468688845634449 5 1.5109481215476992 -1.0342245697975156 1.7527557015419009 0.81742417812347423 -1.0736950039863584 6 1.9644516110420229 7 8 -0.92766210436820973 1.9528558254241946 -0.13379042595624921 0.32278256118297582 9 1.0947058796882632 10 217.50000000000003 11 -0.78547245264053334 -0.31081864237785334 0.92703896760940563 -0.19779366254806516 -1.0362799763679502 12 -0.084403350949287401 13 14 -0.91050890088081349 15 16 1.7527557015419009 17 -0.040299339219927781 -0.42049902677536005 18 -0.79699981212615956 -1.5161291956901548 -1.0736950039863584 19 20
decision_type=2 2 2 2 2 2 2 2 2 1 2 1 1 2 1 2 2 2 2 2 1 2 1 2 2 2 2 2 1 2 1 1 2 2 2 2 1 2 1 2 1 2 2 2 2 2 1 2 1 1 2 1 1 2 1 2 2 1 2 2 2 1 1
left_child=1 2 9 6 8 14 7 18 -5 10 -1 15 -9 -10 21 17 53 -8 28 27 23 -3 -18 -4 29 49 -21 52 33 62 -31 -28 -24 39 -11 -35 37 -23 -13 40 41 42 -2 48 -43 -42 47 -14 -20 -26 51 -51 -16 -6 -55 56 -29 58 59 -58 61 -38 -7
right_child=3 5 20 4 16 24 11 12 13 34 -12 38 46 -15 19 -17 22 -19 43 26 -22 36 32 -25 25 -27 31 55 -30 30 -32 -33 -34 35 -36 -37 60 -39 -40 -41 45 44 -44 -45 -46 -47 -48 -49 -50 50 -52 -53 -54 54 -56 -57 57 -59 -60 -61 -62 -63 -64
leaf_value=0.010825671321846655 0.0028327098786481699 0.00078233801086971674 0.0030378558447233393 -0.0037492978785668425 -0.00095172394375285746 0.0013011278045298375 -0.014873171366546544 0.0099092129835063446 -0.022010437880138893 0.008692485407198032 0.028178071855633507 0.00084346017890434704 0.002087778170323744 -0.0075686781233408112 0.0060516607514614351 -0.0020733414048139088 -0.001164461856005131 -0.0047593083060061504 -0.00071307885186376585 -0.00012714320369637186 3.5304718839443427e-06 0.028335164773558245 -0.0086010046505383218 0.013640219349881922 0.00021289755693889629 -0.0029985529317963075 0.0036930904327987799 0.0003403786970299365 -0.00022650224958306581 0.00039156010342401138 0.010584435041328942 -0.0034223011365086564 -0.003372729631798375 0.0062991299172643293 -0.00042107397664221496 -0.00066272017383337922 0.011037759641754817 0.0010794514841061525 -0.00086429548497098487 0.00033139294103170933 -0.0034809384308623374 -0.0048570926177787278 0.014321029318774856 -0.0010144143577838932 0.0031826949193419934 0.0011428782280177312 0.0041145344041261089 -0.0054229012570434004 3.2742792676448392e-05 0.00034171822451077111 -0.00034071352940147955 -0.0030535788559119571 0.0017458842200879215 0.0057839456268573017 -0.0030651603974325343 0.00089783950649275843 -0.036565572786924842 0.00010152862248151922 -0.00053059880946510298 -0.00041638898885852969 0.001521495516588256 0.0020359210995820548 -6.7613854860542519e-06
leaf_weight=5492.3362884521484 3442.9920310974121 903824.9833984375 87137.157104492188 20117.470703125 836976.08865356445 166634.69414520264 4621.6759057044983 11365.17431640625 4004.5521640777588 11534.586007595062 3220.1722564697266 83998.4208984375 10231.271606445312 5600.7017421722412 13863.808074951172 179456.35986328125 82088.511474609375 16876.961301326752 482098.52377319336 299161.13012695312 48127.434875488281 3265.207275390625 9499.79052734375 3039.9978637695312 566335.08950805664 50070.134765625 5176.00390625 604948.73622894287 626496.033203125 6531.3597106933594 6067.3648986816406 50202.82958984375 102526.82907104492 13608.720977783203 3511.5109162330627 6594.9567565917969 5426.7411193847656 21807.355224609375 451205.2529296875 621910.61013793945 9818.2736206054688 3231.6341910362244 4099.341968536377 417222.46435546875 38339.699991703033 93989.127746582031 18413.484130859375 5314.3883056640625 927451.59317803383 26413.118286132812 675097.56686401367 55998.145263671875 26499.286651611328 2565.3556823730469 55442.567169189453 603792.10403442383 2375.991455078125 36955.572944641113 4221.7337036132812 2513.3375854492188 473647.61584472656 16812.773773193359 200276.68280792236
leaf_count=1787 1176 298178 33487 7160 318481 66334 1599 4555 1305 4103 1020 43494 4312 1972 5517 59031 34218 5105 160711 116375 21368 1017 3189 1153 201326 20051 1576 264796 253403 2289 2807 11881 37490 3803 1260 1892 969 7516 158581 210451 3033 1196 1347 155065 11932 32919 6342 2494 345263 10101 262037 24209 8696 969 22145 172494 1088 20023 1767 1090 185469 7313 80328
internal_value=-2.70631e-06 0.000532213 0.00342848 -0.000521145 -0.0015024 0.000434988 -0.000248709 -4.91475e-05 -0.00693376 0.0104874 0.0172319 -0.00114155 0.0039956 -0.0135979 0.000728337 -0.00259364 -0.00135415 -0.00693649 -0.000105591 0.000364291 0.00221553 0.00114984 -0.00269508 0.00339564 -7.93785e-05 -0.000306863 -0.000537948 0.000611274 0.000276931 0.00074416 0.00531126 -0.00275694 -0.00381611 0.000673634 0.00656174 0.00402702 0.00178744 0.00463207 -0.000596253 0.000586178 0.00162231 0.00355932 0.00908209 -0.000403256 0.0025572 0.000705336 0.0020118 -0.000480407 -0.000222352 -0.000205047 -0.00051751 -0.00196575 0.00322732 -0.00106329 -0.00267288 0.000527112 0.000183271 -0.00187968 -0.00990061 -0.0180027 0.00164344 0.00424036 0.000587268
internal_weight=1.01386e+07 4.98998e+06 162063 5.14861e+06 1.11882e+06 4.82792e+06 4.02979e+06 3.29363e+06 29722.7 23758.6 8712.51 736159 45324.3 9605.25 3.0745e+06 200955 1.0891e+06 21498.6 3.2483e+06 1.64971e+06 138305 1.42478e+06 194115 90177.2 1.75342e+06 1.37391e+06 354540 1.29517e+06 1.42153e+06 379510 12598.7 55378.8 112027 795035 15046.1 20203.7 520960 25072.6 535204 774832 152921 49113.7 7542.33 1.82677e+06 41571.3 103807 33959.1 15545.7 1.40955e+06 1.32384e+06 757509 82411.3 40363.1 894984 58007.9 1.25481e+06 651015 46066.6 9111.06 4889.33 495887 22239.5 366911
internal_count=3734058 1839425 64178 1894633 426929 1775247 1467704 1199894 10437 8170 2807 267810 17703 3277 1105765 65735 416492 6704 1182191 605303 56008 500462 74897 34640 669482 517724 129832 475471 521152 151758 5096 13457 40679 267749 5363 5695 202284 8533 202075 262054 51603 15651 2523 661039 13128 35952 13148 6806 505974 497673 296347 34310 14213 341595 23114 461258 288764 23968 3945 2178 193751 8282 146662
cat_boundaries=0 2 4 6 8 10 12 14 16 17 19 21 23 25 27 29 30 31 33 34 35 37
cat_threshold=2622136364 1 3221234594 10 2399535792 10 212655233 61 3424501377 29 350801372 38 51852711 61 1389993222 67 2181038080 0 4 77594632 36 65543 12 11607104 53 1414145576 32 189570092 44 270622977 17465622 4196368 4 1073742336 33554434 1245498649 42
is_linear=0
shrinkage=0.03


Tree=19
num_leaves=64
num_cat=21
split_feature=5 10 2 7 7 2 1 0 14 1 2 5 0 19 1 18 1 0 6 19 1 19 10 13 1 0 1 1 12 1 9 2 1 0 0 19 1 1 5 19 1 0 1 1 1 14 14 18 10 1 11 1 1 0 12 0 0 19 14 0 1 18 1
split_gain=3328.55 1563.33 1248.24 1172.14 1031.41 885.973 811.469 766.7 892.088 723.325 660.046 666.793 627.415 726.605 663.491 583.462 542.867 504.574 490.228 477.439 508.428 445.171 434.603 427.145 423.426 402.57 388.606 350.528 317.855 409.635 2115.72 313.94 394.154 313.602 312.466 311.383 308.3 297.131 285.962 281.732 291.195 343.787 285.142 277.05 266.197 242.408 240.543 234.405 228.472 384.814 226.204 224.996 220.062 287.308 217.373 341.69 216.276 212.948 250.374 379.335 211.837 211.251 209.926
threshold=0.090676013380289092 1.9644516110420229 -1.8440827727317808 0.38470408320426946 -0.78468674421310414 -1.3179268240928648 0 775.50000000000011 0.51214903593063366 1 -1.3179268240928648 -1.7908884882926939 789.50000000000011 -0.47007459402084345 2 -0.75943204760551442 3 702.50000000000011 -0.032940823584794991 0.024229395203292373 4 1.6960514783859255 1.9644516110420229 1.0947058796882632 5 645.50000000000011 6 7 -0.63114520907402027 8 -0.77439677715301503 0.30607146024703985 9 929.50000000000011 558.50000000000011 -0.1158856153488159 10 11 -0.68081352114677418 0.42878660559654241 12 887.50000000000011 13 14 15 1.161976754665375 0.20728760957717898 2.070167183876038 -1.5296894907951353 16 1.3072298765182497 17 18 142.50000000000003 -0.96653699874877919 873.50000000000011 775.50000000000011 0.1394067928195 0.62470096349716198 157.50000000000003 19 1.8264871239662173 20
decision_type=2 2 2 2 2 2 1 2 2 1 2 2 2 2 1 2 1 2 2 2 1 2 2 2 1 2 1 1 2 1 2 2 1 2 2 2 1 1 2 2 1 2 1 1 1 2 2 2 2 1 2 1 1 2 2 2 2 2 2 2 1 2 1
left_child=1 4 9 26 10 12 21 19 16 -3 11 17 13 15 46 -5 -9 27 -17 38 -21 -4 25 39 -14 45 56 -1 57 30 -30 -8 -33 -18 -20 -12 -24 -19 52 42 41 -41 54 -27 -37 60 -15 -16 49 -46 -42 -40 53 -6 55 -10 -2 62 -59 -60 -7 -58 -28
right_child=3 2 6 5 7 22 31 8 23 -11 35 -13 24 14 47 18 33 37 34 20 -22 -23 36 -25 -26 43 28 -29 29 -31 -32 32 -34 -35 -36 44 -38 -39 51 40 50 -43 -44 -45 48 -47 -48 -49 -50 -51 -52 -53 -54 -55 -56 -57 61 58 59 -61 -62 -63 -64
leaf_value=0.0073014295117637806 -0.00043984066054527531 0.024657949853127307 0.0068792912733215217 0.0015809838616174595 0.0042423401494855713 -0.0016510277834568942 0.002848652949210927 -0.00091915272412912245 -0.0020870632150825808 0.0069860862735284567 0.0015684483042014451 0.0016501600291781754 -0.003653166108732675 0.00058880407870049909 -0.0026147388423116182 -0.004729417233806427 0.00034172943548778665 0.012309737512114258 -0.022363872704154186 0.00053460988495856955 -0.00085868461841542029 0.019772195664404021 -0.00074155381646453492 -0.011161987850985952 -0.011094394602333336 -0.00092561267569222496 0.0006834176682291959 0.018695102534622723 0.026396173385310112 0.00056404860817509312 -0.0010899616143127213 -0.011417503484814946 0.00071723846852329485 0.0025611775226212002 -0.0099438872294453258 0.0012586046983976517 0.004889859970400476 0.0013460444907820686 0.0007819931439039231 -0.0035658520434711542 -0.00024949041383979365 -0.016459967748707297 -0.00057762011844169963 -0.0022644729572462354 0.0010809658746880977 0.0010326229986449458 0.0068038494397890913 -0.010677757974541362 0.0001573695786801317 -0.0061189415899951536 -0.0082214619819471063 -3.7500509455712917e-06 0.00069887686575470184 0.0013403394155453861 -0.002180604786160896 -0.010659450873945311 -0.0013096255778252005 -0.00058408529747492569 -0.010206074256372462 -0.0018558940977824888 -0.00060622785203326272 -0.0075651041381683878 -0.00028729894006397362
leaf_weight=4469.7629699707031 1110028.0400390625 4153.7887687683105 13751.552382469177 4998.2024536132812 33480.60791015625 236609.90371704102 34663.791176795959 318170.18077850342 9222.6259155273438 4234.7053718566895 580939.21670532227 28590.859375 12322.711898803711 13207.181552886963 17400.131591796875 7199.1675523519516 290312.93561553955 3040.2348175048828 3426.6494642496109 494255.33880615234 450590.7841796875 2920.9906005859375 16497.988677978516 4713.9530944824219 15691.575210571289 226237.71142578125 298129.63427734375 5461.8532104492188 3376.1673583984375 482144.537109375 9899.3092041015625 3398.3939437866211 8188.5277557373047 71381.4052734375 3920.9567794799805 229031.70541381836 18613.043548583984 8221.9048614501953 622524.00772249699 3692.1295237541199 10080.351256370544 3754.6338500976562 101338.78341341019 361391.23022460938 12458.111236572266 63862.734802246094 9732.6977882385254 3985.6085205078125 211519.544921875 14389.477630615234 4690.8194327354431 693209.06457519531 689027.00427246094 369832.03076171875 68922.650229930878 7660.6118774414062 229935.42419433594 258861.97143554688 5949.9887390136719 27563.216094970703 667125.35635375977 4958.8677978515625 612223.1484375
leaf_count=1471 376763 1388 5716 1638 10212 95414 12905 116470 2238 1726 211325 10350 4953 4947 6609 2804 120328 1125 1034 175113 200050 1365 6966 969 5179 99654 159420 1826 1270 202236 3237 1028 3196 29911 1186 91571 6687 2786 209700 1075 2900 1134 29937 119301 4319 15276 2942 1449 81723 6225 1404 260660 256374 118237 17862 1810 78498 111669 1532 7414 248002 1681 170527
internal_value=-3.33032e-06 0.000504313 0.00491668 -0.000585208 0.000445439 -0.0012207 0.0034668 0.000233527 -0.000547122 0.015784 0.00126498 0.00463992 -0.00408489 -0.00244277 -0.000317781 -0.00726066 -1.53226e-05 0.00867182 -0.0102981 0.000441661 -0.000129847 0.00913787 -0.0010552 -0.00223597 -0.0078277 -0.00112972 -0.000233904 0.0135998 6.78008e-05 0.000707304 0.00590307 0.00141943 -0.00285445 0.000779752 -0.0157474 0.00110469 0.00224522 0.00432198 0.000665901 -0.00203473 -0.00522836 -0.0100602 -0.00165545 -0.00174908 0.000528258 -0.000753576 0.00322516 -0.00411764 -0.000173543 -0.00278026 -0.00278116 0.000368023 0.00102469 0.00158126 -0.00292789 -0.00597871 -0.000614843 -0.00019562 -0.000899997 -0.0033397 -0.000879803 -0.00144184 3.06055e-05
internal_weight=1.01416e+07 5.41629e+06 71311.8 4.72529e+06 5.34498e+06 1.68222e+06 62923.3 4.24686e+06 893941 8388.49 1.09812e+06 49784.6 91884.9 63870.6 44325.6 19545 679865 21193.8 14546.8 3.35292e+06 944846 16672.5 1.59034e+06 214077 28014.3 1.55523e+06 3.04307e+06 9931.62 1.69815e+06 495420 13275.5 46250.7 11586.9 361694 7347.61 1.04834e+06 35111 11262.1 2.40807e+06 209363 22217.9 7446.76 187145 587629 467399 967598 22939.9 21385.7 238367 26847.6 14771.2 1.31573e+06 1.09234e+06 403313 85805.9 16883.2 1.34492e+06 1.20273e+06 292375 33513.2 903735 234894 910353
internal_count=3734717 1996429 27324 1738288 1969105 624041 24210 1556384 326038 3114 412721 17558 32741 22609 15947 6662 266709 7208 5024 1230346 375163 7081 591300 59329 10132 577647 1114247 3297 657305 206743 4507 17129 4224 150239 2220 395163 13653 3911 855183 58360 6513 2209 51847 218955 183838 358692 7889 8058 92267 10544 4304 470360 384823 128449 21910 4048 456942 450562 120615 8946 343416 80179 329947
cat_boundaries=0 2 4 6 8 10 12 14 16 18 20 22 24 26 28 30 32 34 36 38 40 42
cat_threshold=2651210392 2 3901325484 55 4015949884 16 3808912007 81 21984503 12 429376601 96 1354982039 66 1101340199 29 0 4 8392738 25 1106353217 110 3262158848 4 1124598425 1 3305122080 2 662176860 53 92392855 62 269361728 65 973445507 45 34901172 70 2487752256 24 2805203008 32
is_linear=0
shrinkage=0.03


Tree=20
num_leaves=64
num_cat=21
split_feature=5 10 3 2 7 2 2 5 1 1 3 19 12 7 19 3 1 16 1 1 1 1 1 10 1 19 1 1 12 1 1 19 1 19 6 10 1 12 12 12 1 10 1 10 19 1 10 1 16 6 15 2 16 6 19 6 5 1 16 1 19 7 12
split_gain=3313.34 1730.91 1688.97 1238.36 1081.37 938.035 688.034 1047 667.036 594.745 553.721 502.484 489.506 441.065 410.203 387.561 472.21 372.685 349.856 343.57 337.2 334.885 334.028 326.617 498.78 346.4 317.461 298.418 267.765 322.64 302.002 252.517 287.298 247.497 369.052 239.216 249.677 232.698 247.584 554.932 1180.48 218.353 305.705 231.083 222.77 332.159 215.744 209.4 312.118 208.096 335.359 209.705 204.04 204.023 201.207 236.676 243.904 203.384 212.21 200.734 249.921 203.109 196.515
threshold=-0.57397747039794911 1.9644516110420229 0.62887448072433483 -1.8440827727317808 0.026217128150165084 -1.8440827727317808 -1.3179268240928648 -2.2323027849197383 0 1 -0.89146319031715382 -0.43491528928279871 -0.36316962540149683 0.54808345437049877 0.024229395203292373 0.064305689185857787 2 0.17303602397441867 3 4 5 6 7 -0.12642879039049146 8 0.62885972857475292 9 10 -1.0118998885154722 11 12 0.95626643300056469 13 2.3734664916992192 -0.68754494190216053 -2.4594172239303584 14 -0.9414076805114745 -0.80534076690673817 -0.82960343360900868 15 1.5109481215476992 16 1.0000000180025095e-35 0.95626643300056469 17 0.23497132956981662 18 -0.046533027663826936 -0.27016086876392359 -0.69968736171722401 -0.057357622310519212 0.59267461299896251 -0.067132420837879167 0.82401347160339367 0.70420897006988536 -1.9655067920684812 19 0.46173781156539923 20 -0.1158856153488159 -0.93955636024475087 -0.66468688845634449
decision_type=2 2 2 2 2 2 2 2 1 1 2 2 2 2 2 2 1 2 1 1 1 1 1 2 1 2 1 1 2 1 1 2 1 2 2 2 1 2 2 2 1 2 1 2 2 1 2 1 2 2 2 2 2 2 2 2 2 1 2 1 2 2 2
left_child=1 6 4 10 12 11 7 15 31 14 -3 26 19 59 -8 21 -17 -16 -13 62 46 -1 53 24 54 -26 -4 -25 29 -19 -30 -5 -33 37 -35 36 -21 -32 39 -39 -41 43 -43 44 -22 -46 -6 48 -27 50 51 -31 -47 -9 55 -11 -57 -58 -59 60 -7 -61 -2
right_child=2 3 5 8 20 13 9 22 -10 23 -12 18 -14 -15 17 16 -18 28 -20 35 41 -23 -24 27 25 47 -28 -29 30 49 33 32 -34 34 -36 -37 -38 38 -40 40 -42 42 -44 -45 45 52 -48 -49 -50 -51 -52 -53 -54 -55 -56 56 57 58 -60 61 -62 -63 -64
leaf_value=0.015562312549506727 0.00035622198834765094 0.027854017280017535 -0.014760410623023764 0.0067965790310430376 -0.00055887226810031156 -0.00064727720813397374 0.0005196181528173263 0.0051916322482889014 0.0016845966945464802 0.002080343662236638 0.010790344220920893 -0.0074059000775962367 0.0021658961589669126 -0.0019641429117552805 0.00054642352696231892 0.012355345585679828 -0.0032791303321786291 -0.0090731017580406564 5.8263321720146821e-05 0.00032969815086788531 0.00033393187000311663 0.0071388519754099445 -0.00014381358930086089 0.0013200057602789682 0.00099921341958645509 0.0011055996870130125 -0.0058759917526734302 0.00017181487776142255 0.00039752908354095105 -0.0071843939661171505 0.002669010277940097 0.0072551604564325984 0.021807502748397191 -0.017454718562242625 -0.00082555463458873187 -5.8594956259505962e-05 -0.0075910883443553291 -0.0024196888122549427 -0.0011933906710794345 0.00015506109962156218 -0.027723505402282755 0.0048213318064355753 -0.00024758628113371391 -0.00062354239489878429 0.0026092331258493833 -0.0025929075163993631 -0.0013100962819745366 -0.00059870894841185652 -0.009296414137485963 0.00099857241425380973 -0.011795414249082177 0.0027329450653833195 -0.01019821665687058 0.00055880588079335177 -1.7423803129073414e-05 0.0091491430148556551 0.0085176277354224485 0.0012260336999589444 0.0059591828378244612 0.0011713536259830841 -0.00197630817241492 -0.00061315801449197038 0.0012015896701510899
leaf_weight=7788.2612075805664 860056.544921875 2963.9149398803711 7203.5836596488953 10431.030809402466 959442.720703125 293842.69140625 897366.21203613281 24970.409783840179 28166.948316574097 315206.84265136719 4067.4405288696289 9931.6959228515625 123823.38148403168 408622.70199584961 153239.484375 2803.2866363525391 4528.6587524414062 8126.1386260986328 13097.081756591797 6644.0770263671875 573314.28125 9512.9301223754883 49029.195510864258 328054.37451171875 371935.98388671875 4134.247802734375 7381.1699109077454 537521.66027832031 88866.294128417969 3183.459846496582 10562.250129699707 2347.3077239990234 2628.3225250244141 2229.2546198368073 2598.7101018428802 1302663.7022018433 7764.2442626953125 25118.186157226562 92032.732714176178 2917.1605529785156 2564.7465567588806 18627.911865234375 25163.644775390625 683522.421875 10954.50830078125 28624.358795166016 536448.94140625 30004.459716796875 6968.65625 10446.663414001465 4064.6890506744385 4814.9504299163818 3567.1387634277344 13014.543631076813 33937.755859375 7749.191650390625 6078.9595489501953 28594.705348491669 12143.979267597198 65412.306762695312 224743.55317687988 468556.8208770752 347468.36908721924
leaf_count=2506 314737 1132 2661 4055 316995 106203 315092 9217 10162 101274 1480 3626 59915 156697 76652 1023 1648 2366 4708 2328 230095 3032 17342 157282 155468 3193 2199 158093 25115 960 3998 1009 1178 998 1167 439428 3105 9066 34690 1262 1087 8499 9928 273551 5498 13744 179064 14122 3464 3043 910 1779 990 4026 11100 1842 1523 7653 2498 27116 89444 188152 142214
internal_value=8.79004e-06 0.000816105 -0.000355498 0.00631945 -0.000111744 -0.00124804 0.000726318 0.00303856 0.00443309 0.000639987 0.0179978 -0.00592552 0.000324308 -0.00112762 0.000160194 0.00849808 0.00271525 -0.000625006 -0.00316493 0.00023398 -0.000518428 0.0109473 0.00149261 0.00101305 0.00144338 0.000710364 -0.0102818 0.000607003 -0.00132206 -0.00395441 -0.000966542 0.00944856 0.0150148 -0.00184468 -0.00851399 -0.000101123 -0.00394478 -0.00160276 -0.00197078 -0.00430828 -0.0129517 -0.000173502 0.00190996 -0.000243694 0.000177478 -0.00190125 -0.00082827 -0.00190275 -0.00541951 -0.00209997 -0.00478436 -0.00121629 -0.00343604 0.00360365 0.00219324 0.00239619 0.00422035 0.00340366 0.00263687 -0.000802851 -0.00122324 -0.000394535 0.000599478
internal_weight=1.01396e+07 3.15271e+06 6.98688e+06 50605 5.48809e+06 1.49879e+06 3.10211e+06 111647 43573.6 2.99046e+06 7031.36 37613.5 2.64842e+06 1.46118e+06 1.30813e+06 24633.1 7331.95 410765 23028.8 2.5246e+06 2.83967e+06 17301.2 87014.1 1.68233e+06 816755 413043 14584.8 865576 257525 30635.9 226889 15406.7 4975.63 138023 4827.96 1.31707e+06 14408.3 133195 122633 30600.1 5481.91 1.34377e+06 43791.6 1.29998e+06 616460 43146 1.49589e+06 41107.4 11102.9 22509.8 12063.1 7998.41 32191.5 37985 403711 369774 54566.8 46817.6 40738.7 1.05256e+06 518586 533969 1.20752e+06
internal_count=3734404 1153507 2580897 19016 2000091 580806 1134491 38794 16404 1095697 2612 13194 961727 567612 478185 8209 2671 163093 8334 901812 1038364 5538 30585 617512 302137 176247 4860 315375 86441 9058 77383 6242 2187 52268 2165 444861 5433 50103 46105 11415 2349 542305 18427 523878 250327 20232 496059 20779 6657 6692 3649 2739 14734 13243 125890 114790 13516 11674 10151 410915 195647 215268 456951
cat_boundaries=0 2 4 6 8 10 12 14 16 18 20 22 24 26 27 29 31 32 34 36 37 39
cat_threshold=2634465976 4 3810669408 83 2741033144 64 2426566406 97 2402081896 45 3495604037 66 3596263464 35 3363760144 12 8719491 4 2453857103 27 206880788 36 553648160 66 8480 2 16958080 268509205 64 2181038080 1 788807832 25186312 4 202375168 32 1025 1573081986 81
is_linear=0
shrinkage=0.03


Tree=21
num_leaves=64
num_cat=17
split_feature=5 3 3 2 2 3 0 1 4 2 1 1 1 0 1 0 1 1 0 2 16 5 1 1 1 0 16 5 19 15 8 0 0 1 5 2 3 4 1 3 1 8 6 19 1 8 1 11 15 9 8 1 2 15 9 11 13 1 0 6 14 6 15
split_gain=3045.56 1376.6 1169.39 1386.41 1020.65 811.984 726.065 702.993 680.044 586.197 553.859 479.529 478.171 452.982 434.133 431.198 420.453 419.476 371.274 460.894 404.487 348.871 342.833 342.473 342.223 330.284 305.757 300.999 299.027 283.408 1749.12 275.772 268.521 319.849 264.563 252.004 238.43 233.749 231.908 224.719 285.238 219.994 298.419 216.423 216.824 292.532 214.413 213.767 208.885 710.331 735.474 205.669 202.034 212.873 503.1 1579.88 1592.06 212.866 208.838 226.304 199.008 187.003 186.866
threshold=0.090676013380289092 0.88042959570884716 -1.7563155889511106 -1.0736950039863584 -1.8440827727317808 -0.064054723829030977 717.50000000000011 0 -0.13379042595624921 -1.3179268240928648 1 2 3 544.50000000000011 4 789.50000000000011 5 6 831.50000000000011 -1.3179268240928648 0.36108247935771948 -1.1899090409278867 7 8 9 514.50000000000011 1.3424351215362551 -1.7908884882926939 1.3482177257537844 1.3119027614593508 1.6825375556945803 929.50000000000011 803.50000000000011 10 -1.9655067920684812 1.1350423097610476 -0.096410565078258501 0.92175588011741649 11 -1.2094883322715757 12 5.1909887790679941 -2.105982661247253 -0.1158856153488159 13 0.65554237365722667 14 1.9528558254241946 1.3119027614593508 -0.78547245264053334 1.6825375556945803 15 -0.1680435240268707 -1.5161291956901548 -0.42049902677536005 -0.11731613799929617 -0.93878838419914235 16 157.50000000000003 -0.84777697920799244 0.7580358386039735 -0.34080202877521509 1.1007310152053835
decision_type=2 2 2 2 2 2 2 1 2 2 1 1 1 2 1 2 1 1 2 2 2 2 1 1 1 2 2 2 2 2 2 2 2 1 2 2 2 2 1 2 1 2 2 2 1 2 1 2 2 2 2 1 2 2 2 2 2 1 2 2 2 2 2
left_child=2 6 3 7 8 11 12 13 16 17 15 27 29 -1 -5 -7 -3 -8 19 34 24 -12 -11 -10 31 -18 -17 -4 -16 36 -31 -20 41 -34 -13 61 -2 -26 -27 40 -24 46 -43 -21 45 -45 -6 48 -29 50 -50 -22 57 54 58 56 -56 -14 59 -54 -19 -33 -48
right_child=1 4 5 14 32 10 9 -9 23 22 21 18 52 -15 28 26 25 60 20 43 51 -23 39 -25 37 38 -28 47 -30 30 -32 35 33 -35 -36 -37 -38 -39 -40 -41 -42 42 -44 44 -46 -47 62 -49 49 -51 -52 -53 53 -55 55 -57 -58 -59 -60 -61 -62 -63 -64
leaf_value=0.024084787126726556 0.00073705014738231225 -0.01822003692587508 0.0027612189167919494 0.0041000218748785148 -0.0017533794706404806 -0.00019971401244135641 -0.00071800758563552748 0.0049952980356832268 0.0043255060733996247 -0.00014244188535038815 0.0011411546458114953 0.01061174949357406 -0.00070647790154681426 0.011113748503252184 0.00061648713075923057 -0.0013284091497033702 -0.014526599597434771 -0.0051495190621928966 0.00057201225016407804 0.00090126749928774274 -0.0033406223247111071 0.00014156422539729737 0.0041512482208196757 -0.0061334286412571288 -0.0018187019065858774 -0.009508046048376401 -0.0049128609041629761 0.0009366088285240017 -0.007700071389494292 -0.00019887024271402393 0.02010226278348038 0.005802723595437936 -0.0010353870277477696 -0.0042591001291804745 0.0030925088555907175 0.01027792387635755 -0.00013453679460755382 0.0019174038492147799 0.0016479620025914537 -0.0014366130964062337 -0.0011974860444768406 -0.012581182734199826 -0.0025985612527756946 0.0046059925748768047 -0.00031839072688823053 0.0005503118605576895 -0.00035347054630832517 0.0035454106976950373 0.0034204657542253546 0.0014965313618784013 0.024245297554538314 -0.00048944210571430686 -0.010906577920697665 -0.00051662867265606452 -0.0023710212422867619 -0.00021123417938528788 -0.032759790398985661 0.00047362406137566954 -0.00019089917253641212 -0.001645438276273921 -0.011514940672794268 -0.00013235811543199519 -0.0060655772333383304
leaf_weight=4098.9556341171265 560470.48178100586 5406.0739212036133 111095.32421875 41140.931427001953 225673.92472839355 782183.02087402344 20766.023223876953 9500.488525390625 4730.8580247163773 373128.26373291016 415753.31640625 5330.7830810546875 215634.5927734375 5959.1918268203735 34170.076751708984 166197.029296875 4226.9141989946365 28099.513612747192 57306.657623291016 771983.3544921875 54478.518188476562 1286961.8007274866 15057.637634277344 6925.2295989990234 68239.979400634766 3268.7440595626831 24582.701171875 909773.84613037109 4385.9886474609375 21067.347015380859 4660.4850158691406 9437.9754276275635 48038.930908203125 65492.980239868164 20023.361938476562 5145.7182006835938 569497.13491821289 19338.760437011719 3424.6489465236664 584674.28295898438 22164.204345703125 2850.1788940429688 48235.540389537811 18422.675231933594 340554.42431640625 121825.08160400391 242389.80658388138 31496.748046875 3522.3498840332031 37140.216278076172 2691.1189575195312 39140.260620117188 3566.4928283691406 1168677.345703125 2884.2226181030273 12356.93803024292 3355.2038688659668 379908.3671875 59859.406616210938 7093.2375030517578 5246.9592571258545 9670.9748287200928 5261.450756072998
leaf_count=1213 226793 2086 39482 17119 82385 329008 8165 3456 1645 178037 140332 1619 71886 2014 13153 74940 1274 9726 26683 272293 13854 442164 4798 2490 26209 1072 5609 332272 1729 6298 1574 5109 22157 23032 6785 2752 219997 6753 1097 172816 7742 969 18574 10414 138163 42175 103661 8964 1398 13953 922 11404 2413 394054 1488 5613 1761 127497 31143 3144 1492 3500 1208
internal_value=1.9488e-06 -0.000554635 0.000487827 0.00371404 -0.00181884 0.000427544 -0.000347184 0.0108702 -0.00742619 -0.00102676 5.93638e-05 0.000801179 -0.000110239 0.0163928 0.00195726 -0.000511619 -0.0113769 -0.00406748 0.000459999 0.000671142 -0.000567042 0.000385635 -0.00086138 -0.00188998 0.000308661 -0.00795852 -0.0017904 0.00128096 -0.000330362 0.00036867 0.00348178 0.00170682 -0.00157282 -0.00289562 0.00467523 0.00438806 0.000297777 -0.000993535 -0.00381488 -0.0012927 0.000967339 -0.00128642 -0.00315669 0.000590088 9.04482e-05 0.00108313 -0.00108453 0.00111394 0.00103357 0.00306795 0.0124522 -0.0021491 -0.000408874 -0.000624406 -0.00203771 -0.00642648 -0.0187255 4.63257e-05 -0.00087999 -0.00474766 -0.00615083 0.00279975 -0.000474927
internal_weight=1.01356e+07 4.72409e+06 5.41155e+06 99255.6 665925 5.3123e+06 4.05817e+06 19558.6 27982.5 1.04914e+06 2.67568e+06 2.63662e+06 3.00903e+06 10058.1 79697 972963 16326.4 54112.5 1.5409e+06 1.27814e+06 262759 1.70272e+06 995024 11656.1 169140 10920.3 190780 1.09572e+06 38556.1 1.1557e+06 25727.8 81561.3 637943 113532 25354.1 24254.7 1.12997e+06 87578.7 6693.39 621896 37221.8 524411 51085.7 1.25279e+06 480802 140248 473325 984624 953128 43353.7 6213.47 93618.8 1.85334e+06 1.25779e+06 89115.5 18596.4 6239.43 595543 70519.1 10659.7 33346.5 19109 247651
internal_count=3733528 1738087 1995441 38684 261650 1956757 1476437 6683 9664 382776 992053 964704 1093661 3227 32001 409557 5529 19383 567713 471449 96264 582496 363393 4135 71006 3443 80549 396991 14882 454662 7872 38044 251986 45189 8404 11361 446790 32962 2169 185356 12540 206797 19543 463045 190752 52589 187254 357509 348545 16273 2320 25258 638999 439616 45562 8862 3249 199383 36700 5557 11218 8609 104869
cat_boundaries=0 2 4 6 8 10 12 14 16 18 20 22 24 25 26 28 30 31
cat_threshold=2660163645 3 3778032576 27 344317057 29 2871267618 63 3364726293 9 2483594056 43 517324856 64 393593944 53 643631193 12 2155348330 34 384599384 61 1085409334 4 2819100804 1090527494 348845062 92 1091051786 2 335556113
is_linear=0
shrinkage=0.03


Tree=22
num_leaves=64
num_cat=14
split_feature=5 10 3 3 2 3 7 2 18 4 0 2 0 5 17 0 7 19 17 0 17 17 3 17 5 17 10 6 4 2 8 0 17 10 17 19 17 17 2 4 8 8 8 0 10 9 6 17 10 2 17 0 12 0 9 8 0 17 4 8 10 19 17
split_gain=2911.28 1470.14 1380.09 1079.91 1042.99 921.126 890.557 821.508 1398.4 816.202 680.216 682.004 622.508 564.735 555.346 495.543 490.845 465.273 420.436 393.937 418.48 392.232 337.96 331.328 314.825 301.871 300.634 326.784 334.779 281.784 349.952 282.929 436.985 280.702 280.893 309.34 277.35 271.717 264.506 262.573 255.899 248.193 238.63 236.916 235.408 242.525 240.9 232.835 232.533 275.486 232.504 231.716 225.203 223.35 222.668 218.792 209.669 247.932 216.118 207.301 198.613 256.475 234.501
threshold=-1.0000000180025095e-35 1.9644516110420229 1.3157522082328799 -1.7563155889511106 -1.3179268240928648 -0.36328999698162073 0.026217128150165084 -1.3179268240928648 -1.5001991391181944 -0.13379042595624921 731.50000000000011 -1.0736950039863584 172.50000000000003 1.7875921726226809 0 702.50000000000011 -0.16436788439750669 0.7162228822708131 1 803.50000000000011 2 3 -0.59080940485000599 4 -1.4421188831329343 5 -0.31823189556598658 0.70420897006988536 -1.0242686867713926 0.30607146024703985 0.92978593707084667 775.50000000000011 6 1.9644516110420229 7 1.6960514783859255 8 9 -0.41985671222209925 -1.4865158200263975 0.87087279558181774 1.4957115650177004 1.4407827258110049 157.50000000000003 -1.5296894907951353 -0.70134109258651722 -0.17855147272348401 10 -0.38850553333759302 -1.3179268240928648 11 645.50000000000011 -0.76450166106224049 760.50000000000011 -0.22357788681983945 2.2560166120529179 803.50000000000011 12 0.92175588011741649 2.2560166120529179 1.9644516110420229 1.1229721903800967 13
decision_type=2 2 2 2 2 2 2 2 2 2 2 2 2 2 1 2 2 2 1 2 1 1 2 1 2 1 2 2 2 2 2 2 1 2 1 2 1 1 2 2 2 2 2 2 2 2 2 1 2 2 1 2 2 2 2 2 2 1 2 2 2 2 1
left_child=1 5 6 -3 9 7 22 8 15 13 33 56 -10 -4 24 -1 47 23 -17 -18 -21 -11 54 26 -5 44 27 28 -9 30 -16 -32 -33 34 35 48 -35 -15 -22 -29 -27 51 -26 -37 45 -19 -46 52 49 -8 -13 -31 -7 -14 60 -41 58 -58 -12 -24 61 -2 -62
right_child=2 3 4 14 -6 16 10 17 12 21 11 50 53 37 29 18 19 25 -20 20 38 -23 59 -25 42 40 -28 39 -30 41 31 32 -34 36 -36 43 -38 -39 -40 55 -42 -43 -44 -45 46 -47 -48 -49 -50 -51 -52 -53 -54 -55 -56 -57 57 -59 -60 -61 62 -63 -64
leaf_value=0.020609588378399307 0.00064124811905850977 0.018343937916731303 -0.0048490608217418253 0.013167015559710787 -0.0019267914161383427 0.00045516762169021811 0.010766826992549987 -0.00021549586993299964 0.014064324444509823 0.0073562501060410023 0.0006044920150999522 -0.0019473078244712639 0.0028596173177163524 -0.020380050390961843 -0.0021172368631998911 0.0034736896100513118 8.2440261321533423e-06 -0.014725903130552194 0.016815749991269582 0.00031912935067738939 -0.0042920460014621627 -0.005037355848827748 0.00015024645252964281 0.00058026295819071808 0.0024595714803601408 0.0026142012081343462 0.0010491593029264461 0.011875411095499814 0.0025030188709896186 -0.0035044410840659765 0.0073553986893738488 -0.0080393956643727438 0.0056146385914320708 -0.00040558526831856114 -0.00074879062082329809 -0.01059114074551119 0.0054660894441690769 -0.011439110854442948 -0.0014795904182803598 0.0087279485549481856 -0.0006751076445542897 -0.0064069419627959213 0.011146430267669869 -0.0018485980897065995 -0.0037583311824548101 -0.0037732852301132292 0.0018364571919839172 0.0002180327030291106 -0.00017547546822302063 0.0010960193844271558 -0.00077395583848520813 0.010692803259430995 0.0015675835088454762 -0.0015870157706194079 0.0024590593125755345 0.0022620280710441663 -0.0017397408794323213 -0.0073007135669345248 -0.007235387911697231 -0.00053048449810704477 0.012495499241335016 -0.0025536096692727072 0.00082688835063406249
leaf_weight=4814.807596206665 361371.60021972656 4958.65869140625 8094.5919063091278 6866.854736328125 233410.578125 358909.40869140625 2706.660400390625 51915.02311706543 3495.2436800003052 3506.651829957962 10401.750334501266 275447.77621459961 22897.170393943787 5083.6063003540039 8279.7195644378662 5493.1210030317307 1411905.6691894531 2767.3493843078613 3474.5622454881668 106430.06359863281 37335.585083007812 6601.1178359985352 975715.98647552729 740762.92736816406 8917.7891387939453 27522.3876953125 538988.67794799805 4613.4927520751953 189886.15937805176 2202.555478811264 16283.716826438904 3255.4905548095703 5928.3423404693604 14882.847778320312 1409216.3325042725 3989.8457489013672 14086.994995117188 8082.1415023803711 155183.76489257812 6506.6375541687012 93883.724639892578 5935.5607023239136 4177.8998594284058 9257.0985870361328 19462.636497020721 5309.3224906921387 10748.175270557404 883130.9580078125 427353.17930603027 118775.86294555664 339222.94107055664 1943.1855442523956 301279.47778320312 18277.265003204346 62280.626953125 17042.787174224854 9551.5302696228027 29827.703861236572 4542.8885815143585 685458.5439453125 2684.2353248596191 24119.11181640625 3659.8924827575684
leaf_count=1518 135244 1876 2926 2373 95505 122622 984 20167 1282 1039 3935 86496 7832 1620 4457 1822 510900 1206 1113 40370 12922 2505 382823 273762 3577 15286 197744 1036 72236 1190 5783 920 1979 6132 506472 1960 5341 2685 54618 1829 35713 1762 1407 4635 9049 2272 4373 327046 161569 45279 139960 948 121048 6488 26153 4475 5101 9006 1461 217517 1132 10357 1416
internal_value=1.57662e-06 0.000507828 -0.000508831 0.00486492 -0.00261713 0.000448177 -0.000392155 0.000999411 0.00449651 -0.00775285 -0.000756506 -0.0015846 0.00191844 -0.0110889 0.0038158 0.0128484 0.000148712 0.000879817 0.00867222 -0.000201228 -0.00119053 -0.000733883 6.76172e-05 0.0010387 0.00796156 -0.000661989 0.00145846 0.00227565 0.00191936 0.00192459 0.00323967 0.00498132 0.000770169 -0.000479544 -0.000522629 4.4404e-05 0.0024518 -0.014922 -0.00202501 0.00533381 7.06396e-05 -0.00247519 0.00523412 -0.00448477 -0.00298403 -0.00753282 -0.00176788 0.00053664 0.000153763 0.00131192 -0.00129982 0.00315493 0.000962816 0.000885811 0.000792872 0.00405002 -0.00480649 -0.00595457 -0.00178031 -0.000130648 0.00052801 0.000441324 0.00579088
internal_weight=1.01401e+07 5.09079e+06 5.04933e+06 68749.8 264779 5.02204e+06 4.78455e+06 1.76786e+06 58452.2 31368.1 2.66926e+06 668995 44669.7 21260.3 63791.1 13782.5 3.25417e+06 1.70941e+06 8967.68 1.71086e+06 298949 10107.8 2.11529e+06 1.54972e+06 19962.5 159694 808953 269964 241801 43828.6 33747.3 25467.5 9183.83 2.00027e+06 1.9713e+06 562083 28969.8 13165.7 192519 28162.9 121406 10081.3 13095.7 13246.9 38287.5 8076.67 30210.8 1.54332e+06 548836 121483 614671 4145.74 660189 41174.4 454115 23549.4 54323.9 39379.2 14944.6 1.66117e+06 391835 385491 6344.13
internal_count=3734254 1875001 1859253 26272 106280 1848729 1752973 659203 20055 10775 978331 245959 15602 7231 24396 4453 1189526 639148 2935 618810 107910 3544 774642 571249 7357 67899 297487 99743 92403 17039 13139 8682 2899 732372 720899 214427 11473 4305 67540 7340 50999 3900 4984 6595 16900 3478 13422 570716 207832 46263 226456 2138 243670 14320 174302 6304 19503 14107 5396 600340 148149 145601 2548
cat_boundaries=0 1 2 3 4 5 6 7 8 9 10 11 12 13 14
cat_threshold=34613307 44922688 467239 17178947 40139048 51282700 25429696 40553856 23569760 8601650 33925675 29922560 33636653 36890781
is_linear=0
shrinkage=0.03


Tree=23
num_leaves=64
num_cat=23
split_feature=5 7 10 2 3 3 2 1 3 2 1 16 19 12 1 9 1 3 19 1 19 1 5 1 3 1 7 1 10 17 2 13 1 1 1 10 1 5 1 2 12 2 3 1 7 1 5 12 19 1 10 10 1 6 16 3 1 6 1 1 19 1 6
split_gain=2598.68 1574.31 1485.41 1155.71 928.062 748.714 682.574 635.054 617.139 888.031 608.244 558.696 537.36 451.672 417.249 405.942 400.776 398.797 384.915 489.733 372.669 493.269 358.345 348.56 339.716 325.013 313.486 269.121 438.148 341.809 297.94 281.017 260.928 258.701 255.007 255.33 377.96 248.68 248.059 231.206 228.238 225.188 221.278 220.93 220.148 218.778 216.521 204.772 194.257 374.638 191.351 212.131 298.305 190.719 190.248 183.896 190.741 176.423 184.539 175.531 169.325 240.885 167.918
threshold=-0.57397747039794911 0.38470408320426946 1.9644516110420229 -1.8440827727317808 1.7527557015419009 0.096147291362285628 -1.0736950039863584 0 -1.4934133291244505 -0.92766210436820973 1 0.36108247935771948 0.077823251485824599 -0.29911231994628901 2 -0.78547245264053334 3 0.50685244798660289 0.95626643300056469 4 0.82401347160339367 5 -2.2323027849197383 6 1.7527557015419009 7 -0.25401739776134485 8 -2.4594172239303584 9 0.028961143456399444 1.3114820718765261 10 11 12 -0.82187929749488819 13 -1.9655067920684812 14 -0.26081183552741999 -1.0362799763679502 -1.8440827727317808 -0.89146319031715382 15 -0.85647931694984425 16 2.0197230577468877 -0.98102644085884083 2.3734664916992192 17 -0.22716146707534787 1.9644516110420229 18 -1.0177602171897886 0.46173781156539923 1.7527557015419009 19 -0.13557609915733335 20 21 0.024229395203292373 22 -0.80877134203910817
decision_type=2 2 2 2 2 2 2 1 2 2 1 2 2 2 1 2 1 2 2 1 2 1 2 1 2 1 2 1 2 1 2 2 1 1 1 2 1 2 1 2 2 2 2 1 2 1 2 2 2 1 2 2 1 2 2 2 1 2 1 1 2 1 2
left_child=2 5 8 10 17 13 16 37 9 14 -4 26 33 18 -1 25 -6 45 23 -20 34 54 -16 50 44 -14 43 40 29 -29 47 53 -8 -13 -11 36 -36 -5 -26 -21 -17 -19 -39 -10 -7 -3 -18 -30 -41 -50 -2 62 -53 -32 -22 -28 -57 59 -59 -9 -46 -62 -52
right_child=1 4 3 7 6 24 32 57 11 20 -12 12 15 -15 22 27 46 41 19 39 21 -23 -24 -25 38 -27 55 28 30 -31 31 -33 -34 -35 35 -37 -38 42 -40 48 -42 -43 -44 -45 60 -47 -48 -49 49 -51 51 52 -54 -55 -56 56 -58 58 -60 -61 61 -63 -64
leaf_value=0.0035651962407645594 0.0013868189604778665 -0.00024698033655614677 0.027242017047203412 0.0167706907370016 -0.0019940380323195824 0.00037639425257446108 0.00074920751474908895 0.0027448772162217017 0.0016590270742765961 -0.00016612230679867091 0.0091776106240094388 -0.0059651609274188958 -0.0093138365568390391 0.0023025830649928791 0.016964964024592747 0.0086946318008241374 -0.00922955363411887 -0.005126145738452853 0.00038316079129106643 0.00036684575205275999 -0.0040928081294176145 0.0041033558770635827 0.006857285461319868 4.3447197509173261e-05 -0.0063978059760898551 -0.0025663227978227417 0.00050258196348445844 -0.014048135298149895 -0.0038933892403608503 -0.0013413149359219844 -0.0045559368916910457 -0.0096361899268775277 -0.0049824532828668215 0.00038245937915928652 0.012499864490238689 0.0022605609195664638 0.0024782852661512159 0.015278500572767176 -0.0016634637511653114 -0.0030736766547355813 0.00049466285997725628 -0.001446476788522561 0.0051808156093102031 0.00076534122927467444 -0.00029623990197745757 -0.00095998870407574632 -0.018469307218262423 0.0015711526198702059 -0.00062688560644957479 -0.012146024704591788 0.0011989854377085132 0.01374400556718273 0.00072537893747848638 -0.00096800829097236959 -0.013206810466169788 -0.010063733256857381 -0.0011243135107159379 0.0078300738278048489 0.00031077684132461254 -0.00359980048148726 -0.0018146926620506124 -0.00046163806031321699 0.00011609181110420092
leaf_weight=10673.396026611328 319558.0244140625 707386.15853881836 3045.6136741638184 2876.4278564453125 3168.8837585449219 315733.37609863281 11118.261577606201 7023.0084042549133 489760.57901000977 28495.976211547852 3810.5772438049316 5810.8389892578125 9113.6875305175781 100610.79145812988 5989.28857421875 3263.0197143554688 4106.9306945800781 15345.916015625 79297.701782226562 14062.9736328125 6024.3918342590332 5567.3786506652832 6693.2719421386719 1390472.8644180298 11961.694702148438 21805.897552490234 1025915.5860290527 4331.2376308441162 7274.0013122558594 3412.6406650543213 17528.493302106857 4392.1225891113281 20007.193012237549 712952.28619384766 6011.9282684326172 51047.418121337891 7778.7482147216797 2387.5110359191895 59388.672485351562 44717.439331054688 46871.569152832031 601832.775390625 10703.090582847595 506508.40521240234 1268492.6226806641 856027.36685180664 5187.22705078125 40569.947971343994 4219.6919555664062 6406.6073608398438 181400.71528244019 2585.9310455322266 4069.3414154052734 55682.929942369461 3134.350227355957 2807.6829051971436 9032.7387256622314 5834.83935546875 5914.6327223777771 8857.9397497177124 183134.431640625 335137.27270507812 445050.37928390503
leaf_count=3892 121107 281293 1026 1161 1173 123170 3598 2717 165840 11589 1537 1884 2822 48805 1785 1051 1408 5393 34734 5632 2433 2934 2240 475087 5433 6210 409957 1275 1641 997 5878 789 9028 198355 1726 20086 3475 1040 22920 17769 14351 226882 4664 236981 448683 297552 1673 12093 1994 2710 95425 1153 1579 16662 740 1296 4257 1714 1688 3434 77315 130155 139938
internal_value=2.44639e-06 -0.000319896 0.000718038 0.0058239 -0.000978945 -1.23524e-05 -0.00531307 0.00402223 0.000634887 0.00264662 0.0172692 0.000545779 -6.20519e-05 0.000331956 0.00795049 -0.00138074 -0.0112445 -0.000892297 0.000252385 -0.00122765 0.00149993 -0.0029347 0.0116262 0.000346317 -0.000422962 -0.00456021 0.000824592 -0.000844384 -0.00154951 -0.00847272 -0.00112194 -0.00226985 -0.00293663 0.000331023 0.00219974 0.00323898 0.00686091 0.008782 -0.00245869 -0.00306753 0.00102897 -0.00153801 0.0070276 0.0012047 -0.000353872 -0.000637389 -0.0143781 0.000740026 -0.00394072 -0.00758625 0.000788362 0.000486297 0.00581206 -0.00182729 -0.00720948 0.000459672 -0.00325689 0.00126694 0.00405356 -0.00079456 -0.000482915 -0.000939805 0.000429671
internal_weight=1.01394e+07 6.99048e+06 3.1489e+06 50453.6 2.22418e+06 4.7663e+06 43588.5 43597.4 3.09845e+06 131416 6856.19 2.96703e+06 933009 2.59245e+06 23356 214246 12463 2.18059e+06 2.49184e+06 148704 108060 14726.1 12682.6 2.34314e+06 2.17385e+06 30919.6 2.03402e+06 183326 133191 7743.88 125447 77603.5 31125.5 718763 93334.1 64838.1 13790.7 15967 71350.4 69406.7 50134.6 617179 13090.6 996269 2.1025e+06 1.56341e+06 9294.16 47843.9 55343.7 10626.3 952664 633106 6655.27 73211.4 9158.74 1.03776e+06 11840.4 27630.4 11749.5 15880.9 1.78676e+06 518272 626451
internal_count=3733829 2581609 1152220 18981 828000 1753609 16880 16418 1133239 50900 2563 1082339 264008 945933 7917 63769 4254 811120 897128 62839 42983 6107 4025 834289 807676 9032 818331 54737 39335 2272 37063 23329 12626 200239 36876 25287 5201 6865 28353 28105 15402 232275 5704 402821 779323 578845 3081 13734 22473 4704 359202 238095 2732 22540 3173 415510 5553 9553 3402 6151 656153 207470 235363
cat_boundaries=0 2 4 6 8 10 12 14 15 17 18 20 21 23 25 27 29 31 33 35 37 39 41 43
cat_threshold=2669068440 6 3901259940 55 1777405762 92 1295255665 8 2240281946 6 1532524723 80 774689888 45 1694498866 1073807760 8 14713104 34110256 69 16777224 927083096 70 3221815683 1 365051906 16 9227691 12 2879721660 55 1476395172 40 235683904 9 1835297 50 1082205732 80 6820099 104 1620120386 23
is_linear=0
shrinkage=0.03


Tree=24
num_leaves=64
num_cat=19
split_feature=7 3 3 2 3 2 10 1 10 1 10 19 10 18 1 8 1 3 19 1 4 1 15 9 3 1 1 1 6 10 1 10 3 1 1 10 1 7 16 4 1 4 1 10 1 2 8 10 2 1 7 10 8 14 10 14 6 16 4 16 1 11 1
split_gain=2272.37 1449.83 1336.55 1072.9 906.59 1006.53 563.108 657.315 616.894 547.342 518.622 607.352 503.646 483.835 467.881 461.192 445.158 425.727 386.576 585.665 576.455 403.553 433.119 1636.03 347.988 323.404 314.062 297.371 284.585 276.667 274.003 300.429 264.702 264.007 255.682 288.581 332.574 251.446 244.458 268.881 268.502 252.886 248.114 256.6 238.006 227.969 227.868 238.111 225.907 243.677 219.654 198.006 195.892 432.45 346.504 277.702 238.797 217.044 240.185 194.546 193.597 190.653 516.002
threshold=-0.31932906806468958 0.50685244798660289 -1.7563155889511106 -0.8156110644340514 1.7527557015419009 -1.0736950039863584 1.9644516110420229 0 0.10113328322768213 1 1.9644516110420229 0.95626643300056469 0.96084678173065197 -0.69881606101989735 2 0.97941589355468761 3 -0.096410565078258501 0.95626643300056469 4 1.6692219376564028 5 1.3119027614593508 -0.78547245264053334 -1.4934133291244505 6 7 8 -2.105982661247253 0.12197682633996011 9 -0.14989652484655377 -1.3307987451553343 10 11 -1.5296894907951353 12 0.84490093588829052 0.81742417812347423 0.17685678601264956 13 1.5712455511093142 14 -1.3084688186645506 15 0.25087948143482214 0.87087279558181774 -2.4594172239303584 0.2244791463017464 16 -1.9914887547492979 1.9644516110420229 1.9408048391342165 0.46288070082664495 -1.3084688186645506 0.51214903593063366 -0.30728568136692042 1.3424351215362551 -1.6296737790107725 0.91046038269996654 17 -0.33870449662208552 18
decision_type=2 2 2 2 2 2 2 1 2 1 2 2 2 2 1 2 1 2 2 1 2 1 2 2 2 1 1 1 2 2 1 2 2 1 1 2 1 2 2 2 1 2 1 2 1 2 2 2 2 1 2 2 2 2 2 2 2 2 2 2 1 2 1
left_child=2 6 3 9 29 15 8 24 18 -1 11 17 13 -11 46 -6 -12 30 21 -20 61 22 32 -24 -8 -17 -10 -5 -7 -3 -4 -32 -2 51 -19 36 -36 -28 39 42 41 -41 -16 45 -30 -44 -13 -48 49 -9 -18 -31 53 -34 56 -56 -55 -54 -59 -38 -50 62 -21
right_child=1 4 10 27 5 28 7 48 26 12 16 14 -14 -15 38 25 50 34 19 20 -22 -23 23 -25 -26 -27 37 -29 44 33 31 -33 52 -35 35 -37 59 -39 -40 40 -42 -43 43 -45 -46 -47 47 -49 60 -51 -52 -53 57 54 55 -57 -58 58 -60 -61 -62 -63 -64
leaf_value=0.0045921127174330155 0.0026592221519735476 -0.0005398465536247221 0.00052578554895951616 0.0047651062334588884 0.0011623084778323977 -0.009536245559642503 0.016940826769962163 -0.0012196947818832304 0.00025517227623997449 0.018232298237621333 -0.00044622117312397366 0.0025403927302189316 0.025932462363373366 0.0029179792772373553 0.0028971110010526605 -0.0062768878610440825 0.0099207337524112333 0.00067479080673881115 0.00086850715588321099 -0.020287815585542986 -0.015993512463741266 6.11174549101003e-06 0.018402239133071159 0.0010108627828065585 0.0054266502973087669 -0.014826660125393463 -0.00046388726991892544 -0.00027576530241585839 0.0039707772657945539 -0.00073448014235800616 0.001989141828754629 0.00083415934045132014 0.00050509391689490275 -0.0017463023445499573 0.0012546681640462885 1.8751972453429594e-05 -0.0040043070210144249 -0.0013264468684314832 -0.0061535912780949185 -0.0049190143094757282 -0.001735337508062785 -0.014472875192035838 0.00012519461656365925 -0.0003186901519728784 -0.0023578865321543362 -0.0095663254918864262 -0.0063247289242714128 -3.6502107348305216e-05 -0.007524363743187829 0.0038406957285173318 0.0042384877452495695 0.0033593714714652053 -4.6585976220545599e-07 0.013638430194765719 0.0083872474802390018 0.0017414746890268475 0.0036698944667175261 0.008278051740421748 0.0013916038794144802 -0.012410655953327548 0.00087610736876835428 -0.0015333943985039889 -0.0033855651691460484
leaf_weight=6574.3792572021484 55393.064056396484 946572.56640625 629867.994140625 23828.752967834473 2962.4508781433105 4654.8300647735596 2665.931396484375 15025.845489501953 408606.1484375 4204.5271797180176 14650.519622802734 30675.288024902344 3051.4636383056641 3325.9098320007324 14185.580330371857 6412.5671663284302 8822.470458984375 753405.24072265625 70909.7841796875 1741.8102111816406 2851.0622863769531 1783690.5668945312 5935.0318908691406 26981.982757568359 20570.744567871094 10775.716086387634 1250425.330078125 18871.510093688965 5739.5311847925186 256986.23291015625 371129.43896484375 446620.15014648438 258022.14896970987 467047.62353515625 11111.356872558594 756469.93884277344 17379.965301513672 401935.822265625 14020.241394042969 12381.095206737518 23071.276184082031 3121.0377197265625 3434.2370910644531 28004.018585205078 76185.388994574547 5996.6902465820312 5870.21044921875 69883.242614746094 5104.2629241943359 19888.60627746582 20036.300445556641 11087.0810546875 504007.07708740234 4384.5416693687439 6226.3381271362305 61667.181159973145 4273.2512993812561 5217.8067626953125 35852.491821289062 2887.1324157714844 4770.3476257324219 70924.910544633865 22086.309975385666
leaf_count=2514 19786 361750 238410 9660 1325 1849 1102 5652 205897 1331 6129 14255 1034 1125 5371 2125 3485 276135 31213 1003 1022 669331 1972 7574 8716 3521 408474 7584 1593 96334 128157 155185 105232 172555 3593 284284 7670 133078 3782 5252 12488 988 1808 14344 31582 3085 2277 27061 1628 6927 7850 4207 153050 1219 1463 16262 954 1114 8024 885 2029 25731 13109
internal_value=-2.98536e-06 -0.000315109 0.00064317 0.00508506 -0.00104912 -0.00373021 -5.51202e-05 0.00265581 -9.21451e-05 0.0114205 0.000561178 0.000516934 0.0156395 0.011475 -0.00104002 -0.00976825 0.00381428 0.000626663 0.00018833 -0.00120646 -0.0027137 0.00027375 0.000766925 0.0041489 0.00674812 -0.011652 -0.000489547 0.00253856 -0.00232442 -0.000878952 0.000996101 0.00135833 0.000647853 -0.00131559 0.000279666 -9.81931e-05 -0.00291708 -0.000673704 -0.00246867 -0.00189583 -0.00379053 -0.00684212 -0.000479784 -0.00175994 -0.0019141 -0.006039 0.000359155 -0.000524168 0.000530571 0.00166378 0.00597497 -0.000565084 0.00052118 0.0010926 0.00307266 0.00235151 0.00872319 0.000170432 0.0022674 -0.00520203 -0.0034745 -0.00231359 -0.00463503
internal_weight=1.01405e+07 6.83758e+06 3.30288e+06 59856.5 1.78842e+06 106730 5.04916e+06 68025.7 4.98113e+06 17156.3 3.24302e+06 3.19951e+06 10581.9 7530.44 210643 20150.7 43509.3 2.98887e+06 2.92017e+06 168514 97604.1 2.75165e+06 967961 32917 23236.7 17188.3 2.06097e+06 42700.3 86579.8 1.68169e+06 1.44762e+06 817750 935044 735121 1.54125e+06 787848 31378.5 1.65236e+06 104214 90193.9 38573.4 15502.1 51620.5 37434.9 81924.9 9430.93 106429 75753.5 44789.1 34914.5 28858.8 268073 879651 334573 76551.3 67893.5 8657.79 545077 41070.3 20267.1 9874.61 94753 23828.1
internal_count=3734145 2508403 1225742 23248 676841 41995 1831562 26054 1805508 6004 1202494 1185030 3490 2456 90711 6971 17464 1094319 1058059 72078 40865 985981 316650 9546 9818 5646 747449 17244 35024 634846 521752 283342 307104 273096 572567 296432 12148 541552 47118 43336 18728 6240 24608 19237 33175 4893 43593 29338 16236 12579 11335 100541 287318 125130 19898 17725 2173 162188 9138 8555 3657 39843 14112
cat_boundaries=0 2 4 6 8 10 12 14 16 18 20 22 24 25 26 27 29 31 33 35
cat_threshold=2941173784 2 1630609233 44 160074202 95 19963202 73 2307584348 20 34673825 45 1261699697 108 707051600 33 1276089089 61 4089619228 66 674104538 38 440192057 44 4272900 571544065 1073811969 526384 4 1075915587 32 1052838 93 1073742336 1
is_linear=0
shrinkage=0.03


Tree=25
num_leaves=64
num_cat=18
split_feature=5 10 3 7 2 2 0 2 1 3 4 3 2 1 1 1 5 9 1 0 1 10 1 1 0 19 0 17 16 19 2 10 1 1 14 0 10 3 19 1 0 1 0 1 19 0 10 5 10 1 13 10 1 2 0 19 9 1 0 16 4 1 4
split_gain=2524.43 1423.9 1392.42 998.352 938.334 922.192 724.748 763.774 690.126 588.296 576.992 551.859 807.032 530.415 525.78 413.464 392.955 369.01 358.852 356.824 351.602 345.546 432.119 337.206 301.229 345.156 445.053 485.165 323.377 299.498 294.28 293.961 288.632 280.7 321.459 274.783 272.865 270.934 257.229 305.75 303.989 320.11 256.511 286.877 254.763 331.175 252.969 248.327 248.029 265.862 894.896 247.864 315.348 307.786 471.589 341.095 377.889 306.447 266.462 266.515 364.818 264.729 267.175
threshold=-0.57397747039794911 1.9644516110420229 0.88042959570884716 0.026217128150165084 -1.8440827727317808 -1.8440827727317808 803.50000000000011 -0.92766210436820973 0 -0.89146319031715382 -0.13379042595624921 -1.2094883322715757 -1.0736950039863584 1 2 3 -2.2323027849197383 1.0000000180025095e-35 4 803.50000000000011 5 1.9644516110420229 6 7 789.50000000000011 1.6960514783859255 157.50000000000003 8 0.73209384083747875 0.050372708588838584 1.1350423097610476 0.1433934420347214 9 10 0.7580358386039735 602.50000000000011 -1.5296894907951353 -0.67932033538818348 1.3482177257537844 11 291.50000000000006 12 645.50000000000011 13 -0.1757514029741287 514.50000000000011 0.96084678173065197 -1.4421188831329343 -1.8547923564910886 14 -0.88972625136375416 -0.10356964543461798 15 -1.0736950039863584 217.50000000000003 0.37541826069355017 -1.059655427932739 16 217.50000000000003 0.59267461299896251 -1.4085317850112913 17 0.063367111608386054
decision_type=2 2 2 2 2 2 2 2 1 2 2 2 2 1 1 1 2 2 1 2 1 2 1 1 2 2 2 1 2 2 2 2 1 1 2 2 2 2 2 1 2 1 2 1 2 2 2 2 2 1 2 2 1 2 2 2 2 1 2 2 2 1 2
left_child=1 11 3 17 9 10 21 13 47 -3 15 12 16 46 24 -4 32 29 -14 -7 -9 31 35 -21 25 -13 27 -27 30 37 -26 38 -1 34 48 -23 -30 -2 40 -40 41 -5 43 -39 45 -17 -8 -6 -31 50 -50 52 58 54 -54 -55 -57 -53 61 -60 -61 62 -16
right_child=2 4 5 6 8 19 7 20 -10 -11 -12 14 18 -15 51 44 -18 -19 -20 23 -22 22 -24 -25 28 26 -28 -29 36 33 -32 -33 -34 -35 -36 -37 -38 42 39 -41 -42 -43 -44 -45 -46 -47 -48 -49 49 -51 -52 57 53 55 -56 56 -58 -59 59 60 -62 -63 -64
leaf_value=0.018205167210933581 0.0011179719914184007 0.026100076191862307 -0.016552284308405829 0.0015242315290817793 0.012773079828557026 -0.00095834895333233368 -0.0057810283227252759 -0.0020228199312349389 0.0010367199693484574 0.0085090930562422892 -0.0017406011731052671 0.00031846819748509607 -0.00032534948620357567 -0.0022525520100103989 0.0028423942956546286 -0.016016854110704727 0.0036057215589837869 0.0016835321216873424 0.0022373775923881451 -0.0041541032677943329 -0.00040322364060160613 0.0041302021966017309 0.00012328119902661321 -0.0012907857174223741 -0.00092741423352738785 -0.019907822875603075 -0.0010499599052988355 -0.0015685238147028172 -0.01049818816433291 -0.0046358101738431792 0.0028015450655579843 -0.00074104010495028186 0.0079075816177067784 4.1905341881523199e-05 -0.0040550713677443995 0.013682201058583388 -0.0022518147833564864 0.0010400182070812924 0.00025172994483658811 -0.0043145106974543102 -0.0002784053833708081 -0.00015726260958906873 -0.00034846956988178392 5.3531010702894611e-05 0.00059818676960546758 -0.0039200981985791413 -0.012103270336013675 0.0054809376746189388 -0.020767530773612278 -0.00023767091308762498 0.0011254448258018145 0.001479831477813987 0.015397209959766152 0.00087544171889725533 0.0024599719780368364 0.0097719545280331443 -0.0014736228082439812 0.00019353674265217528 0.0011947414070290433 0.011743735999671089 0.0024479531940108895 0.0016651964507066865 0.0083489198512880971
leaf_weight=3369.1685333251953 357359.39892578125 2936.8362426757812 5960.8566665649414 203258.5298614502 7684.9830322265625 723780.85699462891 14883.846832275391 221058.06289672852 26583.611269950867 4107.9347534179688 12722.302951097488 610331.05294799805 74430.170478820801 30639.377410888672 16348.019889831543 3793.786786198616 16013.28466796875 153511.955078125 144923.91814422607 66762.102355957031 265582.92733764648 8932.92138671875 22401.873352050781 83145.696899414062 92147.7880859375 2724.8941192626953 15166.019958496094 2486.2485198974609 3791.1448974609375 13838.737915039062 24004.6328125 1045036.2900390625 9219.8998260498047 560638.03637695312 30783.416015625 3890.7628784179688 74379.756469726562 454904.87561798096 25137.740539550781 27775.683410644531 1094879.7966766357 204308.81396484375 513332.89428710938 636565.18586432934 3074.8369348049164 4401.0096300840378 9242.3616943359375 9299.2675142288208 2476.0227088928223 178258.07260131836 5205.6091575622559 208052.18811035156 2927.7846755981445 504229.9679107666 18760.063957214355 2769.7392578125 87413.619979858398 838337.82901000977 279065.89301300049 5041.6986694335938 15393.741325378418 32661.04833984375 15410.481086730957
leaf_count=1219 131524 1120 2105 74583 2804 288889 4864 71525 9870 1513 4518 251031 31577 11937 4986 1215 5695 68031 55453 23198 106210 3055 9418 36861 45688 1114 7120 1340 1135 5945 13618 383141 2784 213582 9051 1439 19989 162553 11613 11568 396713 72007 176930 211721 1176 1394 2862 3698 1384 77441 2641 107643 1063 185129 6570 1055 37367 247761 86092 1060 3336 9723 4254
internal_value=4.94929e-06 0.000710036 -0.000312907 -0.000149695 0.00570109 -0.00141175 -0.000517293 -0.00151702 0.00405748 0.0158558 -0.00658732 0.000628524 0.00198601 -0.00487573 0.000510475 -0.0101644 0.00672528 0.000252068 0.0013679 -0.00123428 -0.00113899 -0.000311928 0.00263923 -0.00256644 -0.000127966 0.000190221 -0.00365013 -0.0112092 -0.00116068 0.000172254 -0.000156682 -0.00035191 0.0106904 -0.000320477 -0.00120158 0.00702705 -0.00265239 0.000370938 -9.04546e-05 -0.00214616 -1.80494e-05 0.00068136 0.000204585 0.000464694 -0.00675913 -0.00952665 -0.00820158 0.00877809 -0.000761864 -0.000473425 -0.00593253 0.000770406 0.00111325 0.000699607 0.0042096 0.000571518 -0.00112772 0.000449311 0.00181344 0.00143696 0.00474366 0.0035638 0.00551354
internal_weight=1.01376e+07 3.15001e+06 6.98754e+06 6.0839e+06 50612.6 903641 3.17703e+06 541407 43567.9 7044.77 29952.8 3.0994e+06 247956 54765.6 2.85144e+06 17230.5 28602.4 2.90687e+06 219354 873689 486641 2.63562e+06 35225.6 149908 825032 630708 20377.2 5211.14 194323 2.75336e+06 116152 2.6004e+06 12589.1 791200 230562 12823.7 78170.9 1.96216e+06 1.55536e+06 52913.4 1.50245e+06 407567 1.6048e+06 1.09147e+06 11269.6 8194.8 24126.2 16984.3 199778 185940 7681.63 2.02641e+06 980022 616101 21687.8 594413 90183.4 1.04639e+06 363921 299501 20435.4 64419.5 31758.5
internal_count=3733901 1152807 2581094 2221738 19005 359356 1160935 197398 16372 2633 10408 1133802 96728 19663 1037074 5890 9698 1060803 87030 348948 177735 963537 13912 60059 341035 260605 9574 2454 80430 992772 59306 949625 4003 310044 96462 4494 21124 682728 566484 23181 543303 146590 551204 374274 3785 2609 7726 6502 87411 81466 4025 696039 340635 231184 7633 223551 38422 355404 109451 90488 4396 18963 9240
cat_boundaries=0 2 4 6 8 10 12 14 16 17 19 21 23 25 27 28 30 32 34
cat_threshold=2651243192 6 3776461796 10 3841995584 19 2483610378 10 3016902778 64 3893375907 74 2869846960 10 3909300899 2 13124608 2516770824 33 1888748066 22 231911758 54 1662087477 63 2927921442 63 512 8457347 4 7651344 4 65539 4
is_linear=0
shrinkage=0.03


Tree=26
num_leaves=64
num_cat=14
split_feature=5 3 10 2 3 7 3 2 2 18 17 4 17 19 17 3 5 3 5 10 17 12 14 17 17 5 7 4 14 19 11 9 13 2 15 13 18 19 15 9 17 16 10 17 13 2 17 14 17 17 10 12 17 9 12 11 12 19 12 10 17 17 9
split_gain=2271.81 1171.42 1144.46 918.53 799.288 772.685 650.375 618.48 604.541 1145.48 522.741 520.237 487.748 453.979 441.308 384.386 365.082 353.731 343.828 319.502 442.964 285.491 258.481 301.744 255.787 249.603 241.438 227.308 227.255 389.799 305.403 522.513 889.807 233.342 223.711 222.788 214.688 238.328 212.968 206.962 204.769 243.631 202.497 201.674 281.629 233.851 200.766 198.829 196.136 193.475 193.448 189.57 325.625 458.694 1032.4 187.951 187.624 176.314 175.603 212.771 172.872 172.642 169.48
threshold=0.090676013380289092 1.7527557015419009 1.9644516110420229 -1.8440827727317808 -0.22590927034616468 0.31413684785366064 -0.95611605048179615 -1.3179268240928648 -1.3179268240928648 -1.6429651975631712 0 -0.13379042595624921 1 0.62885972857475292 2 -0.67932033538818348 -1.9655067920684812 0.15965799987316134 1.7875921726226809 -0.020299688912928101 3 -0.36316962540149683 0.26401430368423467 4 5 -0.9160063862800597 -0.85647931694984425 -1.4865158200263975 0.17054196447134021 0.1394067928195 -0.076195906847715364 -0.42049902677536005 -0.93878838419914235 -0.92766210436820973 1.3119027614593508 1.0947058796882632 -1.5001991391181944 -0.1158856153488159 1.1997417211532595 -0.22357788681983945 6 0.73209384083747875 -2.4594172239303584 7 -0.53738322854042042 0.36596243083477026 8 0.42714126408100134 9 10 0.10113328322768213 -0.63114520907402027 11 -0.78547245264053334 -0.60070893168449391 1.7481967806816103 -1.1273197531700132 -0.48830065131187433 -0.29911231994628901 -1.5296894907951353 12 13 -0.47786043584346766
decision_type=2 2 2 2 2 2 2 2 2 2 1 2 1 2 1 2 2 2 2 2 1 2 2 1 1 2 2 2 2 2 2 2 2 2 2 2 2 2 2 2 1 2 2 1 2 2 1 2 1 1 2 2 1 2 2 2 2 2 2 2 1 1 2
left_child=2 5 4 6 8 15 -4 11 9 12 -5 18 -1 19 25 39 60 -7 -3 20 34 43 23 -15 -20 -6 -17 36 -16 38 31 33 -33 -31 55 -36 -22 61 -30 -2 -24 42 -42 -12 46 47 -45 -46 -21 -9 51 -28 53 54 -53 -10 -32 -14 -25 -60 -11 -38 -35
right_child=1 7 3 10 14 17 -8 49 13 16 21 -13 57 22 28 26 -18 -19 24 48 27 -23 40 58 -26 -27 50 -29 29 30 56 32 -34 62 35 -37 37 -39 -40 -41 41 -43 -44 44 45 -47 -48 -49 -50 -51 -52 52 -54 -55 -56 -57 -58 -59 59 -61 -62 -63 -64
leaf_value=0.019806411765296603 0.00041267686749321572 -0.0045149376644635858 0.02414133993292868 0.012952397370126711 0.00094129195283314162 -0.00049142023527609451 0.0069787970276990637 0.0030117640742239318 0.0016549075392094166 0.011306913922933664 0.00034627594046414092 0.00029479230307974532 0.011036500059035587 -0.0015941393075078554 0.00020628921498111783 0.0004473383257119724 0.00022254556275734243 -0.001330134611392176 -0.019311173410501217 0.00010238676169152808 -0.0034402188441927197 -0.005869441453533868 9.5332898716178084e-05 0.00082995278198593836 -0.0095885390096342258 0.00013680578306708531 -0.00036273598382873906 0.00092498670513752219 -0.00029482468722707202 0.0056416577286618761 -0.0075363296099900988 -0.00063837997376685275 -0.025203951876007484 -0.0037589885925442862 0.011919936637192707 0.0032755278689816036 0.003983702751961608 -0.0025680659260166033 0.0038507646416574559 0.0021600451381736689 -0.0092361073750086321 -0.0067666668257800166 -0.0011513142757509289 0.0045780770334298065 0.0023232167986166723 -0.0034771373164937855 0.013060239828402825 0.0098027954855216832 0.0010211928814650637 -0.003002495717882333 -0.0007528256178285039 0.022657172177618569 -0.00019973521913432813 0.0013010906257767622 0.00072741421417731262 0.0041813399805686133 -0.00085977738353615427 0.0021658986010149295 0.015053724845649669 0.0026423964657600351 0.0038357226333695701 4.3295294520949561e-06 0.0017489205195689919
leaf_weight=4379.2819519042969 407990.9306640625 4460.7811613082886 3193.8637084960938 4359.634937286377 548479.9609375 944120.59655761719 5262.8931274414062 5169.2163887023926 405029.64215087891 3745.5466461181641 20117.560470581055 4449.6703767776489 4950.5031890869141 56550.233375549316 556683.12564086914 367795.06018066406 39867.05810546875 869266.869140625 5029.7084283828735 557699.3896484375 20291.08203125 3692.1637452840805 25910.488471984863 88891.086898803711 4906.318060874939 945359.91234213114 891518.37890625 524762.12219107151 810785.22534179688 2899.3411254882812 3869.9298095703125 2748.7025008201599 2561.2421097755432 42862.564981937408 3804.7275848388672 9095.8733673095703 14787.916351318359 20551.354142546654 11303.404418945312 71725.9912109375 3064.9166259765625 12743.1552734375 30410.997978210449 5812.1564712524414 15871.078833341599 4909.5090458393097 4472.7050162553787 4002.7862067222595 334516.40234375 68304.539958953857 791318.99383544922 3018.5167236328125 190500.18634033203 89292.952705383301 5353.1174850463867 28355.0048828125 169377.02309417725 3405.3465728759766 1703.5902404785156 4574.203987121582 10979.388534545898 29112.612503051758 5693.0351233482361
leaf_count=1314 155854 1580 1211 1990 198688 354344 1930 1765 139150 1087 8572 1488 1636 25642 253275 137853 14171 316435 1670 165984 8376 1647 7953 41202 1540 345610 304904 199226 259799 1307 916 1303 1016 19522 930 2799 4943 8533 1841 30388 989 3589 10851 3071 5040 1366 1817 834 160475 27695 285263 951 86840 27887 1900 7899 54296 1120 1009 3337 3758 12054 2262
internal_value=3.64198e-06 -0.000477099 0.000423172 0.00418821 0.000372636 -0.000410403 0.013471 -0.00382314 0.000804601 0.00360419 0.00294585 -0.00867078 0.0117042 0.000717806 6.08841e-05 -9.96051e-05 0.00171374 -0.00089347 -0.0114409 0.000864836 0.00121803 0.00220131 -0.000561688 0.000141226 -0.0145465 0.000432181 -0.000258274 0.000692161 -0.000283886 -0.000543248 -0.00163492 -0.00354458 -0.0125001 -0.00261928 0.00193614 0.00582862 -0.000749475 9.78399e-05 -0.000237801 0.000673958 -0.00204012 -0.00323647 -0.00189279 0.00274216 0.00411508 0.00238348 0.00828852 0.00383176 0.000446889 -0.00257919 -0.000389944 -0.000146525 0.00052238 0.00193067 0.00864332 0.00182025 -0.00100913 0.00741596 0.00117247 0.00601973 0.00574962 0.00134599 -0.00311309
internal_weight=1.01377e+07 4.72422e+06 5.4135e+06 71694.4 5.34181e+06 4.6319e+06 8456.76 92320.2 2.23918e+06 67327.1 63237.6 18846.5 12735.1 2.17185e+06 3.10262e+06 2.81851e+06 54592 1.81339e+06 14396.8 1.94801e+06 1.05579e+06 58878 223849 151719 9936.03 1.49384e+06 2.3388e+06 609505 1.60878e+06 1.0521e+06 230012 56764.9 5309.94 51454.9 446285 12900.6 84743 64451.9 822089 479717 72129.6 46219.1 33475.9 55185.8 35068.2 24783.4 10284.9 19873.9 892216 73473.8 1.971e+06 1.17968e+06 288165 97664.6 8371.63 433385 173247 8355.85 95168.9 6277.79 14724.9 43900.5 48555.6
internal_count=3733697 1738357 1995340 27478 1967862 1702619 3141 35738 828027 23086 24337 6278 4070 804941 1139835 1031840 19016 670779 4790 710369 383910 22347 94572 71190 3210 544298 845598 233132 595537 342262 80622 25410 2319 23091 150778 3729 33906 25530 261640 186242 23382 15429 11840 20700 12128 7240 4888 5874 326459 29460 707745 422482 117578 30738 2851 147049 55212 2756 45548 4346 4845 16997 21784
cat_boundaries=0 1 2 3 4 5 6 7 8 9 10 11 12 13 14
cat_threshold=33556497 17956926 1550895 6568456 46629644 9651262 12586257 30213444 2121888 32675458 294929 38314274 43041024 50331698
is_linear=0
shrinkage=0.03


Tree=27
num_leaves=64
num_cat=20
split_feature=5 10 2 0 2 1 0 1 2 5 1 19 1 0 1 15 18 1 1 4 0 1 4 0 1 1 11 19 19 12 15 16 19 1 12 1 16 12 19 1 10 10 1 10 4 1 2 1 0 12 16 0 15 1 16 1 2 18 1 0 4 1 18
split_gain=2266.84 1042.84 927.663 799.321 870.872 777.13 679.652 1114.32 833.037 920.445 568.452 561.428 638.562 482.294 489.592 631.914 464.521 455.236 436.527 364.893 355.383 472.492 339.616 327.455 495.507 407.417 2245.35 401.47 327.114 324.363 409.345 320.786 998.344 588.732 405.426 470.213 528.271 332.727 314.34 659.926 430.178 358.414 355.295 430.473 340.236 328.059 326.909 325.715 308.121 307.95 307.538 303.844 278.075 277.602 274.299 270.18 260.934 314.947 258.745 258.5 893.114 935.827 592.375
threshold=0.27016253769397741 1.9644516110420229 -1.8440827727317808 645.50000000000011 -1.3179268240928648 0 775.50000000000011 1 -1.3179268240928648 -2.2323027849197383 2 -0.1158856153488159 3 291.50000000000006 4 1.3119027614593508 -1.5001991391181944 5 6 -1.9714598059654234 929.50000000000011 7 -0.13379042595624921 172.50000000000003 8 9 -0.53359326720237721 2.3734664916992192 1.6960514783859255 -0.20143771916627881 -1.0779896378517149 0.73209384083747875 0.48429609835147863 10 -0.90526095032691944 11 1.0428450107574465 -0.40829387307167048 0.95626643300056469 12 -0.74728542566299427 0.019940997473895553 13 -2.4594172239303584 1.028927803039551 14 0.087593872100114836 15 789.50000000000011 -0.78030541539192189 0.36108247935771948 291.50000000000006 -0.31920856237411493 16 0.54089811444282543 17 -0.37577416002750391 -2.0249447822570796 18 217.50000000000003 -0.13379042595624921 19 0.20662170648574832
decision_type=2 2 2 2 2 1 2 1 2 2 1 2 1 2 1 2 2 1 1 2 2 1 2 2 1 1 2 2 2 2 2 2 2 1 2 1 2 2 2 1 2 2 1 2 2 1 2 1 2 2 2 2 2 1 2 1 2 2 1 2 2 1 2
left_child=1 6 10 38 18 28 8 20 9 16 -3 13 -13 14 15 -10 -1 -6 -5 53 54 -22 -18 24 27 26 -25 -14 -4 -26 -31 37 33 49 -34 -36 -37 56 41 40 -40 42 51 45 -42 -44 -41 -48 -20 -33 -23 -2 -39 -9 -8 -43 57 -21 -35 60 62 -62 -11
right_child=3 2 5 4 17 -7 7 19 11 59 -12 12 23 -15 -16 -17 22 -19 48 31 21 50 -24 25 29 -27 -28 -29 -30 30 -32 32 34 58 35 36 -38 52 39 46 44 55 43 -45 -46 -47 47 -49 -50 -51 -52 -53 -54 -55 -56 -57 -58 -59 -60 -61 61 -63 -64
leaf_value=0.020242955905362691 0.0018504326742898845 0.020350500590393075 0.0058437559680152721 -0.0020447813351941024 -0.00019817262888939931 0.00051612107526751165 0.00022485401101923267 0.0028096258205194367 0.0029154973229065435 0.0059021081181468418 0.0050207119225033391 0.00067050050635314949 -0.0030841834439417331 0.00051176826566667812 0.0010958378160856397 0.014225350138331984 0.00303797348366527 -0.0013469682365251081 -0.0034488880052964228 0.0036799815038799349 -0.00044817976733983901 0.0039602578618754087 0.014573909853888047 -0.028181366967013947 -0.00079422512595916873 -4.310093841222794e-05 -0.00076460868297599472 -0.013689728964247277 0.016204856784935176 0.016820603179730061 -0.0014754049135812719 -0.0084059975277870538 -7.0022754100494046e-05 0.00072528283801601644 -0.020067681722534751 0.001265586206440388 -0.01271038345153923 0.00083101702239734806 -0.0082827523636489851 0.0012941767795941383 -0.0014247287241288477 1.5413395702496618e-05 0.0010242674445840622 -8.9413191860384696e-05 -0.010011596860375753 -0.0090978486077635239 0.00097027583751383524 -0.0030526823890372366 -0.0086418900636431109 -0.00062570013574257818 -0.0033633419240529233 0.00027729398454776164 0.0069991131581947936 -0.0046355113426118193 0.008527814589550084 -0.0008897118562286796 -0.00034734089547658098 -0.0027078994597299752 -0.0017693639842924786 0.0013174910726716834 0.025165460723087733 0.003359806020133338 -0.012637740619452225
leaf_weight=3378.9874267578125 175811.62927246094 4553.3183326721191 18057.043766975403 48782.183898925781 492370.12115478516 47323.996027946472 507884.55303955078 5096.13623046875 88934.50439453125 3462.4663188457489 4210.1328392028809 766017.67502212524 65255.756591796875 2268964.0732116699 449251.66491699219 4675.66259765625 6155.940283536911 840307.87493896484 19167.54296875 7577.486572265625 43141.406005859375 74103.963409423828 3662.1679928302765 3012.0008926391602 161412.58151245117 727443.6357421875 24686.26766204834 3374.352294921875 3231.884033203125 2145.4881609678268 2252.7413617372513 14462.233825683594 3907.8324937820435 70559.503845214844 3764.3690948486328 3790.5928564071655 6792.5315437316895 31249.4794921875 16184.971740722656 63531.003326416016 34286.269859313965 511950.6748046875 4382.7197875976562 765604.72131347656 4720.6998062133789 8409.9511108398438 28342.354248046875 50153.660980224609 22207.191101074219 6699.7468872070312 5543.0368347167969 297439.1865234375 8327.6548461914062 38602.06982421875 3601.4044799804688 706289.6806640625 318838.2247467041 82898.42155456543 79643.015014648438 65455.224271416664 3191.3682632446289 3987.9585567712784 2801.6720428466797
leaf_count=1085 63958 1577 6970 17980 216678 18056 202760 1712 36449 1312 1684 295768 27221 810312 151329 1455 2008 276307 6698 2434 16657 31433 1239 1718 58400 289655 11760 1621 1526 1164 899 3369 1079 19046 1032 1225 1768 18368 6063 27272 14315 204420 1957 275020 1585 2972 11728 22642 7622 1788 1229 109152 3241 13660 937 235400 113102 28286 21047 22977 1033 1569 1088
internal_value=4.2098e-06 0.000372849 0.00383318 -0.0005414 -0.0011156 0.00265872 0.000328042 -0.000273854 0.000498099 0.00332289 0.0130218 0.000441138 2.02037e-05 0.000703953 0.0015072 0.00348076 0.0106546 -0.000922549 -0.00396907 -0.00111543 0.000631328 0.00208064 0.00734612 -0.000483182 -0.00146259 -0.000179113 -0.00374919 -0.00360606 0.00741663 -0.000575064 0.00745849 -0.000933917 -0.0019685 -0.00125789 -0.00863691 -0.0109694 -0.00769906 -0.000496872 -0.000235076 -0.00138762 -0.00417094 -0.000143043 0.000213491 -0.000180624 -0.00246508 -0.00563731 -0.000305598 -0.00160042 -0.00623534 -0.00594073 0.00344996 0.000861707 0.0021296 -0.00376745 0.000283398 -0.000509353 -0.000750852 -0.00217273 -0.000597517 0.00209594 0.00588426 0.0131034 -0.00239341
internal_weight=1.01433e+07 6.05338e+06 77376.4 4.08994e+06 1.42283e+06 68612.9 5.97601e+06 1.31648e+06 4.65952e+06 92095.8 8763.45 4.56743e+06 1.7556e+06 2.81183e+06 542862 93610.2 13197.1 1.33268e+06 90156.9 682209 634274 122788 9818.11 989583 234441 755142 27698.3 68630.1 21288.9 165811 4398.23 638511 189620 171364 18255.3 14347.5 10583.1 448891 2.66711e+06 197219 55191.9 2.46989e+06 1.25165e+06 778397 39007 12792.7 142027 78496 41374.7 21162 79647 473251 39577.1 43698.2 511486 1.21824e+06 409314 90475.9 150203 78898.7 13443.5 7179.33 6264.14
internal_count=3735817 2234048 29813 1501769 525285 26552 2204235 484173 1720062 32311 3261 1687751 688206 999545 189233 37904 4332 492985 32300 231157 253016 49319 3247 392438 89305 303133 13478 28842 8496 60463 2063 215785 50354 45250 5104 4025 2993 165431 976484 83605 21963 892879 453059 279949 15900 4929 61642 34370 14320 5157 32662 173110 21609 15372 203697 439820 143822 30720 40093 27979 5002 2602 2400
cat_boundaries=0 2 4 6 8 10 12 14 15 17 18 20 22 24 26 28 30 31 33 35 37
cat_threshold=2668511384 2 486460505 36 3905585324 55 1090905335 12 2718990336 14 661423192 53 1071498249 112 134611033 2785017856 81 512 16777474 1 1073741858 11 570426337 9 588263973 61 2216757272 64 471373842 20 260 2921634242 59 33559168 16 2857027592 4
is_linear=0
shrinkage=0.03


Tree=28
num_leaves=64
num_cat=19
split_feature=5 10 3 3 5 2 0 19 1 1 1 2 18 0 0 1 1 2 1 0 7 1 1 1 3 18 1 4 4 1 10 8 2 0 4 3 19 1 6 10 10 1 18 1 18 18 4 0 1 19 10 1 5 1 19 2 2 1 10 19 1 0 10
split_gain=2168.23 1112.81 992.127 954.993 933.832 699.555 680.368 676.003 564.524 561.717 490.477 487.556 1085.12 563.165 541.532 608.359 465.93 451.002 429.52 428.343 407.024 378.179 374.175 349.294 345.691 331.102 403.1 310.621 1900.61 3909.62 313.575 272.285 263.936 257.688 254.578 278.78 272.829 306.768 235.322 512.495 231.596 417.591 272.435 227.587 223.094 221.121 239.784 311.069 218.183 217.159 210.779 658.736 206.473 199.912 201.938 268.629 197.315 190.528 233.485 186.468 274.946 225.96 185.151
threshold=0.27016253769397741 1.9644516110420229 1.194155812263489 -0.36328999698162073 -2.2323027849197383 -1.3179268240928648 645.50000000000011 -0.48830065131187433 0 1 2 -1.3179268240928648 -1.2766487598419187 172.50000000000003 731.50000000000011 3 4 -1.3179268240928648 5 789.50000000000011 -0.25401739776134485 6 7 8 -1.4934133291244505 1.5087535977363589 9 0.55193653702735912 0.60955399274826061 10 -0.82187929749488819 0.10776091367006303 -0.72702601552009571 674.50000000000011 -0.84932526946067799 -1.2094883322715757 1.1229721903800967 11 0.81279775500297557 -0.51546403765678395 1.9644516110420229 12 2.070167183876038 13 -1.1019436120986936 -0.88710606098175038 2.2173740267753606 187.50000000000003 14 0.077823251485824599 -1.8547923564910886 15 -0.9160063862800597 16 2.3734664916992192 0.43170821666717535 -0.41985671222209925 17 1.5109481215476992 0.62885972857475292 18 142.50000000000003 -1.8547923564910886
decision_type=2 2 2 2 2 2 2 2 1 1 1 2 2 2 2 1 1 2 1 2 2 1 1 1 2 2 1 2 2 1 2 2 2 2 2 2 2 1 2 2 2 1 2 1 2 2 2 2 1 2 2 1 2 1 2 2 2 1 2 2 1 2 2
left_child=1 3 6 11 18 7 23 25 24 19 33 12 14 -14 -1 -16 34 21 -3 27 -11 -8 44 32 -6 26 -4 -5 29 -29 -30 -32 -2 -9 36 -36 38 -38 -13 -40 42 -42 48 -15 -19 -25 62 -48 -23 -18 51 -21 -22 54 -51 -56 -52 58 -7 -59 61 -61 -47
right_child=2 4 5 9 8 57 17 10 -10 20 -12 16 13 43 15 -17 49 22 -20 50 52 40 -24 45 -26 -27 -28 28 30 -31 31 -33 -34 -35 35 -37 37 -39 39 -41 41 -43 -44 -45 -46 46 47 -49 -50 53 56 -53 -54 -55 55 -57 -58 59 -60 60 -62 -63 -64
leaf_value=0.017332436197371168 0.0019435675295935483 0.022497830726679612 -0.0015136935730610031 0.00017379615913301979 0.016027811277612262 -0.0010118265859571621 -0.00788430230948752 0.010422378856761257 0.00027861417547382752 0.00068297004761848042 -0.0059205958962872691 0.00041253188654198891 0.012178924161950084 0.0023150359206901591 0.016357160573995264 0.0007876243350327381 0.00061638914799018538 0.001514652322776925 0.0072814829332566774 0.0048580643057051769 0.00049342403818756868 0.00061955476497131071 -0.0012569917024942085 0.00065270275367104095 0.0047765447866607406 -0.01904464595206927 -0.013201010739192382 -0.0385058657625309 -0.0034235661119667248 -0.0031189611771654411 0.0089708055741871059 -0.00025389669901273792 0.000174145055743586 -0.0015848729981603447 0.0029201413767147755 0.0012947821278383983 -0.0090891452935444039 0.00062083356095344146 0.012095333556824709 0.00031955882234296673 0.011363154702976391 -0.0027908117788535995 -0.011199123628308827 -0.0020864262500185815 -0.00042831175662332575 -0.0027263294125141379 -0.013623986056660225 -0.0022215811833768001 -0.0037301589418856067 -0.00099616992635207305 -0.0036114832838953677 -0.014535277122755281 -0.0002487502924652694 0.00027478186218880037 -0.00096658852990474421 -0.01423042077318973 -0.0011637158083166123 -0.0018068290636546139 0.0049000044940830777 -0.014553169235174261 -0.0017530489377800187 -0.0054372576527063361 -0.00043380146524602068
leaf_weight=5944.8556027412415 82846.9208984375 3215.0031433105469 4438.698392868042 540935.82037353516 2658.5195617675781 91361.070877075195 13009.407165527344 3100.9564485549927 36062.540744781494 1167737.8262939453 13001.081076622009 204113.71882629395 3784.9916898012161 21062.310814738274 3361.3754014968872 6841.1466813087463 825127.43441772461 60475.7333984375 3540.3298645019531 2561.1375122070312 465008.86779785156 14943.87047958374 734589.29501342773 159093.87109375 32011.036373138428 3572.255126953125 6647.3204669952393 3601.5730590820312 29245.783538818359 12631.436706542969 2905.6627655029297 271555.98973083496 900547.52001953125 3334.3711051940918 117734.146484375 491330.73815917969 5591.45263671875 6133.896240234375 5038.1276550292969 9771.2001495361328 2983.597339630127 5001.770824432373 3383.1943664550781 21200.073716163635 441000.67251586914 32498.941467285156 2696.9796377420425 10618.353858351707 33963.257480621338 115417.52783203125 36469.482652664185 4068.6500854492188 1228915.6079171896 203269.7878112793 3102.2795867919922 2463.1876983642578 158212.39283561707 138713.93885803223 6431.142822265625 3086.0780982971191 17178.990295410156 11818.768306732178 1291731.223815918
leaf_count=1914 31259 1055 1531 226291 1013 33855 5237 1180 13666 416279 4381 74959 1373 6437 1015 2317 309958 25602 1335 1325 159888 4274 241495 55186 12697 1178 2053 1600 12477 4179 1499 102427 348632 1443 45366 169988 1545 3553 1014 2140 1235 1780 1231 8426 186216 12340 1000 3976 12509 44008 14770 1635 430074 91524 1254 1012 63698 58057 2291 1393 7819 5192 449582
internal_value=-6.7068e-06 0.000353917 -0.000540109 0.000307591 0.00392586 -0.0021929 -0.000408086 -0.0062406 0.0029075 3.33677e-05 -0.00257101 0.000832144 0.00344764 0.00110068 0.010138 0.00593954 0.000750355 -0.000961319 0.0145786 -0.000555786 0.000252051 -0.00324787 -0.000825739 -0.000116001 0.00563987 -0.0111038 -0.00853762 -0.00026446 -0.00100543 -0.0110052 -0.000470772 -0.000156075 0.000323217 0.00419808 0.00128753 0.00160899 0.000438699 -0.00401867 0.000677519 0.0043284 -0.00224493 0.00251211 -0.00297199 0.0001072 -0.000193983 -0.000404597 -0.000530362 -0.00453535 -0.00240179 0.000357888 -0.00180158 -0.00706005 -4.50109e-05 -0.00029991 -0.00126537 -0.00684445 -0.00162233 -0.00167898 -0.00062275 -0.00228354 -0.00434468 -0.00732406 -0.000490074
internal_weight=1.01447e+07 6.05263e+06 4.09207e+06 5.97514e+06 77487.4 302685 3.78938e+06 34094.7 70732.1 3.92385e+06 19436.4 2.05129e+06 62194.8 46047.4 16147.4 10202.5 1.98909e+06 1.30935e+06 6755.33 1.06219e+06 2.86166e+06 73285.1 1.23607e+06 2.48003e+06 34669.6 14658.3 11086 860876 319940 16233 303707 274462 983394 6435.33 839713 609065 230648 11725.3 218923 14809.3 60275.7 7985.37 52290.3 42262.4 501476 1.49664e+06 1.33755e+06 13315.3 48907.1 1.14938e+06 201312 6629.79 1.69392e+06 324253 120983 5565.47 194682 268590 97792.2 170798 32083.8 14904.8 1.32423e+06
internal_count=3735638 2233711 1501927 2203945 29766 120373 1381554 11766 27376 1436142 7004 767803 21482 16236 5246 3332 746321 479579 2390 429901 1006241 26266 453313 901975 13710 4762 3584 348473 122182 5779 116403 103926 379891 2623 298565 215354 83211 5098 78113 3154 21029 3015 18014 14863 211818 522084 466898 4976 16783 447756 81428 2960 589962 137798 46274 2266 78468 108607 36146 72461 14404 6585 461922
cat_boundaries=0 2 4 6 8 10 12 14 16 18 20 22 24 26 28 30 32 34 36 37
cat_threshold=3742351513 38 3774886720 19 1867515993 6 3226124336 12 210082945 29 1041557676 66 1075852100 2 2808878168 53 188125474 59 280041156 116 1073742336 2 6273 16 2399519776 16 242921475 71 136118280 97 16778048 2 34619946 64 2450008560 39 1092994059
is_linear=0
shrinkage=0.03


Tree=29
num_leaves=64
num_cat=16
split_feature=7 5 3 3 2 3 2 1 1 1 1 2 5 1 19 1 4 1 1 5 1 7 2 6 5 3 1 15 1 1 6 5 1 16 11 3 3 7 18 9 1 11 13 6 9 19 3 6 11 18 4 16 19 1 15 4 18 5 2 18 1 6 14
split_gain=2004.81 1434.16 1073.57 1019.76 748.953 722.308 710.219 505.717 404.46 368.573 300.001 294.588 655.152 327.562 309.223 296.915 291.973 346.838 267.728 255.798 231.578 219.205 216.101 209.748 208.942 205.53 193.966 190.287 216.222 181.089 180 178.246 218.045 176.635 271.69 169.557 167.104 165.392 163.106 160.085 159.562 1633.83 1602.11 551.19 1072.31 156.783 151.342 169.54 150.097 143.535 143.186 142.768 137.361 150.799 135.912 157.216 135.416 132.857 212.321 191.871 129.401 128.5 125.775
threshold=-0.55966201424598683 0.50292018055915844 -1.7563155889511106 1.4770151972770693 -0.92766210436820973 -0.36328999698162073 -1.8440827727317808 0 1 2 3 -0.92766210436820973 -1.9655067920684812 4 0.95626643300056469 5 -0.17717035114765164 6 7 -2.2323027849197383 8 1.1331788897514345 -0.11170041933655737 0.81279775500297557 -1.4421188831329343 -1.2094883322715757 9 1.1007310152053835 10 11 0.038491683080792434 2.0197230577468877 12 0.81742417812347423 0.14240069687366488 0.2576319426298142 0.29078897833824163 0.64996933937072765 -2.3239542245864864 -0.22357788681983945 13 -0.53359326720237721 -0.88972625136375416 0.63447225093841564 -0.42049902677536005 0.24361466616392138 -1.2094883322715757 -2.105982661247253 1.9528558254241946 -1.1860061883926389 0.65452042222023021 0.46173781156539923 -0.5264666974544524 14 1.3119027614593508 0.38342870771884924 -0.22825516015291211 -2.2323027849197383 -0.72702601552009571 -1.1860061883926389 15 -1.7964507937431333 -0.15898410975933072
decision_type=2 2 2 2 2 2 2 1 1 1 1 2 2 1 2 1 2 1 1 2 1 2 2 2 2 2 1 2 1 1 2 2 1 2 2 2 2 2 2 2 1 2 2 2 2 2 2 2 2 2 2 2 2 1 2 2 2 2 2 2 1 2 2
left_child=2 5 4 9 7 18 10 -1 24 35 -5 12 16 30 20 23 -4 -18 46 -9 25 36 -17 33 -7 -13 -6 28 -24 45 -14 61 -33 34 51 39 -11 40 -27 -3 41 42 -10 -43 -45 -8 47 -2 54 52 -19 -16 -15 -54 -48 -56 -26 58 59 -20 -60 -31 -40
right_child=1 3 11 6 26 8 29 19 37 21 -12 14 13 49 15 22 17 50 57 -21 -22 -23 27 -25 56 38 -28 -29 -30 31 -32 32 -34 -35 -36 -37 -38 -39 62 -41 -42 43 -44 44 -46 -47 48 -49 -50 -51 -52 -53 53 -55 55 -57 -58 -59 60 -61 -62 -63 -64
leaf_value=0.0027688862102698579 0.0089826120678567142 -4.4592130685629984e-05 4.5979716352516051e-05 -0.0045879581125382665 0.0050114017407401935 0.001316682744487417 -0.0017192583926317446 0.020092989541956319 -0.040483079495723093 -0.00049935945774516057 -0.014347876821014852 0.0030206057816528921 0.0039989343946307716 0.0080586370537782531 -0.002330177236926711 0.0028786268901765358 0.014406297725705963 0.007578021121703562 0.012392627687059902 0.010208137282222914 0.00039085829659511935 -0.0016258449986967594 0.0025985612808972426 -0.010728035978414114 0.00045876021248641139 0.0038948218771960022 0.00024580888333490498 -0.0045993721522358099 -0.0013320986715538703 -0.0076307443189480148 -0.00036539301575931311 -0.011797037863822225 -0.0034332041489743325 -0.0057595558983046646 0.0013808085978719564 -0.00066885548221272796 -0.0011680830757193976 -0.0010007030128314175 0.0020120688499938883 0.0013877937063121262 -0.00022331988433820486 -0.00019406740622994191 -0.00097949593481383608 0.00060274791902747711 -0.020681736910149798 0.0068559796600911457 0.00065388556293575052 0.0019796844023448573 0.0036585498761744816 -6.0800356813484745e-05 0.00063167607289914729 -0.0091125961274924477 0.0058709494293222959 -0.0016682549714086032 0.0011262884399679855 0.0075024852712311553 -0.00016258469191370332 0.00029811942722031095 0.0037521472161143703 0.0025229686197680455 -0.00097385595273375336 -0.0023269760981729348 0.00075937432227678582
leaf_weight=4427.0809783935547 3203.8021240234375 465250.158203125 4939.5225577354431 4750.6237983703613 16419.211179733276 139399.26171875 5003.2977600097656 4669.46337890625 1866.624755859375 900685.80493164062 7157.4152641296387 45381.431640625 42678.174026489258 3782.5020141601562 29322.047668457031 23714.606567382812 5697.1349105834961 8861.5753777623177 3131.6046524047852 4793.2931671142578 1043284.431427002 312408.29907226562 20490.699035644531 2515.0250244140625 538642.34094238281 16537.84375 14455.966920852661 8706.0795135498047 32636.095352172852 4335.288489818573 10620.571365356445 4425.5186767578125 7714.98486328125 9122.2305908203125 21361.690254211426 356642.255859375 536720.01171875 390437.6171875 80187.451198577881 82699.91552734375 1470730.5712890625 116269.44526672363 1825.3909149169922 5296.901611328125 3558.097412109375 3106.1820068359375 340617.81658935547 103017.51623535156 17027.89013671875 107644.98986816406 3823.3384429812431 3083.4347457885742 3958.9735870361328 5972.0209503173828 8956.6676483154297 5689.2935943603516 762622.94999068975 1134211.5400390625 8557.651424407959 4084.5870895385742 13300.577732086182 78350.786797046661 718183.67700576782
leaf_count=1782 1297 190987 1877 1462 6161 48724 1802 1453 1000 305003 2500 16551 19686 1166 16813 10230 1779 3159 1033 1591 419583 110876 9293 665 192026 5367 6312 2316 14438 2219 3923 1804 2640 2298 8068 144003 183162 147340 44269 31416 530869 47808 1026 1519 1115 1087 119120 38225 4434 35211 1252 1022 1162 1921 2541 1654 274658 441915 3476 1343 4480 31392 219270
internal_value=6.24137e-06 -0.000222088 0.00078564 -0.000771177 0.00538576 7.76817e-05 -0.00353881 0.01117 -0.000169972 -0.000651428 -0.0104737 0.000694208 0.0017994 0.00116868 0.000587705 -0.000719252 0.00652164 0.00826125 0.000595171 0.015078 0.000691347 -0.000905599 0.000444181 -0.00224064 0.000212864 0.00105573 0.00278222 -0.000489581 0.000184274 -0.00273609 0.00312874 -0.00310386 -0.00649817 -0.00190075 -0.00124558 -0.000159754 -0.000749061 -0.000447129 0.000946306 0.000171603 -0.000312006 -0.00132438 -0.0209796 -0.000743713 -0.00795658 0.00156559 0.00119248 0.00219132 0.000907499 0.000307481 0.00548109 -0.00297684 0.00319752 0.00134291 0.000775591 0.00360487 9.4614e-05 0.000349453 0.00235173 0.00681171 0.000878113 -0.0026055 0.000885205
internal_weight=1.0139e+07 7.8417e+06 2.29727e+06 2.76925e+06 44765 5.07245e+06 114844 13889.8 3.43065e+06 2.65441e+06 11908 2.25251e+06 197979 174657 2.05453e+06 150952 23321.6 18382 1.6418e+06 9462.76 1.90357e+06 1.74981e+06 85547.5 65404.4 1.44066e+06 860290 30875.2 61832.9 53126.8 102936 53298.7 94826.6 12140.5 62889.4 53767.2 904592 1.43741e+06 1.98998e+06 814909 547950 1.59955e+06 128816 3692.02 125124 8855 8109.48 478513 106221 372292 121358 12684.9 32405.5 13713.5 9930.99 355264 14646 1.30127e+06 1.16329e+06 29074.4 7216.19 21858.2 82686.1 798371
internal_count=3734574 2875956 858618 1010353 17299 1865603 44906 4826 1246085 965447 3962 841319 71136 63069 770183 65143 8067 6190 619518 3044 705040 599041 36277 28866 515408 285457 12473 26047 23731 40944 23609 38055 4444 28201 25903 366406 488165 730677 268906 222403 583337 52468 2026 50442 2634 2889 167271 39522 127749 39460 4411 17835 4249 3083 123315 4195 466684 452247 10332 2376 7956 33611 263539
cat_boundaries=0 2 4 6 8 10 12 14 16 18 20 22 24 26 27 28 30
cat_threshold=1630605120 44 445025311 36 724930600 49 1863654648 4 4015292472 17 1995453987 32 2719010864 68 201626753 5 202202249 60 1285527169 12 16941248 78 2096 36 2812461070 18 1073742336 2260224 1369655824 10
is_linear=0
shrinkage=0.03


Tree=30
num_leaves=64
num_cat=16
split_feature=5 3 10 2 0 2 2 1 1 1 0 1 1 19 2 18 0 1 15 13 16 1 0 1 5 2 19 18 1 19 0 1 3 10 0 2 1 1 10 3 1 10 1 10 11 0 11 2 14 0 8 11 11 0 2 10 1 19 3 0 19 6 1
split_gain=1985.03 1144.53 1024.06 823.002 646.727 625.622 556.944 580.325 518.68 491.368 482.347 477.147 463.883 422.604 403.229 716.904 481.396 401.904 400.614 4174.09 391.063 355.086 331.765 378.846 287.342 312.403 281.95 277.159 335.811 276.867 274.753 272.037 263.752 244.469 243.598 241.798 353.795 305.79 240.736 238.104 225.563 409.424 312.522 298.142 383.032 382.435 252.129 220.29 272.99 213.688 212.533 735.81 3107.82 210.521 210 207.468 313.088 220.172 207.083 206.423 276.438 623.484 206.129
threshold=-0.57397747039794911 0.4682947993278504 1.9644516110420229 -1.8440827727317808 775.50000000000011 -1.8440827727317808 -1.3179268240928648 0 1 2 789.50000000000011 3 4 -0.48830065131187433 -1.3179268240928648 -1.5001991391181944 172.50000000000003 5 1.3119027614593508 1.2035079598426821 1.6058590412139895 6 645.50000000000011 7 -1.7908884882926939 -1.3179268240928648 1.3482177257537844 1.2956186532974245 8 -0.049103723838925355 942.50000000000011 9 1.3157522082328799 0.77917268872261058 142.50000000000003 0.92469099164009105 10 11 -1.8547923564910886 0.62887448072433483 12 -1.8547923564910886 13 -1.3084688186645506 0.14240069687366488 366.50000000000006 0.85838782787323009 -0.72702601552009571 0.83910587430000316 336.50000000000006 5.1909887790679941 -0.53359326720237721 -0.58883816003799427 789.50000000000011 0.57939702272415172 1.9644516110420229 14 -0.1158856153488159 -1.7563155889511106 157.50000000000003 1.3482177257537844 -0.75956422090530384 15
decision_type=2 2 2 2 2 2 2 1 1 1 2 1 1 2 2 2 2 1 2 2 2 1 2 1 2 2 2 2 1 2 2 1 2 2 2 2 1 1 2 2 1 2 1 2 2 2 2 2 2 2 2 2 2 2 2 2 1 2 2 2 2 2 1
left_child=2 4 9 8 17 13 7 33 -4 24 14 26 -8 27 15 -11 -17 18 58 -20 35 -15 40 -24 25 39 -5 28 -3 34 -13 59 -18 -6 -16 37 -37 -12 -38 49 43 42 -42 44 54 -46 -44 48 -25 -1 -19 52 -52 62 -7 57 -57 -43 -2 60 -31 -62 -23
right_child=1 5 3 11 6 22 12 -9 -10 10 20 30 -14 21 29 16 32 50 19 -21 -22 53 23 47 -26 -27 -28 -29 -30 31 -32 -33 -34 -35 -36 36 38 -39 -40 -41 41 55 46 -45 45 -47 -48 -49 -50 -51 51 -53 -54 -55 -56 56 -58 -59 -60 -61 61 -63 -64
leaf_value=0.013872429096745314 0.0025415862939866521 -0.01082683564056598 0.023862901758598606 0.0061421512862961788 -0.0051666286213110611 0.0020456205658683723 0.00056037814444933633 -0.0013901644094701947 0.0072324085365453299 0.015181810133336268 -0.0018066527638198838 0.0022714516205941159 -0.00097821075365483621 -0.0062936925521227868 0.0024745373192739772 0.012009473520072457 0.0017764501554513134 -8.5444584788043257e-05 0.032697632177630331 1.0196776893849307e-05 -0.004782620147172816 0.0096216599373251249 -0.00038454551314775489 -0.0027805116293611598 0.00081742673045714703 0.0016519663179244636 0.017678793122355329 -0.014060515749527198 0.00082623746911680623 -0.0016959520909971375 -0.0075285716363775448 0.00054603569415714512 -0.0074233149699867614 -0.012582287404578629 0.00060977567383154526 0.0033577131713304334 -0.007254759596645264 5.8825319208682748e-05 7.0115008160090674e-05 -0.0010811427256231581 -0.00094411156602364937 -0.00032441882679935124 -0.0051718999347381261 -0.00016618409011626262 0.0024606417542410077 0.012542090547370686 -0.014385144028696983 -0.0016417020023047181 -0.008738401141158824 0.0054051688760963935 0.00034989407122763307 -0.00027099717957471163 -0.033261498821032201 -0.0041966958860990885 -0.0054494740102744082 -0.0033427098049062958 0.0064539876594637002 -0.0013010146580570035 0.00035137965634028851 -0.000438686253547611 -0.017179026198221051 0.00057678735338113441 0.00038753296840183849
leaf_weight=3370.9339139461517 39722.953811645508 4790.6561689376831 2991.4256858825684 9797.4171929359436 8752.3280334472656 10972.77857208252 239021.57666015625 27480.609771728516 3932.8570289611816 4252.4105224609375 152480.7183380127 28645.428220272064 672670.84912109375 12015.63020324707 68472.128196716309 3897.4780254364014 26314.78904914856 2144780.8935307264 3944.13037109375 32053.47900390625 19358.662109375 2969.3301820755005 231221.85311889648 42570.106689453125 1079181.1828613281 186317.2099609375 2366.033935546875 5364.6525268554688 4149.43883228302 38959.13232421875 2824.0762176513672 244493.49080657959 3134.2574615478516 7384.2047729492188 795300.9852142334 33625.961181640625 4284.294921875 164283.25517272949 68965.998443603516 3925.2278137207031 12920.113159179688 497018.20562529564 11493.515293121338 369746.46499633789 8342.9975967407227 5699.0374755859375 3483.3695945739746 364705.76318359375 8263.091064453125 13138.807998895645 9747.0248413085938 55242.768920898438 3313.8449096679688 5734.3348331451416 4846.1546173095703 4466.1613616943359 8520.2707672119141 357002.80438446999 1762947.5227508545 179479.45385742188 3485.1431999206543 3631.5059700012207 8047.3205347061157
leaf_count=1036 16431 1463 1083 4053 2307 5169 121114 11502 1498 1486 55343 10402 211406 4450 23933 1537 9426 765415 1235 9791 4058 1098 94481 15981 370711 63218 1126 1817 1460 14593 824 103714 1217 1916 294651 16823 1773 63843 27764 1259 5135 185680 5308 134460 2182 1462 1257 134584 2197 4025 4497 17446 1596 2092 2399 1894 3435 145677 660955 70435 1630 1492 2646
internal_value=8.9912e-06 -0.000272764 0.000634164 0.00486922 -3.11236e-05 -0.00088249 -0.000733287 -0.00404479 0.014474 0.000565096 0.000247139 0.00334351 -0.000574837 -0.00445845 0.000525142 0.00358883 0.00210841 0.000134431 0.000462229 0.00359569 -0.000613485 -0.00236221 -0.000803138 -0.00135798 0.00101371 0.00203826 0.00838571 -0.00867166 -0.00543194 0.000438767 0.0013905 -0.000147149 0.000796227 -0.00855764 0.000757611 -0.000422918 0.000810945 -0.00083923 -0.000358722 0.0055591 -0.000525922 -0.000790541 -0.0043675 6.67012e-05 0.00294992 0.00655526 -0.00731395 -0.00189958 -0.00374975 0.00713768 -0.000137911 -0.00178527 -0.00818756 0.000462388 -0.00025151 -0.000675433 0.00308721 -0.000732666 0.000399649 -0.000898516 -0.00268965 -0.00812449 0.00288873
internal_weight=1.01423e+07 6.99141e+06 3.15091e+06 50557.2 5.00706e+06 1.98434e+06 955310 43617.1 6924.28 3.10035e+06 1.81442e+06 43633 911692 43071.4 1.37142e+06 37598.9 33346.5 4.05175e+06 1.83867e+06 35997.6 442999 28766.6 1.94127e+06 646761 1.28593e+06 206752 12163.5 14304.7 8940.1 1.33382e+06 31469.5 470049 29449 16136.5 863773 423640 106876 316764 73250.3 20435 1.29451e+06 894904 27897 399607 29861 14042 14976.9 415539 50833.2 16509.7 2.21308e+06 68303.6 13060.9 16751 15818.9 867007 12986.4 854021 1.80267e+06 225555 46075.8 7116.65 11016.7
internal_count=3734891 2581938 1152953 18986 1825611 756327 348245 15725 2581 1133967 693718 16405 332520 15026 524114 13666 12180 1477366 688412 11026 169604 10286 741301 247243 440249 69538 5179 4740 2923 510448 11226 191864 10643 4223 318584 165546 46360 119186 29537 6320 494058 348386 11700 145672 11212 3644 6565 152762 18178 5061 788954 23539 6093 5836 7568 336686 5329 331357 677386 88150 17715 3122 3744
cat_boundaries=0 2 4 6 8 10 12 14 16 18 20 22 24 26 28 30 32
cat_threshold=1074277294 8 3901276348 51 148688021 4 2651242520 4 367002712 53 2871333282 63 2426550086 97 376177881 33 2219501867 6 637538856 99 654312192 35 3774939938 17 2182101052 34 2020196354 64 25265154 28 574619832 2
is_linear=0
shrinkage=0.03


Tree=31
num_leaves=64
num_cat=17
split_feature=7 5 0 1 10 5 10 1 0 10 19 1 1 1 19 18 19 1 4 1 1 0 1 19 1 0 1 0 4 16 10 1 8 14 6 1 12 9 12 1 10 1 0 1 14 6 4 8 13 12 15 15 10 4 0 0 9 4 1 6 9 4 0
split_gain=1930.15 1362.16 758.618 822.077 736.861 916.913 558.463 598.435 529.018 462.603 458.993 490.586 446.821 398.464 382.842 354.522 505.266 342.62 316.434 447.406 312.218 302.221 350.746 357.736 388.929 294.597 622.486 418.452 279.358 287.383 283.75 346.457 335.224 331.669 278.517 331.047 275.013 270.448 483.853 332.296 374.992 266.636 262.478 417.43 326.683 412.468 437.599 345.946 307.782 432.721 327.5 289.091 269.858 375.844 279.356 250.145 244.7 243.679 237.745 234.107 2245.29 232.759 232.24
threshold=-0.55966201424598683 0.75342088937759411 775.50000000000011 0 1.9644516110420229 -2.2323027849197383 1.5109481215476992 1 803.50000000000011 0.10113328322768213 1.3482177257537844 2 3 4 0.95626643300056469 -2.0249447822570796 -0.89056834578514088 5 -1.9714598059654234 6 7 187.50000000000003 8 1.6960514783859255 9 929.50000000000011 10 745.50000000000011 -1.1608449816703794 0.097482826560735716 -0.020299688912928101 11 1.9408048391342165 1.6000010967254641 1.0277248024940493 12 -0.66468688845634449 -0.76263108849525441 -0.60971888899803151 13 -1.3084688186645506 14 187.50000000000003 15 0.42714126408100134 1.0277248024940493 0.063367111608386054 1.7568544149398806 -0.31284992396831507 -0.82210367918014515 1.3119027614593508 -0.7462046444416045 -0.2863446176052093 -0.17717035114765164 499.50000000000006 929.50000000000011 -0.84036657214164723 -0.3884622305631637 16 0.63447225093841564 -0.31511975824832911 1.0000000180025095e-35 887.50000000000011
decision_type=2 2 2 1 2 2 2 1 2 2 2 1 1 1 2 2 2 1 2 1 1 2 1 2 1 2 1 2 2 2 2 1 2 2 2 1 2 2 2 1 2 1 2 1 2 2 2 2 2 2 2 2 2 2 2 2 2 2 1 2 2 2 2
left_child=4 2 6 55 14 -6 9 -8 28 10 13 -12 -7 42 15 16 -1 -10 19 -5 -16 22 23 -11 -25 27 -27 -17 29 -3 31 32 37 -34 -20 -36 -24 38 39 -30 -41 -18 43 48 -44 47 -47 51 49 -2 -50 -46 53 54 -53 -4 -49 -43 -29 -15 -61 -59 -21
right_child=1 8 3 18 5 12 7 -9 17 21 11 -13 -14 59 20 25 41 -19 34 62 -22 -23 36 24 -26 26 -28 58 30 -31 -32 -33 33 -35 35 -37 -38 -39 -40 40 -42 57 44 -45 45 46 -48 56 50 -51 -52 52 -54 -55 -56 -57 -58 61 -60 60 -62 -63 -64
leaf_value=0.01327386234852942 0.016298992881469909 -0.00080115399701477378 6.112730064817633e-05 0.0063303661444447778 0.019560549538300612 0.0075515709133923518 -0.0010266044181974619 0.0040593536565282102 -0.0026501225112812946 -0.0019698250014343714 -0.0045355793391202506 -7.9008786281547236e-05 0.00067860826231605715 9.8236792668721649e-05 0.00051886572518177528 0.00090847719452421996 0.0041205530561425558 -0.00084674233372419578 -0.00098396772671962402 -0.0025800631618531282 -0.0021529010116850111 -6.9805973018570027e-05 -0.00097495466590086081 -0.017961974733536494 -0.0031240738432287509 0.0048715098739812992 -7.1014525963104292e-06 -0.001131675008566682 -0.0017857176472663319 0.00098499384587816437 -0.0012089513863178588 -0.0010379422229543215 -0.00079697101151474765 0.0071037468115965532 -0.011120298947543138 -0.0025055832792941287 0.0019819256447846704 0.00081262407489367662 0.014588116844134219 0.014991150851376873 0.0030492074998047193 -0.0022067207717859473 0.00030671830196306798 0.0005998156861120673 0.00091436881335731806 0.011281118570127436 0.0015518437989365604 0.0034683969748826671 0.0022258118370086454 0.0030229477030504583 0.010421553529167595 0.016441934722848828 0.0017744899423740017 0.0037064502364829882 0.0058976377471656122 0.0019932624711960709 0.00046039745687955912 0.0076792906620898735 0.00032389289969561596 -5.3670733401965209e-05 -0.028958681778978063 0.0011091090158315056 -0.0069051113551767181
leaf_weight=3844.2255859375 3743.222038269043 152086.69812011719 323756.271484375 3767.9068603515625 3477.32666015625 14175.263271331787 30404.001708984375 66037.506103515625 218918.62060546875 114319.06762695312 34124.719787597656 63743.013122558594 21302.660068511963 1100944.0615234375 85353.28955078125 1433092.9745025635 36832.842834234238 167315.35595703125 644046.53109741211 26429.482147216797 73038.6533203125 1451700.91796875 103361.51232910156 2665.3178329467773 3950.6714248657227 45896.474487304688 48313.344360351562 144670.8330078125 9398.9963226318359 173612.56066894531 767819.81640625 310152.71044921875 151356.43017578125 4933.091796875 4945.9219207763672 21192.624130249023 38981.624145507812 108627.64831542969 3477.7739562988281 2948.8038177490234 11924.292236328125 16656.312889933586 966641.76849365234 126858.5751953125 32052.309906005859 7540.40478515625 9279.06982421875 26496.488128662109 80144.459439694881 5389.8515491485596 4637.8573608398438 4906.3061370849609 15938.152542114258 13602.776519775391 4206.7979583740234 74105.3046875 298466.32316589355 5814.4377732276917 334411.66458129883 27800.718032836914 2644.0942230224609 29231.49398124218 19365.563140869141
leaf_count=1209 1231 69208 134813 1346 1276 6394 14149 23859 65494 44561 16640 26550 7925 457111 35077 529457 13378 76572 220140 9104 33041 535588 33805 1048 1678 18306 16432 54097 3551 52738 274587 119643 45728 1165 1258 5155 16475 42152 1153 1073 4327 6741 344446 45160 11367 1341 1981 6121 22511 1665 1285 1369 4221 2980 1074 31017 78266 1998 123173 10322 1503 9997 6659
internal_value=1.45458e-05 -0.000209472 2.83293e-05 -0.000673336 0.00077952 0.00487013 0.000197315 0.00245631 -0.000866976 0.000149369 0.000385036 -0.00163356 0.00342771 0.000457369 0.000708911 0.000816245 0.00263331 -0.00186902 -0.00127826 -0.00359126 -0.000713288 -0.000239406 -0.00117455 -0.00236239 -0.00914257 0.000732576 0.00237027 0.000651883 -0.00063882 0.000150945 -0.000826488 -0.000339333 0.000401043 -0.000547375 -0.00110719 -0.00414268 -0.00016514 0.00148795 0.00413089 0.00262985 0.00541747 0.00217057 0.000762079 0.00172247 0.000608338 0.00131515 0.00591567 0.00111952 0.0032384 0.00847012 0.00267473 0.00302117 0.0047678 0.00686714 0.0115804 0.000421015 0.00070571 0.00078018 -0.000115676 2.6469e-05 -0.00256838 0.0022001 -0.00440861
internal_weight=1.01369e+07 7.84076e+06 5.75819e+06 1.11761e+06 2.29611e+06 38955.2 4.64058e+06 96441.5 2.08257e+06 4.54414e+06 2.82916e+06 97867.7 35477.9 2.73129e+06 2.25716e+06 2.09876e+06 92379.3 386234 719748 49563 158392 1.71498e+06 263278 120935 6615.99 2.00639e+06 94209.8 1.91218e+06 1.69634e+06 325699 1.37064e+06 602820 292667 156290 670185 26138.5 142343 136378 27749.9 24272.1 14873.1 88535.1 1.5999e+06 220774 1.37913e+06 412489 16819.5 395669 93915.4 9133.07 84782.3 70706.3 38654 22715.9 9113.1 397862 324963 51702.2 479082 1.13139e+06 30444.8 35045.9 45795
internal_count=3733691 2875190 2117799 409492 858501 15595 1708307 38008 757391 1670299 1037144 43190 14319 993954 842906 774788 33323 142066 243662 17109 68118 633155 97567 47287 2726 741465 34738 706727 615325 121946 493379 218792 99149 46893 226553 6413 50280 52256 10104 8951 5400 32114 525018 71852 453166 108720 3322 105398 26692 2896 23796 21011 9644 5423 2443 165830 84387 18736 177270 468936 11825 11995 15763
cat_boundaries=0 2 4 6 8 10 12 13 15 17 19 21 23 24 26 28 30 32
cat_threshold=486050904 36 11542080 60 2990296609 56 2389590681 58 839367847 45 3423353767 66 262400 2307623386 91 670052718 65 545271872 1 2633817096 44 104403261 53 3 69730320 4 3350227 54 67719 4 3774886758 2
is_linear=0
shrinkage=0.03


Tree=32
num_leaves=64
num_cat=18
split_feature=3 10 1 3 7 3 7 2 4 3 19 1 18 1 6 1 19 1 10 1 1 12 19 7 19 7 1 13 1 9 13 9 10 2 1 6 1 1 16 1 1 14 12 4 7 10 10 10 10 10 1 4 4 1 19 16 19 1 6 19 6 9 1
split_gain=1832.88 1080.21 1029.51 976.105 809.737 760.919 715.584 435.03 529.291 430.103 593.038 407.135 344.418 328.52 317.986 773.256 306.759 551.5 389.728 416.562 304.214 300.55 302.176 299.905 288.999 287.632 283.252 275.737 244.497 240.585 317.291 237.612 230.147 226.318 224.608 214.453 212.897 211.455 208.865 207.742 189.76 287.003 468.928 788.394 189.252 188.193 189.654 187.395 184.491 178.717 224.056 178.484 333.374 175.984 183.907 170.073 165.927 274.549 168.701 160.72 317.725 159.21 223.989
threshold=-0.064054723829030977 1.9644516110420229 0 1.7527557015419009 0.026217128150165084 -1.2094883322715757 -0.16436788439750669 -1.3179268240928648 -0.13379042595624921 -1.4934133291244505 -0.75026962161064137 1 -1.2766487598419187 2 -1.7964507937431333 3 1.1229721903800967 4 -0.10356964543461798 5 6 -0.36316962540149683 0.024229395203292373 -2.608445286750793 0.95626643300056469 -1.0342245697975156 7 -0.576708823442459 8 -0.78547245264053334 1.0947058796882632 -0.22357788681983945 0.10113328322768213 0.43170821666717535 9 -1.1857460141181944 10 11 0.4248367846012116 12 13 -0.17343234270811078 -0.60971888899803151 0.55193653702735912 -0.42790666222572321 0.96084678173065197 -1.0178364515304563 -1.8547923564910886 -1.8547923564910886 1.9644516110420229 14 -0.31081864237785334 -0.092088464647531496 15 1.6960514783859255 1.3424351215362551 0.050372708588838584 16 0.63447225093841564 2.3734664916992192 -0.75956422090530384 -0.84036657214164723 17
decision_type=2 2 1 2 2 2 2 2 2 2 2 1 2 1 2 1 2 1 2 1 1 2 2 2 2 2 1 2 1 2 2 2 2 2 1 2 1 1 2 1 1 2 2 2 2 2 2 2 2 2 1 2 2 1 2 2 2 1 2 2 2 2 1
left_child=1 6 5 4 25 27 9 8 13 10 12 -9 -1 -5 15 -13 18 59 19 29 61 22 40 -4 36 49 -10 -3 47 30 -8 -31 -22 38 -26 51 45 -20 -7 -23 41 42 -11 -44 -15 46 -12 -24 -33 -2 -51 -25 -53 -37 -55 -50 -27 58 -58 -18 -61 62 -6
right_child=3 2 23 7 20 33 16 11 26 21 24 14 -14 44 -16 -17 17 -19 37 -21 32 39 28 35 34 56 -28 -29 -30 31 -32 48 -34 -35 -36 53 -38 -39 -40 -41 -42 -43 43 -45 -46 -47 -48 -49 55 50 -52 52 -54 54 -56 -57 57 -59 -60 60 -62 -63 -64
leaf_value=0.013860155541246682 0.00062109846384415498 0.012012079977110788 0.010400674054396439 -0.013495330048838445 0.0017516891753226386 0.0057821727360790704 0.009241371230616394 0.002073392888646735 0.0080845841594090785 0.0027732711158851681 0.0072646466568562834 -0.023195399987989435 0.0042092199368384429 -0.00047593431099724213 -0.0022177939495111446 -0.0028133098055114331 -0.0029384393565684277 0.00019094200931157594 0.00024967198438349467 0.00025548366977386254 -0.00059652417906254406 0.00570921656368113 -0.0060670368826955352 0.0023821669920730489 -0.0058500618332436244 8.6473752227311267e-05 -0.0047633152802822251 0.024797219141930889 0.00030364001618123836 0.00078235311601254187 -7.1449064985690562e-05 0.0097248675413611728 -0.0013379140089413431 -0.0016632946595989777 0.0015879437890422379 0.0051057570283689329 0.0010197982091352945 -0.00048428117674335919 0.015071134154162037 0.0017589055731355653 0.00062443909737671722 0.0011975167540496082 0.0008370200992972107 0.027745214500349315 -0.008106169367771518 0.010529316573679462 0.0023354165165154058 -0.00099768080833455546 0.0017522133047908753 0.0093731369412911238 0.0010736265126193403 -0.017568558023426127 0.0003093327634228461 -0.00053751645005425681 0.0071919251917884862 0.005486699142302669 -0.0015007600489508294 -0.00015001821049593446 -0.0077119161735646462 -0.014699318631022914 -0.0037007072978330253 -0.00045802221917262264 -0.00034185526169580539
leaf_weight=5884.6766357421875 507119.88989257812 2997.5951566696167 3229.7833251953125 7480.8555946350098 76269.671630859375 10412.825006484985 8318.6441040039062 18923.938041687012 3019.6150004863739 22896.223768234253 8604.6236572265625 2267.9941558837891 7666.8797607421875 4333.5344200134277 100031.12986373901 6335.1478996276855 37894.22314453125 77553.143798828125 596731.47369384766 794021.90191650391 795951.724609375 14286.133087158203 7117.29541015625 2231.7075533866882 7372.390983581543 1495566.5575390458 3131.328519821167 3109.2218599319458 476088.84973144531 145158.20422363281 5447.3045654296875 3417.8375244140625 715683.203125 2796.5537548065186 7223.199104309082 10282.692668914795 53649.475294113159 865926.24185180664 2755.1665267944336 74198.666809082031 892185.9457244873 355851.08186340332 2003.6896839141846 1913.6964111328125 9003.4877541065216 3418.7448120117188 38227.63475227356 83611.76708984375 49835.329498291016 4748.4223861694336 7625.0951919555664 1810.2862486839294 1943.7016916275024 21805.661138534546 3168.5472564697266 14073.531646728516 132959.08795166016 448039.15710449219 4051.0692749023438 3385.6618070602417 7822.9104585647583 943870.970703125 115827.82836914062
leaf_count=1904 197009 1527 1235 2190 27539 4472 1847 6620 922 9738 2898 708 2837 1659 41406 3133 14372 36381 249809 308938 276943 6443 2559 1320 2980 531253 1176 954 181733 39699 2087 1190 243267 1149 3277 4098 23398 288071 806 36068 317271 111399 1372 682 3309 1181 13840 32226 20395 2202 2837 793 1364 7081 1060 3379 58497 172500 1706 1620 3101 374274 36673
internal_value=9.06422e-06 0.000439721 0.00423493 -0.000368667 -0.000299467 0.00952933 0.000385659 -0.00271862 -0.00618012 0.000803325 0.00245973 -0.00198656 0.00840364 -0.00846416 -0.0026938 -0.00822708 5.5601e-05 -0.00138451 0.000129064 0.000579084 -0.000668765 0.00069 0.00060794 0.00160407 0.00177964 7.65772e-05 0.0015508 0.0185365 3.16326e-05 0.00171464 0.00555752 0.00146563 -0.000947532 0.00608513 -0.00217271 0.000914402 0.00233493 -0.000184847 0.0077307 0.00239783 0.000864173 0.00142305 0.00441586 0.0140007 -0.00562381 0.00373781 0.00324176 -0.00139551 0.00293862 0.000708039 0.00426956 -0.00433355 -0.00832383 0.00180585 0.000444205 0.00257496 -8.10892e-05 -0.000509429 -0.00168456 -0.00387179 -0.00702802 -0.000297795 0.000489455
internal_weight=1.01406e+07 4.73833e+06 66543.7 5.40224e+06 5.24771e+06 22071.4 4.67179e+06 154527 26968.8 2.0622e+06 132048 127558 13551.6 20817.9 108634 8603.14 2.60959e+06 126656 2.48293e+06 1.02027e+06 2.6476e+06 1.93015e+06 1.84167e+06 44472.4 118496 2.60011e+06 6150.94 6106.82 566818 226251 13765.9 212485 1.51163e+06 15964.5 14595.6 41242.6 103900 1.46266e+06 13168 88484.8 1.27485e+06 382665 26813.6 3917.39 13337 50251 46832.3 90729.1 67326.7 519493 12373.5 5985.7 3753.99 35256.9 24974.2 63908.9 2.08062e+06 585049 137010 49102.8 11208.6 1.13597e+06 192098
internal_count=3734377 1748554 25859 1985823 1924700 8908 1722695 61123 9256 751806 52315 51867 4741 7158 45247 3841 970889 55474 915415 377535 958696 699491 656980 16951 47574 966004 2098 2481 216518 68597 3934 64663 520210 6427 6257 15716 41317 537880 5278 42511 440462 123191 11792 2054 4968 17919 16738 34785 24964 202048 5039 3477 2157 12239 8141 23774 763956 232703 60203 19093 4721 438486 64212
cat_boundaries=0 2 4 6 8 10 12 14 16 18 20 22 24 26 28 30 32 34 35
cat_threshold=2404287128 1 534900 4 2995396642 3 168034304 16 776998561 65 69792 13 724993183 36 1277007993 12 704905760 16 962091287 85 206541957 5 750112960 115 201933217 32 235183136 12 3123142904 42 547377412 10 1687165440 17 723517454
is_linear=0
shrinkage=0.03


Tree=33
num_leaves=64
num_cat=22
split_feature=7 3 3 0 10 5 1 19 7 5 19 10 1 2 0 19 1 1 2 10 10 1 19 1 0 1 0 1 15 4 5 14 1 0 1 1 3 0 1 4 19 14 1 1 19 3 5 2 1 1 4 4 19 1 1 1 0 8 19 1 1 0 1
split_gain=1764.27 1069.3 962.568 759.791 709.891 625.34 542.139 529.7 456.035 455.882 429.466 406.133 405.422 385.713 434.167 373.898 373.752 352.004 338.949 289.683 423.635 539.664 326.872 434.165 282.284 296.877 282.253 320.952 291.221 552.804 281.369 275.875 318.146 275.401 342.79 270.187 295.994 260.307 338.026 259.492 254.433 268.668 248.386 245.24 239.737 236.667 230.048 228.952 227.902 226.874 219.51 219.124 217.013 213.513 211.563 209.747 207.988 237.839 199.746 204.232 198.896 196.228 317.683
threshold=-0.16436788439750669 0.88042959570884716 -1.7563155889511106 731.50000000000011 1.9644516110420229 2.0197230577468877 0 -0.70776975154876698 -1.0342245697975156 -1.4421188831329343 -0.6150032877922057 1.9644516110420229 1 -0.8156110644340514 873.50000000000011 1.0000000180025095e-35 2 3 -0.92766210436820973 0.1433934420347214 1.5109481215476992 4 1.3482177257537844 5 172.50000000000003 6 276.50000000000006 7 1.3119027614593508 -1.0000000180025095e-35 -1.4421188831329343 0.17054196447134021 8 789.50000000000011 9 10 1.7527557015419009 645.50000000000011 11 1.5712455511093142 -0.049103723838925355 0.24402245134115222 12 13 1.6960514783859255 -0.43408909440040583 -0.97945782542228688 0.058021802455186851 14 15 -0.13379042595624921 -0.98101535439491261 0.7162228822708131 16 17 18 929.50000000000011 2.5948152542114262 -0.13611029833555219 19 20 929.50000000000011 21
decision_type=2 2 2 2 2 2 1 2 2 2 2 2 1 2 2 2 1 1 2 2 2 1 2 1 2 1 2 1 2 2 2 2 1 2 1 1 2 2 1 2 2 2 1 1 2 2 2 2 1 1 2 2 2 1 1 1 2 2 2 1 1 2 1
left_child=2 3 4 9 7 37 56 12 11 18 54 58 -1 14 51 33 50 -13 60 22 24 -22 26 -24 25 -21 27 -11 -29 -30 -19 48 -33 45 -35 -12 -37 -3 -39 -25 47 55 -9 -28 -34 -10 -18 -27 -17 -26 -16 -8 -44 -53 -7 -42 -5 -58 -4 -60 -2 -61 -63
right_child=1 5 8 6 -6 10 13 42 15 19 35 17 -14 -15 16 31 46 30 -20 20 21 -23 23 39 49 40 43 28 29 -31 -32 32 44 34 -36 36 -38 38 -40 -41 41 -43 52 -45 -46 -47 -48 -49 -50 -51 -52 53 -54 -55 -56 -57 57 -59 59 61 -62 62 -64
leaf_value=0.015976521213471886 0.010582526458095685 -0.00077128009480048555 0.0012445161042596521 -0.00026077571860531819 0.016279758966750119 -0.017453940425656386 0.0019418966982940212 -0.0011863602073914693 0.0011738485987460353 4.185782629036457e-05 -0.00026704795608957147 0.00049838000962559403 0.0041332417818220404 -0.0010310126382271716 -0.0056991441193082757 0.0014531893930515942 0.00032737433823155102 0.014695485940683012 0.00099722175183771075 -0.00026686381377910101 0.0057119549757960698 0.00028144936310554657 0.00080053271204430477 -0.003199886111658209 0.0003815934075628505 0.0012312865064698412 0.0005763212446032673 0.0013056847893678628 -0.00098285442410972197 0.015680276843415678 0.0052347626088355909 -0.00030265538648405416 -0.0017693158429842554 -0.0013405156343892569 0.00056295122362050288 -0.0033458361565866027 -0.012150961061953082 -0.0030912408953601986 -0.00091593884020758529 -0.01343567960263929 0.0060670863891049897 -0.0063218762610575139 0.0041906911372186313 -0.0002244960814860265 -0.0070607818362389959 0.00038380745113409808 -0.0054281545895145701 -0.0033470198045233166 -0.00012521495326153865 -0.00059041005778601283 -0.014381044211299349 0.0004382948479994481 -0.0016971933614575174 -0.0041978184674163876 -0.0070897152119614388 -0.0028781195931442288 0.0024635438280580608 -0.0013893245174857348 -0.00033757652881000779 0.00067680340469102767 0.0034011687446308904 0.0073481271433753449 0.00045307220096240454
leaf_weight=4651.7285642623901 4699.6736755371094 478693.94046020508 552502.91781997681 401873.3916015625 3942.1181640625 3251.0170783996582 13941.258922576904 15505.51367855072 477004.55126953125 274744.2666015625 12367.124809265137 10608.091957092285 5943.0598039627075 749709.7607421875 4972.6990394592285 101739.46362304688 8930.6799468994141 3802.1980133056641 209642.83642578125 84744.023803710938 21868.981323242188 66590.057739257812 33346.778778076172 40574.889778137207 291330.07189941406 22528.922219276428 498994.56588745117 307844.99384176731 3551.0899715423584 3610.7518253326416 11059.075263977051 283299.90740966797 117292.08111572266 159646.1669921875 182441.6826171875 10604.178871154785 5082.322265625 122955.72827148438 134805.34298706055 2354.3893051147461 2498.69384765625 24095.466674804688 35433.862977027893 1109104.9402160645 8243.685302734375 1199140.5435180664 20814.243637084961 17433.314146995544 431254.99627685547 837032.31799316406 5562.3319664001465 14337.408050537109 6696.0371246337891 23743.970233917236 4018.4936943054199 38815.400596618652 55413.1083984375 19487.6611328125 196603.67044067383 308915.18139266968 13339.614898681641 10676.037200927734 13765.023223876953
leaf_count=1497 1882 188521 202483 186753 1513 1024 4143 6220 170667 96986 3849 4184 2218 230631 1383 55713 2561 1449 74736 30893 8299 26595 14884 17494 119904 7485 179879 112169 1080 1002 4550 84924 41946 54786 65181 4322 2011 44900 57095 851 938 7348 13953 399445 3265 421544 6197 6058 183833 292326 1500 3743 2743 7026 1292 17051 27359 7425 73482 124737 4320 4545 5207
internal_value=-1.10481e-06 -0.000329846 0.000475258 -0.000175953 0.0039094 -0.00137221 -0.000798612 0.00319354 0.000414326 3.41291e-05 -0.00527116 0.000933512 0.00935719 -0.00125631 -0.00308621 0.000219997 -0.00542429 0.00467767 0.00133683 -4.64478e-05 -0.000384797 0.00162491 0.00016288 -0.00176772 -0.000519638 -0.00158903 0.000229885 0.000791271 0.00144484 0.0074232 0.00765423 -0.00027357 -0.000859808 0.000450325 -0.000325391 -0.00358603 -0.00619765 -0.00118517 -0.00195378 -0.00376188 -0.00265203 -0.00380447 0.0020598 2.40014e-05 -0.00211689 0.000608644 -0.00369909 -0.000766144 0.000176111 -0.000339451 -0.0102779 -0.00127553 0.00325402 -0.00245351 -0.0117673 -0.00233567 9.73844e-06 0.00146108 0.000845394 0.000429287 0.00528225 0.000881542 0.00346896
internal_weight=1.01395e+07 5.99931e+06 4.14017e+06 5.22753e+06 72172.3 771778 1.31879e+06 68230.2 4.068e+06 3.90875e+06 35323.1 1.10793e+06 10594.8 842012 92302.6 2.96006e+06 40280 25469.4 227682 3.68106e+06 1.40694e+06 88459 2.27413e+06 76276.1 1.31848e+06 190116 2.19785e+06 589751 315007 7161.84 14861.3 941830 408836 2.01823e+06 342088 28053.6 15686.5 736455 257761 42929.3 105372 65409.6 57635.4 1.6081e+06 125536 1.67615e+06 29744.9 39962.2 532994 1.12836e+06 10535 52022.6 42129.9 38081.4 7269.51 41314.1 476774 74900.8 1.08246e+06 529960 18039.3 333356 24441.1
internal_count=3734000 2203360 1530640 1900346 28144 303014 478721 26631 1502496 1421625 12498 420637 3715 257184 26553 1081859 11641 10183 80938 1340687 516897 34894 823790 33229 482003 69773 790561 211237 114251 2082 5999 369681 130135 712178 119967 10182 6333 290516 101995 18345 38880 25337 22916 579324 45211 592211 8758 13543 239546 412230 2883 14912 16696 10769 2316 17989 221537 34784 410454 207971 6202 134489 9752
cat_boundaries=0 2 4 6 8 10 12 14 16 18 20 22 24 26 28 30 32 34 36 37 39 41 43
cat_threshold=502383640 53 3595755559 86 9120 2 1104223558 73 2332967056 10 31645982 22 1219321358 42 1559141464 64 3288873394 10 3842057142 99 1226382067 8 3373480484 88 590348858 66 708063392 33 1124606866 57 788795602 1 2181302432 64 386558026 31 8576 3129287206 65 5284220 34 75012160 34
is_linear=0
shrinkage=0.03


Tree=34
num_leaves=64
num_cat=21
split_feature=5 7 10 1 0 19 12 1 5 4 18 4 1 1 1 5 0 1 1 0 1 1 11 11 15 9 10 1 13 18 1 1 10 4 16 14 10 1 18 14 1 10 19 12 1 0 1 1 19 16 19 1 10 9 9 15 1 12 12 1 4 10 1
split_gain=1727.46 1211.08 1040.9 576.723 539.004 434.828 437.435 430.677 413.826 486.387 404.923 470.767 377.944 363.253 362.887 361.794 358.155 497.384 363.181 358 357.824 348.488 1542.73 1935.51 515.711 2788.26 346.036 578.303 2072.07 303.281 297.097 295.995 415.215 289.984 345.063 265.682 262.04 999.298 252.628 298.267 272.881 315.579 278.72 247.622 225.829 223.186 230.984 216.513 215.281 304.343 213.646 260.592 269.159 289.701 245.788 224.476 209.266 205.687 202.856 199.209 198.839 195.154 501.584
threshold=-0.68081352114677418 0.38470408320426946 1.9644516110420229 0 803.50000000000011 0.7162228822708131 -0.66468688845634449 1 -2.2323027849197383 -0.28588008880615229 -2.0249447822570796 -0.13379042595624921 2 3 4 -1.7908884882926939 901.50000000000011 5 6 789.50000000000011 7 8 -0.53359326720237721 -0.61651310324668873 -1.8840259313583372 -0.27023659646511072 -0.17384537309408185 9 1.0947058796882632 1.0606358051300051 10 11 -1.8547923564910886 1.7814109921455386 0.81742417812347423 1.161976754665375 -1.8547923564910886 12 -0.63981905579566944 1.161976754665375 13 1.5109481215476992 -0.36754131317138666 -0.73843973875045765 14 645.50000000000011 15 16 0.20558138936758044 0.49804693460464483 -0.049103723838925355 17 -2.4594172239303584 -0.53369712829589833 -0.99796915054321278 1.5954596996307375 18 -0.73019990324974049 -1.0118998885154722 19 0.94605156779289257 -2.4594172239303584 20
decision_type=2 2 2 1 2 2 2 1 2 2 2 2 1 1 1 2 2 1 1 2 1 1 2 2 2 2 2 1 2 2 1 1 2 2 2 2 2 1 2 2 1 2 2 2 1 2 1 1 2 2 2 1 2 2 2 2 1 2 2 1 2 2 1
left_child=2 5 8 15 38 6 21 -8 9 30 11 12 -11 33 -10 43 18 -18 60 50 -6 22 23 -2 25 -24 27 28 -9 -5 -1 32 -29 34 -7 47 37 -33 -3 40 -40 -42 -43 -4 -12 56 -47 -21 -49 -50 -16 52 53 -52 58 -53 -23 -51 -54 -44 -13 62 -15
right_child=1 4 3 29 20 13 7 26 14 10 44 16 -14 61 19 -17 17 -19 -20 35 -22 45 24 -25 -26 -27 -28 31 -30 -31 -32 36 -34 -35 -36 -37 -38 -39 39 -41 41 42 59 -45 -46 46 -48 48 49 57 51 55 54 -55 -56 -57 -58 -59 -60 -61 -62 -63 -64
leaf_value=0.002636262061940934 4.0790307835534801e-05 0.00010800911440950866 0.019832106494679071 0.0004880194898393747 -0.00082722637300372721 -0.001571919910219052 -0.00032878665375294833 0.023497708722526219 0.00086701197309218647 0.020564060011681217 -0.00063330666587629804 0.0059611420284323277 0.0063208460125109599 -0.0093808220197962033 0.00071954801692458259 0.0060581043243571062 -0.010336766519910867 0.00615104136105605 0.002227099536815636 0.00057856971182989475 -0.002510459606351986 0.00053038363298248744 0.00024494143435541246 -0.041037618901622192 -0.00041090522834466797 -0.028653477029898778 0.00044216827169240333 -0.0068176540552786586 0.00056579587868205432 0.0083489417967311866 -0.0020461002500713121 0.014818900935537024 0.0006087192140234245 -0.0114984227397171 -0.0074274213435780688 -0.0028804562076718936 0.0017444297975719321 -0.0017335287321483585 -0.001344247301103783 0.00088056141788759896 -0.00062884583649048956 -0.0071237475896652157 0.00038880347266765074 0.0082022554810175126 0.0030146687738397257 -0.00094986201607468184 -4.5673675501157868e-06 -0.00040629680348150881 -0.0015558077178511602 -0.0040919050567857574 -0.013847761605804377 0.0005615759698781186 -0.00057970768954068047 -0.00082114466794312084 -0.0011612453250654604 -0.0055372289048695438 -8.3522790041509323e-05 -0.013132690018755938 0.010489606426003316 0.0051939695930997912 0.015418247119329031 -0.0002240816285296299 -0.00024363638346831316
leaf_weight=19187.714599609375 2176.144775390625 371257.0625 3649.2112350463867 21061.868041992188 209383.08544921875 86355.159839630127 360959.296875 4892.9209899902344 1117936.2905883789 3195.705605506897 20911.580078125 3743.3499670028687 3587.6533012390137 7631.6893005371094 733835.39204406738 13756.497924804688 3177.5445251464844 3387.0535659790039 8915.6634178161621 129384.13098144531 248730.16650390625 836420.58374023438 14600.966918945312 1958.9519653320312 168662.8971862793 3778.5020446777344 603624.57911199331 7172.060546875 12850.780181884766 5584.579833984375 33409.029083251953 6221.5055236816406 121199.275390625 3101.9064598083496 10114.748886108398 42999.0966796875 209769.07385253906 6930.5060729980469 621534.28610229492 92537.38818359375 718738.15518188477 2593.4391441345215 13786.25838470459 3021.9484329223633 56621.384735107422 391815.751953125 572645.86340332031 140685.07794189453 40985.032684326172 6078.3370342254639 3055.633974313736 251529.33039855957 2920.1649322509766 3086.768369436264 131427.53664398193 5546.450927734375 1241427.9412841797 3611.8343524932861 3036.3111190795898 17792.644878387451 4318.4832305908203 325623.05688476562 18475.885894775391
leaf_count=7530 1288 138453 1291 7443 91888 40153 185430 1574 397007 1022 6969 1087 1218 3455 263528 5475 908 1239 3597 52500 78453 306724 5866 1085 56406 1543 225704 3220 4483 2248 12447 1422 57385 1065 3363 10606 65087 2338 235386 22312 274683 887 5899 1122 19945 125399 205435 52517 17987 1777 1305 102477 852 1084 51261 1520 404194 1208 1213 6799 1296 136593 7900
internal_value=-6.58217e-06 -0.000249884 0.000623699 0.00504715 -0.000820535 1.12387e-05 9.9022e-05 0.00055619 0.000548695 0.00202753 0.00318091 0.00611982 0.0130808 -0.000877105 0.000457989 0.00883775 0.00411176 -0.00183792 0.00641216 0.000152769 -0.00174122 -8.95329e-05 -0.00133188 -0.0194457 -0.000930991 -0.00570225 0.000884603 0.00160829 0.00689035 0.00213597 -0.000337736 0.00134117 0.000193546 -0.00247663 -0.00218622 -0.000666204 0.00200198 0.00610913 -0.000591085 -0.000768008 -0.000879004 -0.000494911 0.00232165 0.014574 0.0020311 -1.14576e-05 -0.000388609 -0.00036932 -0.00101019 -0.00268673 0.000415366 -0.000141847 -0.0011658 -0.00730743 -0.000891039 0.000429871 0.000163603 -0.00746673 0.00506694 0.00309836 0.0110198 -0.000424183 -0.00291956
internal_weight=1.01384e+07 7.31476e+06 2.82365e+06 47074.1 2.29635e+06 5.01841e+06 4.56711e+06 1.33362e+06 2.77657e+06 160455 107858 30325.5 6783.36 451302 2.61612e+06 20427.7 23542.1 6564.6 16977.5 1.49818e+06 458113 3.23349e+06 191177 4135.1 187042 18379.5 972661 369036 17743.7 26646.4 52596.7 351292 128371 99571.8 96469.9 363744 222921 13152 1.83824e+06 1.46698e+06 1.37444e+06 752910 34172.3 6671.16 77533 3.04231e+06 964462 320744 191360 50675.2 1.13444e+06 400602 143526 6142.4 137384 257076 2.07785e+06 9690.17 5956.48 31578.9 8061.83 351731 26107.6
internal_count=3733551 2701872 1031679 17579 854760 1847112 1654583 546643 1014100 57258 37281 10367 2240 192529 956842 7888 8127 2147 5980 559835 170341 1107940 66188 2373 63815 7409 361213 135509 6057 9691 19977 129452 60605 44581 43516 136595 68847 3760 684419 545966 523654 288268 13585 2413 26914 1041752 330834 125989 73489 20972 423240 159712 55715 2389 53326 103997 710918 2985 2065 12698 2383 147948 11355
cat_boundaries=0 2 4 6 8 10 12 14 16 17 19 21 23 24 26 28 30 32 34 36 38 40
cat_threshold=2622406840 38 97853534 34 2986533739 6 1881145893 8 148688021 36 1780560823 5 1665862827 16 933547100 101 1073746432 131072 4 11865742 44 2720057856 17 268963841 348716609 28 1097336356 1 2688641458 3 69349640 26 637538856 2 2936350818 33 1076887814 96 239469696 52
is_linear=0
shrinkage=0.03


Tree=35
num_leaves=64
num_cat=17
split_feature=5 7 5 3 3 17 0 3 3 5 17 7 0 17 4 17 8 0 17 14 9 12 17 0 17 0 17 8 3 17 19 17 4 4 14 16 0 0 7 17 17 13 8 17 4 17 6 19 14 14 17 3 12 3 6 17 9 17 16 4 4 6 19
split_gain=1703.94 953.269 739.902 686.711 596.578 463.771 462.89 462.83 444.608 432.905 326.618 292.268 286.78 309.67 269.712 297.687 267.065 256.499 311.831 340.995 255.741 239.96 222.014 290.575 220.25 213 199.846 198.576 198.078 196.66 214.8 193.582 195.133 329.588 2297.33 229.93 196.584 186.142 182.906 170.988 170.957 170.033 213.23 167.635 166.995 300.967 160.998 218.256 298.968 157.803 149.17 148.723 148.556 144.753 167.584 165.411 868.445 143.027 140.409 138.447 388.564 137.209 136.322
threshold=-0.27797959744930262 0.38470408320426946 -2.2323027849197383 1.7527557015419009 -1.7563155889511106 0 731.50000000000011 0.54604163765907299 -0.36328999698162073 2.0197230577468877 1 -0.46852348744869227 745.50000000000011 2 -0.28588008880615229 3 1.0863422751426699 831.50000000000011 4 0.83910587430000316 -0.22357788681983945 -0.95321357250213612 5 845.50000000000011 6 929.50000000000011 7 2.7955322265625004 -1.2094883322715757 8 1.6960514783859255 9 0.64131778478622448 0.38342870771884924 -0.13839701563119886 0.11208584532141687 187.50000000000003 789.50000000000011 2.6421749591827397 10 11 -1.8121142387390134 4.5808494091033944 12 -0.092088464647531496 13 -1.1857460141181944 1.3482177257537844 0.42714126408100134 0.33820785582065588 14 -0.67932033538818348 -0.54749682545661915 1.4770151972770693 0.70420897006988536 15 -0.27023659646511072 16 0.54089811444282543 -0.21171189099550244 -0.092088464647531496 0.81279775500297557 0.48429609835147863
decision_type=2 2 2 2 2 1 2 2 2 2 1 2 2 1 2 1 2 2 1 2 2 2 1 2 1 2 1 2 2 1 2 1 2 2 2 2 2 2 2 1 1 2 2 1 2 1 2 2 2 2 1 2 2 2 2 1 2 1 2 2 2 2 2
left_child=2 8 4 6 5 -1 16 11 20 -5 -11 26 27 58 15 52 38 46 -19 -20 40 -21 23 61 59 -15 37 31 -28 30 -9 -10 33 35 -35 -33 -36 -4 43 -25 -2 -23 -43 -3 45 -24 47 -13 -49 -32 -34 -48 -6 55 -55 56 -29 -53 -14 -8 -61 -16 -60
right_child=1 3 7 9 14 -7 24 29 12 10 -12 17 13 25 22 -17 -18 18 19 21 -22 41 44 39 -26 -27 28 53 -30 -31 49 32 50 34 36 -37 -38 -39 -40 -41 -42 42 -44 -45 -46 -47 51 48 -50 -51 -52 57 -54 54 -56 -57 -58 -59 62 60 -62 -63 -64
leaf_value=0.014174541190877649 0.00082308275322729861 0.00012285234330114517 0.00076746057828909367 -0.0028262844492829156 0.0028099014700432513 0.0039684480050122123 -0.0014623770652597524 -0.0010279701864470601 -0.00035271481690849117 -0.0016601383157633623 -0.013023379389734566 -0.00010879720188028938 -0.0010973958863826341 -0.00053021209150919471 0.0024976865550149384 -0.0028173441525297495 -0.00021885057769778079 0.00055678919604171175 -0.00068257574860596036 -0.0091312162496228842 0.0016157908508218253 0.0027436441069367914 0.0012284498320348288 -0.0059936868568783285 -0.0012253038668044976 0.0017674576210452687 0.0027602093254290379 -0.00099254814245650688 0.0010670979369526211 -3.1878601281479687e-05 -0.0026100174760717971 -0.00021885861085609921 0.0006576574499298685 0.028174543896369322 0.0060048861694440639 0.00095856602440239319 0.00035829369440985702 -0.00075599554637934691 -0.003312653845026946 0.00030884985658955611 2.3494530704111188e-06 -0.0057001901560604831 0.0012395621232687054 -0.0012972926515389576 0.0034851677522666946 0.0130503451448512 0.0011049440898427247 -0.0019622539129211108 -0.015596752783721916 -0.013940235741009915 -0.00079886503694299158 0.00089127551390965438 -0.0032319803134122482 -0.0026766172246376427 0.0036627224844542751 -0.00029410564889291967 -0.017518344463670503 0.00018166848377838815 -0.0021543886683890452 -0.012096207148557478 -0.0029933630565242533 0.0088144088927711983 -0.005972651622555023
leaf_weight=6298.0708236694336 334744.68963623047 99838.608211517334 281469.53466796875 30382.955078125 24985.728088378906 11061.753395080566 43910.625610351562 152929.67199707031 569938.67663574219 3218.5961399078369 7890.5073757171631 201137.76776123047 174998.79077148438 242743.07006835938 41028.942735671997 20080.428384900093 981081.05180358887 150025.02685546875 141302.82373046875 6778.1764984130859 142829.9765625 4190.8402709960938 3226.7819137573242 5329.9367980957031 446864.42105102539 42693.990234375 68626.8828125 36364.013092041016 662657.65307617188 628766.54333496094 2469.8679990768433 261889.35483622551 95357.6240234375 3063.8439025878906 6607.6891136169434 347105.49505615234 34502.652652740479 97071.65380859375 31592.27734375 14080.812057495117 719040.21075439453 15207.753023147583 5396.8083324432373 298390.79198074341 28355.395238757133 4882.6237869262695 372439.90502929688 6252.8644275665283 1879.0928478240967 2003.2095155715942 188078.44982910156 381397.02813720703 4287.2523040771484 43004.320007324219 4107.5549926757812 665371.97039794922 3101.4969787597656 775285.89587402344 86443.509643554688 4553.5531005859375 57033.0263671875 3343.6338481903076 9320.7164306640625
leaf_count=1892 130030 58241 96585 12208 9106 4102 13233 72703 261701 1105 2637 103071 61614 97976 13101 7863 327114 57281 51176 1545 60259 1072 1383 1383 175270 17117 28058 12425 245031 233388 1816 103886 33353 1108 2370 108574 12287 33391 14579 4717 260450 3994 1590 124351 11341 1803 134839 4327 586 741 52461 119810 1775 16066 1080 213745 1443 264255 23391 1235 15838 919 2677
internal_value=-4.83979e-06 -0.000326827 0.000464844 -0.000861003 0.00242108 0.00768464 -0.000780278 0.000382306 -5.98577e-05 -0.00468008 -0.00974659 0.000543848 -0.000265792 -0.000875991 0.00181005 -5.40392e-06 -0.000492048 0.000332515 -0.000443965 -0.00131238 0.000424542 -0.00413085 0.00270378 0.00163521 -0.00151649 -0.000186509 0.000936355 -0.000115516 0.00122599 -0.000269293 -0.00121757 8.32208e-05 0.000348495 0.000633745 0.00313577 0.000452234 0.00126649 0.000376777 -0.00111562 -0.00142577 0.000263074 -0.00276237 -0.00388265 -0.000941286 0.00457072 0.00836759 0.000476745 -0.000303663 -0.0051205 -0.00769401 -0.000308843 0.000583549 0.00192396 -0.000513687 -0.00212358 -0.000406066 -0.00229274 0.000415662 -0.00160276 -0.00274943 -0.00366733 0.00297461 -0.00252631
internal_weight=1.01403e+07 6.01606e+06 4.12425e+06 2.00476e+06 166961 17359.8 1.96326e+06 3.95729e+06 4.01131e+06 41492.1 11109.1 3.17112e+06 2.81469e+06 556200 149602 49353.4 1.4109e+06 2.06129e+06 322901 172876 1.19661e+06 31573.6 100248 63783.3 552362 285437 1.10983e+06 2.25849e+06 731285 786169 157403 1.50654e+06 936605 653169 44174.2 608995 41110.3 378541 429822 19410.7 1.05378e+06 24795.4 20604.6 398229 36464.8 8109.41 1.73839e+06 209270 8131.96 4473.08 283436 1.52912e+06 29273 751949 47111.9 704837 39465.5 1.15668e+06 270763 105497 61586.6 44372.6 95764.2
internal_count=3734468 2219824 1514644 745811 59385 5994 729861 1455259 1474013 15950 3742 1146611 1023274 202775 53391 18744 524285 743546 116658 59377 450739 8201 34647 20120 205576 115093 403065 820499 273089 308648 75260 575740 314039 228225 15765 212460 14657 129976 197171 6100 390480 6656 5584 182592 14527 3186 626888 107984 4913 2557 85814 518904 10881 244759 17146 227613 13868 384065 87682 30306 17073 14020 26068
cat_boundaries=0 1 2 3 4 5 6 7 8 9 10 11 12 13 14 15 16 17
cat_threshold=9585202 54823813 29922960 33898318 38234407 30627458 62915584 26904512 6832464 9519740 25167360 34401360 35282369 35661892 51282049 18874880 1485344
is_linear=0
shrinkage=0.03


Tree=36
num_leaves=64
num_cat=20
split_feature=3 10 1 3 3 0 19 3 1 4 10 1 14 14 12 4 4 0 1 19 1 6 16 2 0 0 1 6 1 1 2 1 0 2 1 10 16 1 0 1 0 10 1 1 2 1 10 1 1 16 1 0 2 0 3 1 1 19 19 12 12 12 14
split_gain=1550.9 920.911 921.251 716.129 675.154 643.184 610.492 793.815 648.586 1285.41 636 513.619 539.287 1952.35 4285.13 501.23 483.876 389.988 448.417 358.372 515.999 408.206 379.819 358.371 633.293 403.227 464.431 388.491 682.068 378.274 358.188 423.034 610.078 350.866 552.067 332.833 540.605 430.347 338.564 317.927 317.112 312.737 309.412 304.31 423.573 303.974 300.967 298.375 296.4 281.699 280.058 272.912 615.6 304.312 271.727 269.503 268.022 258.873 252.303 251.454 288.987 413.501 245.065
threshold=0.29078897833824163 1.9644516110420229 0 1.7527557015419009 -1.7563155889511106 942.50000000000011 0.82401347160339367 -1.7563155889511106 1 1.7814109921455386 0.040275949984788902 2 -0.17343234270811078 -0.1849480792880058 -0.60971888899803151 -0.63914722204208363 -0.13379042595624921 645.50000000000011 3 2.3734664916992192 4 -0.75956422090530384 0.81742417812347423 -1.3179268240928648 142.50000000000003 514.50000000000011 5 -1.7964507937431333 6 7 -1.0736950039863584 8 291.50000000000006 -0.22781497985124585 9 -1.1444867849349973 0.36108247935771948 10 306.50000000000006 11 217.50000000000003 -2.4594172239303584 12 13 -1.8440827727317808 14 -0.040120178833603852 15 16 0.19028642028570178 17 831.50000000000011 -0.1680435240268707 873.50000000000011 -0.77719926834106434 18 19 0.24361466616392138 -0.1757514029741287 -0.60070893168449391 -0.79699981212615956 -0.85393831133842457 0.26401430368423467
decision_type=2 2 1 2 2 2 2 2 1 2 2 1 2 2 2 2 2 2 1 2 1 2 2 2 2 2 1 2 1 1 2 1 2 2 1 2 2 1 2 1 2 2 1 1 2 1 2 1 1 2 1 2 2 2 2 1 1 2 2 2 2 2 2
left_child=1 6 4 17 -3 43 7 15 9 19 11 12 13 -9 -15 39 55 -2 -19 22 21 -21 -8 24 -5 29 -27 28 -25 -26 31 32 48 34 -10 36 37 41 42 -1 -36 49 -37 -4 -45 57 -23 -12 -13 -32 -18 -49 53 -53 -14 -17 -35 -29 -44 60 61 -38 -60
right_child=3 2 5 23 -6 -7 8 10 33 -11 47 30 54 14 -16 16 50 18 -20 20 -22 46 -24 27 25 26 -28 45 -30 -31 35 -33 -34 56 40 38 59 -39 -40 -41 -42 -43 58 44 -46 -47 -48 51 -50 -51 -52 52 -54 -55 -56 -57 -58 -59 62 -61 -62 -63 -64
leaf_value=-0.0022970603716376686 -0.00018377496146138663 0.025375223351859523 8.4457305048728514e-05 0.0074171262758735545 0.007419751475775528 -0.0082707719661288311 -0.00072876016084186214 0.0016204387151055497 -0.00082826144092505293 -0.015299752545801092 0.00037689336919964335 0.0048016454388786914 0.0018880734913751191 0.0010029105562121843 0.047666809474649505 0.011843347215194479 0.0038103331887657825 -0.0016522208392784569 -0.00042628521622363062 -0.01505695568446635 -0.0010301118489539343 -0.0091929104826974552 -0.0059299318034771774 -0.021895591987910933 -0.018146423296011367 -0.011963365663470706 -0.00064480026622491511 -0.00064105679536482943 -0.0030087440804019519 -0.0056996449427439907 0.0024655099431096809 -4.1338680400319321e-05 0.0025697340396588068 0.00072435354002175535 0.0092479683227487137 0.0019089515062386175 -0.0019883531999612849 -0.00082426413906093216 0.00014329621991180654 0.0025428348941666586 0.0028517987239122322 0.0016278714844122643 0.001474026744614195 0.011936340551462541 0.0030700766736046531 -0.0018347652454447246 0.0040519055531748355 -0.00013239618020968833 0.016581631606599694 0.016235741900135239 -0.0011723044613944243 -0.00043403100619731689 -3.7536790510021795e-06 -0.0035880464886403102 0.00066534303172557203 0.0054044791120524795 -0.0014685988157715527 0.0093475704375107493 0.00040748013449953179 -0.0068954990834310999 0.00079290042230708007 -0.010085406503187681 -0.0021403176448653999
leaf_weight=23011.964416503906 2199253.7122802734 2193.859619140625 25142.579864501953 2961.1388397216797 13264.286987304688 5188.7342224121094 156370.24332046509 41231.478759765625 29982.851501464844 6415.29248046875 850624.412109375 3220.1740112304688 215886.61456298828 4820.464111328125 2794.9862060546875 7624.0365371704102 29942.952941894531 416100.9453125 757180.95178222656 5918.3721678256989 14592.628448486328 4079.8236074447632 13742.3669090271 2297.26513671875 4721.6122274398804 4789.6716156005859 10186.248123168945 5286.3311100006104 6779.4307098388672 4170.5870065689087 2677.9609756469727 32387.751770019531 27615.619476318359 93853.764953613281 10023.80110168457 213069.2412109375 22563.607147216797 139414.78211975098 1530188.8820495605 26001.11328125 22943.808578491211 40128.399032592773 110942.06274414062 5602.8505859375 35915.126220703125 109187.74028587341 2478.7466990947723 1488450.2052001953 4880.5289611816406 2669.4330673217773 15352.106201171875 38969.38623046875 191301.72802734375 93811.3916015625 675040.76230895519 25502.271934509277 107711.45501708984 4177.0686950683594 108096.68998718262 13315.795501708984 17818.130279541016 7580.9028625488281 49547.898727416992
leaf_count=8362 825217 896 10746 950 6545 1588 66480 14852 12271 2040 410832 1103 66243 1830 1061 1923 12057 134712 306737 2490 6736 1670 3761 721 1389 1628 3712 1395 3615 1590 1536 13357 9073 43881 3782 78046 6342 62434 587749 11176 10060 15735 43351 1821 12222 44979 1001 448970 1633 648 5863 11225 57288 27106 192734 10477 44149 1213 45539 4503 5188 2322 13433
internal_value=-2.913e-06 0.000268081 0.00332867 -0.00051092 0.00996897 0.00189779 0.000227124 0.000307801 -0.000816675 -0.00208942 0.000257448 0.000538026 0.00112992 0.00419896 0.0181493 0.00265047 0.00413782 -0.000419407 -0.000861083 -0.00165936 -0.00486519 -0.00934006 -0.00114909 -0.00250772 -0.00565943 -0.00728295 -0.00427596 -0.00184551 -0.00782575 -0.012342 0.000298889 0.00244238 0.00469302 0.000163053 0.00211809 0.000234235 -0.000806996 2.38685e-06 0.000361641 0.00027052 0.00479621 0.00253608 0.0010553 0.00269014 0.00426684 -0.00138772 -0.00418789 -8.66328e-05 0.0119311 0.00934839 0.00212218 -0.000304167 -0.00109307 -0.00266244 0.00096164 0.00689316 -0.00044755 0.00376647 0.000377992 -0.00324889 -0.00223587 -0.00402598 -0.000393338
internal_weight=1.0139e+07 6.6119e+06 87307.4 3.52709e+06 15458.1 71849.3 6.5246e+06 6.05648e+06 468113 203597 5.92905e+06 3.26589e+06 939774 48846.9 7615.45 127434 78421.4 3.37254e+06 1.17328e+06 197182 27069.6 12476.9 170113 154557 26829.3 23868.1 14975.9 127728 9076.7 8892.2 2.32612e+06 68104.1 35716.3 264516 62950.5 2.25801e+06 246169 184891 2.01184e+06 49013.1 32967.6 45475.8 481656 66660.6 41518 118651 6558.57 2.66316e+06 8100.7 5347.39 45295.1 1.81253e+06 324083 132781 890927 33126.3 201565 9463.4 268587 61278.4 47962.6 30144.5 157645
internal_count=3733988 2406130 33818 1327858 7441 26377 2372312 2173991 198321 84178 2124133 1168712 276720 17743 2891 49858 30320 1266666 441449 82138 11897 5161 70241 61192 9269 8319 5340 51923 4336 2979 891992 25166 11809 114143 26113 866826 98708 80353 768118 19538 13842 17919 180369 24789 14043 47587 2671 955421 2736 2184 17920 544589 95619 38331 258977 12400 88030 2608 102323 18355 13852 8664 58972
cat_boundaries=0 1 3 5 7 9 11 13 15 17 19 21 23 25 27 29 31 33 35 36 38
cat_threshold=2403598360 1987068583 64 70817 13 3758111524 72 575684608 64 2695504642 5 168034304 16 1443501481 51 3864559876 80 237648 46 570949914 32 507658106 64 1485857286 82 1076957507 36 526384 4 2934227016 53 1081600 80 2303120804 121 42508323 2147659856 46
is_linear=0
shrinkage=0.03


Tree=37
num_leaves=64
num_cat=17
split_feature=5 3 2 3 10 18 2 0 1 0 0 2 18 0 1 19 1 2 0 1 0 1 1 16 19 2 16 0 6 10 10 19 1 1 1 1 6 13 0 1 1 2 2 1 6 18 1 10 1 11 1 10 0 15 8 15 19 6 6 19 1 16 0
split_gain=1617.91 817.969 936.91 776.127 624.971 790.148 533.615 494.621 922.926 496.946 457.497 444.534 561.493 526.526 529.489 431.008 619.656 428.692 402.747 411.236 399.901 530.029 386.086 371.057 347.032 342.325 307.402 409.243 393.336 297.678 295.358 295.284 294.4 293.283 291.37 288.67 389.757 425.712 284.871 306.85 281.297 277.698 274.667 834.806 473.912 569.11 601.233 272.807 269.378 1305.81 266.276 253.739 810.326 438.738 488.532 300.594 265.213 264.906 251.845 467.284 260.068 248.692 248.005
threshold=0.27016253769397741 -1.2094883322715757 -1.0736950039863584 0.88042959570884716 1.9644516110420229 -1.2766487598419187 -1.8440827727317808 775.50000000000011 0 929.50000000000011 645.50000000000011 -1.0736950039863584 2.070167183876038 157.50000000000003 1 -0.1158856153488159 2 -1.3179268240928648 702.50000000000011 3 127.50000000000001 4 5 1.6058590412139895 -0.40083795785903925 0.98896485567092907 0.28067632019519811 157.50000000000003 -1.7964507937431333 1.2610026597976687 1.9644516110420229 2.3734664916992192 6 7 8 9 0.63447225093841564 -0.7682247757911681 514.50000000000011 10 11 -0.33488349616527552 -1.0736950039863584 12 0.47605699300765997 1.8264871239662173 13 -1.5296894907951353 14 -0.56275513768196095 15 -0.56400057673454274 202.50000000000003 1.0000000180025095e-35 2.2560166120529179 -1.0344052314758299 0.2833652943372727 0.57884424924850475 0.81279775500297557 0.82401347160339367 16 0.73209384083747875 247.50000000000003
decision_type=2 2 2 2 2 2 2 2 1 2 2 2 2 2 1 2 1 2 2 1 2 1 1 2 2 2 2 2 2 2 2 2 1 1 1 1 2 2 2 1 1 2 2 1 2 2 1 2 1 2 1 2 2 2 2 2 2 2 2 2 1 2 2
left_child=1 2 4 10 5 18 24 11 9 -9 42 12 30 -14 -15 20 51 -12 -1 -20 21 -13 31 25 38 58 48 28 -28 -24 -3 -4 -26 -19 -31 36 -22 -38 -5 -40 -27 -25 43 44 45 -2 -47 -42 49 -18 -44 52 53 55 -55 56 -17 -56 60 -60 -10 -57 -54
right_child=3 7 22 6 -6 -7 -8 8 23 -11 17 15 13 14 -16 16 26 33 19 -21 35 -23 29 41 32 40 27 -29 -30 34 -32 -33 -34 -35 -36 -37 37 -39 39 -41 47 -43 50 -45 -46 46 -48 -49 -50 -51 -52 -53 62 54 57 61 -58 -59 59 -61 -62 -63 -64
leaf_value=0.016936792870020666 0.0037695785614210247 0.0010766168356530809 -4.9563397765105575e-05 -0.015185528457892219 0.016791769626760971 0.0011329958767437188 -0.0012734828505654647 0.00031778678666165479 -0.0024342316029248093 0.0029592423507514036 -0.0031238513797035945 0.0046153896528814053 0.017792996050206438 0.013646102776565703 -0.0024620992540206684 -8.4861860357518043e-05 -0.025409821652241982 -4.9098122798165221e-05 0.014343303958174793 6.3136089703366954e-05 -0.00043149051606612595 0.00067848506120002654 0.0016035784969397617 -0.010494100773834947 -0.01052599928769731 0.002041377904587016 -0.012419914262861671 -0.00072516340166574257 -0.0028157000858364642 0.01327927682210767 0.0068451246239187883 -0.0099145220851980676 -0.00013717816417596282 -0.0010300104264376153 0.0027445604949203955 0.00054416594462346278 -0.014012092381411403 -9.6190035026531167e-05 0.0015465628199791053 -0.01043839776249946 -0.0065631251238145449 -0.0028678308839342171 0.00020483856119755478 -0.00073356987872192031 -0.0041577038538931736 0.022154956155792188 0.0063984372019864483 -0.00012977520447113606 -0.00010699789332194309 0.00047338076677371968 -0.00045726887676084365 0.00035905182793736671 -0.0033712530324403437 0.013494639476589155 -0.00042719850529844946 0.0013771057713242573 0.010727423262158888 0.0083356067990261323 -0.0022516346635277837 -0.012479434192872093 -0.00066637821525890729 -0.0092245032463411508 0.00095675221485248515
leaf_weight=5287.6852550506592 25595.862228393555 119875.48083496094 111903.48529052734 4574.966242313385 4350.923828125 20956.454074859619 565863.921875 344360.91796875 88696.9345703125 78757.71484375 65806.166015625 49308.43359375 3655.0285923480988 3035.3338947296143 4609.952942609787 3286.8337860107422 2210.198486328125 460382.37316894531 3129.7627468109131 4302.6037826538086 154126.22760009766 81891.266845703125 235799.48455810547 5095.8313293457031 3122.9903564453125 61909.73583984375 4102.8693237304688 242144.22607421875 58519.168273925781 3899.5864562988281 8554.1842041015625 2794.124267578125 11292.123825073242 678824.69714355469 6014.6944274902344 2346762.5307617188 4069.7625122070312 3845.9801025390625 3131.3025054931641 4967.4373831748962 6387.410400390625 27329.811248779297 1123024.8835449219 60068.047241210938 4605.7932281494141 3534.3847961425781 5737.9867248535156 82423.25634765625 813220.48046875 8429.035888671875 1065122.5324707031 377815.507589221 13657.68408203125 9246.9973888397217 5629.4778594970703 11117.017549514771 5384.5642700195312 6917.2712860107422 37415.788848876953 4499.8944091796875 481032.31893920898 2420.7655944824219 93201.40185546875
leaf_count=1690 8701 43067 45885 1499 1619 7457 222532 137787 41467 31627 23569 18660 1281 1078 1584 1555 1278 192201 985 1474 109012 26423 94656 1117 1428 24992 1455 76325 17434 1644 3252 1260 3759 223655 2512 775733 1254 1084 938 1689 2494 5458 394506 22128 1381 1220 1756 31283 348010 5526 399128 142319 4907 2778 1544 5104 2770 1667 9837 1177 157497 533 33904
internal_value=-5.61954e-06 0.000305718 0.00161949 -0.000466903 0.00609777 0.00471384 -0.00147042 0.00021315 -0.000322377 0.000809467 -0.000296534 0.000360145 0.00202537 0.00843505 0.00395254 0.000305997 -7.32019e-05 -0.000769616 0.0106106 0.00610147 0.000544045 0.0021586 0.00114691 -0.000924932 -0.00558332 -0.000791244 -0.000470223 -0.00128425 -0.00344589 0.00181771 0.00146109 -0.000290278 -0.00239815 -0.00063361 0.00690894 0.000459606 -0.000764994 -0.00725518 -0.00920377 -0.0058174 0.00048937 -0.00406777 -4.73432e-05 0.00149382 0.00488188 0.00607776 0.0124439 -0.000592749 -0.000169093 -0.0049084 -0.000117456 0.000774354 0.00181443 0.00524049 0.00826408 0.00227226 0.00663141 0.00440531 -0.00110681 -0.00335101 -0.000941676 -0.000521332 0.000403457
internal_weight=1.0139e+07 6.05339e+06 398439 4.08566e+06 38027.4 33676.5 592953 5.65495e+06 1.21791e+06 423119 3.4927e+06 4.43704e+06 139730 11300.3 7645.29 4.29731e+06 1.6573e+06 1.20501e+06 12720.1 7432.37 2.64e+06 131200 360411 794791 27088.8 762365 1.12863e+06 304766 62622 245714 128430 114698 14415.1 1.13921e+06 9914.28 2.5088e+06 162042 7915.74 12673.7 8098.74 150720 32425.6 2.28769e+06 99542.1 39474 34868.2 9272.37 88810.7 823860 10639.2 2.18815e+06 528678 150862 44002.9 21793.7 22209.2 8671.4 12546.7 611645 41915.7 569729 13537.8 106859
internal_count=3733545 2233455 159182 1500090 13225 11606 231845 2074273 444736 169414 1268245 1629537 50262 3943 2662 1579275 647109 439425 4149 2459 932166 45083 145957 275322 9313 268747 450028 95214 18889 98812 46319 47145 5187 415856 4156 887083 111350 2338 4126 2627 58769 6575 828820 35186 13058 11677 2976 33777 354814 6804 793634 197081 54762 15951 5989 9962 4325 3211 209978 11014 198964 5637 38811
cat_boundaries=0 2 3 5 7 9 11 13 15 16 18 20 22 24 25 26 28 30
cat_threshold=351833112 36 1044957272 1090609383 8 3262050342 8 3283126273 111 332548206 68 2424333056 49 661476440 49 738501136 1092616256 32 114889856 81 721437059 3 1851560228 16 1711276068 512 2334472610 63 1627390464 1
is_linear=0
shrinkage=0.03


Tree=38
num_leaves=64
num_cat=20
split_feature=7 3 3 3 0 10 1 1 10 1 0 14 10 19 1 10 19 19 1 1 19 11 1 13 9 6 9 3 1 13 1 1 9 12 1 3 10 0 1 4 4 19 1 10 16 1 14 1 16 3 8 1 12 0 1 0 1 19 12 6 1 7 1
split_gain=1567.21 1145.83 896.148 636.887 570.305 496.805 552.084 492.544 422.932 669.806 379.681 414.623 352.427 490.245 412.101 348.972 342.975 340.514 369.925 317.909 306.2 296.553 738.703 2526.66 324.679 294.772 345.158 289.926 281.326 255.873 248.653 237.118 236.402 229.302 333.119 407.707 225.125 247.595 476.531 377.584 281.446 263.475 248.805 257.339 248.669 241.375 223.392 216.984 215.892 215.28 211.454 237.386 358.811 211.17 506.89 217.266 212.021 206.231 201.199 195.966 194.108 190.693 238.119
threshold=-0.72022336721420277 0.32402199506759649 -1.7563155889511106 1.7527557015419009 775.50000000000011 1.9644516110420229 0 1 1.0887004733085635 2 760.50000000000011 0.56028988957405101 0.040275949984788902 1.1229721903800967 3 1.9644516110420229 -0.804693043231964 -0.5465446114540099 4 5 0.95626643300056469 0.50269123911857616 6 1.0947058796882632 -0.58829939365386952 -2.105982661247253 -0.5725882053375243 -1.4934133291244505 7 1.0947058796882632 8 9 -0.42049902677536005 -0.40829387307167048 10 -0.89146319031715382 0.1433934420347214 157.50000000000003 11 -1.0000000180025095e-35 -0.17717035114765164 0.050372708588838584 12 1.5109481215476992 0.46173781156539923 13 -0.14879423379898069 14 1.6058590412139895 -0.59080940485000599 2.4137189388275151 15 -0.54749682545661915 929.50000000000011 16 745.50000000000011 17 0.17122810333967212 -0.65423989295959462 -1.1857460141181944 18 2.6421749591827397 19
decision_type=2 2 2 2 2 2 1 1 2 1 2 2 2 2 1 2 2 2 1 1 2 2 1 2 2 2 2 2 1 2 1 1 2 2 1 2 2 2 1 2 2 2 1 2 2 1 2 1 2 2 2 1 2 2 1 2 1 2 2 2 1 2 1
left_child=2 4 8 10 5 12 27 29 16 -10 36 31 13 21 32 20 -1 18 -5 -17 53 -2 23 -23 -25 26 -19 -7 -22 33 -27 57 -15 -6 35 -35 47 38 41 40 -40 -38 43 -39 -43 -45 -9 -3 -30 -24 51 -16 -53 55 -55 -4 -57 -12 -47 -8 -52 -32 -63
right_child=1 3 15 17 7 6 59 46 9 -11 11 -13 -14 14 50 19 -18 25 -20 -21 28 22 49 24 -26 30 -28 -29 48 -31 61 -33 -34 34 -36 -37 37 42 39 -41 -42 44 -44 45 -46 58 -48 -49 -50 -51 60 52 -54 54 -56 56 -58 -59 -60 -61 -62 62 -64
leaf_value=0.012334264951036658 0.00024366576124811834 0.00029887757835498762 0.00089348439881450686 -0.0029316864684891383 -0.0015120352898878283 0.017190081406886375 -0.0045945595359253083 0.0012092251853699219 0.023921211643932062 0.0040708560699792701 -0.0005736525920095576 -0.002784729810315975 -0.00010614028606899564 -0.0037029628190497826 0.0028883765873633483 0.0067020804032202315 0.0027716873683983219 -0.016825829586649063 -0.0099839264217208342 0.00073403549439100596 0.0015219494050815738 0.027498154171148221 0.001466990000921692 -0.0033733674551843233 0.0076789183910394793 0.0056073032058334077 -0.0012103946395413678 0.0061630107791880162 -0.0014197857858180471 -0.0088849418387338189 -0.0015029950124271047 -0.0013727545859612278 -0.012057583553050966 0.016030235415053849 -0.00064934544993058049 0.00138910593069186 -0.0018082112590755053 -0.00012181965233046625 0.00094479120826136264 -0.0025604426149005168 0.01024652031111861 -0.0044385800544948359 -0.0010365046748886286 0.0069399850389196913 -0.010751473214004419 0.0028137256658288144 -0.00028270804961216123 -0.00047893839541970581 -0.010172479513465749 0.00051047355479786249 -0.0097309888580837424 0.00034820271165790311 -0.0087628702614822532 0.0048724244652349523 0.0001263705799807075 -0.00071802566319217344 0.00066132805089935286 0.0018072046674964459 -0.0073688983367717863 0.0020657220280447747 -0.0016362940817365463 -0.00070661858784769284 -0.013254693530864168
leaf_weight=3851.7073974609375 1337395.7040450573 569481.47125244141 1115693.1318054199 17435.815490722656 358621.06039428711 2603.2224731445312 4671.6990661621094 105608.33073425293 2649.2889633178711 3632.9788589477539 122681.56861877441 125064.939453125 1909151.580078125 21424.87494468689 23994.124435424805 16499.452041625977 27112.223999023438 2515.8475050926208 10887.581481933594 15664.883407592773 34222.117797851562 4132.96630859375 316858.39770507812 7706.9424743652344 3462.8705139160156 4188.6228401660919 2577.2347092628479 12187.738983154297 87113.929138183594 4048.6520080566406 82512.7583091259 272694.64378356934 3550.9727725982666 2709.4097137451172 20572.799194335938 4637.0005645751953 22972.7333984375 281890.02600097656 31737.937530517578 36457.270263671875 3220.2531433105469 21161.589965820312 410765.38903808594 9279.6444702148438 7647.4127197265625 6278.1266918182373 624000.82356262207 745099.33612060547 2607.5172119140625 638515.2067565918 2886.4815063476562 23134.989658117294 4671.4608938694 36480.482604980469 45520.241821289062 171624.38232421875 241260.72512817383 44659.3046875 2413.7161426544189 26534.103149414062 33164.428552627563 2608.2823753356934 2850.3026008605957
leaf_count=1290 572896 189337 414278 7515 110594 977 2816 60506 1022 1385 56788 35348 697157 9165 10641 6588 10621 1054 3328 6293 15762 1315 87605 2393 1121 1376 986 5077 37154 931 33212 96926 1832 1006 11405 1774 7675 105559 12304 12886 1150 9438 150647 3049 1997 2832 219805 302074 513 160221 1176 10469 2384 13660 16434 62743 90122 22021 1223 9368 12869 991 1116
internal_value=-2.32007e-06 -0.000175833 0.000799418 -0.000665232 7.69666e-05 0.00023158 0.0033328 -0.00052703 0.00540422 0.0124988 -0.000568568 -0.00126049 0.000198633 0.000438981 -0.00149186 0.000702323 0.00396301 -0.00275389 -0.00564843 0.00379836 0.0006449 0.000533372 0.000932524 0.00746849 5.49699e-05 -0.00191065 -0.00893294 0.00810346 -0.000791932 -0.00138677 -0.00152211 -0.000827254 -0.00489101 -0.00130816 0.00131041 0.00678686 -0.000386567 -0.000772161 -0.00201372 -0.000424489 0.00180298 -0.00420438 -0.000556907 0.000100108 -0.00611593 0.00358026 -6.67483e-05 -0.000141987 -0.00167453 0.000827708 -0.00052466 0.000703121 -0.00118332 0.000755475 0.00223857 0.000675907 8.79675e-05 6.1773e-05 -1.65707e-05 0.00106772 -0.00228882 -0.00186229 -0.00729052
internal_weight=1.01393e+07 8.33533e+06 1.80393e+06 2.83908e+06 5.49625e+06 4.37605e+06 45996.8 1.1202e+06 37246.2 6282.27 2.71351e+06 565100 4.33005e+06 2.4209e+06 112827 1.76669e+06 30963.9 125576 28323.4 32164.3 1.73452e+06 2.30807e+06 970676 15302.8 11169.8 97253 5093.08 14791 123944 390589 92160 440036 24975.8 386540 27919.2 7346.41 2.1484e+06 833824 123197 71415.5 34958.2 51781.7 710627 299862 28809 17971.5 729609 1.31458e+06 89721.4 955374 87851.5 51800.6 27806.5 1.61058e+06 82000.7 1.52858e+06 412885 167341 8691.84 31205.8 36050.9 87971.3 5458.58
internal_count=3734200 3056335 677865 1060832 1995503 1589482 18238 406021 14318 2407 1011254 211083 1571244 874087 48536 663547 11911 49578 10843 12881 650666 825551 252655 4829 3514 38735 2040 6054 53429 125710 36695 175735 10997 124779 14185 2780 800171 308760 45450 26340 13454 19110 263310 112663 11435 7104 280311 491411 37667 247826 37539 23494 12853 597237 30094 567143 152865 78809 4055 12184 14045 35319 2107
cat_boundaries=0 2 4 6 8 10 12 14 16 18 20 21 23 25 27 29 31 33 35 37 39
cat_threshold=2403607224 11 3221300134 18 2624496780 3 845153825 32 3107264464 105 2385396413 52 16777216 4 2164296128 27 2064 4 167019832 38 65698 922792275 69 2787901663 7 2685141145 1 50706733 36 25407748 26 511482880 46 3141546854 66 16810244 16 1802326051 11
is_linear=0
shrinkage=0.03


Tree=39
num_leaves=64
num_cat=18
split_feature=5 2 0 4 18 7 1 10 1 2 0 19 1 18 4 18 1 14 0 4 6 10 19 1 19 0 1 2 1 8 4 2 6 18 1 9 1 12 9 1 10 1 14 1 10 1 1 13 4 19 0 12 4 10 1 9 12 1 10 1 10 14 1
split_gain=1425.98 980.07 1138.08 1151.77 1002.91 937.342 605.575 535.505 682.779 486.94 523.369 473.308 559.886 509.554 450.07 575.089 418.199 406.61 514.47 493.492 404.734 608.956 422.076 413.147 384.615 435.432 366.748 366.509 329.953 478.517 374.174 500.927 346.918 325.883 324.563 561.002 311.685 395.909 304.895 303.689 289.324 296.79 287.414 442.098 286.511 394.456 285.091 1223.87 2192.25 283.295 278.697 305.285 258.02 321.57 309.383 820.509 679.217 281.417 253.124 243.407 241.052 371.804 257.605
threshold=-0.68081352114677418 -1.3179268240928648 172.50000000000003 -0.17717035114765164 -1.6429651975631712 0.42069478332996374 0 1.9644516110420229 1 -1.3179268240928648 789.50000000000011 -0.41764044761657709 2 -0.75943204760551442 -0.13379042595624921 1.2956186532974245 3 0.19009767472743991 789.50000000000011 2.2173740267753606 1.0277248024940493 -1.1444867849349973 -0.094626162201166139 4 0.050372708588838584 366.50000000000006 5 -1.0736950039863584 6 2.4137189388275151 1.5712455511093142 0.11539004743099214 -0.75956422090530384 -0.52886003255844105 7 -0.31511975824832911 8 -0.95321357250213612 -0.49871024489402765 9 1.5109481215476992 10 0.22598183900117877 11 1.5109481215476992 12 13 -0.7682247757911681 0.60955399274826061 0.10759888216853143 261.50000000000006 -1.0623427629470823 -0.21171189099550244 1.5109481215476992 14 -0.78547245264053334 -0.79699981212615956 15 -0.35213841497898096 16 0.21036832034587863 1.3244776129722597 17
decision_type=2 2 2 2 2 2 1 2 1 2 2 2 1 2 2 2 1 2 2 2 2 2 2 1 2 2 1 2 1 2 2 2 2 2 1 2 1 2 2 1 2 1 2 1 2 1 1 2 2 2 2 2 2 2 1 2 2 1 2 1 2 2 1
left_child=1 2 3 -1 6 24 -4 -6 -9 10 11 13 59 -7 15 -15 -12 52 20 36 22 -22 -19 42 25 26 -2 -28 -26 -30 31 32 58 -27 35 -35 -20 38 49 -32 -25 -42 43 -24 -11 -46 47 48 -33 -38 51 -44 53 -3 55 56 -54 -55 -31 -13 61 -39 -62
right_child=5 17 4 -5 7 9 -8 8 -10 44 16 12 -14 14 -16 -17 -18 18 19 -21 21 -23 23 40 28 33 27 -29 29 30 39 46 -34 34 -36 -37 37 60 -40 -41 41 -43 50 -45 45 -47 -48 -49 -50 -51 -52 -53 54 57 -56 -57 -58 -59 -60 -61 62 -63 -64
leaf_value=-0.00053214201050825441 0.00012063145516793355 0.00028692113172864648 0.0020873329325111333 0.021812177355461149 0.00028541810518025823 0.0029377459902861715 0.013029834756132995 -0.00094533789648043999 0.015399419172539067 -0.00072508419479366446 -0.00017163738752371603 0.0093177318389135247 -0.003349908589639738 -0.0062373229748882665 -0.0018155454790450031 -0.021141586335852097 -0.0077610692608625015 0.00075050624930018386 0.00025488301661424413 -0.011856873477685263 0.012677350454663028 0.0018367986284258634 -0.019718571575793882 -0.00034843292425208716 2.4568507590223321e-05 0.0005108455684471161 0.0063206733457101347 0.0011198166123702212 -0.00027737418826102395 -0.012131283070397472 -0.014133852853623265 -0.036537016682621895 0.00049326089884718866 -0.0014531311077853185 -0.00016063303904671918 -0.012600449966876912 -0.0044536603870766441 0.00060622269510053205 0.0017559935717657048 -0.0041578024500511313 -0.00035074871170036282 0.0081037225710316515 -0.012952384859255688 -0.0026117443831059038 -0.00093052309592098605 0.0030730714097072925 -0.0021840509713195394 -0.0013119939199348889 -0.0018733414219404851 -0.01208414177678915 -0.00026570563969927801 -0.0032293899694008149 0.0032118355957910533 0.014342983336132023 0.00098440562193309838 0.0020825015644144688 0.023474522467505986 0.0029578480973479334 -0.0023633990865402628 0.0018875390428968507 -0.0013478050525799232 -0.0049088324862787422 -0.0061209147625721589
leaf_weight=3293.4394521713257 529558.67536461353 695695.90283590555 7601.7582511901855 5611.6066598892212 80380.643051147461 5914.1668548583984 11393.412815093994 4254.3237075805664 4999.6441879272461 1976729.3818359375 8829.2106323242188 4761.9555749893188 20677.865515708923 6881.7140799760818 7964.6522988080978 3522.9743041992188 25220.217468261719 589836.20843505859 125551.08187103271 3731.52783203125 5557.8463745117188 28867.433898925781 2222.1652755737305 248075.02844238281 744331.4599609375 686696.927734375 12495.54736328125 499170.26318359375 453711.73828125 3120.545654296875 3391.8701171875 2849.3016481399536 101405.26300144196 92630.314468383789 1844039.427734375 4244.7431488037109 21032.925434112549 81456.060499191284 5429.8434638977051 14399.61865234375 7354.6419429779053 7588.6273441314697 3444.5971069335938 3499.5097732543945 45494.064636230469 43138.192199707031 117598.02068996429 15812.486468315125 3867.5577392578125 5530.1188697814941 28650.427518844604 18498.424592971802 2868.3640441894531 2345.8572731018066 682653.17217630148 60864.266967773438 3094.8964538574219 11480.041652679443 10129.407318115234 23574.157333374023 35421.209564208984 12714.425598144531 14277.113508224487
leaf_count=1295 171466 303922 2733 1991 28051 1955 3558 1647 1650 736617 3805 1731 8412 2250 2997 1155 8517 170059 37202 1238 1111 6452 1241 75496 295371 245657 4619 188860 196468 1081 1018 1405 37247 33483 656757 1848 5219 25725 1632 4727 1954 2535 943 1374 16775 17711 40117 6102 1707 1670 10496 6861 979 1058 286959 23092 1178 5517 3687 7601 9787 2858 4816
internal_value=-9.08792e-06 0.000563321 0.00324515 0.0135527 0.00239959 -0.000230256 0.00866037 0.00107241 0.00790441 -0.000752657 -0.00272259 -0.00129471 0.000402225 -0.00471918 -0.00718452 -0.0112916 -0.00579573 0.000446905 4.95314e-05 -0.00102125 0.00039581 0.00358856 0.000274899 -0.000603586 -9.40937e-06 0.0001549 0.000674088 0.00124686 -0.00041932 -0.000874223 -0.00186771 -0.00157392 -0.000103321 -5.08359e-05 -0.00024956 -0.00194199 -0.000886911 -0.00170196 -0.00472029 -0.00607341 -0.000104194 0.00394914 -0.00293523 -0.00930605 -0.000650264 0.00101837 -0.00277714 -0.0058682 -0.016594 -0.00604421 -0.00221448 -0.0047583 0.00078701 0.000376975 0.00117518 0.00312313 0.0137389 0.00490657 -0.00466758 0.00314047 -0.00103074 -0.000138613 -0.00272098
internal_weight=1.01374e+07 2.82528e+06 117535 8905.05 108630 7.31216e+06 18995.2 89634.6 9253.97 2.17271e+06 107347 73297.5 49014 24283.5 18369.3 10404.7 34049.4 2.70774e+06 1.24874e+06 305144 943595 34425.3 909170 319333 5.13945e+06 3.66884e+06 1.04122e+06 511666 1.47062e+06 726286 272574 254783 114655 2.62761e+06 1.94091e+06 96875.1 301413 175862 31992.9 17791.5 263018 14943.3 56315.1 5721.68 2.06536e+06 88632.3 140127 22529.3 6716.86 26563 50593.4 21943 1.459e+06 709522 749481 66827.5 5963.26 13825.9 13250 28336.1 143869 94170.5 49698.3
internal_count=3733445 1032299 40925 3286 37639 2701146 6291 31348 3297 809526 38423 26101 17744 8357 6402 3405 12322 991374 368669 90147 278522 7563 270959 100900 1891620 1302690 364945 193479 588930 293559 97091 91346 42015 937745 692088 35331 88909 51707 8521 5745 79985 4489 20915 2615 771103 34486 49331 9214 3112 6889 18300 7804 622705 310497 312208 25249 2157 6575 4768 9332 43186 28583 14603
cat_boundaries=0 2 4 6 8 9 11 13 14 16 17 19 20 22 24 26 28 29 31
cat_threshold=749799111 81 355626954 74 4015949884 80 412401680 96 571572736 418018523 64 2370469081 41 1073741828 639146001 18 514 1074270465 80 1081856 1085389921 86 1073742336 4 1073742626 20 3893633161 8 2718171168 2147754402 8
is_linear=0
shrinkage=0.03


Tree=40
num_leaves=64
num_cat=18
split_feature=3 10 7 1 3 0 2 5 2 12 3 0 1 5 1 4 5 1 0 1 1 4 7 1 3 5 10 1 10 1 11 11 10 0 1 0 1 1 0 16 1 12 0 0 1 5 1 3 1 6 1 2 2 0 16 9 12 12 1 0 0 0 2
split_gain=1447.43 898.948 799.672 776.449 552.471 516.058 496.502 482.337 845.248 488.744 461.491 450.799 374.949 368.976 367.391 319.202 317.953 308.165 300.661 349.548 324.758 296.936 293.354 280.378 250.825 242.65 224.282 364.473 236.652 254.191 295.971 368.832 282.646 246.551 234.596 293.968 342.395 221.617 208.475 296.726 260.133 206.336 201.094 220.864 431.933 194.473 202.701 193.125 189.329 186.975 211.239 184.783 183.112 257.667 318.673 280.599 181.45 180.642 178.231 175.478 170.628 277.402 187.723
threshold=-0.19266438484191892 1.9644516110420229 0.21947976946830752 0 1.7527557015419009 616.50000000000011 -1.0736950039863584 -1.9655067920684812 -0.8156110644340514 -0.29911231994628901 -1.7563155889511106 942.50000000000011 1 0.75342088937759411 2 -1.7580090165138242 -1.9655067920684812 3 760.50000000000011 4 5 -0.13379042595624921 -1.4492992162704466 6 0.94511732459068309 1.7875921726226809 0.040275949984788902 7 -1.0178364515304563 8 1.3908437490463259 0.9988386631011964 -2.4594172239303584 645.50000000000011 9 831.50000000000011 10 11 217.50000000000003 1.3424351215362551 12 -0.51320770382881153 187.50000000000003 915.50000000000011 13 -0.27797959744930262 14 -1.4934133291244505 15 -1.124759793281555 16 0.39770589768886572 -0.72702601552009571 873.50000000000011 0.30758938193321234 -0.59720191359519947 -0.51320770382881153 -0.64261594414710987 17 942.50000000000011 187.50000000000003 127.50000000000001 0.25087948143482214
decision_type=2 2 2 1 2 2 2 2 2 2 2 2 1 2 1 2 2 1 2 1 1 2 2 1 2 2 2 1 2 1 2 2 2 2 1 2 1 1 2 2 1 2 2 2 1 2 1 2 1 2 1 2 2 2 2 2 2 2 1 2 2 2 2
left_child=1 7 22 10 5 37 21 8 18 13 -3 16 -10 26 52 -11 -5 -17 19 47 -20 25 -2 -8 45 -6 27 42 29 32 31 41 -29 -32 -28 60 -37 -4 39 40 -19 -31 56 -44 -45 46 -24 -1 -15 50 -18 -12 53 57 -55 -56 -9 -7 -27 -40 61 -36 -63
right_child=2 3 4 11 6 14 23 9 12 15 51 -13 -14 48 -16 17 49 38 20 -21 -22 -23 24 -25 -26 58 34 28 -30 30 33 -33 -34 -35 35 36 -38 -39 59 -41 -42 -43 43 44 -46 -47 -48 -49 -50 -51 -52 -53 -54 54 55 -57 -58 -59 -60 -61 -62 62 -64
leaf_value=0.017254710681103486 0.00081549467994602629 0.020911304494430131 -0.00074399005803927384 0.010699398463444105 -0.0056440206457682865 -0.00082279858986402559 0.0014242106883665885 0.0031420779569969852 -0.00053408154917519029 -0.0018868949487683784 0.00915595932976653 -0.0083337039846303352 0.0024847278354856589 -0.00080577880663307592 -0.00078110274139011596 0.011188842107569687 -0.006770733723765094 0.010420269524946282 0.011592065094734859 0.0041701267973798823 0.0013521463228323898 -0.00062540215866882813 -0.00030389441172648079 -0.0035093817585757367 -0.00068772493393987999 -0.01905716387712636 0.00081389007534107773 -0.0072971233401298782 0.00048005844324850892 0.00052705754764321836 0.00054226204271303716 -0.0064813227980952603 -0.0014767708576899523 0.0087284594861564303 0.00068789348871616408 -0.0026203387140390755 6.0222908464741199e-05 3.8196491780466235e-05 0.0019065824485791133 0.014632069592517071 0.0018849791127070891 -0.0045077443425797364 0.00085228203645490268 0.011220290768899372 0.0017849348729871335 -0.00020413743759056761 0.00055263217892558307 0.008556080092211954 0.00012240763509135087 0.0029788673517273483 0.0046758502842908084 0.0004278421881689985 -0.0017481978967134749 -0.0012801807712566533 -0.0171882802030962 -0.0057270279127476309 -0.0014073703835018353 -0.0056244476522970387 -0.0091336816793600503 -0.0042683019607676837 0.00028592639044455721 -0.0012772560615500787 -0.0050291617556369487
leaf_weight=4638.2389526367188 341289.8515625 2731.89453125 547423.94750976562 4198.6817016601562 5447.7047362327576 21312.890048980713 15092.710048675537 69024.054656982422 77509.471984863281 17433.966064453125 10856.265205740929 3495.198486328125 70882.054138183594 389693.55548095703 627789.10760498047 3500.2573852539062 4067.8530883789062 4021.8692092895508 3467.0307006835938 7461.4966278076172 14028.274597167969 3681.8865113258362 353304.228515625 33064.387851715088 559456.67578125 3365.7541236877441 306003.6044921875 8925.509765625 829420.36726379395 80870.12866973877 7285.3189301490784 8463.0945649147034 47206.08203125 6066.1426696777344 46015.928344726562 84814.040283203125 86744.896728515625 805971.23687744141 110618.92456817627 2473.062255859375 15853.044189453125 8050.4435834884644 520055.70068359375 5364.0607299804688 23284.369934082031 1645605.5841571093 839534.73291015625 4584.6590728759766 401601.1494140625 29542.902050971985 2239.3095579147339 2732.8328777551651 259706.99072265625 4611.5290145874023 3710.2905158996582 3999.7793464660645 8905.4467926025391 10534.638515472412 3323.5645408630371 4298.4891204833984 659230.01123046875 38041.319209098816 17532.638798713684
leaf_count=1361 133792 1023 204086 1540 2008 6250 5313 21051 25393 9291 4281 1113 27852 126717 235853 1734 2283 2097 1264 2564 4558 1285 144039 14218 226141 1018 163593 3770 327592 38798 1220 1710 19681 994 14671 25203 27658 285416 52561 737 7824 3986 162208 1335 7799 587024 282819 1494 166476 10678 1286 1143 86807 1804 942 1331 3191 4047 1157 2020 208635 12051 5895
internal_value=-3.01993e-06 0.000436233 -0.000295452 0.00408506 -0.000729238 -0.000652251 -0.00347874 0.000381528 0.00188783 0.00030936 0.00966263 0.00199094 0.000908077 0.000238652 -0.00119563 0.00194183 0.00289344 0.00241607 0.00614069 0.00902161 0.00339151 -0.00808915 -2.29386e-05 -0.00196361 -0.000107153 -0.0103522 0.000397217 0.000629231 0.000272668 -0.000758142 7.56162e-05 -0.000498728 -0.00240241 0.00426348 9.31577e-05 -0.000143395 -0.00126516 -0.000278191 0.00219099 0.0048421 0.00362055 7.10028e-05 0.0011961 0.00099357 0.00355778 7.27853e-06 0.000298941 0.0129236 -0.000334713 0.00197786 -0.00270955 0.0074015 -0.0020519 -0.00383765 -0.00752072 -0.0112501 0.00262213 -0.00241174 -0.0141793 0.00167544 0.00010956 -0.00103487 -0.00246126
internal_weight=1.01415e+07 4.05323e+06 6.08823e+06 59864.9 2.34904e+06 2.28506e+06 63976 3.99337e+06 182571 3.8108e+06 16321 43543.9 148392 3.6526e+06 931665 158200 40048.7 140766 34179.7 16684.4 17495.3 15818.9 3.73919e+06 48157.1 3.3979e+06 12137 2.8613e+06 1.62292e+06 996287 166867 110735 97383.7 56131.6 13351.5 1.23838e+06 932379 171559 1.3534e+06 137265 22348 19874.9 88920.6 626634 548704 28648.4 2.83844e+06 1.19284e+06 9222.9 791295 35850.1 6307.16 13589.1 303876 44169.1 12321.6 7710.07 77929.5 31847.5 6689.32 114917 760820 101590 55574
internal_count=3733681 1508331 2225350 23347 851535 826536 24999 1484984 64486 1420498 6447 16900 53245 1344234 337034 76264 15787 66973 11241 5419 5822 5468 1373815 19531 1240023 4183 1051041 593335 397751 70159 46708 44494 23451 2214 457706 294113 52861 489502 65239 10658 9921 42784 195584 171342 9134 1013882 426858 2855 293193 14247 3569 5424 101181 14374 4077 2273 24242 10297 2175 54581 241252 32617 17946
cat_boundaries=0 1 3 5 6 8 9 11 13 15 17 19 21 23 24 26 27 29 31
cat_threshold=2404253848 3779768636 81 3221273376 26 67584 379249100 98 2153033776 571009328 71 8467847 13 1647575584 18 2352267344 37 1090530726 72 365451072 89 3229614208 2 4097 3775013696 51 1385376671 1612747072 8 2458640392 101
is_linear=0
shrinkage=0.03


Tree=41
num_leaves=64
num_cat=13
split_feature=5 10 3 2 0 2 2 3 4 12 17 10 17 10 17 16 0 4 6 10 16 4 17 0 2 0 5 0 5 14 18 0 4 17 2 17 17 0 9 10 13 0 5 17 4 0 2 17 18 17 10 17 13 12 17 15 6 9 4 4 6 17 6
split_gain=1290.52 835.171 805.977 678.216 528.682 554.408 490.624 484.499 431.33 392.155 375.736 374.555 581.157 459.961 363.118 340.591 350.774 491.411 366.819 568.658 339.411 334.494 320.837 310.144 297.328 378.107 282.099 273.18 268.956 261.025 258.925 253.5 264.309 401.84 256.687 421.058 345.196 253.042 288.317 245.209 264.252 240.319 240.181 247.727 295.317 232.46 307.12 465.85 310.168 488.015 290.43 438.351 321.445 258.969 253.026 256.598 723.317 231.795 231.461 404.088 310.751 224.282 225.321
threshold=-0.62737232446670521 1.5109481215476992 0.62887448072433483 -1.8440827727317808 775.50000000000011 -1.3179268240928648 -1.8440827727317808 -1.3307987451553343 -0.13379042595624921 -0.29911231994628901 0 1.5109481215476992 1 0.16448456048965457 2 0.14177347719669345 775.50000000000011 2.2173740267753606 1.0277248024940493 -0.67963284254074086 1.6058590412139895 -0.17717035114765164 3 929.50000000000011 -0.92766210436820973 172.50000000000003 2.0197230577468877 396.50000000000006 -1.9655067920684812 0.7580358386039735 -0.58347153663635243 202.50000000000003 1.9444987177848818 4 0.058021802455186851 5 6 873.50000000000011 -0.68260473012924183 0.2613621205091477 -1.1369868516921995 674.50000000000011 -2.2323027849197383 7 -0.13379042595624921 291.50000000000006 -0.26081183552741999 8 1.8264871239662173 9 -1.0178364515304563 10 1.6588903665542605 -0.79699981212615956 11 -1.6671278476715086 0.63447225093841564 -0.84036657214164723 0.063367111608386054 0.38342870771884924 -0.37335526943206782 12 0.42983785271644598
decision_type=2 2 2 2 2 2 2 2 2 2 1 2 1 2 1 2 2 2 2 2 2 2 1 2 2 2 2 2 2 2 2 2 2 1 2 1 1 2 2 2 2 2 2 1 2 2 2 1 2 1 2 1 2 2 1 2 2 2 2 2 2 1 2
left_child=1 15 4 7 9 22 8 -3 26 11 37 13 -13 45 23 21 18 20 24 30 39 -1 -6 -7 25 -17 -4 -10 -12 -24 -20 32 34 -34 35 -15 -36 -5 -39 61 -41 -14 43 44 -23 46 47 -2 -49 -50 51 58 53 -53 -47 56 -56 -8 -48 60 -60 -18 -63
right_child=2 3 6 10 5 14 57 -9 27 -11 28 12 41 31 -16 16 17 -19 19 -21 -22 42 29 -25 -26 -27 -28 -29 -30 -31 -32 -33 33 -35 36 -37 -38 38 -40 40 -42 -43 -44 -45 -46 54 50 48 49 -51 -52 52 -54 -55 55 -57 -58 -59 59 -61 -62 62 -64
leaf_value=0.00031049768536614081 0.00022862788451012719 0.019929260945039558 -0.0039594430888856211 0.0016628402880398991 -0.0007919419787852795 -0.00017764075333281476 0.00039494324530950955 0.0061819309852564315 0.0074518730454242307 0.0015663439820955637 0.009600702471333546 -0.00064200969405063459 0.00318321593699549 0.0020089582914020456 -0.00094202667671828839 0.0093834716864631684 0.00080383896609951177 -0.011817170754938862 0.013937748143870695 0.0010795441119270874 -0.0041328677857370398 0.017393288755452582 -0.0046208385263145366 0.0019986075911092504 0.00017466774835671699 0.0015502417429056803 -0.011220128179680123 -0.0024965180889399362 0.0032663043883419205 -0.012849646723912251 0.004657156300071884 -0.00023596477675523063 -0.015641021673391372 -0.0014928175096190252 -0.00035650423641670203 -0.001376212025551834 -0.0036122768239610584 -0.010848924518362862 -0.00015135301482076954 0.0010565669744249813 -0.0024071468618028021 0.0088594707565451316 0.0010951152648420012 0.0021028558858233962 0.0048836321945029135 0.00046687969564206339 -0.001229094998885099 0.0028749985849844321 0.0015720054933790258 0.015448058774871364 0.00066096102897603994 -0.0056037728358571699 0.0066553797285183579 -0.0015500964150398588 -0.0012286001642898673 -0.00010651613700786712 -0.014588490963704468 -0.00085716078337686125 0.015053435575517601 0.00016199340609814408 0.0039676136034122959 -0.0016652927594568909 0.0032441387912999051
leaf_weight=701063.19213104248 73347.484680175781 3289.9092407226562 10429.865659117699 30712.701293945312 19625.877227783203 323086.91395568848 147700.80834960938 7723.6952514648438 2941.5204111337662 158176.63730829954 7228.677978515625 43823.715087890625 43975.153991699219 49304.149386882782 626321.72276306152 6318.9559020996094 169795.44889831543 3512.3795166015625 5146.2828979492188 30892.163208007812 22416.302734375 2128.036865234375 25259.94970703125 72081.951171875 1000506.3703918457 45108.261535644531 8956.4765625 15829.317054748535 36415.931945800781 4019.8957214355469 5714.9640502929688 1202351.517578125 2844.0617713928223 4935.0662803649902 53787.097149848938 100352.54679822922 64417.14697265625 3444.970911026001 6615.8243160247803 26429.274719238281 79275.729640960693 7920.5525512695312 670956.11847686768 31744.096824645996 8372.7100601196289 798181.92404937744 22721.587418079376 62105.136657714844 4403.2562675476074 4743.7952461242676 572336.32934570312 23948.408382415771 3130.9121608734131 34789.907789230347 74517.684692382812 1115523.1482772827 3830.0452270507812 1342669.9846191406 3354.2284140586853 18591.251266002655 7072.7656044960022 73213.217090606689 9501.2528686523438
leaf_count=312575 21578 1214 3712 11691 8663 136153 53381 2733 1067 76163 2609 18569 16627 18895 206278 1833 50899 1215 1074 7154 4598 815 7839 30311 303604 13094 2949 5553 14015 1038 1280 438820 950 1963 21126 33669 24158 895 2389 10480 21342 3129 283124 12785 4195 298888 7575 24125 1407 2228 203398 9370 1010 15782 37591 371224 1723 525552 1279 5967 1915 24204 2604
internal_value=1.04923e-05 0.000534172 -0.000208216 0.0032954 -4.22162e-05 -0.000642156 -0.000819081 0.0102956 -0.00417793 9.87824e-05 0.00238156 4.59786e-05 0.00190202 4.66607e-06 -0.000492755 0.000443053 0.00012457 -0.000655294 0.00039849 0.00315603 -0.000552141 0.000775849 -0.00376233 0.000219339 0.000289023 0.00251354 -0.0073159 -0.000935967 0.00431544 -0.00575063 0.00905888 -0.000424085 -0.00124465 -0.00669416 -0.00108627 -0.000260901 -0.0021312 0.000310089 -0.00381794 -0.000328013 -0.00154111 0.00404954 0.00123327 0.00342721 0.0074188 0.000229173 0.000650809 0.00190726 0.00363458 0.00879144 0.000385932 -0.000999569 -0.00270334 -0.00320317 5.3379e-05 -0.000223076 -0.00188259 -0.000733072 0.00103815 0.00281368 0.00753928 0.000179831 -0.00110106
internal_weight=1.01409e+07 2.98753e+06 7.15341e+06 95431.7 5.62488e+06 1.0704e+06 1.52853e+06 11013.6 38157.2 4.55449e+06 84418.1 4.39631e+06 95719.4 4.30059e+06 1.02149e+06 2.89209e+06 1.47783e+06 384144 1.09369e+06 41753.4 380631 1.41426e+06 48905.7 395169 1.05193e+06 51427.2 19386.3 18770.8 43644.6 29279.8 10861.2 1.47799e+06 275640 7779.13 267861 149657 118204 40773.5 10060.8 358215 105705 51895.7 713201 42244.8 10500.7 2.8226e+06 830545 144600 71252.2 9147.05 685945 113609 61869.2 58738.3 1.99205e+06 1.19387e+06 78347.7 1.49037e+06 51739.8 29018.2 10427 252510 82714.5
internal_count=3734046 1092421 2641625 35546 2049411 390282 592214 3947 13281 1659129 31599 1582966 38325 1544641 372742 1056875 443381 115342 328039 9508 114127 613494 17540 166464 318531 14927 6661 6620 16624 8877 2354 539581 100761 2913 97848 52564 45284 14975 3284 109529 31822 19756 300919 17795 5010 1005060 295634 49338 27760 3635 246296 42898 26162 25152 709426 410538 39314 578933 16736 9161 3194 77707 26808
cat_boundaries=0 1 2 3 4 5 6 7 8 9 10 11 12 13
cat_threshold=28120640 15017312 2449639 40053053 30272 52451416 39258683 8391032 47485025 11658 9835265 39578880 4347171
is_linear=0
shrinkage=0.03


Tree=42
num_leaves=64
num_cat=20
split_feature=5 3 10 5 0 7 2 1 2 4 1 1 5 1 3 1 2 0 1 10 1 1 14 2 1 0 0 4 1 1 0 1 1 0 14 4 1 1 2 1 1 12 9 2 1 1 0 4 10 1 12 15 10 13 11 13 4 4 12 0 2 4 16
split_gain=1326.19 716.056 631.45 564.406 506.867 482.524 481.648 458.881 449.091 432.609 474.688 357.825 357.521 388.314 356.974 352.47 350.823 397.922 287.352 287.105 1387.76 428.182 290.321 276.46 619.539 328.225 294.928 263.506 356.509 280.554 240.856 362.08 323.716 240.529 320.42 306.689 265.515 236.216 228.764 355.444 249.541 236.994 227.226 209.178 236.575 203.848 218.028 242.801 204.217 200.619 200.145 433.925 602.564 201.211 198.773 215.986 207.45 194.321 233.954 248.663 193.584 192.794 190.138
threshold=-0.045423526316881173 1.3157522082328799 1.9644516110420229 -2.2323027849197383 645.50000000000011 -1.0342245697975156 -1.3179268240928648 0 -1.3179268240928648 -0.13379042595624921 1 2 1.6332179903984072 3 0.58633190393447887 4 -1.3179268240928648 172.50000000000003 5 -2.4594172239303584 6 7 0.62470096349716198 -0.8156110644340514 8 187.50000000000003 142.50000000000003 -1.1608449816703794 9 10 789.50000000000011 11 12 831.50000000000011 0.19009767472743991 2.2173740267753606 13 14 0.66508799791336071 15 16 -0.98102644085884083 -0.63794851303100575 -1.3179268240928648 17 18 157.50000000000003 0.29658980667591101 1.9644516110420229 19 -0.63114520907402027 1.3119027614593508 -0.38850553333759302 -1.0965672731399534 -0.67994740605354298 -0.49880415201187128 0.089645657688379302 -0.31081864237785334 -0.60971888899803151 803.50000000000011 -1.8440827727317808 -1.6296737790107725 0.59267461299896251
decision_type=2 2 2 2 2 2 2 1 2 2 1 1 2 1 2 1 2 2 1 2 1 1 2 2 1 2 2 2 1 1 2 1 1 2 2 2 1 1 2 1 1 2 2 2 1 1 2 2 2 1 2 2 2 2 2 2 2 2 2 2 2 2 2
left_child=2 4 5 11 19 16 15 60 9 12 -11 -4 -3 -14 33 -6 17 -1 50 20 -2 22 -22 24 25 26 -21 29 -29 -25 32 -32 -17 36 35 37 -7 -35 40 -40 41 -36 -12 44 -27 46 47 -10 -47 -19 -8 53 -53 -52 -23 -56 -57 58 59 -55 -5 -26 -9
right_child=1 8 3 7 6 14 18 62 45 10 42 -13 13 -15 -16 30 -18 49 -20 23 21 54 -24 27 61 43 -28 28 -30 -31 31 -33 -34 34 38 -37 -38 -39 39 -41 -42 -43 -44 -45 -46 48 -48 -49 -50 -51 51 52 -54 57 55 56 -58 -59 -60 -61 -62 -63 -64
leaf_value=0.01441460062430258 -0.011310265116713486 -0.0017750536502492559 0.017729487458431746 0.012120449829630854 -0.006023303913343608 6.697793772237194e-05 -0.00038923472898726679 0.0011837620010019031 -0.0031545600279345777 0.0086322061878022147 -0.010402554938239465 0.0038326132988607789 -0.01812487642344978 -0.007204765478117485 -0.00040046468542899173 -0.0031825097604481181 0.00085387540320803644 0.0049105298238837202 -0.00087731847398318449 0.0033679409248733084 0.0022832957597330203 -0.0091440820732611727 0.01245166575580506 -0.00035316782500465616 -0.003182528439257792 0.012824935476219953 0.0139794480013115 0.00013392076201992133 -0.00058685788569361283 0.0010652574656784218 -0.0079076304090659136 -0.001292114891764635 0.0033389839398999706 0.0012522586346425159 -0.00496178097391027 0.0096396210695336871 0.00065871184702621867 -0.00050800425054496005 -0.0024477844289221037 0.0019429730140973509 -0.0025666798689824464 0.00071355270503165437 0.00090266082449963557 0.0014337389752782622 0.00356120977717131 -0.00082173107591323948 -0.0017754988519504793 -0.010956297620060573 0.0056213701602535375 0.00046790507126621164 0.0013125259223330007 0.013495284918327627 0.0017897308250081842 0.00035980725408247958 0.0044434322020576438 0.00048833048170240933 -0.0084062991407120782 -0.0023275618708961626 -0.00034912150959248543 0.013360410755688532 0.0042160647574324105 0.00040685075136477004 -0.0041496197227797512
leaf_weight=2912.605037689209 11634.981231689453 6443.2441537380219 3685.3359756469727 3132.646240234375 23336.031311035156 1146236.5020141602 416940.91259765625 24116.090099334717 12283.850240707397 3581.723947763443 3336.0332179069519 3076.9413681030273 4071.1431732177734 10629.611587524414 783227.85711669922 12494.604156494141 693225.66259765625 20256.426823139191 1001814.328125 4586.7332763671875 9206.5079345703125 3028.5909194946289 3479.8149719238281 204479.72242736816 14717.451141357422 3303.9823913574219 4853.6090087890625 1257246.0600882173 1213901.9384155273 324896.43994140625 10837.452972412109 23772.157440185547 15127.910369873047 125697.57841110229 7696.41552734375 3190.0986328125 1686757.5758666992 151041.55836868286 26373.22200012207 44690.155197143555 107639.90277099609 47247.778137207031 3069.2849354743958 33514.862548828125 9972.5075988769531 122809.93655395508 93387.746337890625 5071.6958713531494 4587.97216796875 16692.5989985466 77985.7353515625 5449.6457061767578 14430.684616088867 2748.6878967285156 4874.9647701978683 5538.3046486377716 4106.5083750486374 38323.891273498535 23601.995933532715 2550.3704528808594 25225.872791290283 158037.89236450195 8009.988525390625
leaf_count=1030 5039 2361 1130 1168 8624 468381 170408 10329 4817 1131 1231 1261 1111 3701 305481 5318 263647 6277 340728 1558 3845 1736 819 76661 6110 1212 1689 454639 447028 121725 2612 9712 4497 53954 1713 1480 553308 61160 7541 13807 32414 12805 1160 11464 3379 52735 36256 1971 1783 6698 38150 976 2674 1095 2181 1698 1394 16017 10956 1020 9679 55725 2054
internal_value=-1.07802e-05 -0.00034452 0.00034191 0.00322897 -0.000262414 0.000301982 -0.00068777 0.00230947 -0.00185103 -0.00523931 -9.33325e-05 0.0114456 -0.00766933 -0.0102513 0.000176076 -0.00288003 0.00101126 0.00374792 -0.000569323 -4.53504e-05 -0.00251348 0.000876476 0.00507225 -1.33479e-05 0.0009914 0.00372604 0.0088282 -9.00274e-05 -0.00022015 0.000517384 -0.00169972 -0.00336716 0.000389105 0.000311009 -0.000286334 0.000398261 0.000419298 0.000291559 -0.00110653 0.000313335 -0.00172712 -8.1795e-05 -0.0049811 0.00269662 0.00588287 -0.00140799 -0.00234932 -0.00543691 -0.000589438 0.00290526 -3.9172e-05 0.000844902 0.00500107 0.000275741 -0.00215854 -0.000700308 -0.00330116 -0.000927012 0.000930251 0.00662353 0.00508942 0.000100974 -0.000146402
internal_weight=1.01402e+07 5.21007e+06 4.93013e+06 67246.9 4.9408e+06 4.86289e+06 1.66941e+06 60484.6 269272 31131 9987.04 6762.28 21144 14700.8 4.1298e+06 85568.2 733087 39861.6 1.58385e+06 3.27138e+06 41869.7 30234.7 12686.3 3.22951e+06 228987 56231.7 9440.34 3.00052e+06 2.47115e+06 529376 62232.1 34609.6 27622.5 3.34657e+06 513577 279929 2.83299e+06 276739 233647 71063.4 162584 54944.2 6405.32 46791.4 13276.5 238141 110743 17355.5 127398 36949 582032 165091 19880.3 145211 17548.4 14519.8 9644.81 67224.9 28901.1 5299.06 28358.5 172755 32126.1
internal_count=3734263 1918946 1815317 25621 1810689 1789696 612787 23230 108257 10695 3522 2391 7173 4812 1512044 30763 277652 14005 582024 1197902 16712 11673 4664 1181190 81137 19302 3247 1100053 901667 198386 22139 12324 9815 1206563 184874 116594 1021689 115114 68280 21348 46932 14518 2391 16055 4591 97562 43044 6788 54518 12975 241296 70888 3650 67238 7009 5273 3092 29088 13071 2115 10847 61835 12383
cat_boundaries=0 2 4 6 8 10 12 14 16 18 20 22 24 26 28 30 32 34 35 37 39
cat_threshold=3708797624 12 1645775449 4 1042082980 66 2450006056 1 1075853124 6 661394504 53 1280574913 25 2112056 6 1779732768 16 187111875 63 315821131 12 537397408 9 517128209 32 3883536968 50 251167659 15 1208230067 72 1323057 72 1644429312 500945930 80 3797482504 70
is_linear=0
shrinkage=0.03


Tree=43
num_leaves=64
num_cat=22
split_feature=3 3 5 2 5 5 0 1 19 12 1 5 0 0 1 4 18 1 1 13 1 1 0 3 14 1 19 1 2 0 16 0 1 0 1 1 2 6 1 19 16 2 12 1 13 1 2 17 19 2 6 19 1 19 1 8 1 5 2 1 6 17 1
split_gain=1355.11 700.755 642.156 1140.49 530.178 470.572 460.734 479.081 449.642 418.863 396.243 370.645 367.816 340.173 374.316 339.26 308.009 345.856 301.965 263.268 255.662 249.128 393.268 358.038 329.585 336.046 285.781 475.934 244.309 223.519 288.475 218.252 217.362 205.2 200.977 200.778 188.818 264.978 188.626 214.591 179.752 196.492 178.601 185.109 1921.28 177.299 197.887 312.675 259.657 305.069 175.975 407.173 325.043 196.452 186.583 171.748 170.242 168.275 161.819 162.165 159.956 520.398 159.638
threshold=-0.064054723829030977 1.7527557015419009 -2.2323027849197383 -1.0736950039863584 0.13574099540710452 2.0197230577468877 112.50000000000001 0 -0.13611029833555219 -0.29911231994628901 1 0.80611360073089611 217.50000000000003 645.50000000000011 2 0.29658980667591101 -1.6429651975631712 3 4 0.27211296558380133 5 6 775.50000000000011 -1.4934133291244505 0.83910587430000316 7 2.3734664916992192 8 -0.8156110644340514 484.50000000000006 1.6058590412139895 544.50000000000011 9 887.50000000000011 10 11 -0.26081183552741999 0.63447225093841564 12 0.7162228822708131 0.91046038269996654 -0.58239096403121937 -0.65423989295959462 13 1.2035079598426821 14 -0.8156110644340514 15 -0.41764044761657709 -1.0736950039863584 -0.5549393594264983 2.3734664916992192 16 -0.1757514029741287 17 2.3285217285156254 18 -1.4421188831329343 -1.3179268240928648 19 -1.7964507937431333 20 21
decision_type=2 2 2 2 2 2 2 1 2 2 1 2 2 2 1 2 2 1 1 2 1 1 2 2 2 1 2 1 2 2 2 2 1 2 1 1 2 2 1 2 2 2 2 1 2 1 2 1 2 2 2 2 1 2 1 2 1 2 2 1 2 1 1
left_child=2 4 3 12 18 35 -7 -8 31 11 15 21 -1 45 -15 19 17 -14 -2 -11 -5 23 28 36 26 33 38 -28 56 30 -12 -9 -13 -26 -18 -3 37 -4 39 -24 -27 -42 -25 44 -44 46 47 48 -6 -50 51 53 -53 -30 -55 62 -23 -20 59 -16 61 -37 -52
right_child=1 5 9 20 13 6 7 8 -10 10 29 32 16 14 58 -17 34 -19 57 -21 -22 22 24 42 25 40 27 -29 50 -31 -32 -33 -34 -35 -36 60 -38 -39 -40 -41 41 -43 43 -45 -46 -47 -48 -49 49 -51 55 52 -54 54 -56 -57 -58 -59 -60 -61 -62 -63 -64
leaf_value=0.018049816224739446 -0.00040146110902131035 0.0038367848682572402 0.0037857455089173185 -0.00056107473150940465 -0.0020005653675331495 0.0040642726768147612 -0.016884486128434885 -0.016101641049624086 0.0018705965048493678 0.0022111769971659939 0.0019024769984242829 0.00025154675195145147 0.017853336616469675 -0.00032700322570908714 -0.0077163051027475636 0.011906261660375499 0.010596831146086453 0.0046893180597687009 0.00096792005003177748 0.011871133886468561 0.0027683746374955482 0.0041760148695843824 -0.00058391781683344473 0.00034582460236740314 -0.0031833390536531326 0.0023743096696764972 -0.015218138704491548 0.0017687271723285378 0.0005112786763393722 7.3790430127608847e-05 0.010181902406926912 -0.005550842976613863 -0.00069465536551655395 -0.0096510981871505454 0.0016462301045514025 -0.018848579875685896 0.0017679754517832959 0.014195138409435726 0.0003286159131290544 -0.0040523797024694091 -0.0078203115839631018 -0.0013398020092141509 0.025248484799571588 0.00095010436461676268 0.0002832309481145768 -0.00060849380419718941 -0.00011445876813250488 0.00046381101098928485 0.013692727263745621 0.0027225920146266352 0.0005408220027552981 -0.00030302630939345245 -0.01107791157490217 -0.0017226341387572969 -2.1912437955288445e-05 0.00018053257708472667 0.0011899758752133632 0.0001346352240784861 -0.0014543953393103936 -0.0025069223297315957 -0.0016485709670285792 -0.0018105611861375683 0.0016662769188124887
leaf_weight=3257.1073279380798 977840.64526367188 5644.1950607299805 18950.312812805176 42328.395263671875 2737.097412109375 3022.8975558280945 4593.4839115142822 3122.300940990448 4595.4779710769653 20160.627288818359 64583.744232177734 379696.9736328125 4004.6695556640625 361969.8173828125 6999.7199401855469 5205.0347290039062 3080.651086807251 3299.9833297729492 256266.72143554688 2900.7548828125 40711.176025390625 21736.518188476562 131888.23549175262 894323.52319335938 9982.1904907226562 9895.7574462890625 2975.8315277099609 2947.9835815429688 307670.169921875 82976.919555664062 4018.878173828125 4068.65212059021 514665.24230957031 7921.5765380859375 8397.4939732551575 2090.9219768047333 68136.087707519531 2486.497917175293 260772.11175251007 18274.288330078125 4821.2851943969727 33050.403221130371 3209.093017578125 364428.33578491211 20278.447998046875 936865.18017578125 695581.20947265625 34645.932800292969 4841.4542236328125 4316.5941772460938 305845.36849975586 4721.9653854370117 5404.5648880004883 89024.838134765625 166850.71118164062 538584.72093963623 82022.963043212891 1464682.5429643393 479124.4677734375 23271.035919189453 120476.43713796139 6936.3208245038986 180319.73831939697
leaf_count=1052 415450 1855 7997 13547 1081 1029 1575 992 1695 9476 32547 157457 1158 136634 2298 1623 1074 1117 85494 1362 16017 7800 50961 285805 2125 3037 1271 1596 146732 40485 902 1308 170886 1676 2818 655 25903 713 106670 7774 1163 8035 1029 129327 6939 334304 257788 12017 2115 1898 99821 2382 2543 39167 89113 168451 30796 497080 170217 8311 48349 3709 67454
internal_value=-7.51775e-06 -0.000332195 0.000362948 0.00268194 -0.000273573 -0.00232315 -0.00669148 -0.00867707 -0.00545368 0.000310323 0.0017297 0.000252968 0.00874773 -0.000583723 -0.00106467 0.00498972 0.00713029 0.0119444 1.95191e-05 0.00342856 0.00107156 0.000390252 0.000191287 0.000707111 -0.000564687 -0.00253998 -0.000253476 -0.00679296 0.00040559 0.00112123 0.00238821 -0.01014 -0.000292956 -0.00604354 0.00406274 -0.00169577 0.00254079 0.00499618 -0.000159125 -0.00100607 -0.00122479 -0.00216573 0.000579013 0.00111661 0.0036973 -0.00033412 1.2264e-05 0.00190601 0.00609912 0.00852632 0.000314016 -0.000106688 -0.00606748 4.76007e-07 -0.000613722 0.000549533 0.00181621 0.000258721 -0.00158879 -0.00371598 -0.00193718 -0.00578809 0.000958314
internal_weight=1.01395e+07 5.40369e+06 4.73581e+06 105079 5.24914e+06 154551 19402.8 16379.9 11786.4 4.63073e+06 179846 4.45089e+06 22039.9 2.55035e+06 871365 28266.4 18782.8 7304.65 2.69879e+06 23061.4 83039.6 3.55652e+06 2.18471e+06 1.37181e+06 482530 65671.2 416858 5923.82 1.70218e+06 151580 68602.6 7190.95 894362 17903.8 11478.1 135148 89572.9 21436.8 410935 150163 47767.4 37871.7 1.28224e+06 387916 23487.5 1.67899e+06 742122 46541.1 11895.1 9158.05 1.59842e+06 573672 10126.5 563546 255876 1.02475e+06 103759 1.72095e+06 509395 30270.8 129504 9027.24 486165
internal_count=3733655 1985854 1747801 36783 1924687 61167 6599 5570 3995 1711018 86395 1624623 7219 926663 317460 12461 6167 2275 998024 10838 29564 1296280 838567 457713 184308 16036 168272 2867 654259 73934 33449 2300 328343 3801 3892 54568 34613 8710 165405 58735 12235 9198 423100 137295 7968 609203 274899 17111 5094 4013 615663 279937 4925 275012 128280 335726 38596 582574 180826 10609 52713 4364 167275
cat_boundaries=0 2 3 5 7 9 11 13 14 16 18 19 21 23 25 27 28 29 31 33 35 36 38
cat_threshold=2457936898 52 67176864 858719321 49 3528126762 36 3845141440 19 3780817190 65 2358023297 13 16777506 575883784 66 2842448992 63 2324733988 2064 4 1661018118 18 0 4 2855710906 34 34212097 1362239772 537936684 64 1611661352 2 2147496708 2 35784704 326240304 96
is_linear=0
shrinkage=0.03


Tree=44
num_leaves=64
num_cat=25
split_feature=7 3 5 10 1 3 3 4 7 1 10 2 18 1 2 10 1 18 1 1 1 3 1 12 1 1 1 2 1 14 11 14 9 10 1 1 1 11 6 4 10 1 10 1 2 1 11 4 10 1 18 1 1 4 1 18 1 1 9 11 7 4 1
split_gain=1283.76 660.384 658.56 587.742 852.78 467.775 463.988 417.196 390.728 328.292 326.065 319.39 615.801 361.609 301.302 289.265 492.215 288.788 281.315 270.456 268.488 263.469 257.227 254.359 273.281 232.624 227.272 223.422 223.042 208.726 2388.61 201.194 196.932 285.041 215.523 189.671 183.014 643.631 568.056 918.862 223.295 176.986 171.295 480.862 170.264 162.196 157.11 156.772 162.031 190.595 145.543 209.875 178.115 143.949 168.859 218.719 143.957 142.246 162.257 139.435 137.73 132.757 223.433
threshold=-0.054074671119451516 -1.4934133291244505 1.4148116707801821 1.9644516110420229 0 -0.43408909440040583 1.4770151972770693 -0.63914722204208363 -1.0342245697975156 1 1.9644516110420229 -0.72702601552009571 -0.69881606101989735 2 -1.0736950039863584 1.5109481215476992 3 -0.52886003255844105 4 5 6 0.54604163765907299 7 -0.7236138880252837 8 9 10 0.27834166586399084 11 -0.17343234270811078 0.61875310540199291 1.6000010967254641 -0.84036657214164723 -0.91050890088081349 12 13 14 -0.53359326720237721 0.63447225093841564 0.92175588011741649 -0.91050890088081349 15 -2.4594172239303584 16 0.75945702195167553 17 -0.40970848500728602 -1.9714598059654234 1.9644516110420229 18 -1.2766487598419187 19 20 -0.17717035114765164 21 -2.0249447822570796 22 23 -0.27023659646511072 0.92990389466285717 0.50328949093818676 1.5712455511093142 24
decision_type=2 2 2 2 1 2 2 2 2 1 2 2 2 1 2 2 1 2 1 1 1 2 1 2 1 1 1 2 1 2 2 2 2 2 1 1 1 2 2 2 2 1 2 1 2 1 2 2 2 1 2 1 1 2 1 2 1 1 2 2 2 2 1
left_child=1 3 5 7 -5 15 28 9 10 -1 42 12 13 -9 20 57 59 25 -12 -13 -8 23 -14 36 29 31 32 45 -4 30 -25 -7 33 34 -19 -35 37 -10 40 -40 -39 -16 43 -3 -43 -18 -36 -30 -49 -50 52 -52 -45 56 55 -55 -44 58 -2 -17 -28 -26 -63
right_child=2 8 6 4 -6 17 14 11 21 -11 18 19 22 -15 41 16 27 26 -20 -21 -22 -23 -24 24 61 -27 60 -29 47 -31 -32 -33 -34 35 46 -37 -38 38 39 -41 -42 44 53 50 -46 -47 -48 48 49 -51 51 -53 -54 54 -56 -57 -58 -59 -60 -61 -62 62 -64
leaf_value=0.0026517148951214283 0.00032462816431335408 -0.0092984688559579771 -6.9792120609107146e-05 0.024124078020621446 0.0012136089009248249 -0.00033287429927789591 -0.0030031056482606989 0.0030427382167152756 -0.015033340268632043 -0.0018260627623827852 0.0075372135251077907 0.0040114665543957411 0.0069584696643903276 0.015235271841444915 0.0009477671423811703 0.00015050662928398154 0.013740503825785762 0.010012239853312298 0.0011371362012060264 0.00023559676613882011 -0.011311633061296832 -0.0003423239227431903 -0.0021629436509890531 0.00071509797133043637 0.00028977573304631921 0.00042750541726549311 -0.00054452253879551024 0.00041767787859625172 0.0011729140755450478 0.00097236617491091388 0.02805105870285746 -0.0031730019938328567 -0.00040747706433312715 0.0050790265409874418 -0.0016597007484978443 6.4525509853718296e-05 0.00013251106768979927 -0.0056378598654111605 -0.019911862042869516 0.00086331769213041901 0.0004028120917946119 -0.0026254070529684575 -0.00033959084444318727 0.0097936590320343159 -0.0094895449336219705 0.0059627968885776934 0.0049923637788179907 -0.0017271325891496515 0.005168977193243874 -0.0016322429255411642 0.0048397978164792339 -0.0036286894154488004 0.00013371364409352102 0.0050659022804987108 0.00058013578154913819 0.0013956295365054943 0.00078628680331476548 -3.0818711958422232e-05 0.0016856063388193292 -0.006995141013114891 -0.0011451053256117574 -0.0056888941064897683 -0.00030297053928429301
leaf_weight=24817.052146911621 334304.37963867188 5788.1708145141602 150591.36950683594 2651.2661590576172 3254.1654815673828 395841.7978515625 6067.7704391479492 3146.1784210205078 2944.3004455566406 36228.993469238281 11829.732345581055 35433.781711578369 4678.1399841308594 7349.9274291992188 9098.7141876220703 14317.758659362793 2887.4910888671875 4421.1674194335938 12958.974685668945 32951.379833221436 8354.2174758911133 779755.3740234375 6824.084114074707 28391.774116516113 459711.63439941406 597903.3017578125 790902.52197265625 5717.0110092163086 19532.713989257812 510905.1416015625 3196.2747116088867 23792.9921875 909533.52686834335 7082.7117919921875 5264.3947496414185 155966.31213378906 1660324.7553710938 5940.5943946838379 3499.9581298828125 4225.648681640625 74730.046443939209 14673.905197143555 164373.27783203125 2807.3950042724609 4176.0323486328125 15090.671730041504 8118.0447645187378 331163.2890625 6796.9985046386719 8129.8447570800781 3579.5892028808594 9848.6182327270508 4401.5548706054688 15409.160415649414 303941.19223308563 281398.8819732666 270228.11791706085 776419.53277587891 103166.63739013672 2961.967903137207 607739.275390625 8939.769287109375 30715.094116210938
leaf_count=10141 107466 2892 67962 1083 1203 149969 2188 1215 1718 14034 4811 13081 1747 2255 2985 6386 811 1647 5059 15267 2649 304352 2257 17479 205086 212300 283687 2286 6440 176733 1263 5291 340422 2523 1829 48841 547260 2383 1057 1181 28686 5941 65662 898 1802 5958 2448 105703 2639 2466 1403 3639 1707 5890 105036 109675 105313 324890 36635 892 221528 2627 12470
internal_value=6.50408e-06 0.000361287 -0.000314746 0.00227285 0.0115539 -0.000200421 -0.00128925 0.00191054 0.000296743 -5.50825e-06 0.000794913 0.00320459 0.00634858 0.0116012 -0.00430703 0.000296644 0.00277563 -0.000378302 0.0041958 0.00219284 -0.00782816 0.000145258 0.00155246 0.000281357 0.000652541 4.75017e-05 -0.000552374 0.00558173 -0.00104151 0.00111869 0.00348512 -0.000493932 -0.000227694 0.000676431 0.00428015 0.000282816 6.0583e-05 -0.00124669 -0.0007868 -0.00855532 -4.23455e-05 -0.002489 0.000715495 -0.00166942 -0.00414601 0.00722641 0.00237415 -0.0014417 -0.00158932 0.00146778 0.000476328 -0.00136936 0.00391355 0.000776373 0.00107724 0.00158621 0.000360473 0.000212954 0.000645582 -0.0010754 -0.000805486 0.000146104 -0.00151924
internal_weight=1.01372e+07 4.81718e+06 5.32002e+06 157335 5905.43 4.76143e+06 558585 151430 4.65985e+06 61046 1.08656e+06 90383.5 21998.3 10496.1 42370.6 1.25487e+06 40974.9 3.50657e+06 24788.7 68385.2 14422 3.57328e+06 11502.2 2.79352e+06 1.04186e+06 1.01754e+06 2.48903e+06 23695.2 516214 542493 31588 419635 1.09039e+06 180853 17803.6 163049 1.75167e+06 91340.5 88396.2 7725.61 80670.6 27948.7 1.06178e+06 26425.3 18849.9 17978.2 13382.4 365623 346090 14926.8 20637.2 13428.2 7208.95 1.03535e+06 600749 296808 434601 1.21389e+06 437471 17279.7 1.39864e+06 499366 39654.9
internal_count=3733147 1776563 1956584 62283 2286 1755809 200775 59997 1714280 24175 411985 35822 7474 3470 15565 485324 16333 1270485 9870 28348 4837 1302295 4004 997943 415658 367560 902925 9055 185210 195475 18742 155260 397710 57288 5924 51364 582285 35025 33307 2238 31069 10728 402115 10539 7743 6769 4277 117248 110808 5105 7647 5042 2605 391576 220601 115565 170975 468991 144101 7278 505215 220183 15097
cat_boundaries=0 2 4 6 8 10 12 13 15 17 19 21 23 24 25 27 29 31 32 34 36 38 40 42 44 45
cat_threshold=2674830360 3 2688387713 43 145821312 45 3500158055 56 3056493241 56 172897924 16 1844645469 214099108 49 3626671296 92 3362566978 26 707960895 38 732237912 41 134217741 2105346 1073742336 24 1593264 69 1813119060 24 167776256 3292717220 16 2181374465 98 4982144 4 1283381272 60 860004372 85 67220865 21 16843266
is_linear=0
shrinkage=0.03


Tree=45
num_leaves=64
num_cat=23
split_feature=7 3 2 5 3 2 8 1 0 1 2 18 0 1 0 1 10 1 0 2 1 10 1 18 1 0 1 1 4 1 2 0 16 4 10 4 0 2 1 4 7 18 2 1 11 1 1 10 10 1 1 0 12 12 1 1 10 1 1 12 1 2 1
split_gain=1231.58 925.612 631.379 625.263 546.857 504.346 429.597 416.63 352.423 453.577 345.569 440.764 289.724 590.253 297.924 297.224 281.357 274.205 272.809 324.999 266.389 265.989 489.631 252.177 250.48 243.663 390.28 238.987 222.087 346.556 236.264 359.13 350.294 249.554 221.877 203.992 197.617 197.269 193.352 191.765 185.837 185.799 183.526 238.818 218.618 367.095 201.851 181.762 179.952 222.299 175.651 173.915 278.417 170.353 169.232 168.997 167.368 165.21 164.268 163.928 312.882 233.402 187.566
threshold=-0.55966201424598683 1.0976481437683108 -1.3179268240928648 0.50292018055915844 -1.4934133291244505 -0.92766210436820973 0.97941589355468761 0 760.50000000000011 1 -1.3179268240928648 -1.5001991391181944 929.50000000000011 2 845.50000000000011 3 -1.0178364515304563 4 645.50000000000011 -1.8440827727317808 5 -1.3084688186645506 6 -0.69881606101989735 7 803.50000000000011 8 9 -1.9714598059654234 10 -0.41985671222209925 873.50000000000011 1.3424351215362551 -0.3884622305631637 -1.1444867849349973 0.38342870771884924 157.50000000000003 2.703529000282288 11 0.64131778478622448 -1.9914887547492979 -0.69881606101989735 -0.19760710746049878 12 0.61875310540199291 13 14 -2.4594172239303584 1.9644516110420229 15 16 887.50000000000011 -0.65423989295959462 -0.29911231994628901 17 18 -0.22716146707534787 19 20 -0.71312513947486866 21 0.50335416197776806 22
decision_type=2 2 2 2 2 2 2 1 2 1 2 2 2 1 2 1 2 1 2 2 1 2 1 2 1 2 1 1 2 1 2 2 2 2 2 2 2 2 1 2 2 2 2 1 2 1 1 2 2 1 1 2 2 2 1 1 2 1 1 2 1 2 1
left_child=4 3 6 8 5 7 54 -1 10 41 11 -2 14 -14 21 -16 -8 -7 42 50 -12 22 -6 -9 -18 -4 34 -21 29 -11 31 33 38 -30 -27 -35 -13 -17 -33 -37 48 -10 43 53 46 -46 -44 -29 -23 -50 -20 -31 -53 -5 -3 -42 57 -45 -41 62 61 -61 -24
right_child=1 2 25 18 12 17 16 23 9 28 20 36 13 -15 15 37 24 -19 19 27 -22 40 59 -25 -26 26 -28 47 30 51 -32 32 -34 35 -36 39 -38 -39 -40 58 55 -43 44 56 45 -47 -48 -49 49 -51 -52 52 -54 -55 -56 -57 -58 -59 -60 60 -62 -63 -64
leaf_value=0.013854687119702594 0.011716984951098028 0.007550855506741584 -0.00076417897068941179 -0.00072993911366240857 -0.0027204499502044913 -0.0014560396494595498 -0.015143453696289314 0.0091562913768482562 0.0014710220107371557 0.0010385219447148191 0.0004813983326486163 0.0078430593783648528 -0.00036112858663611106 0.0040443854478902563 -0.001766419104367141 0.00057602268119668373 -0.0023222393194353426 0.0029173420241409764 -0.0017741782926903209 -0.0013244236838672024 -3.0423581289105741e-05 0.0013292542302989797 0.0026858820427700346 0.00076612688900041354 -0.0081848115787944552 -0.012456290010214694 -0.0010186814369903515 0.005383155237501774 0.0025977067311929582 -0.0027391506421064601 -0.00037554622424268365 -0.00080095705330517791 -0.012634949015321308 -0.0040438242720442176 -0.0041986228283813825 0.0065598800104373365 0.0012439076756020368 -0.0047651560439511843 -0.0043249939632454028 0.0024502249162549152 0.0012309559566898562 -4.1763802023591731e-05 -0.0013753500800685226 0.0040909858772991024 0.0070533008213131722 -2.3222406053683714e-05 -0.00034996829375155214 -0.00038331109515858224 0.012735564922731479 0.0025023981860382593 -0.006934363939592951 -0.010298594096020817 -0.00085408339124853861 0.0056241748335073005 -0.0017001338876610379 0.0004077882243303075 0.00036060159517674166 0.0010453468674609054 -0.0025636960645539688 0.010553705136685462 0.00054699427742644084 0.0015620822642159438 -0.001574226197992449
leaf_weight=5935.0354614257812 4374.7886962890625 2321.6757898330688 456090.65142822266 183394.20843505859 60546.1611328125 17763.604591369629 3195.0515899658203 5548.8358764648438 127394.67529296875 14815.179565429688 1746541.9399452806 4461.4383112192154 50699.218627929688 59473.630737304688 103243.49291992188 139254.24450683594 11322.570164680481 47083.238548278809 11899.62727355957 409902.01377868652 1922755.971282959 197350.59423828125 13007.354431152344 7688.2269287109375 15681.91746711731 3225.0902099609375 64199.382446289062 4970.6968536376953 19302.017476081848 19922.811279296875 547327.3204460144 23580.492584228516 3522.2042236328125 17285.431438922882 31564.061462402344 3582.256591796875 47748.411664366722 6509.5517578125 34588.371063232422 8953.1223487854004 274575.71734619141 171336.76611328125 293638.06716918945 23319.476867675781 6688.875732421875 415867.73803710938 419848.8923034668 436164.65264892578 2758.8011093139648 6203.9137344360352 11889.41374206543 8621.528018951416 4167.1491050720215 3872.6895141601562 7452.7244415283203 1229908.9895629883 227308.19458007812 51299.168884277344 17074.19105386734 6033.6388244628906 25508.01171875 4563.8204650878906 32541.58935546875
leaf_count=1945 1422 1142 184299 61543 27108 8060 1032 1884 56764 4913 589244 1727 16194 24794 38628 51367 4083 18289 3789 141084 752508 77350 4315 2831 4782 1230 28013 1998 6443 6571 180572 7682 814 5376 11189 1257 16684 2602 11307 3425 105828 76111 119021 9525 1902 106476 187383 166940 983 2658 4605 2601 1651 1634 3168 449515 81695 17495 4881 1806 9786 1491 10774
internal_value=-2.95198e-06 -0.000181864 -0.00131928 -8.84746e-05 0.000608106 0.00298365 -0.00496053 0.00725774 0.000113739 -0.00037992 0.000249079 0.00257555 0.000517876 0.00201747 0.000439273 -0.00053501 -0.00672961 0.00171954 -0.000472457 -0.000899597 0.000213199 0.000570199 -0.00067649 0.00428209 -0.0057315 -0.00105702 -0.00240617 -0.000802907 -0.000786339 -0.00276843 -0.000646817 -0.00180772 -0.00345442 -0.000272969 -0.00496439 -0.00145469 0.00180852 0.000337317 -0.00289749 5.7215e-05 0.000673825 0.000603361 -0.000242535 0.000243276 -0.000451731 8.90442e-05 -0.000771999 -0.000318267 0.00151816 0.00567459 -0.00435774 -0.00449146 -0.00722267 -0.000598357 0.000505938 0.000558035 0.000765285 0.00199805 -0.000838864 0.000839395 0.00234912 0.00667771 -0.000357267
internal_weight=1.01387e+07 7.84247e+06 595053 7.24742e+06 2.2962e+06 84018.9 39973.9 19172.1 4.74736e+06 1.02147e+06 3.72588e+06 56584.6 2.21218e+06 110173 2.10201e+06 249007 30199.5 64846.8 2.50006e+06 874826 3.6693e+06 1.853e+06 142201 13237.1 27004.5 555079 98988.5 851037 722742 47526.7 675215 127888 61691.1 66197 34789.2 46895 52209.8 145764 58168.9 29609.6 1.7108e+06 298731 1.62524e+06 489194 1.13604e+06 422557 713487 441135 206313 8962.71 23789 32711.5 12788.7 187267 9774.4 1.50448e+06 301927 74618.6 26027.3 81654.4 36105.5 10597.5 45548.9
internal_count=3734189 2875981 238938 2637043 858208 33009 14207 6660 1731953 370368 1361585 19833 825199 40988 784211 92597 9897 26349 905090 318416 1341752 691614 55280 4715 8865 224731 40432 310022 237493 15736 221757 41185 19803 21382 12419 14939 18411 53969 18989 9563 636334 132875 586674 171892 414782 108378 306404 168938 80991 3641 8394 10823 4252 63177 4310 555343 108715 27020 8306 28172 13083 3297 15089
cat_boundaries=0 2 4 6 8 10 12 14 16 18 20 21 23 25 27 29 31 33 35 37 39 41 42 44
cat_threshold=2487918632 1 217091096 37 1762075575 64 3942789990 33 868237434 96 906307767 13 3967206496 82 1798572627 109 3239123459 80 1552081799 74 2416836932 2416463875 26 352533185 36 134217728 4 1354829429 20 2857246776 16 433045674 72 3780149533 16 1208238112 28 2161377284 88 285626464 16 50856713 16855169 33
is_linear=0
shrinkage=0.03


Tree=46
num_leaves=64
num_cat=16
split_feature=5 3 2 3 7 18 1 7 2 4 1 6 1 1 4 1 14 19 15 4 4 1 6 8 1 1 11 18 7 2 19 5 1 8 14 2 1 1 19 11 15 11 19 16 11 1 4 4 1 19 19 15 2 1 5 18 1 13 16 19 3 1 5
split_gain=1141.44 700.869 652.762 541.318 376.408 358.002 352.675 340.515 335.295 400.304 323.181 309.522 313.91 248.579 245.431 232.461 270.037 232.41 232.123 387.888 229.133 228.318 262.899 762.601 216.462 200.855 198.417 194.135 191.39 193.67 261.459 273.301 270.521 181.294 216.878 167.075 184.871 183.343 217.948 170.786 238.026 409.992 166.27 721.186 293.899 187.309 170.179 163.421 162.989 162.275 162.059 167.339 161.982 287.776 259.731 163.219 157.761 155.54 219.435 208.574 181.866 151.942 151.279
threshold=0.55214825272560131 -0.36328999698162073 -1.8440827727317808 1.7527557015419009 -1.6678416728973386 -1.5001991391181944 0 -0.19406368583440778 -1.3179268240928648 -0.13379042595624921 1 -0.52425202727317799 2 3 1.007509380578995 4 -0.17343234270811078 0.32682363688945776 1.3119027614593508 -0.80504435300827015 -1.9714598059654234 5 0.63447225093841564 4.1368329524993905 6 7 1.9528558254241946 -0.22825516015291211 -0.026433005928993222 -1.3179268240928648 -0.56804123520851124 1.5125752091407778 8 2.2560166120529179 0.0091346395201981085 0.058021802455186851 9 10 2.3734664916992192 -0.11731613799929617 -1.5161291956901548 -0.23435388505458829 1.1229721903800967 0.73209384083747875 0.9988386631011964 11 -0.84932526946067799 -0.63914722204208363 12 -0.30070377886295313 0.37541826069355017 -0.46259239315986628 -1.3179268240928648 13 -1.7908884882926939 1.8264871239662173 14 1.6588903665542605 0.070067431777715697 -0.1757514029741287 -1.2094883322715757 15 -0.85361859202384938
decision_type=2 2 2 2 2 2 1 2 2 2 1 2 1 1 2 1 2 2 2 2 2 1 2 2 1 1 2 2 2 2 2 2 1 2 2 2 1 1 2 2 2 2 2 2 2 1 2 2 1 2 2 2 2 1 2 2 1 2 2 2 2 1 2
left_child=1 2 4 11 -1 6 -6 33 9 24 17 12 -2 -7 -12 16 18 -10 -4 -20 25 22 -9 -24 -5 -14 42 -23 -13 30 31 -30 -33 52 -35 37 39 -31 -39 40 41 48 57 44 45 -44 -47 -19 -37 -27 51 -28 53 54 -3 -55 -54 60 -59 -60 -18 -32 -48
right_child=3 7 15 8 5 13 -8 21 10 -11 14 28 20 -15 -16 -17 26 47 19 -21 -22 27 23 -25 -26 49 50 -29 29 35 61 32 -34 34 -36 36 -38 38 -40 -41 -42 -43 43 -45 -46 46 62 -49 -50 -51 -52 -53 56 55 -56 -57 -58 58 59 -61 -62 -63 -64
leaf_value=0.01004850777877757 0.00060361978504563138 0.013763142511957604 0.0021791855654003118 -0.012427871205949357 0.016271922148813931 0.0069416020093007111 0.0021416360689703131 -0.0006606722992797034 -0.00089996644361566231 0.001701122931081468 -0.0023723644411068347 -0.00025572198192438716 -0.00049792165892476297 -0.00045655571443586592 -0.0093862890467849881 0.0003523488910748394 0.001982708428412298 0.0015213675679981691 0.0015212914798989447 0.01585845749638665 -0.00056577375237131704 0.00025194939785790234 -0.014861473338079766 0.00080756925387027946 -0.0049635738914558681 0.0006557339356449371 0.00085808483754378428 -0.00032197204218952934 -0.00014054582236165187 -0.0012732651380700116 0.00078489821028375375 -0.004427441540072386 -0.016398410770997112 0.0010026594808093987 -0.00029107360544937855 -0.010610778691816784 -0.00083899385655746093 -0.00010706953415370085 0.0069969747743395816 -0.0010299707484846879 -0.0022230585840489325 -0.017756145823105623 -0.0022215325831885136 -0.012876961179402404 -0.0048323444009063556 -0.00070150363850039526 0.0099622983018452377 0.011752509430541208 -0.0023816764033772987 0.0056834939490853827 0.0078378375624571887 0.006490470782270271 4.6170032357002874e-05 -0.0003529394197939647 0.0037304377652060145 0.006659082278578532 0.00076505069706785936 0.00046509519881871795 -0.00060030244317129582 -0.0088021338878022295 0.00068105391340493105 -0.0029825498086271983 0.0028389704089073946
leaf_weight=8594.87109375 446435.96105957031 3065.7319946289062 65599.795959472656 7453.5802640914917 3177.8603172302246 5258.5569114685059 3193.436222076416 538328.05639648438 10149.758781433105 4129.7621207237244 36797.580343008041 721606.80181884766 20633.987060546875 18172.783267974854 5110.3242971897125 1494861.776763916 117984.69494628906 2777.2783887386322 3772.8497619628906 3085.4617004394531 635377.24688720703 935804.763671875 4519.2828369140625 7314.4556884765625 6686.6825175285339 10028.440093994141 20611.565483093262 1224564.0797234774 3524.3927917480469 151043.66033935547 15201.56380200386 3436.9612016677856 3404.5842084884644 143233.82080078125 627503.24755859375 2800.0949096679688 477885.76276016235 361401.69360351562 3923.978759765625 72426.070468902588 58053.503074645996 2424.6030035018921 6739.8598976135254 4255.4646453857422 7561.4584145545959 5283.6972608566284 4643.0298614501953 2842.3692247867584 9509.8386468887329 13629.724212646484 5431.1515197753906 6163.8240127563477 458469.31494140625 21640.157365560532 9556.1998121738434 3461.0934448242188 685622.23876953125 24717.915771484375 5721.4234466552734 5443.7624053955078 533101.73822021484 26281.373484373093 6361.3775849342346
leaf_count=2924 200444 1201 32655 2251 990 2114 1028 239765 3695 1382 14833 228528 9455 5860 2179 596974 39629 953 1252 1029 282873 319156 1617 2451 2417 3884 5222 420554 1037 48019 4437 994 1066 60628 188459 1479 139804 114304 1636 25324 27315 991 2388 968 2052 2639 1679 1109 4801 6139 1620 1599 229763 7896 3858 1230 230815 8526 1462 1434 169931 8075 2535
internal_value=6.4593e-06 0.000218465 0.000639761 -0.000471514 0.00451909 0.00292303 0.00922562 5.26851e-06 -0.00297311 -0.00651431 -0.00185092 -0.000408993 -1.43906e-05 0.00120766 -0.0032279 0.000575584 0.00097933 0.00180923 0.00272859 0.00797824 -0.00042033 -0.000212315 -0.000757917 -0.00518016 -0.00891343 0.00166581 0.000811229 -7.33667e-05 -0.000641287 -0.00087483 -0.00266792 -0.00692851 -0.0104226 0.000307318 -5.06412e-05 -0.000793228 -0.00112392 -0.000394176 -3.06691e-05 -0.00206133 -0.0030877 -0.00649246 0.00070842 -0.00131314 0.000297411 0.0019825 0.00372131 0.00670204 -0.00426762 0.00355137 0.00311494 0.00215566 0.000540766 0.00247486 0.00616688 0.000614804 0.000476984 0.000810967 -0.00111178 -0.00460138 0.000916943 -0.00160256 0.00584764
internal_weight=1.01378e+07 7.02282e+06 2.35974e+06 3.11498e+06 38397.5 29802.6 6371.3 4.66308e+06 75947.3 18270 57677.3 3.03903e+06 1.12611e+06 23431.3 41907.9 2.32134e+06 826479 15769.4 72458.1 6858.31 679669 2.71053e+06 550162 11833.7 14140.3 44292.2 754021 2.16037e+06 1.91292e+06 1.19132e+06 51848.9 10365.9 6841.55 1.95255e+06 770737 1.13947e+06 623100 516369 365326 145214 72788 14734.5 721814 34844.9 30589.4 23028 16288.1 5619.65 12309.9 23658.2 32206.5 26775.4 1.18181e+06 37723.2 12621.9 25101.3 1.14409e+06 686970 35883.1 11165.2 651086 41482.9 11004.4
internal_count=3733327 2593903 886510 1139424 12916 9992 2018 1707393 28819 6050 22769 1110605 502795 7974 17012 873594 276620 5757 34936 2281 302351 983543 243833 4068 4668 19478 241684 739710 607810 379282 15609 3097 2060 723850 249087 363673 199714 163959 115940 59910 34586 7271 233243 12261 11293 9241 6853 2062 6280 10023 8441 6821 474763 14185 5059 9126 460578 220982 11422 2896 209560 12512 4214
cat_boundaries=0 2 4 6 8 10 12 14 15 17 19 21 22 23 25 27 29
cat_threshold=3226133860 44 3222801328 39 1265373344 53 2325782532 17 201694337 5 1092621120 25 2458542250 99 76701720 274269573 113 3645153796 48 2573734417 36 134284288 512 3797192867 53 930517076 17 3633299500 32
is_linear=0
shrinkage=0.03


Tree=47
num_leaves=64
num_cat=21
split_feature=7 3 10 1 5 3 19 19 16 1 14 4 19 1 10 10 1 1 19 2 7 1 12 1 13 1 18 19 16 1 1 1 19 9 4 4 1 7 2 1 1 10 1 8 10 1 9 1 10 1 1 2 13 14 18 10 13 8 1 11 9 2 1
split_gain=1156.36 682.386 689.727 664.077 555.159 469.529 460.911 374.602 434.569 506.677 1757.58 2486.49 354.389 348.998 346.893 435.228 550.589 337.494 325.285 501.255 352.395 302.542 287.934 482.743 3910.85 278.448 279.509 270.261 253.051 248.869 245.727 242.537 284.452 234.102 227.902 216.471 238.987 210.735 209.481 194.429 192.94 191.648 288.409 195.178 201.765 419.642 270.173 190.823 184.12 215.167 183.562 193.42 204.688 197.964 174.883 173.656 168.162 164.903 164.8 160.662 219.534 187.937 159.505
threshold=0.026217128150165084 -1.4934133291244505 1.9644516110420229 0 1.2454595565795901 1.4770151972770693 -0.89056834578514088 1.0000000180025095e-35 0.36108247935771948 1 0.20728760957717898 0.55193653702735912 -0.75026962161064137 2 -0.10356964543461798 1.5109481215476992 3 4 0.2833652943372727 -0.19760710746049878 -1.2798516750335691 5 -0.68392628431320179 6 1.0947058796882632 7 2.4210708141326909 0.95626643300056469 0.73209384083747875 8 9 10 0.82401347160339367 -0.56465753912925709 -0.63914722204208363 -0.63914722204208363 11 0.92703896760940563 0.11539004743099214 12 13 1.5109481215476992 14 -0.43887607753276819 -2.4594172239303584 15 -0.49871024489402765 16 -2.4594172239303584 17 18 0.14304283261299136 1.3114820718765261 0.56028988957405101 1.1321002840995791 0.21036832034587863 -0.36202026903629297 5.1909887790679941 19 0.45532412827014929 -0.61526718735694874 0.92469099164009105 20
decision_type=2 2 2 1 2 2 2 2 2 1 2 2 2 1 2 2 1 1 2 2 2 1 2 1 2 1 2 2 2 1 1 1 2 2 2 2 1 2 2 1 1 2 1 2 2 1 2 1 2 1 1 2 2 2 2 2 2 2 1 2 2 2 1
left_child=1 2 6 -4 14 58 21 22 9 10 -9 -12 47 -10 31 37 -17 -11 -15 20 -20 -1 39 24 -24 -14 -27 35 50 -29 -25 -2 48 -30 -22 36 -8 -16 62 -3 -37 43 -43 56 45 46 -45 -7 49 -33 -21 53 59 -52 -36 -46 -19 -40 -6 60 -53 -61 -34
right_child=4 7 3 -5 5 12 27 8 13 17 11 -13 25 18 15 16 -18 41 19 28 34 -23 23 30 -26 26 -28 29 33 -31 -32 32 38 -35 54 40 -38 -39 57 -41 -42 42 -44 44 55 -47 -48 -49 -50 -51 51 52 -54 -55 -56 -57 -58 -59 -60 61 -62 -63 -64
leaf_value=0.014632408426189809 0.00045271874198061368 0.0011215559636441946 0.0021129944251357074 0.021892438271828074 -0.0013865196920347888 -0.01592373316185746 -0.0016259287251098159 0.0017511548601650405 -0.00027228089979132274 0.0011658664635816431 0.0014644161426848759 -0.047220582934337736 0.001997053535247032 -0.00060456482562186355 -0.00035754475605538638 0.0043091818596582634 1.7388157636547706e-05 -0.00136580612248252 0.0064708928200626131 -0.0090468614508787681 -0.0058044550393471801 0.0031392560554162779 0.033183453051580269 0.00011597193210140278 0.00046229095693591795 -0.0030434432945043383 -0.010863120873076218 0.0017945541935437525 -0.011110292467676246 -0.0053181776936811224 0.0010609009500024017 -0.010274857500942291 -0.0025602577303231793 -0.0043480712457543902 -0.0014923039476210963 0.004088225860101837 0.002267607982665835 -0.0010256820939388072 -0.0028860237993345965 0.00015136808521649484 0.0011042706679560072 0.0046278048367678036 5.0399002005118087e-05 -0.0013650904938387154 0.00020954917922653347 -0.0056636091490723794 0.0071646753227051175 -0.0055046116501399744 -1.4148451334027325e-05 -0.0011647480988050548 -0.0027930518221531407 -0.00021143945332013605 -0.0083454386971503949 -0.010856796032398116 0.0065926021081705831 -0.00067281994560499715 0.0039062072971849451 -0.010217027643023286 -0.00045495013378055144 0.0034681880841268302 -0.0089102920942095518 -0.00465402748188673 0.0024437040324314517
leaf_weight=3986.7636213302612 942433.8408203125 203331.67114257812 3056.5622634887695 3061.1852951049805 324703.61456298828 3065.2953636646271 26342.337219238281 8320.6946716308594 270605.47814941406 266644.13134765625 1884.1258163452148 1886.8924026489258 8207.9353103637695 78160.558227539062 1808031.6552734375 37919.72509765625 92515.79052734375 7639.1136565208435 6291.060791015625 4737.3511962890625 7453.3070888519287 4297.2971086502075 3756.4808349609375 389497.55874359608 26086.212524414062 28590.433906555176 4802.2335662841797 8203.2592926025391 8966.9560890197754 9592.5164337158203 680316.544921875 3331.3588943481445 10567.463439941406 9493.6811943054199 8021.9258365631104 48268.127304077148 30717.44079464674 555363.51953125 40481.621398925781 2167634.037109375 32767.342698395252 19364.379150390625 34352.146270751953 12505.494052886963 527194.96588134766 17866.622097015381 4555.3574829101562 3346.7698218822479 569422.7861328125 7743.0668869018555 6602.0788707733154 7542.177360534668 3476.693160533905 4684.99365234375 3434.8907318115234 324166.3270111084 18937.093176364899 2959.8622436523438 360914.52996826172 10819.148962020874 3988.8831925392151 3355.0596370697021 12496.059753417969
leaf_count=1163 293890 91685 1157 1198 111858 808 9516 5695 82284 110007 984 1032 2496 21951 652872 16072 33903 6241 1765 1584 2051 1665 1174 187298 8816 11463 1812 3776 1965 3902 239769 1575 6087 2814 2338 17660 13110 207099 20553 701936 14513 9944 13731 4897 223197 8722 1794 1307 265683 3777 2108 2255 581 1433 1051 135832 10287 1518 135065 3312 1318 1018 5985
internal_value=-4.15745e-07 0.000304305 0.00217272 0.0120592 -0.000337208 -0.00109703 0.00180395 0.000242564 -0.000124735 0.000161045 -0.00594631 -0.0229262 -0.00396486 -0.000937933 -0.000200692 -0.000421443 0.00126553 0.000220997 -0.00201619 -0.00325785 0.000323291 0.00869735 0.000420672 0.000821905 0.00458443 -0.00295221 -0.00416821 0.00143737 -0.00467528 -0.00204184 0.000716878 0.000145668 -0.00030159 -0.00763483 -0.00172308 0.00188578 0.000470237 -0.000514549 -0.00215994 0.000234578 0.00288242 -3.96714e-05 0.00170167 -0.000142148 -0.000218115 -0.0024527 0.000913309 -0.0105274 -8.86751e-05 -0.00391894 -0.00346599 -0.00280873 -0.00151905 -0.00614344 0.000933466 -0.000126426 0.00239084 -0.00338664 -0.000896168 -0.000594317 -0.00322315 0.00154468 0.000150833
internal_weight=1.01408e+07 5.32387e+06 170293 6117.75 4.8169e+06 733631 164175 5.15357e+06 1.68295e+06 1.24532e+06 12091.7 3771.02 48012.7 437634 4.08327e+06 2.49383e+06 130436 1.23323e+06 167029 88868.2 25201.2 8284.06 3.47062e+06 1.09966e+06 29842.7 41600.6 33392.7 155891 63667 17795.8 1.06981e+06 1.58944e+06 647002 18460.6 18910.1 138095 57059.8 2.3634e+06 66505 2.37097e+06 81035.5 966581 53716.5 912865 886289 34927.5 17060.9 6412.07 580497 11074.4 45206.4 40469 29182 11287.1 11456.8 851361 26576.2 43441.5 685618 25705.3 11531.1 14174.2 23063.5
internal_count=3734352 1960529 67660 2355 1773823 264809 65305 1892869 662191 532363 7711 2016 17886 129828 1509014 909946 49975 524652 47544 25593 7205 2828 1230678 437057 9990 15771 13275 62477 18388 7678 427067 599068 305178 4779 5440 54799 22626 859971 34143 793621 32173 414645 23675 390970 374442 15413 6691 2115 271035 5352 13609 12025 8484 3541 3389 359029 16528 22071 246923 7903 3573 4330 12072
cat_boundaries=0 2 3 5 7 9 11 13 15 17 19 21 23 25 27 29 31 33 35 36 38 40
cat_threshold=1635865443 124 512 3221304209 10 2936815768 32 1141375394 56 3657494567 70 0 4 1050801 1 3332875970 42 62136671 41 118207919 5 524424762 80 34865152 32 240055436 81 3125174360 1 293709829 6 101378223 16 143654976 18 83886090 2487938631 4 942932048 24
is_linear=0
shrinkage=0.03


Tree=48
num_leaves=64
num_cat=20
split_feature=3 10 1 3 19 1 4 3 10 1 0 1 0 1 0 3 1 2 0 0 18 1 1 9 1 2 10 1 19 0 1 2 1 0 8 1 8 17 10 2 0 1 10 1 9 0 19 1 10 10 12 1 12 1 8 13 4 1 13 4 3 9 8
split_gain=995.376 703.806 682.115 471.101 470.821 547.133 948.459 494.597 394.738 376.654 357.075 376.484 350.064 462.4 314.371 348.125 530.279 310.595 555.412 348.204 552.982 397.207 293.008 287.763 288.514 270.941 265.551 325.131 325.252 252.596 508.551 251.185 662.487 576.731 263.796 238.157 235.793 235.742 235.07 230.655 350.147 811.033 502.373 377.476 230.364 395.934 229.372 544.209 380.429 334.455 305.22 270.745 404.248 268.29 244.871 436.467 243.764 406.4 240.241 217.973 224.952 212.627 210.68
threshold=0.096147291362285628 1.9644516110420229 0 1.7527557015419009 0.95626643300056469 1 1.7814109921455386 -1.2094883322715757 0.10113328322768213 2 645.50000000000011 3 142.50000000000003 4 942.50000000000011 -1.4934133291244505 5 -1.3179268240928648 142.50000000000003 514.50000000000011 -0.18211176991462705 6 7 -0.22357788681983945 8 0.43170821666717535 -0.22716146707534787 9 2.3734664916992192 929.50000000000011 10 -0.8156110644340514 11 217.50000000000003 0.65554237365722667 12 2.4924867153167729 13 0.23497132956981662 -0.084403350949287401 187.50000000000003 14 -0.12642879039049146 15 -0.66527718305587757 456.50000000000006 0.050372708588838584 16 -0.56400057673454274 -1.5296894907951353 -0.59112650156021107 17 -1.0623427629470823 18 5.1909887790679941 -0.88972625136375416 1.6692219376564028 19 1.6588903665542605 -0.72139084339141835 -1.7563155889511106 -0.76263108849525441 1.8754866719245913
decision_type=2 2 1 2 2 1 2 2 2 1 2 1 2 1 2 2 1 2 2 2 2 1 1 2 1 2 2 1 2 2 1 2 1 2 2 1 2 1 2 2 2 1 2 1 2 2 2 1 2 2 2 1 2 1 2 2 2 1 2 2 2 2 2
left_child=1 4 25 10 7 39 26 9 12 59 31 -12 13 62 15 16 -4 18 -5 20 -20 -21 -19 24 -14 37 27 36 -29 -13 -31 32 33 34 -2 -36 -7 -3 -37 40 41 42 -6 61 45 -30 -33 49 51 50 53 52 -49 -48 -51 -56 -50 -58 -54 -1 -61 -42 -9
right_child=3 2 14 17 5 6 -8 8 -10 -11 11 29 23 -15 -16 -17 -18 22 19 21 -22 -23 -24 -25 -26 -27 -28 28 44 30 -32 46 -34 -35 35 38 -38 -39 -40 -41 43 -43 -44 -45 -46 -47 47 48 56 54 -52 -53 58 -55 55 -57 57 -59 -60 60 -62 -63 -64
leaf_value=0.00082630352618105946 0.013941194103160325 0.018555080787451952 0.015477937064235871 0.0073669228874858788 0.025261819212579629 0.0012208280721770813 -0.0152965082065947 0.0045478576869078594 -0.00013707855257742756 0.00022265463776768206 -0.0012246907728831126 -0.00042812841138397621 -0.00037983575501532296 0.00016723840111802451 -0.005788948966863783 0.0014311828807213069 0.00052327411234471069 0.0026853466692529958 -0.0033568648413173419 -0.011300567650258629 -0.018326781111514295 -0.00047375241758436701 -0.0018524763672162863 0.0013980060357636482 0.00041369906314148934 0.00012481840027680084 -0.00045680460526451483 -0.0033669877789103777 -0.0048603422980546445 -0.00086820368366345398 0.0035109368270777089 3.8936396799264353e-05 -0.00047725687175281654 0.0016715858026587962 0.0020591134924726876 0.016751949851312183 -0.0034250640154574311 0.0085669930823098137 0.0049976014963775796 -0.00041884223442552072 0.011517469866244894 2.9568670543917191e-05 0.0067472986846240455 -0.0015469059224423765 -0.0040394488972450206 -0.021430003929526577 0.0022029855126406367 -0.0088128605297328813 -0.00039135852765866217 -0.0011490272887604012 -0.011832096363880759 0.0020862127580972972 -0.00012232998638618024 -0.0056011703437003676 -0.01476634326212479 -0.0019320924330115752 0.00084106406545598079 -0.0072060813927727896 0.0086403489084632638 0.0042063963386772618 0.0018641925500306217 0.0026049484925092848 0.0018617824153342284
leaf_weight=114816.1982421875 4616.5182921886444 2885.2699584960938 4249.3058929443359 2950.6781997680664 2443.2728233337402 21102.548934936523 4745.5593490600586 44697.622942984104 1840708.0791015625 216763.21337890625 599894.55078125 824394.8271484375 528432.95703125 103783.76159667969 4546.0818786621094 49276.115661621094 4285.3112030029297 14427.125045776367 4288.1144371032715 4277.9644494056702 4607.6818046569824 10548.73298406601 113223.45307922363 209744.87005615234 1877177.8092041016 2439.8221454620361 79111.513240814209 33043.80114364624 2393.2791976928711 50537.24462890625 45205.43701171875 1845914.8283691406 115229.76416015625 60186.298950195312 7562.1091504096985 2658.5764033794403 18400.501220703125 8414.2182598114014 3616.9002799987793 112958.80944824219 3055.2794799804688 7726.2669982910156 2870.6246681213379 26218.795074462891 3649.1876029968262 2840.3934898376465 5483.1076202392578 4718.8140258789062 393667.50317382812 198564.32215118408 4851.9182815551758 102898.57568359375 61357.395141601562 14261.265602111816 3344.2323913574219 8288.4957504272461 10280.696571350098 12522.046348571777 2946.3377075195312 50121.607421875 139989.3408203125 11345.597747802734 63800.905395507812
leaf_count=41946 2038 885 1669 945 1097 8917 1477 16386 662712 97039 185949 338184 232363 37298 1398 18934 1693 4142 1446 1307 1520 3992 47774 85554 614675 1101 33434 14798 948 17505 21977 659898 40556 21971 2323 995 6111 3891 1364 50739 1404 2590 1323 11296 1972 1236 2304 1515 145746 96356 2755 36078 25038 7019 1809 2765 3493 4273 504 18626 50948 5255 19779
internal_value=4.51498e-06 0.000272171 0.00313754 -0.000325712 0.000232681 -0.000862731 -0.00208557 0.000302734 0.000204833 0.0011788 -0.000268351 -0.000639969 0.000427407 0.00159903 0.00180269 0.00240044 0.0079925 -0.00195479 -0.00489877 -0.00642565 -0.0111166 -0.00360832 -0.00133946 0.000332306 0.000239385 0.00918497 -0.00169472 -0.0028973 -0.0047368 -0.000258732 0.00119978 -7.10478e-05 0.000971584 0.0030941 0.00773345 0.00565812 -0.000943147 0.0111485 0.00997077 0.000350461 0.00196987 0.00624595 0.0152472 0.000596514 -0.00983298 -0.0138648 -0.000146781 -0.000563233 -7.59463e-05 -0.00178427 -0.005094 0.00111131 -0.000342367 -0.00343563 -0.00139695 -0.0056265 -0.000566062 -0.0035814 0.000279808 0.0018584 0.00248179 0.00449604 0.00296824
internal_weight=1.01354e+07 5.59804e+06 76096.1 4.53733e+06 5.52194e+06 331905 165287 5.19004e+06 4.66835e+06 521690 4.383e+06 1.52003e+06 2.82764e+06 212282 62356.8 57810.7 8534.62 154324 26673.2 23722.5 8895.8 14826.7 127651 2.61536e+06 2.40561e+06 13739.3 160541 81429.7 41926.7 920138 95742.7 2.86297e+06 193870 78640.4 18454.1 13837.6 39503.1 11299.5 6275.48 166619 53659.8 13040.2 5313.9 40619.7 8882.86 5233.67 2.6691e+06 823185 588391 234793 24596.3 171921 69022.5 19744.4 210197 11632.7 416470 22802.7 64303.7 304927 190111 14400.9 108499
internal_count=3733035 2049494 29571 1683541 2019923 142597 68893 1877326 1668767 208559 1622415 563615 1006055 73463 23694 22296 3362 61126 9210 8265 2966 5299 51916 932592 847038 5877 67416 33982 18954 377666 39482 1058800 69247 28691 6720 4682 15028 4776 2359 73704 22965 5010 2420 17955 4156 2184 989553 329655 216647 113008 12078 63135 27057 9323 100930 4574 153512 7766 25542 111520 69574 6659 36165
cat_boundaries=0 1 3 5 7 9 11 13 15 17 19 21 23 25 26 28 30 32 34 36 38
cat_threshold=2382627480 2173679960 62 1213068677 51 3221240740 74 1099008695 111 1097509892 75 2693407490 4 526644 4 3774907096 26 1207976071 1 604963923 1 3927360308 20 2147614772 20 33685504 2173468680 18 2156140808 16 2760983360 21 40764546 42 8470528 16 1091448880 98
is_linear=0
shrinkage=0.03


Tree=49
num_leaves=64
num_cat=21
split_feature=7 5 2 5 1 18 18 18 2 19 1 1 1 1 4 7 19 19 1 1 5 12 1 6 9 12 1 1 15 6 6 19 2 1 14 19 2 19 1 1 8 1 8 8 18 4 17 4 1 1 1 19 5 18 12 6 1 18 18 1 8 11 1
split_gain=1059.09 752.906 370.44 853.319 370.277 330.263 314.849 300.486 294.807 709.009 550.784 373.802 281.236 275.091 262.5 243.156 238.651 234.057 223.636 211.402 209.423 201.549 411.373 649.997 2596.49 551.207 1231.71 217.394 403.115 2651.92 187.226 185.275 240.575 277.58 173.444 228.25 169.231 246.023 360.62 243.226 181.881 179.341 174.459 364.142 166.224 162.714 304.635 219.333 159.952 159.004 158.841 158.395 157.023 156.875 155.718 154.756 154.721 151.988 151.476 271.94 151.353 284.1 150.917
threshold=-0.66221472620964039 0.91660702228546154 -0.92766210436820973 -1.9655067920684812 0 -0.3741172850131988 -1.6429651975631712 -1.3812113404273985 -1.3179268240928648 -0.48830065131187433 1 2 3 4 -2.1839371919631954 0.54808345437049877 0.32682363688945776 -0.6150032877922057 5 6 1.6332179903984072 -0.80534076690673817 7 0.63447225093841564 -0.38845841586589808 -0.81361308693885792 8 9 1.3119027614593508 0.26413233578205114 0.18170946091413501 2.3734664916992192 0.50335416197776806 10 1.3244776129722597 0.55204156041145336 -0.19760710746049878 0.95626643300056469 11 12 0.51680317521095287 13 1.3005556464195254 1.6825375556945803 1.5087535977363589 2.2173740267753606 14 2.5103864669799809 15 16 17 0.62885972857475292 -1.0461278557777403 0.9955507516860963 -0.79699981212615956 -1.7964507937431333 18 1.2956186532974245 1.6490134596824648 19 6.1005938053131112 -0.1609421372413635 20
decision_type=2 2 2 2 1 2 2 2 2 2 1 1 1 1 2 2 2 2 1 1 2 2 1 2 2 2 1 1 2 2 2 2 2 1 2 2 2 2 1 1 2 1 2 2 2 2 1 2 1 1 1 2 2 2 2 2 1 2 2 1 2 2 1
left_child=2 5 3 4 7 13 17 -1 9 11 58 20 30 14 -2 21 -12 -5 54 -19 -3 22 23 25 -25 51 -27 28 -23 -30 -8 -20 50 -34 45 -36 48 39 -39 -38 41 -40 62 -44 -9 60 47 -47 53 -18 -33 -7 -17 -10 -4 -53 -57 -13 -11 -60 -16 -62 -42
right_child=1 8 18 6 -6 15 12 44 36 10 16 57 -14 -15 34 52 49 19 31 -21 -22 27 -24 24 -26 26 -28 -29 29 -31 -32 32 33 -35 35 -37 37 38 40 -41 42 -43 43 -45 -46 46 -48 -49 -50 -51 -52 55 -54 -55 -56 56 -58 -59 59 -61 61 -63 -64
leaf_value=0.01560907006005967 -0.0020432908052320791 -0.0051866383288433843 0.00031485610621244679 0.012281866735227001 0.0030902875160305114 -0.00044167759973471607 0.0035065899919472275 0.0037235377060533862 7.2489824639932027e-05 0.00081895245743236983 -0.001516398263118056 -0.0016128898140151966 -0.00019673803863011033 0.00056376342555807251 0.0002778069297942575 0.0004025705258869735 -0.01243459117332745 0.0092408530442247474 0.00021352449812297625 -0.00074052998559090281 -0.013697156737214151 0.00059143115451828771 -6.5853126174687988e-05 -0.00045028157871357724 -0.027419614292088852 -0.024602688179796602 -0.0014305845205253344 4.4290824620450103e-06 -0.00013095125290497507 0.028431511997510102 -0.0013621965361550602 -0.0077485565365731967 -0.015089789130610723 -0.00067788554651655644 -0.00084578142582052282 -0.0067287673063938539 -8.4144135031577228e-05 -0.0044745278456550424 0.010723598283068184 -0.0010348681147175855 -0.0092341584507614725 0.00079672247578192225 0.0081829295542439739 -0.0016723592470527457 0.011728052705789728 -0.013837080585625321 0.0012289340616072296 -0.003368267618872598 -0.00046962620633172054 -0.0044053855826008334 0.0017061094114024838 -0.010508940383061329 -0.00075152475353868278 0.0023579354455744031 0.0011509840177624678 -0.0065278148034688442 -0.00046507450662085291 -0.0077996409094611323 0.012682474901744645 0.0022436628393307659 -0.0093743671227587456 -0.00078552241080755017 -0.0010227197067482132
leaf_weight=5274.580078125 58251.59375 4116.7330932617188 322287.29052734375 3483.6133880615234 14342.08203125 214170.02459716797 38031.240131378174 6193.9987182617188 89290.352661132812 17890.466468811035 34154.095481872559 11715.844635009766 105875.48028182983 1321890.248046875 865146.22473144531 122345.8876953125 2995.5744781494141 3034.6305367946625 905456.12817382812 5110.1956503391266 7111.2003173828125 327269.03723144531 1148622.3807983398 13311.132202148438 4230.1015014648438 2820.5609130859375 7615.0500183105469 1395350.3499201536 16312.701156616211 3559.9168853759766 8739.1964569091797 2042.8355445861816 2676.9966201782227 2188.6658401489258 69772.107971191406 6482.6459350585938 381532.2177734375 39283.897216796875 2208.1543273925781 663123.44995117188 4261.8545989990234 6249.9085845947266 3869.1759033203125 26143.024505615234 3749.9046020507812 2773.563924074173 8125.055948972702 5133.6298828125 361245.5400390625 8676.1603240966797 7161.9885673522949 2311.1439743041992 798965.2197265625 38761.173706054688 530348.5791015625 5382.8861999511719 12729.878974914551 5139.7567443847656 3169.6424865722656 7680.3814392089844 3843.5736389160156 34892.600311279297 3831.059326171875
leaf_count=1558 19444 1655 95043 1137 5535 80608 18522 1897 40282 6178 12074 3523 33678 514329 298413 44841 990 1051 383233 1735 2656 119547 369403 4540 1169 1369 2858 558805 4677 1204 3302 1262 1214 1248 17026 1516 146810 17227 1060 231381 1505 2943 1420 10030 1134 877 3104 2008 116073 3678 3366 1166 302167 17961 182512 1937 6558 1589 1179 2424 1812 13034 1673
internal_value=-4.00843e-06 -0.000154376 0.000621153 0.0018663 0.0065582 -5.60088e-06 0.00102183 0.00981583 -0.000711601 -0.00227065 -0.000740384 -0.00633288 0.000659239 0.000275485 -8.59255e-05 -0.000169515 -0.00278184 0.00577925 0.000484958 0.00299219 -0.0105711 -4.42596e-05 -0.000310757 -0.00138202 -0.00695995 -0.000982629 -0.00772731 0.00017157 0.000843363 0.0049915 0.00259624 0.00016043 -0.00325502 -0.00864677 2.85415e-05 -0.00134632 -0.000612795 -0.000814529 -0.00235831 -0.000687655 -0.00057155 0.00340676 -0.00145508 -0.000400663 0.00674646 0.000142515 -0.00285285 -0.00703789 -0.000146691 -0.00648496 -0.000401802 -0.000682442 -0.000598265 0.000764299 0.00083493 -0.00320643 -0.00227201 -0.00349909 0.00251467 0.00531136 0.00019566 -0.00163885 -0.00536269
internal_weight=1.01398e+07 8.17376e+06 1.966e+06 193835 29560.6 6.45131e+06 164274 15218.5 1.72245e+06 102650 74566.3 28083.5 152646 2.37631e+06 1.05442e+06 4.075e+06 45825.8 11628.4 1.77216e+06 8144.83 11227.9 3.15369e+06 1.41119e+06 262571 17541.2 245030 10435.6 1.74249e+06 347142 19872.6 46770.4 919527 14070.5 4865.66 996169 76254.8 1.6198e+06 1.1305e+06 85847.1 1.04466e+06 46563.2 8458.06 38105.1 30012.2 9943.9 919915 16032.2 7907.19 489297 11671.7 9204.82 234594 921311 128052 852636 20423.9 18112.8 16855.6 28740.5 10850 903882 38736.2 8092.91
internal_count=3734150 2996723 737427 69549 10124 2372412 59425 4589 624311 35946 26523 9423 55502 871563 357234 1500849 16742 3923 667878 2786 4311 1153841 469608 100205 5709 94496 4227 684233 125428 5881 21824 390323 7090 2462 337790 18542 588365 414049 35858 378191 18631 4003 14628 11450 3031 319248 5989 2885 174316 4668 4628 90269 347008 58243 277555 9661 8495 5112 9781 3603 313259 14846 3178
cat_boundaries=0 2 3 5 7 9 11 12 14 15 17 19 21 23 25 26 28 30 32 34 35 37
cat_threshold=2451241000 38 794722348 2250432606 14 4017356824 21 3777635106 90 135126401 62 57866544 1610668608 27 33280 939960320 4 1715601932 65 2814599789 1 589369793 59 1573120 38 2199682 3371188328 3 2147490432 6 2700083200 1 22528 18 771751940 403440016 112
is_linear=0
shrinkage=0.03


Tree=50
num_leaves=64
num_cat=13
split_feature=7 0 2 19 18 17 17 10 7 10 17 17 16 0 6 0 4 19 12 17 10 17 15 17 19 16 18 0 17 14 14 0 17 13 18 12 0 13 16 5 19 5 2 10 17 17 10 0 4 17 4 4 4 0 0 6 4 2 19 16 15 18 17
split_gain=978.671 549.323 585.697 482.823 460.451 483.128 398.942 367.641 366.76 362.267 504.776 353.446 347.432 470.577 608.029 347.041 339.276 334.9 334.486 332.161 321.437 327.228 306.173 389.168 317.45 443.56 305.661 319.98 451.203 431.655 311.366 301.691 403.116 295.596 283.468 279.282 274.943 271.964 344.227 269.789 298.123 265.533 525.004 340.34 276.214 262.677 405.802 262.507 257.316 255.125 248.292 242.079 687.32 470.265 443.758 329.58 260 231.287 226.687 343.53 335.237 221.094 326.305
threshold=0.10569363832473756 803.50000000000011 -0.8156110644340514 0.024229395203292373 -2.0249447822570796 0 1 1.9644516110420229 -0.85647931694984425 1.9644516110420229 2 3 0.36108247935771948 157.50000000000003 -1.6703305840492246 760.50000000000011 0.72527927160263073 1.6960514783859255 -0.40829387307167048 4 -0.040120178833603852 5 -1.0344052314758299 6 0.32682363688945776 0.91046038269996654 -0.42421029508113856 112.50000000000001 7 0.7580358386039735 1.161976754665375 929.50000000000011 8 1.5608298778533938 1.8264871239662173 -0.29911231994628901 942.50000000000011 -0.65970978140830983 1.0428450107574465 1.7875921726226809 -0.89056834578514088 -2.2323027849197383 -0.72702601552009571 0.70366200804710399 9 10 -0.82187929749488819 775.50000000000011 -1.9714598059654234 11 -0.94474059343338002 -0.17717035114765164 0.29658980667591101 942.50000000000011 901.50000000000011 -0.52425202727317799 1.5712455511093142 -0.41985671222209925 0.32682363688945776 0.54089811444282543 -0.31920856237411493 2.4210708141326909 12
decision_type=2 2 2 2 2 1 1 2 2 2 1 1 2 2 2 2 2 2 2 1 2 1 2 1 2 2 2 2 1 2 2 2 1 2 2 2 2 2 2 2 2 2 2 2 1 1 2 2 2 1 2 2 2 2 2 2 2 2 2 2 2 2 1
left_child=3 9 4 8 19 -6 -4 12 41 26 -11 -9 18 14 -14 45 22 -12 31 -3 21 -18 23 50 -24 -26 -2 28 29 -28 39 61 33 -33 -25 -13 -8 -17 58 -29 -41 42 43 44 -1 -15 -47 -10 -34 -49 -16 -7 53 54 55 -53 -54 -19 59 -39 -61 -5 -63
right_child=1 2 6 7 5 51 36 11 47 10 17 35 13 15 16 37 20 57 -20 -21 -22 -23 24 34 25 -27 27 30 -30 -31 -32 32 48 -35 -36 -37 -38 38 -40 40 -42 -43 -44 -45 -46 46 -48 49 -50 -51 -52 52 56 -55 -56 -57 -58 -59 -60 60 -62 62 -64
leaf_value=0.012301863111106447 0.00020749303952390702 0.010776721713001546 -0.0014289937925088952 -0.00029364663136683078 -0.00067688122308318176 -0.0029630975831502564 -0.00035520619312476504 0.010171352922956808 0.00039870161336843049 -0.0025729136517112926 0.0025875423010302337 0.0021655394585779002 -0.013139009274802984 0.00083582952322218862 0.010205158572107759 -0.00053370028540378222 0.010446080498691205 0.016639424331760393 0.0020317585011651734 -0.0013555605899414672 -0.00322348665982741 -3.1808345486256002e-05 -0.0021566952345563072 -0.010200140321741512 -0.005407622877185542 -0.016392884226584595 0.0027123009982029196 -0.00052927291990032032 0.00012012664263574267 0.012971352886168909 0.00078472178282922283 0.0033547190851062354 -0.0082940960562206435 0.012639361903174799 0.0011157272784205385 -0.0073619088345234125 0.0020075083112452122 -0.0039062813922212114 -0.0096499891787822558 -0.011309040130210231 -0.0018827777881593114 0.00084080970277745047 0.00094286188428102582 0.015552317620220489 0.0017417706546625211 -0.0040235400747799842 1.7962239206372912e-05 -0.00096499995896456023 0.00056806606952653068 0.00036037937730278323 0.00012681592846897901 -0.018624815211610884 -0.00057185019379576963 -0.020264481802383272 -0.00032633754082302135 -0.0070313146208428462 -0.0069372687877733022 0.0052155714729598002 -0.0045908952136532871 -0.0013268525388365887 0.009789149625203851 0.0048170306889359932 -0.00081651347794224063
leaf_weight=3266.8306305408478 1026963.3609313965 3502.4416542053223 357663.62213134766 1109474.0771179199 35217.006034851074 30884.361909151077 301497.43939208984 4709.3067932128906 2548930.4663205743 15915.023559570312 41293.205383300781 43107.544484853745 5074.4996643066406 159837.88982772827 3096.0949935913086 57250.371765136719 4586.1173229217529 2683.2311553955078 70226.275817871094 4804.4894981384277 9342.9837265014648 6442.8423175811768 13527.699506759644 4917.35009765625 12516.696228027344 4496.0844421386719 26087.681125640869 1997941.3013305664 135929.296875 4295.5024375915527 156781.49768066406 26636.721069335938 3170.711181640625 3486.8883056640625 3345.6710205078125 2954.2659094333649 51961.5498046875 11072.970733642578 7142.1344604492188 3124.25439453125 86448.698974609375 887760.46875 29085.572204589844 3880.6744079589844 6992.6493194103241 30298.153564453125 85302.827457427979 276437.19665527344 41243.389526367188 247936.19592285156 7571.9461536407471 3946.6027374267578 14027.558189630508 3875.5499267578125 4201.1727294921875 5021.4215977191925 9812.7883007526398 3939.8016204833984 23235.393585205078 5292.8096351623535 4526.2275352478027 18911.732768058777 18103.033925056458
leaf_count=1061 378478 1079 118981 466465 16820 9428 123007 2390 898411 7612 14303 16901 1717 46525 1117 19031 1052 1074 42867 1734 2810 2111 3156 1997 3174 987 10123 755876 50592 1175 38003 12640 1334 915 1378 1334 21256 2758 1820 1029 31816 325092 10604 1269 2379 9414 26548 93928 15682 90870 2612 1230 4534 1112 1211 1308 2885 1588 6142 1540 868 6354 8788
internal_value=-7.07524e-06 -0.000348538 -0.00104424 0.000247489 -0.00302767 -0.00355598 -0.000722645 -0.000160478 0.000430968 -0.000184336 0.00205493 0.002356 -0.000233487 -0.000942535 -0.00311735 -0.000518151 -0.00238833 0.00359193 1.84921e-05 0.0037745 0.000869862 0.00433736 -0.00372998 -0.000732052 -0.00558787 -0.00831474 -0.000225919 -0.00041056 0.00085911 0.00416323 -0.00050465 -9.7307e-05 0.00175205 0.00442989 -0.00561369 0.00155341 -7.84288e-06 -0.00195501 -0.00354192 -0.000601489 -0.00221217 0.000952619 0.00324857 0.00798928 0.00512236 4.79812e-05 -0.00104132 0.000272945 -6.54491e-05 -0.000338343 0.00305232 -0.00496781 -0.00648283 -0.0110823 -0.0083734 -0.0121409 -0.00319279 0.00985285 -0.00255233 -0.000284549 0.0037996 -0.000217548 0.00206314
internal_weight=1.0133e+07 4.32782e+06 826416 5.80519e+06 115293 106986 711123 1.8009e+06 4.00429e+06 3.5014e+06 63831.3 50771.1 1.75013e+06 458877 74918 383959 69843.5 47916.2 1.29125e+06 8306.93 20371.9 11029 49471.5 18931.1 30540.5 17012.8 3.43757e+06 2.41061e+06 166312 30383.2 2.2443e+06 1.22103e+06 74537.7 30123.6 8263.02 46061.8 353459 108520 51269.5 2.08751e+06 89573 930986 43225.7 14140.2 10259.5 275439 115601 3.0733e+06 44414.1 524373 10668 71769.5 40885.1 17044.7 13169.2 8968.02 23840.3 6623.03 44127.4 20892 9819.04 1.14649e+06 37014.8
internal_count=3732295 1596254 304585 2136041 41341 38528 263244 712427 1423614 1291669 24577 20625 691802 136757 22111 114646 20394 16965 555045 2813 5973 3163 14421 7104 7317 4161 1267092 888614 61890 11298 826724 512178 30571 13555 3375 18235 144263 32159 13128 788721 32845 340405 15313 4709 3440 82487 35962 1083209 17016 184798 3729 21708 12280 4861 3749 2538 7419 2662 11308 5166 2408 481607 15142
cat_boundaries=0 1 2 3 4 5 6 7 8 9 10 11 12 13
cat_threshold=34169133 62954776 6365504 33556505 25201335 8422402 12587025 17072665 2221158 12635176 12734465 25745049 6565926
is_linear=0
shrinkage=0.03


Tree=51
num_leaves=64
num_cat=23
split_feature=5 10 0 2 1 2 1 1 1 10 19 1 1 8 13 15 10 14 10 1 10 1 0 2 1 1 19 0 1 0 2 6 1 4 4 1 13 0 1 18 4 5 2 1 18 16 1 1 19 14 1 1 8 2 1 1 0 6 1 1 8 16 4
split_gain=1013.11 633.94 620.465 760.83 741.62 526.605 527.758 495.333 419.645 397.399 566.653 724.871 456.6 542.822 537.733 6028.43 504.922 774.867 491.087 755.358 354.751 1057.89 313.252 407.43 557.626 460.756 375.678 312.521 363.112 310.489 307.729 422.754 526.727 314.514 288.153 320.368 289.028 306.034 431.972 387.45 285.614 448.166 385.982 548.865 374.562 365.621 359.749 284.666 279.463 481.923 278.547 277.749 273.774 376.793 538.865 372.107 341.718 273.354 319.536 275.733 271.953 297.962 269.404
threshold=-0.68081352114677418 1.5109481215476992 775.50000000000011 -1.3179268240928648 0 -1.8440827727317808 1 2 3 0.040275949984788902 1.1229721903800967 4 5 1.9408048391342165 1.0947058796882632 1.1997417211532595 -1.5296894907951353 0.62470096349716198 -2.4594172239303584 6 1.5109481215476992 7 202.50000000000003 0.058021802455186851 8 9 -0.049103723838925355 306.50000000000006 10 942.50000000000011 -0.11170041933655737 -0.80877134203910817 11 -0.41986200213432306 1.5712455511093142 12 0.3388784527778626 142.50000000000003 13 1.6490134596824648 -0.21171189099550244 -2.2323027849197383 -0.72702601552009571 14 -1.6429651975631712 1.6058590412139895 15 16 -0.072572529315948472 -0.066994983702898012 17 18 1.7568544149398806 0.46665683388710028 19 20 659.50000000000011 -0.49537664651870722 21 22 0.42825689911842352 0.12781669944524768 1.5712455511093142
decision_type=2 2 2 2 1 2 1 1 1 2 2 1 1 2 2 2 2 2 2 1 2 1 2 2 1 1 2 2 1 2 2 2 1 2 2 1 2 2 1 2 2 2 2 1 2 2 1 1 2 2 1 1 2 2 1 1 2 2 1 1 2 2 2
left_child=1 40 9 4 -4 8 -7 29 -3 10 12 62 13 14 15 16 17 -2 19 30 22 -22 23 24 26 -25 -11 28 -20 -5 -14 32 -32 -33 36 -36 37 38 39 -26 45 42 43 44 -42 47 -43 -1 -21 -50 -24 -23 53 55 -55 -13 57 58 -57 -59 61 -31 -12
right_child=2 5 3 7 -6 6 -8 -9 -10 20 11 52 18 -15 -16 -17 -18 -19 27 48 21 51 50 25 34 -27 -28 -29 -30 60 31 33 -34 -35 35 -37 -38 -39 -40 -41 41 46 -44 -45 -46 -47 -48 -49 49 -51 -52 -53 -54 54 -56 56 -58 59 -60 -61 -62 -63 -64
leaf_value=0.00057728505381301695 0.0026379136641880413 0.00053834946260746517 -0.008012281683249349 -0.00015604516526981628 -0.0015791202088646004 0.0050795470506350806 0.00011579309438986233 -0.0010678775956973784 0.013267027255091237 0.00040220153063360995 -0.0037308643076758388 -0.0016325449110403652 -0.0066424266936190145 0.00024407392996306115 -0.00042654114825577577 0.049841347909523236 0.0016175083574338459 0.015126048808975877 0.0015913089212337985 -2.3268214827311469e-05 0.0051511904850780306 -0.0029349008544862936 -0.00061287913698293117 -0.00068712796506800104 0.0057100220574966528 -0.003426262681551915 -0.002967310597528403 -0.00014945751136669373 0.00012353812761598275 0.0038590348172968377 0.020197254235637847 0.0057639664476248163 0.00032634260960570898 -0.0055789230065468641 -0.0057252465640264382 0.0015961366419956656 -0.00071668085023404845 0.00075810219661371118 0.0029393564951103648 0.019400124551642754 0.016962843002670747 0.0010750186354770957 0.0014306835807445203 0.0017803731343218948 0.0063257101905116707 -0.0033751511192103879 0.00011071026987114841 -0.00035108490582472733 -0.0017404319811920826 -0.015430655280833008 7.3211737232052723e-05 0.00047673732747992623 -0.0016570685999833261 -0.0063948785411851224 0.0022701909325152127 -0.0049254294119469395 -0.0051831659510794712 0.016475442455834152 0.0069756460983913882 0.0065038155109861375 0.0011635642912037651 0.016068393377224689 -0.013803496131512955
leaf_weight=625516.2767791748 14571.202569961548 3441.4033088684082 24378.295501708984 470776.18869018555 47656.024810791016 32219.239532470703 47974.001678466797 794692.80154418945 7269.0429801940918 47645.532409667969 57883.865081787109 8803.2749633789062 4430.1180267333984 494691.2392578125 74723.5849609375 2389.736083984375 233229.93069201708 6448.4665069580078 232952.224609375 2478.1154899597168 41876.664916992188 29754.205322265625 980717.87817382812 112455.30981445312 5090.7998886108398 108711.587890625 79410.354797363281 1441623.8345031738 434844.52157592773 9099.216917514801 2242.1577987670898 3525.1335270404816 2576.5900857448578 5834.6260194778442 10860.288208007812 10636.468383789062 32060.98641204834 38953.61083984375 32531.555740356445 2933.175537109375 4619.4158325195312 623601.87400817871 71878.162231445312 15841.328887939453 8405.6819152832031 27296.177734375 788367.32250976562 566425.33822631836 3353.9700946807861 7469.7821216583252 1165449.2038574219 77090.895385742188 50723.905776977539 10870.725830078125 15872.60302734375 3001.2064933776855 2345.5667190551758 3927.2128295898438 6213.4982526302338 6981.1809122562408 53693.162033081055 2238.9940962791443 2488.6183166503906
leaf_count=233908 6673 1395 6666 190328 19322 13804 16214 276307 2425 16046 26484 4782 1843 147103 25706 757 99770 1711 91979 954 15655 12463 347022 45433 2039 40015 27820 541637 155151 4882 896 1130 1455 2034 3070 4389 8847 15761 13393 1146 1421 182522 25163 5442 2761 6169 316384 224130 1905 2731 442301 31354 18851 4969 7135 1343 886 1581 3239 2898 20744 503 1069
internal_value=-1.59673e-06 0.000481174 -0.000187893 -0.000755177 -0.00375801 0.00294571 0.00211092 -0.000592588 0.00919218 -5.33275e-05 0.000178062 -0.00151102 0.000274325 0.000873474 0.00181311 0.00246521 0.00201894 0.00647174 4.31881e-05 -0.00365032 -0.000314749 0.00111064 -0.000395432 -0.00108715 -0.000282284 -0.00203375 -0.00170365 9.90707e-05 0.000635585 0.000112367 0.000254673 0.00241145 0.00962615 -0.00130609 0.00107494 -0.00210506 0.00168781 0.00265737 0.0044813 0.0107101 0.000399163 0.000674548 0.00260764 0.00553755 0.0100955 5.74911e-05 0.000536612 0.000136114 -0.00910459 -0.0111912 -0.000240309 -0.000473614 -4.72867e-05 0.00136019 -0.0012541 0.00359574 0.00564231 0.00690792 0.00310115 0.0101207 0.00205534 0.00627608 -0.00414649
internal_weight=1.01381e+07 2.82286e+06 7.31521e+06 1.40253e+06 72034.3 90903.7 80193.2 1.3305e+06 10710.4 5.91268e+06 3.1365e+06 169112 2.96739e+06 826054 331363 256639 254250 21019.7 2.14133e+06 31910.5 2.77618e+06 148722 2.62746e+06 481290 260123 221167 127056 2.10942e+06 667797 535808 18608.6 14178.5 4818.75 9359.76 133067 21496.8 111570 79509.1 40555.5 8023.98 2.73195e+06 1.51271e+06 100745 28866.4 13025.1 1.21924e+06 1.41197e+06 1.19194e+06 13301.9 10823.8 2.14617e+06 106845 108739 58015.3 26743.3 31271.9 22468.7 20123.1 9214.7 10908.4 65031.4 11338.2 60372.5
internal_count=3733916 1031738 2702178 518752 25988 33838 30018 492764 3820 2183426 1156672 73237 1083435 281720 134617 108911 108154 8384 801715 12948 1026754 59472 967282 177959 92511 85448 43866 788767 247130 216457 7358 5515 2351 3164 48645 7459 41186 32339 16578 3185 997900 533693 34787 9624 4182 464207 498906 458038 5590 4636 789323 43817 45684 26833 12104 14729 9947 9061 4582 4479 26129 5385 27553
cat_boundaries=0 2 4 6 8 10 12 14 16 18 20 22 24 25 27 29 31 33 35 37 39 41 43 45
cat_threshold=3221760930 11 2639581336 78 350784600 109 355472707 64 3055879841 40 587272225 37 3561547806 2 3897426576 11 928691284 68 2667509784 32 1074815766 24 269000720 2 263083 8391170 2 2987585848 96 139119669 68 1153243023 41 1507528228 40 9474048 20 1103249412 64 138412378 20 1074429956 2 1073782784 64
is_linear=0
shrinkage=0.03


Tree=52
num_leaves=64
num_cat=19
split_feature=3 7 3 3 10 1 5 1 5 3 7 6 15 1 19 19 10 1 19 19 1 1 6 9 11 11 10 1 15 12 1 1 4 10 1 19 1 3 10 1 15 1 1 12 18 1 12 9 10 18 1 19 10 1 4 8 19 1 1 9 14 11 8
split_gain=964.084 664.043 476.553 404.662 380.019 511.699 337.821 341.456 322.393 298.97 278.122 225.608 495.485 215.515 210.738 203.416 202.324 359.552 200.865 182.243 187.57 175.472 446.803 1550.2 340.409 4729.34 172.8 200.481 407.669 1688.46 191.558 172.176 169.599 164.381 271.958 160.481 258.002 159.76 156.333 200.767 166.771 155.904 153.683 151.506 151.216 187.073 222.553 145.851 142.831 139.03 138.015 136.9 167.89 483.115 165.957 151.998 147.629 135.534 132.17 131.552 291.965 136.158 196.66
threshold=0.35857097804546362 -0.85647931694984425 1.7527557015419009 -1.7563155889511106 0.70366200804710399 0 2.0197230577468877 1 0.85948979854583751 -1.029130160808563 0.42069478332996374 -1.7964507937431333 -0.60177272558212269 2 -0.1158856153488159 2.3734664916992192 1.5109481215476992 3 -0.75026962161064137 0.95626643300056469 4 5 0.63447225093841564 -0.40497408807277674 -0.53359326720237721 -0.58883816003799427 -1.0000000180025095e-35 6 1.3119027614593508 -0.60971888899803151 7 8 -0.21171189099550244 -0.46934723854064936 9 0.050372708588838584 10 -1.7563155889511106 1.5109481215476992 11 1.3119027614593508 12 13 -0.29911231994628901 2.4210708141326909 14 -0.78030541539192189 -0.34197996556758875 -1.5296894907951353 2.4210708141326909 15 -0.28366845846176142 -1.8547923564910886 16 1.0704205036163332 0.10776091367006303 0.7162228822708131 17 18 -0.84036657214164723 0.19009767472743991 0.56661278009414684 2.1003625392913823
decision_type=2 2 2 2 2 1 2 1 2 2 2 2 2 1 2 2 2 1 2 2 1 1 2 2 2 2 2 1 2 2 1 1 2 2 1 2 1 2 2 1 2 1 1 2 2 1 2 2 2 2 1 2 2 1 2 2 2 1 1 2 2 2 2
left_child=1 3 10 4 18 -6 11 -8 9 13 35 12 58 15 -9 32 19 -18 -1 33 -21 22 24 -24 25 -11 27 28 59 -30 49 -13 -3 34 37 57 -37 47 -32 -40 -41 -12 -20 44 51 46 -46 -15 -26 -28 -10 -5 53 54 55 -53 -55 -2 -4 60 -23 62 -62
right_child=2 8 6 43 5 -7 7 14 50 21 41 31 -14 16 -16 -17 17 -19 42 20 -22 26 23 -25 48 -27 30 -29 29 -31 38 -33 -34 -35 -36 36 -38 -39 39 40 -42 -43 -44 -45 45 -47 -48 -49 -50 -51 -52 52 -54 56 -56 -57 -58 -59 -60 -61 61 -63 -64
leaf_value=0.0088136584385162826 0.00039877047119419803 -0.00072203366230368462 0.0035597808602815021 0.0011139551556036806 0.018603078112226081 0.0032775538736512129 -0.010828671570093125 -0.0058930263767365309 0.00010332817312681255 -0.00010690702540582059 -0.00034284705618954555 0.00050111582778112609 -0.018806213687214246 0.01224866500961087 0.0022786015434541483 -0.0071712383144097334 0.01075464487877793 0.00064332464524247666 0.0044955401235575055 -0.0074261973948104168 -0.000266425495597027 7.1874775085621197e-05 0.00074893091496277381 -0.021628479665633003 -0.0047223238359741558 -0.04345971311191936 -0.00040254706694007914 0.00012790479713209671 0.001226235183303776 0.022312657663449649 0.00015037993469879928 -0.0019223534320214246 0.0011649870076757647 0.00088204988931581759 0.00093403350772261928 -0.0012970227616563978 -6.8513604006585984e-05 0.0033230291321632919 0.0047666756207087923 -0.00029828392567332829 0.0074693606248349906 -0.0011321489333102107 -0.00084912011320235068 0.0027892234982375705 0.0017116859757490843 0.00094851974439637081 0.012322205958602462 0.0034161131332058827 0.00037012172305047057 0.0036979722187852025 -0.00058851949335029185 0.0059041712110603998 0.00051400900821681412 -0.0034523370701936809 0.0067356394771779541 -0.0013277215501157041 -0.0096920012322648033 -0.0002008590815814626 -0.0051897048807171579 0.00048435723900096511 0.0054857334791223872 0.0093335382434214832 -0.0016441069771240787
leaf_weight=3639.1981964111328 526079.31555175781 100082.98116278648 2346.2101211547852 381470.8017539978 3425.4712295532227 4600.0966415405273 7394.6579437255859 7053.3130035400391 382171.802734375 33672.96484375 401697.416015625 37585.803866863251 2112.7287721633911 3800.7844138145447 4749.388427734375 3541.310791015625 5423.5287475585938 7589.8320922851562 7769.2881119251251 3704.9614562988281 28728.960968017578 28096.700592041016 9078.6488647460938 4014.6548461914062 5117.5839881896973 2422.9864196777344 928913.7476670146 1343028.9985351562 22715.490692138672 4018.0735168457031 920309.92578125 88497.650169849396 74972.785194635391 274759.67395019531 55185.946533203125 254864.5380859375 388180.126953125 35056.378479003906 15234.855834960938 24882.372521400452 2758.9161748886108 512748.05834960938 12803.898945569992 32865.414810180664 3425.4547863006592 10747.561218261719 3700.8673877716064 3025.3581643104553 153281.48769760132 7496.83740234375 808486.216796875 3190.8074774742126 564689.17750930786 8913.6892242431641 4023.1381912231445 14402.982965946198 5534.3351440429688 955233.37316894531 4543.0914449691772 563844.16412353516 12392.245548248291 4520.0494995117188 4838.7918968200684
leaf_count=1230 210811 39484 1518 133137 1420 1665 2682 2183 163922 32558 159964 16825 777 1262 1706 1630 2238 3046 2966 1452 13377 8952 2648 1206 2315 1409 262030 498873 6746 1185 379940 33426 29302 110415 23197 99068 164372 12459 6649 11282 1003 180555 5115 15365 1053 4377 1162 1222 64120 2152 266490 1409 210284 3710 1345 4928 2640 334002 2013 173029 3437 1025 1515
internal_value=8.40508e-07 0.000199271 -0.000430585 0.000888451 0.00419807 0.00985355 -0.00205709 -0.00578045 7.43606e-05 0.000186356 -0.000348002 -0.00152776 -0.0061148 0.000814164 -0.002603 -5.79478e-05 0.0011874 0.00486865 0.00232182 0.00106887 -0.00108768 9.49035e-05 -0.000754862 -0.00611804 -0.000393706 -0.00302264 0.000140335 0.000336186 0.000772951 0.00439912 -6.41623e-05 -0.00120003 8.61487e-05 0.001257 0.00231822 -0.0001597 -0.000555449 0.00414053 0.000232879 0.0020035 0.000478053 -0.000785444 0.00117162 0.00078514 0.000719268 0.00345351 0.00721664 0.00833943 0.00020545 -0.000369695 -0.000366458 0.000669495 0.000387262 -0.00159708 0.00124219 -1.48416e-05 -0.00584093 1.20977e-05 -0.00221194 0.000614967 0.00209214 0.00470117 0.00348365
internal_weight=1.01355e+07 6.94237e+06 3.19309e+06 1.0652e+06 32238 8025.57 154283 19197.4 5.87717e+06 4.68651e+06 3.0388e+06 135085 9002.03 595873 11802.7 178597 417275 13013.4 24212.4 404262 32433.9 4.09064e+06 207588 13093.3 194495 36096 3.88305e+06 1.98345e+06 640426 26733.6 1.8996e+06 126083 175056 371828 97068.5 2.12436e+06 643045 41882.5 963186 42876.1 27641.3 914445 20573.2 1.03296e+06 1.0001e+06 17873.9 7126.32 6826.14 158399 936411 1.19066e+06 982225 600754 36065 21616.9 17593.8 14448 1.48131e+06 6889.3 613692 49847.8 21751.1 17231
internal_count=3733278 2523376 1209902 391806 12396 3085 61130 6571 2131570 1701158 1148772 54559 4308 239084 3889 70416 168668 5284 9311 163384 14829 1462074 104256 3854 100402 33967 1357818 694762 195889 7931 663056 50251 68786 148555 38140 808253 263440 14943 398874 18934 12285 340519 8081 379410 364045 6592 2215 2484 66435 264182 430412 357453 224316 14032 7682 6337 6350 544813 3531 187958 14929 5977 4952
cat_boundaries=0 2 4 6 8 9 10 12 14 16 18 20 21 23 25 27 29 31 33 35
cat_threshold=2632901644 3 2458084362 51 321013806 80 744268304 4 541593600 1073742400 67187747 12 21708067 8 2175052240 36 3758195073 9 2761644546 5 2382643352 1798440254 39 504221697 32 1481247264 39 589647976 57 32357639 100 2468202568 36 100663360 35
is_linear=0
shrinkage=0.03


Tree=53
num_leaves=64
num_cat=17
split_feature=7 3 0 10 5 5 1 1 19 1 11 9 4 1 10 4 19 3 10 18 1 10 1 10 1 0 0 16 9 17 11 1 16 4 9 0 4 1 11 11 0 1 16 3 1 4 10 16 6 17 18 10 18 6 1 1 10 1 1 10 0 11 9
split_gain=940.664 664.01 477.657 445.365 626.469 411.545 351.708 332.539 315.031 403.781 480.3 2045.77 350.234 431.444 353.246 334.627 311.291 333.066 306.748 292.793 314.701 276.335 351.275 275.966 596.968 254.254 445.881 246.303 244.535 1413.01 3794.79 243.275 512.9 509.775 446.035 790.641 516.943 284.443 245.89 333.266 240.332 320.495 239.255 239.142 393.983 235.95 226.65 390.095 337.01 224.787 219.401 215.457 212.936 313.655 300.912 209.48 200.807 199.668 197.116 196.059 243.981 346.246 218.373
threshold=-0.46852348744869227 1.194155812263489 645.50000000000011 1.9644516110420229 -2.2323027849197383 1.7875921726226809 0 1 0.050372708588838584 2 -0.50421506166458119 -0.42049902677536005 1.6692219376564028 3 1.5109481215476992 1.5712455511093142 -0.19476144760847089 -1.4934133291244505 -1.1444867849349973 -0.88710606098175038 4 1.9644516110420229 5 -2.4594172239303584 6 112.50000000000001 172.50000000000003 1.3424351215362551 -0.78547245264053334 7 0.61875310540199291 8 0.73209384083747875 0.92175588011741649 -0.81076189875602711 276.50000000000006 0.55193653702735912 9 0.50269123911857616 0.68397516012191784 306.50000000000006 10 0.64911031723022472 -1.7563155889511106 11 1.6692219376564028 -0.91050890088081349 0.59267461299896251 -0.61498904228210438 12 -0.13540584594011304 -1.8547923564910886 -1.1019436120986936 -0.032940823584794991 13 14 -0.74728542566299427 15 16 -0.040120178833603852 873.50000000000011 -0.53359326720237721 -0.60693171620368946
decision_type=2 2 2 2 2 2 1 1 2 1 2 2 2 1 2 2 2 2 2 2 1 2 1 2 1 2 2 2 2 1 2 1 2 2 2 2 2 1 2 2 2 1 2 2 1 2 2 2 2 1 2 2 2 2 1 1 2 1 1 2 2 2 2
left_child=3 2 8 16 -5 -3 -6 27 19 10 11 15 31 14 -14 51 17 52 -7 43 -21 50 -23 24 -18 -20 -27 59 29 30 42 46 -33 34 35 -34 37 -36 -39 -40 41 -19 -22 44 -2 -12 47 -11 -49 -47 -9 -10 53 -1 -55 -26 -29 -28 -54 -4 61 -61 -62
right_child=1 5 7 4 6 18 -8 21 9 12 45 -13 13 -15 -16 -17 23 40 25 20 28 22 -24 -25 55 26 57 56 -30 -31 -32 32 33 -35 36 -37 -38 38 39 -41 -42 -43 -44 -45 -46 49 -48 48 -50 -51 -52 -53 58 54 -56 -57 -58 -59 -60 60 62 -63 -64
leaf_value=0.001953913085792792 0.014882969786080193 -0.00098263263231683929 -0.00014751234103655298 0.015368282593419108 0.0057252542590610668 -0.011579896731737576 -5.3389729589317278e-05 5.7727749750988891e-05 -0.010525268421553338 0.00090352506687280424 -0.0011372825164838206 -0.029840141162104004 -0.0057756275598965217 0.00052254145686280742 0.0036088846454046825 -0.012497470478861634 -0.0068489200389037896 0.0030347921330549608 0.0032003509073213047 -0.00030883852837096631 0.0011575688435310615 0.0085803216846799066 0.00087088855661317862 0.00020072037327365736 0.0064883679976999323 -0.01304622056684332 -0.0052801049475683605 -0.0083420754501311468 0.00020460909954815308 0.00050266255361578502 0.035036354587823608 -5.6976392814196817e-05 -0.01674437679521457 0.0037440839282522021 0.0021298936451335493 -0.0010561965182400779 -0.012763230155747105 -0.0069522875403195978 0.0057926180810707207 -0.005175169301695327 0.00049675718605962161 0.00062477396188474375 0.0090195209038691684 0.00078732013601177009 0.0018947074076530119 0.010627706173086343 0.00028254245045993313 0.010461265058877655 0.0022261663790822538 -0.00060740935133169664 -0.00062970175153086931 -0.00080134001895037349 -0.0024440824394953201 0.016450518435597139 0.0044569958792389413 -0.00069474380952821014 -0.0021997075027047615 -0.00047691690217548452 0.0033555967610112212 -0.0097295394837383104 -0.0038213295158192853 -0.00058852820144400606 -0.0012012533183221746
leaf_weight=7679.8925552368164 2825.3349914550781 410256.14453125 250310.63766479492 3674.19677734375 16526.704887390137 4346.3414306640625 22211.078804016113 885354.73513793945 2230.8598327636719 55984.946166992188 155276.68172836304 2708.1356964111328 29069.856918334961 26521.577041625977 4118.218505859375 2797.3727836608887 15980.897125244141 84745.174156188965 4910.3161487579346 1011223.646709621 15943.604095458984 6871.7954406738281 23409.195770263672 1274849.655921936 4188.3416748046875 4372.4210319519043 15199.568683624268 5143.2510681152344 1482842.9172363281 245441.091796875 3935.1660461425781 659396.88967895508 6124.686336517334 8512.2432708740234 12829.377105712891 5473.6831130981445 4007.1916656494141 9895.4750595092773 4486.0009460449219 5600.7626075744629 1024915.5249023438 119981.29931640625 4453.4586181640625 524687.39306640625 8131.1747741699219 3037.625129699707 293938.95327758789 8209.0030343532562 9826.3632986545563 3379.0048484802246 791324.84103393555 24789.620761871338 7223.0844955444336 3832.756462097168 3746.3749084472656 27941.769012451172 69051.836822509766 15981.180830001831 19455.592750549316 3779.4600715637207 51935.512329101562 256462.42448043823 63806.619750976562
leaf_count=2978 1005 167265 84579 1345 6798 1519 8762 337648 1246 21860 58644 1607 8868 11711 1253 1422 8250 32088 1715 356219 6176 3007 9299 491348 854 1465 5358 1261 532408 74499 1338 278310 1663 2241 4307 1545 1003 2471 1135 1447 367709 39403 1514 185625 3154 1151 108403 1988 2344 1105 300821 13874 3278 1135 1326 10270 15237 6048 7124 1874 14586 84042 23389
internal_value=1.1803e-06 -0.000170174 -9.8433e-05 0.000488558 0.00353778 -0.00128082 0.00241384 -0.000441285 7.95431e-05 -0.000308702 -0.00157337 -0.00489948 -9.39744e-05 -0.00233073 -0.00460937 -0.00262968 0.000438707 0.000773884 -0.00401049 0.000237009 0.000112597 -0.000215411 0.00262467 0.000116545 -0.00211374 -0.0031961 -0.00407985 -0.000991673 0.000355756 0.00118655 0.00807993 2.92092e-05 -0.000292855 -0.00302477 -0.00421507 -0.00934421 -0.00259828 -0.0013551 -0.00359185 -0.000296887 0.00068421 0.00162261 0.00287592 0.000878949 0.00526453 -0.000904266 0.000656174 0.00213985 0.00597633 0.00473102 -0.000266712 -0.00160596 0.0034028 0.00622887 0.0105565 0.000244206 -0.00262603 -0.00282063 0.00178555 -0.000798052 -0.00123114 -0.000721466 -0.00237704
internal_weight=1.01372e+07 7.50021e+06 7.04515e+06 2.63695e+06 42412 455066 38737.8 2.40745e+06 4.6377e+06 1.33821e+06 194219 32526 1.144e+06 59709.7 33188.1 29817.9 2.59454e+06 1.27158e+06 44809.8 3.29948e+06 2.76384e+06 1.70696e+06 30281 1.32296e+06 48111 40463.5 35553.2 700490 1.75262e+06 269773 24332.2 1.08429e+06 716326 56929.4 48417.2 11598.4 36818.8 32811.6 19982.2 10086.8 1.22964e+06 204726 20397.1 535644 10956.5 161693 367959 74020.3 18035.4 6416.63 1.67668e+06 27020.5 41937.7 15259 7579.13 32130.1 74195.1 31180.7 26678.7 626295 375984 260242 115742
internal_count=3733317 2750649 2567279 982668 16905 183370 15560 875743 1691536 529598 79049 18149 450549 21832 10121 16542 965763 455041 16105 1161938 972154 650775 12306 510722 19374 14586 12871 224968 615935 83527 9028 428717 294122 15812 13571 3208 10363 9360 5053 2582 439200 71491 7690 189784 4159 60900 134595 26192 4332 2256 638469 15120 15841 5439 2461 11124 16498 11406 10402 208470 123891 85916 37975
cat_boundaries=0 2 4 6 8 9 11 13 14 16 17 19 21 22 24 25 27 29
cat_threshold=3729670809 19 1073752870 10 9437696 84 843679919 2 1416254541 2852405256 16 2087866456 25 532480 136425621 8 3271557120 3795094277 62 1343325453 48 2105344 3322460426 21 589824 2496538638 118 2758299482 32
is_linear=0
shrinkage=0.03


Tree=54
num_leaves=64
num_cat=17
split_feature=7 5 10 5 1 10 1 12 10 1 19 6 17 19 10 1 8 1 4 1 7 17 4 9 4 4 1 9 1 6 9 10 1 4 1 12 10 1 12 11 16 8 1 18 19 18 1 1 18 8 1 9 15 10 13 19 8 16 8 11 15 16 19
split_gain=890.745 631.15 435.78 603.011 278.442 255.699 523.174 365.229 333.807 322.273 317.556 336.164 288.169 249.704 257.356 511.553 271.477 490.619 387.146 244.831 239.485 225.042 224.488 222.893 221.442 798.485 295.837 216.096 212.935 217.088 235.299 207.366 358.029 193.541 190.006 189.079 188.917 511.891 253.239 431.311 208.778 196.607 186.419 214.769 185.281 495.518 278.038 198.724 184.611 180.646 206.024 537.295 1850.72 187.499 227.423 261.242 321.921 225.207 222.891 213.693 198.07 387.226 179.364
threshold=-0.66221472620964039 0.65087547898292553 1.9644516110420229 -2.2323027849197383 0 1.5109481215476992 1 -0.20143771916627881 0.1433934420347214 2 2.3734664916992192 -0.72545358538627613 3 -0.13611029833555219 -1.8547923564910886 4 1.8111107349395754 5 0.32278256118297582 6 2.6421749591827397 7 1.195036828517914 -0.88391992449760426 -0.21171189099550244 -0.13379042595624921 8 -0.81076189875602711 9 -0.61498904228210438 -0.71910142898559559 1.9644516110420229 10 -1.9714598059654234 11 -0.63114520907402027 -1.0178364515304563 12 -0.7236138880252837 1.3908437490463259 0.59267461299896251 2.0280097723007207 13 -2.0249447822570796 -0.89056834578514088 -1.5001991391181944 14 15 0.20662170648574832 2.2560166120529179 16 -0.78547245264053334 1.3119027614593508 -0.56400057673454274 0.87694302201271068 0.55204156041145336 2.0280097723007207 0.22544565051794055 1.7568544149398806 1.3908437490463259 -0.51070949435234059 0.54089811444282543 1.6960514783859255
decision_type=2 2 2 2 1 2 1 2 2 1 2 2 1 2 2 1 2 1 2 1 2 1 2 2 2 2 1 2 1 2 2 2 1 2 1 2 2 1 2 2 2 2 1 2 2 2 1 1 2 2 1 2 2 2 2 2 2 2 2 2 2 2 2
left_child=2 5 13 -4 -5 8 22 28 9 10 36 21 -13 44 15 62 17 -17 -19 -10 33 -12 23 -7 31 26 -26 -25 29 30 -8 -22 -33 34 -3 -29 37 40 -39 41 -2 -40 43 -16 45 46 -1 -46 -42 50 51 52 -11 54 55 58 57 -57 60 -60 -53 -62 -15
right_child=1 20 3 4 -6 6 7 -9 19 49 11 12 -14 14 42 16 -18 18 -20 -21 24 -23 -24 27 25 -27 -28 35 -30 -31 -32 32 -34 -35 -36 -37 -38 38 39 -41 48 -43 -44 -45 47 -47 -48 -49 -50 -51 -52 53 -54 -55 -56 56 -58 -59 59 -61 61 -63 -64
leaf_value=0.016836501988839993 -0.002701759241043958 -0.00065364344749365539 0.015633792600207367 0.0061200458694726078 0.00044628281421685095 0.012167345980583055 -0.010700292315723187 -0.0090730898773645312 -0.00079941408131303587 0.0021446580768083108 -0.0048149372744047446 0.0082037447261253862 -0.0040047765282219955 -0.0038961706169123064 0.0042729730112634097 -0.001090012595917147 -0.0029313673095782665 0.0019782933561572147 0.013108141093365278 -8.3974986475441419e-05 -0.0011250507863207553 -0.016173143976547923 0.01236067897546927 -0.0055928250470282286 -0.0066765095256038605 -0.001985762430068734 -0.020219495028737156 0.0058270362411078705 0.0020096509197889147 0.00043065042214474183 -0.0015232805208594794 -0.002546078226410853 0.013436773279170623 -0.0005571267466310993 0.0015694770839166361 -0.0015133908766055116 -4.6760787870557951e-05 -0.0014511446020176104 -0.0011872864375575515 0.0069652510250708894 -0.0044362771444297977 0.004139520960705829 -0.00012901443136120443 0.00062820965665784888 0.0011581383739999336 0.0010959801683379739 0.0044838083850016267 0.00030781651540032554 -0.012293100195111333 8.6204488917765258e-05 0.00035996099915992189 0.0014629061761579252 0.020376050716829741 7.9469470140116556e-05 -0.00059198963392455707 0.0012280956590759412 0.0079596672309316246 -0.0061563117278894443 -0.0015271241479917561 0.0056829389846349172 0.0042602097723485272 0.012764022485671406 -0.010678624873886506
leaf_weight=3146.5873641967773 31336.50065612793 61761.945922851562 3503.709228515625 12385.11510848999 20935.699100494385 2688.0965118408203 3508.0463943481445 3530.9985275268555 635219.1875 71976.374877929688 3654.5998735427856 2351.9842939376831 6556.12242603302 20749.528015136719 15129.43310546875 17942.766128540039 15221.478546142578 6406.8117072582245 5012.1790306568146 1335665.54296875 25413.810966491699 2785.6205549240112 3371.4088439941406 2336.771297454834 2874.722713470459 50978.628395080566 3006.1123390197754 13482.83649456501 55768.054470062256 39011.902828216553 8854.5112075805664 2492.6422958374023 2535.2707901000977 2198878.4961547852 78647.948547363281 4121.49451816082 915663.51544189453 53047.915519714355 27515.593809127808 10394.135498046875 7050.7859954833984 8058.0543308258057 443342.95483398438 377192.36588668823 529045.29277420044 23240.305480957031 3469.3812026977539 464615.34341430664 4358.3066101074219 1213316.7536010742 979337.04977416992 10820.421733856201 5381.4100341796875 200289.97423040867 28844.228942871094 7483.5700330734253 3263.8593139648438 7377.3620080947876 11692.098556518555 5406.1336059570312 20347.131683349609 6314.1487121582031 4222.236572265625
leaf_count=979 18827 24356 1301 5683 7747 1095 1624 1637 203770 24784 2469 1272 3283 9703 6320 7217 4696 2259 1700 519994 10555 1790 1459 794 906 19182 1223 5769 21604 11127 5176 1035 1004 796257 28474 2224 420214 24158 17703 1754 2505 3696 156397 162363 177159 8024 1176 182172 1508 366827 349792 4014 1763 63808 9601 2842 886 2026 3188 1134 6743 1387 2306
internal_value=-2.18507e-06 -0.000139997 0.000571253 0.00380384 0.00255775 3.11726e-05 0.00131324 0.000413218 -3.25064e-08 0.000170057 -0.000266734 -0.00455025 -0.000773888 0.000509525 0.000146556 -0.00160671 0.000319334 0.00200486 0.00686115 -0.000314568 -0.000545749 -0.00976906 0.00514132 0.00406552 -0.00208845 -0.00319391 -0.0136563 0.00297061 0.000726297 -0.000667131 -0.00413066 -2.34737e-05 0.00554008 -0.000488172 0.000591672 0.00410857 -0.00020454 -0.00122363 -3.89022e-05 0.00159083 -0.00396667 1.97409e-05 0.000292494 0.000768799 0.00083054 0.00315893 0.0103993 0.000760564 -0.00744168 0.000352252 0.000589863 0.00118357 0.00341416 0.000611884 0.00166193 0.00255612 -0.000564398 -0.00243856 0.00359233 0.000753555 0.00488703 0.00627617 -0.00504284
internal_weight=1.01443e+07 8.17877e+06 1.96556e+06 36824.5 33320.8 5.75218e+06 136674 110674 5.61551e+06 3.64462e+06 1.07277e+06 15348.3 8908.11 1.92874e+06 905220 69555 44583.2 29361.8 11419 1.97088e+06 2.42659e+06 6440.22 26000.6 22629.2 87301.2 56859.5 5880.84 19941.1 107143 51374.5 12362.6 30441.7 5027.91 2.33929e+06 140410 17604.3 1.05742e+06 141761 99015.7 45967.8 42745.6 35573.6 835665 392322 1.02352e+06 29856.3 6615.97 993661 11409.1 2.57185e+06 1.35853e+06 379197 77357.8 301839 101549 72704.7 18124.8 14860.9 54579.9 17098.2 37481.7 26661.3 24971.8
internal_count=3734441 2997239 737202 14731 13430 2114247 52509 41168 2061738 1337974 499179 8814 4555 722471 352961 27881 15872 11176 3959 723764 882992 4259 11341 9882 33905 21311 2129 8787 39531 17927 6800 12594 2039 849087 52830 7993 490365 70151 47311 23153 22840 21399 325080 168683 369510 10179 2155 359331 4013 838795 471968 122176 26547 95629 31821 22220 5754 4868 16466 4322 12144 8130 12009
cat_boundaries=0 2 3 5 6 8 10 12 13 15 17 19 21 23 25 27 29 31
cat_threshold=3475399321 18 2382643352 3849863760 18 2637961 4000338536 17 277253140 4 1090597666 96 69825 1289358336 77 1084239203 80 3573352736 36 1418884154 29 537919552 18 1148280025 62 3591546982 70 404607913 61 69675 4
is_linear=0
shrinkage=0.03


Tree=55
num_leaves=64
num_cat=13
split_feature=3 7 2 5 3 5 10 2 9 18 6 17 5 10 17 17 17 18 12 17 16 8 7 17 15 6 17 7 17 6 10 12 16 2 6 7 14 11 2 13 17 17 10 8 2 15 17 11 8 13 12 18 6 16 10 18 17 12 9 13 8 10 17
split_gain=895.65 584.774 427.726 555.315 349.564 321.64 303.822 270.653 256.274 277.449 235.962 560.197 219.479 215.217 318.205 202.437 192.018 185.822 183.965 177.319 176.328 177.816 172.007 179.204 279.433 2837.89 169.738 176.258 161.623 159.001 155.048 224.132 152.891 175.596 151.304 151.266 150.632 256.214 996.909 144.036 136.959 135.552 133.99 225.274 255.407 175.824 167.132 147.915 130.485 127.159 197.586 126.61 125.711 133.421 123.506 120.525 119.596 119.014 161.161 116.58 115.782 114.718 186.538
threshold=0.50685244798660289 -0.85647931694984425 -1.3179268240928648 -1.7908884882926939 1.7527557015419009 -0.57397747039794911 1.5109481215476992 -1.8440827727317808 -0.22357788681983945 -0.58347153663635243 -1.7964507937431333 0 0.13574099540710452 1.5109481215476992 1 2 3 -1.1860061883926389 -0.29911231994628901 4 1.3424351215362551 2.7955322265625004 0.7725571095943452 5 -1.8089315891265867 0.51741498708724987 6 1.6463915705680849 7 -0.34080202877521509 -1.0178364515304563 -0.68392628431320179 0.20704916119575503 0.30607146024703985 -0.72545358538627613 0.54808345437049877 -0.17343234270811078 0.61875310540199291 0.33488288521766668 1.8462030291557314 8 9 -0.91050890088081349 0.72863909602165233 0.46665683388710028 1.1007310152053835 10 0.68397516012191784 2.1003625392913823 -0.98156809806823719 -0.87385734915733326 0.32990394532680517 -1.9427543282508848 0.73209384083747875 -0.14989652484655377 -1.1019436120986936 11 -0.7236138880252837 -0.69092124700546254 -1.4118369817733762 1.0863422751426699 1.9644516110420229 12
decision_type=2 2 2 2 2 2 2 2 2 2 2 1 2 2 1 1 1 2 2 1 2 2 2 1 2 2 1 2 1 2 2 2 2 2 2 2 2 2 2 2 1 1 2 2 2 2 1 2 2 2 2 2 2 2 2 2 1 2 2 2 2 2 1
left_child=1 2 3 6 12 13 19 17 9 28 11 -9 40 36 49 29 32 -6 -4 -1 21 -10 23 24 25 -11 -19 -28 -7 -5 31 56 -12 48 41 -14 37 -3 -39 52 -2 -16 43 44 46 47 -26 -45 -34 50 -15 -33 53 -25 59 -17 -18 58 -49 -22 -37 -62 -63
right_child=4 5 18 15 7 8 -8 10 20 22 16 -13 35 14 34 55 30 26 -20 -21 54 -23 -24 39 42 -27 27 -29 -30 -31 -32 51 33 -35 -36 60 -38 38 -40 -41 -42 -43 -44 45 -46 -47 -48 57 -50 -51 -52 -53 -54 -55 -56 -57 -58 -59 -60 -61 61 62 -64
leaf_value=0.0017608701375489762 0.0003084574128342988 0.00094045204044591944 0.00056363610546525465 0.00756821929025377 0.0011029611106032303 0.00091897846477914885 0.016269898092900303 -0.018765915097768864 0.0010678699511817782 -0.0010610732129375702 -0.00076424940071965922 -0.0017640066686527103 -0.00046428543902009094 -0.01099531637550291 0.011818235399240349 0.0057255001238938688 0.0023957318240412011 -0.00050543311647706932 0.0027185459261782861 0.0084959005990112892 -0.00037189732162595449 -0.00032184706925236025 -0.0007596737484764491 0.0024323427201758925 0.012546638601546917 -0.036667451573650499 -0.0062477467066392412 -0.014670434923633019 4.477178876170391e-05 0.00042352392221662314 -0.001354892419532307 -0.0056703929715289309 0.009384056915750642 -0.00075188239811218064 0.0030075518017042878 -0.0019322069627249203 0.00024292831234597824 -0.00043912612154091397 0.021067322544620366 -0.0014587164854927949 -0.00036665509546497947 0.0042925206528848505 -0.00027716063622361452 -0.0030157223371998091 -0.0018959135823793602 -0.0079329374733729113 0.0028345122374998184 0.0026428828598405547 0.0018725515697388285 0.0012956262621565396 -1.8515946179453795e-05 -0.014557610454105139 5.2036426343618017e-05 -0.0010966642712106922 0.0010288674051307464 -0.00042420938228424234 -0.0049772868932044826 0.0023971691807383338 -0.0037296956632063031 0.0050574035763078194 -0.0009362693384803221 -0.0025056772217302188 0.0066211587341293964
leaf_weight=5785.3295210599899 430985.23278808594 115788.23400878906 1051647.3656005859 7150.585524559021 3199.6970367431641 263539.57568359375 3051.8277587890625 2321.4240164756775 169475.10039371252 40396.903823852539 27496.23223054409 6915.3110365867615 822214.81457519531 2123.0737771987915 4278.9535980224609 3172.9940414428711 3763.8934025764465 2962.0601959228516 36901.687133789062 9050.7304154634476 4457.3195495605469 162131.37603759766 588529.73046875 39003.681884765625 2053.2634429931641 2115.3320159912109 8000.5429229736328 3107.8111724853516 685126.37548828125 4609.9956293106079 72138.482987999916 3721.1166458129883 4454.6857843399048 6306.1670074462891 14441.399261474609 125742.3623046875 1727142.2261047363 6317.5624580383301 2794.2391471862793 54739.505004882812 725996.10498046875 4422.7119598388672 1160975.1770019531 39993.462970733643 10008.105163574219 4581.5181579589844 7079.4012298583984 5220.8267531394958 3908.6306066513062 21170.154968261719 4815.6458883285522 2363.3390426635742 1247050.1904296875 12804.337524414062 31040.436828613281 29419.3515625 4148.7777857780457 10284.981258392334 11282.392439365387 17651.304168701172 248959.62353515625 3546.8940887451172 4638.4208526611328
leaf_count=2153 191096 69227 385144 2722 1073 123018 1087 721 77082 19968 11689 3686 312081 712 1970 1082 987 812 17233 2693 1298 69294 219757 25071 909 648 2946 1107 217234 1582 29412 1602 1180 1903 5117 57301 589697 2331 1068 14829 259907 1999 396542 16252 4968 1080 3917 1100 1152 6389 2593 1033 446778 3590 8359 10464 1983 2580 2773 4305 83189 1208 1480
internal_value=-1.01273e-05 0.000151872 0.000775007 0.00319367 -0.000500819 4.10852e-05 0.00765497 -0.00188183 -9.53968e-05 -0.00016352 -0.00143721 -0.00606707 -0.000410305 0.000368759 0.00228635 0.00139373 -0.00110367 -0.00542126 0.000636699 0.00587796 0.000645536 0.000388405 -0.000295778 -0.000192657 -0.00044509 -0.00283689 -0.00690478 -0.00860198 0.00028764 0.00476491 -0.00191553 -0.00480477 0.00055512 0.00302792 0.00489006 -0.000693653 0.000315687 0.00132176 0.00616401 4.86628e-05 -0.00011517 0.00801638 -0.000363834 -0.00147559 0.00141415 -0.00225071 0.00504056 -0.00186032 0.00587674 0.000140343 -0.00338264 -0.00913151 0.000112196 0.00156013 0.00224963 0.000175222 -0.00147406 -0.000135126 -0.00171353 0.00396297 -0.00118619 -0.000821357 0.00267219
internal_weight=1.01405e+07 7.62362e+06 1.15079e+06 62240.8 2.51689e+06 6.47283e+06 17887.9 154808 4.56954e+06 4.18478e+06 137538 9236.74 2.36208e+06 1.90329e+06 51251.9 44352.9 128301 17270.1 1.08855e+06 14836.1 384756 331606 3.23612e+06 2.64759e+06 1.29399e+06 42512.2 14070.4 11108.4 948666 11760.6 86135.6 13997.1 42165.7 14669.5 23143.1 1.2051e+06 1.85204e+06 124900 9111.8 1.3536e+06 1.15698e+06 8701.67 1.25148e+06 90504 19140.8 71363.2 9132.66 66781.7 8363.32 28108.9 6938.72 6084.46 1.29886e+06 51808 53149.1 32592.3 7912.67 26788.2 16503.2 22108.6 382887 257145 8185.31
internal_count=3734163 2766615 424160 21783 967548 2342455 5933 61286 1661352 1501014 55348 4407 906262 681103 18780 15850 50941 5938 402377 4846 160338 146376 1160762 941005 450737 20616 4865 4053 340252 4304 35017 5605 15924 4235 9086 455259 662323 72626 3399 490268 451003 3969 430121 33579 9794 23785 4826 22705 2332 9694 3305 2635 475439 28661 13962 11546 2970 6453 3873 5603 143178 85877 2688
cat_boundaries=0 1 2 3 4 5 6 7 8 9 10 11 12 13
cat_threshold=36308992 29201984 53102614 8695635 2986697 31789581 55478401 36528328 34056877 33703957 25166336 6426624 29565286
is_linear=0
shrinkage=0.03


Tree=56
num_leaves=64
num_cat=21
split_feature=7 5 10 1 19 19 16 1 1 19 10 1 10 12 18 5 1 14 18 1 1 18 6 1 1 4 9 6 9 8 19 1 12 1 14 11 1 1 6 1 1 6 14 8 4 8 1 9 4 4 1 18 6 1 1 15 12 1 1 11 10 4 12
split_gain=878.653 473.811 385.556 483.178 376.013 350.29 346.887 442.497 316.968 308.679 305.271 549.522 344.328 300.371 296.846 256.954 238.879 959.672 229.97 369.809 219.387 212.331 237.588 327.305 223.885 208.314 219.833 206.663 1043.17 2851.46 215.098 303.663 195.614 275.716 268.712 3923.89 193.795 191.843 190.395 273.088 187.803 184.117 184.631 178.523 173.538 216.991 161.403 153.052 150.406 208.469 188.905 148.98 148.189 192.979 148.112 145.711 142.94 184.29 140.713 140.497 295.064 155.618 138.195
threshold=-0.16436788439750669 1.4148116707801821 1.9644516110420229 0 1.0000000180025095e-35 -0.804693043231964 0.36108247935771948 1 2 0.2833652943372727 1.5109481215476992 3 0.16448456048965457 -0.95321357250213612 1.2086064815521242 -1.9655067920684812 4 0.20728760957717898 2.4210708141326909 5 6 -2.0249447822570796 0.038491683080792434 7 8 1.6692219376564028 -0.22357788681983945 0.63447225093841564 -0.27023659646511072 3.2701853513717656 1.6960514783859255 9 -0.68392628431320179 10 -0.17343234270811078 0.61875310540199291 11 12 -0.49537664651870722 13 14 1.0277248024940493 0.7580358386039735 1.0863422751426699 -0.54096814990043629 0.92978593707084667 15 -1.059655427932739 1.123882591724396 -0.21171189099550244 16 2.4210708141326909 0.29994329810142523 17 18 -0.98337891697883595 -0.79699981212615956 19 20 1.9528558254241946 -1.5296894907951353 0.17685678601264956 -1.0000000180025095e-35
decision_type=2 2 2 1 2 2 2 1 1 2 2 1 2 2 2 2 1 2 2 1 1 2 2 1 1 2 2 2 2 2 2 1 2 1 2 2 1 1 2 1 1 2 2 2 2 2 1 2 2 2 1 2 2 1 1 2 2 1 1 2 2 2 2
left_child=2 10 4 -4 21 14 8 -8 -6 -9 12 25 20 -11 37 -5 17 -10 43 55 27 22 24 -24 -1 26 -12 30 -29 -30 51 -32 40 34 35 -34 -14 -3 39 -13 -23 -38 -43 46 45 -41 -7 -36 49 -25 -51 -2 53 -21 -17 -20 -53 -58 -45 -22 -61 -62 -49
right_child=1 5 3 15 6 18 7 9 16 13 11 38 36 -15 -16 54 -18 -19 19 52 59 32 23 48 -26 -27 -28 28 29 -31 31 -33 33 -35 47 -37 41 -39 -40 44 -42 42 -44 58 -46 -47 -48 62 -50 50 -52 56 -54 -55 -56 -57 57 -59 -60 60 61 -63 -64
leaf_value=0.0062056053231866306 -0.00023442167041392648 -0.0065185691089628154 -0.00062825813139025634 0.01268112305750208 0.0012033272207966489 -1.2560324436800315e-05 2.0276631004477531e-05 -0.00069191468948656904 0.0018012098096799991 -0.0069313041787340511 0.0036397759253233688 -0.0097156000566136491 -0.00093800368818208984 -0.0024530918808865431 -0.01156917112023256 0.010672283294574317 -3.8171494828030457e-05 -0.018248967294062973 -0.014137498197312182 0.0041307764316199621 0.00013899398579203171 0.0022883930514962323 0.012728108010377782 0.00025974752936053425 0.00037046880224905884 0.010699896250741355 -0.0040750254021663847 -0.00031400788536035528 -0.04533398327773986 0.00054268266234967842 -0.0064639061510866009 -0.00018191049798090261 0.0005618678401685663 0.00014882553564806122 0.007029576355875645 0.041562990035088648 -0.00023788112263767344 -0.0004919113083470735 0.00075337046902868997 -0.0022057894898216313 0.00023221173838502816 -0.0011663183868709929 -0.0066443934931984675 0.0002229617503248236 -0.0026885810324607283 0.0070169944384288188 -0.0022867086168446237 0.00096472288904487407 -0.0019294146476394084 0.01069968058687922 0.0031715754404266225 -0.00068807881676086907 -0.0066386990355546552 -0.0025579333804828202 0.0035004119582157447 -0.0059584556086426359 0.012964293074717144 0.0022298268296565417 -0.00091028644340298941 0.0090511386591634619 0.0026015428322529134 -0.0010198262742011984 0.0037106610467077189
leaf_weight=6535.5402545928955 1070268.8592376709 8105.7734203338623 21254.791137695312 3665.3102416992188 214271.40747070312 38721.188076019287 198043.93872070312 71581.502685546875 6559.3146667480469 17062.162841796875 47786.516130447388 3697.9751586914062 624764.82421875 64196.507080078125 4452.0068664550781 2882.7410125732422 790770.71179199219 3189.3962707519531 2679.3994674682617 6528.9955899715424 2171791.5290675759 40899.928405761719 3538.4700775146484 7756.8838798999786 61326.910367965698 3464.4910354614258 3568.621618270874 28133.548049926758 1813.9230194091797 3698.7379150390625 12010.467163085938 16342.456573486328 23277.295532226562 324397.4928894043 3893.109375 2304.1278076171875 1231505.8701171875 11486.16990852356 66097.679870605469 4666.3319021463394 1746688.5229797363 19282.080383300781 7764.5368041992188 173199.61878967285 19118.11193215847 4511.3211803436279 102336.76422119141 469540.68237304688 4566.9808158874512 5445.8904228210449 6735.7157218456268 4579.7376594543457 3508.5364685058594 9528.9488070011139 25320.224014282227 7331.399787902832 2314.1093292236328 3812.8026542663574 228961.20250320435 4542.5797119140625 24430.174017906189 18967.506524085999 17091.456787109375
leaf_count=3348 468257 2342 8532 1299 88550 24511 61588 19559 4511 4347 19867 1394 207691 18372 1437 1288 339389 1706 1205 2251 723878 18985 999 2560 22061 1408 1586 9949 1005 2161 6508 9696 14001 147103 1162 683 476331 4130 21253 2537 582516 5214 1362 59795 9085 1842 38299 166246 1344 1678 2052 1787 1254 3568 10074 2542 1115 1795 73008 1177 6466 4913 7636
internal_value=6.77622e-07 -0.000231471 0.000336661 0.00287588 0.000303674 -0.00103356 -0.00010259 -0.00091569 0.000178559 -0.0021283 -0.0001428 0.00117849 -0.000181315 -0.00339377 -0.00458054 0.00521129 -9.57563e-05 -0.00475954 -0.000884634 -0.00346054 5.759e-07 0.000507354 0.00189382 0.00421635 0.00093381 0.0035837 0.00310334 -0.000337108 -0.00265324 -0.0145803 -0.000266851 -0.00284602 0.000456754 0.000834208 0.00126497 0.00426225 -0.000506083 -0.00298992 -0.000166156 -0.00206573 0.000279277 -0.000291659 -0.0027399 -0.000744351 -0.00106062 0.00232907 -0.00166263 0.00110864 0.00297853 0.00410441 0.00655147 -0.000199189 -0.00105744 0.000163046 0.00424026 -0.00814542 0.00332124 0.00631623 -0.000422248 0.000174456 0.00178081 0.00101884 0.0010612
internal_weight=1.01386e+07 5.99577e+06 4.1428e+06 53123.1 4.08967e+06 596840 1.36567e+06 350884 1.01479e+06 152840 5.39893e+06 152911 5.24602e+06 81258.7 24044 31868.3 800519 9748.71 572796 29577.3 3.36271e+06 2.724e+06 95906.4 28043.9 67862.5 54819.6 51355.1 1.14297e+06 33646.2 5512.66 1.10933e+06 28352.9 2.62809e+06 840504 516107 25581.4 1.88332e+06 19591.9 98091.4 31993.7 1.78759e+06 1.25855e+06 27046.6 543219 28295.8 9177.65 141058 490525 24505.5 19938.5 12181.6 1.08098e+06 19566.5 16057.9 28203 10010.8 10706.6 6126.91 402161 2.21973e+06 47940.3 43397.7 486632
internal_count=3734208 2202619 1531589 21193 1510396 214342 538022 103866 434156 42278 1988277 58972 1929305 22719 7909 12661 345606 6217 206433 10820 1238707 972374 34042 8633 25409 22861 21453 502273 13115 3166 489158 16204 938332 336831 189728 14684 690598 6472 36111 14858 601501 482907 6576 195613 13464 4379 62810 175044 7634 6290 3730 472954 7073 5819 11362 3747 4697 2910 132803 736434 12556 11379 173882
cat_boundaries=0 2 4 6 8 9 11 13 15 17 18 20 22 24 26 27 29 31 32 34 36 38
cat_threshold=20028738 69 3222352657 10 1141375394 56 2936947352 35 512 281097417 48 4167844432 26 2182774792 64 2425027 2 2957771264 4167752864 28 1091646240 73 2248853547 38 1073750016 8 262144 670376129 33 1677731874 7 1661110836 134479888 2 1476411920 2 1789973692 36
is_linear=0
shrinkage=0.03


Tree=57
num_leaves=64
num_cat=20
split_feature=3 5 2 0 9 18 3 1 0 1 6 1 5 0 1 0 1 14 4 1 5 0 0 1 1 1 4 0 18 1 1 6 16 0 1 6 1 9 4 2 1 18 14 1 0 1 2 19 10 10 1 4 9 4 10 1 1 4 19 17 2 0 18
split_gain=794.218 451.552 753.083 636.732 412.427 391.259 378.536 372.831 318.974 596.093 349.69 525.534 293.702 291.336 403.911 365.82 286.788 414.388 303.519 276.991 267.665 372.213 439.147 479.841 265.27 264.39 259.911 231.749 230.878 229.795 222.955 221.621 214.286 490.219 509.689 461.041 340.136 1292.41 714.824 337.454 347.889 235.561 277.873 238.033 220.26 636.459 442.611 392.708 335.629 322.157 304.053 229.34 413.07 693.342 356.468 271.405 213.304 205.032 273.386 234.42 204.751 206.167 280.876
threshold=0.22438745945692065 -2.2323027849197383 -0.72702601552009571 172.50000000000003 -0.22357788681983945 -1.6429651975631712 1.7527557015419009 0 127.50000000000001 1 0.37988303601741796 2 0.75342088937759411 745.50000000000011 3 929.50000000000011 4 0.017260844819247726 1.007509380578995 5 2.0197230577468877 112.50000000000001 514.50000000000011 6 7 8 1.123882591724396 901.50000000000011 2.4210708141326909 9 10 -0.52425202727317799 0.36108247935771948 845.50000000000011 11 1.0277248024940493 12 -0.42049902677536005 1.5712455511093142 -0.72702601552009571 13 -0.32432694733142847 0.56028988957405101 14 157.50000000000003 15 -0.13914056867361066 0.20558138936758044 1.0000000180025095e-35 1.5109481215476992 16 0.38342870771884924 -0.27023659646511072 0.84922775626182567 -1.3084688186645506 17 18 0.84922775626182567 0.32682363688945776 19 -0.8156110644340514 873.50000000000011 -0.32432694733142847
decision_type=2 2 2 2 2 2 2 1 2 1 2 1 2 2 1 2 1 2 2 1 2 2 2 1 1 1 2 2 2 1 1 2 2 2 1 2 1 2 2 2 1 2 2 1 2 1 2 2 2 2 1 2 2 2 2 1 1 2 2 1 2 2 2
left_child=1 2 3 -1 8 7 13 -5 9 -3 11 28 32 -2 60 -16 17 -12 -18 27 -8 -22 23 -23 31 -14 -13 -4 -11 -24 -7 -17 36 44 -35 39 37 38 -10 40 -36 42 -38 -43 45 47 -47 -34 -48 51 -51 -46 54 -54 55 -53 -6 58 -30 -60 61 -15 -63
right_child=6 4 19 5 56 30 20 -9 12 10 16 26 25 14 15 24 18 -19 -20 -21 21 22 29 -25 -26 -27 -28 -29 57 -31 -32 -33 33 34 35 -37 41 -39 -40 -41 -42 43 -44 -45 49 46 48 -49 -50 50 -52 52 53 -55 -56 -57 -58 -59 59 -61 -62 62 -64
leaf_value=0.019200664596966569 -0.00012767405116699285 -0.0010734830837606732 3.771765867749428e-05 0.015334814581489534 0.0014962592324186076 0.0057056685879008891 -0.0013161362384058232 0.0035262959312152039 0.0021418373968799614 0.00054660968907433187 0.0082161323435939529 0.0048927349234814997 0.00010930410118620093 -0.0016455820446555529 -0.00054480688315241741 0.0055718978594320439 -0.0056815891979999332 -0.00039426506899199835 0.0034131580969472899 0.0023670917100754789 0.0044535992222353984 -0.0040850119433949511 -0.0079555942167248081 -0.020297415437149181 1.0064334005516442e-05 -0.0008030291273242691 -0.0003643827973169172 -0.0055148288197304426 0.0022573594106487373 0.0013325580964581036 -0.0011868388076161443 0.00091714934731795209 -0.0036380389523267107 0.0044490429021866607 -0.0092124064226494565 -0.012321732591727778 0.00060821353992792596 -0.022798233597554687 -0.017140372051029286 -0.0013894910856317862 -0.00029647489561570732 0.00049925634072345911 0.0095402855959223036 -0.00020951115355795396 0.00047522519353240046 0.008636146400603905 0.0018391715046991029 -0.014596448578450104 -0.0066816341546550792 0.010770388252523307 0.0017556240597744659 0.0004082508940631907 -0.015613950802845661 0.00040537809044392169 -0.00014671382409937788 -0.0084995656355995406 0.00026483575304274914 -0.0025021543687513362 0.016697232277458202 0.0046597336259464744 -0.0012447660933706441 -0.0016368141157575324 -0.0090778269189154669
leaf_weight=3028.0901293754578 2841951.3911132812 92131.376434326172 38762.5986328125 4877.5241241455078 303898.97668457031 7740.7180023193359 135412.859375 4783.6127014160156 13121.404632568359 103415.74993896484 6163.2499389648438 68283.468368530273 532392.17509460449 24760.448364257812 415919.87255859375 20880.982269287109 13737.899337768555 27267.683120727539 4343.4785614013672 44739.80908203125 3093.4716796875 3077.067138671875 4312.8904657363892 3562.8144207000732 40314.3740234375 617391.58076477051 9660.6277770996094 8190.4276123046875 7863.7107129096985 5370.7094202041626 9269.7431530952454 16465.563629150391 8084.6785316467285 11200.337219238281 10588.140777587891 3924.879638671875 1253971.5129241943 2733.8775787353516 1988.0535888671875 129616.13848495483 6279.1259498596191 741955.79443359375 3137.49951171875 1002839.1706542969 535322.93962621689 5000.6706504821777 10674.153553009033 4627.3316955566406 6811.1958427429199 4662.6735153198242 12077.331916809082 4917.1146850585938 4287.4444985389709 5608.716796875 350352.71009254456 8235.176290512085 217016.66498994827 3207.8635287284851 2980.2648162841797 2895.3259811401367 331219.6005859375 8109.1236877441406 10450.581268310547
leaf_count=996 1059875 36220 13174 1440 103023 2432 54660 1621 6976 36164 2069 25985 210624 7180 177789 10531 4670 6909 1335 16767 1059 962 1374 1242 15528 203800 3599 2700 2838 1996 3331 7245 2252 2461 2632 860 492969 1787 1079 35293 1903 271373 970 413471 145971 1267 2957 1279 1805 1427 3208 1482 1304 1595 92514 2158 113283 981 885 1324 102402 2309 3135
internal_value=3.0613e-06 0.000211403 0.00202328 0.00617467 0.000175665 0.00469248 -0.000335257 0.00951231 0.000100989 0.000988997 0.0017496 0.00232171 4.36062e-05 -0.000274604 -0.000755603 -0.000191882 -0.000452527 0.00119376 -0.00349459 0.000678365 -0.00178858 -0.0050822 -0.00689015 -0.0128297 0.00169812 -0.000380593 0.00424063 -0.000931147 0.00107851 -0.00281301 0.00195305 0.00351914 0.00016136 -0.000192595 -0.00172126 -0.00218102 0.000292905 -0.00383511 -0.000400084 -0.00190905 -0.00590001 0.00031746 0.000630544 9.1887e-05 6.45741e-05 -0.00226455 0.000770062 -0.00762521 -0.00148096 0.000153169 0.0042765 7.71883e-05 -0.000493452 -0.00653927 -0.000328771 -0.00517655 0.000983282 0.00432378 0.00591783 0.0108108 -0.00149844 -0.00343793 -0.00582801
internal_weight=1.0141e+07 6.27606e+06 121393 29699.7 6.15467e+06 26671.6 3.8649e+06 9661.14 5.63375e+06 341951 249819 198307 5.2918e+06 3.71007e+06 868121 493581 51512.3 33430.9 18081.4 91692.8 154830 19417 16323.5 6639.88 77660.9 1.14978e+06 77944.1 46953 120363 9683.6 17010.5 37346.5 4.14202e+06 1.12227e+06 161609 150408 3.01975e+06 17843.3 15109.5 146483 16867.3 3.0019e+06 1.25711e+06 1.74479e+06 960662 35198 22486 12712 17485.3 925464 16740 908724 373401 9896.16 363505 13152.3 520916 16947.2 13739.3 5875.59 374540 43320.2 18559.7
internal_count=3734450 2287163 42461 9820 2244702 8824 1447287 3061 2028396 122979 86759 71776 1905417 1385994 326119 211093 14983 8978 6005 32641 61293 6633 5574 2204 33304 414424 29584 15874 42192 3370 5763 17776 1490993 302368 43149 40688 1188625 9842 8055 39828 4535 1178783 493939 684844 259219 9560 6029 3531 4762 249659 4635 245024 99053 2899 96154 3640 216306 6028 5047 2209 115026 12624 5444
cat_boundaries=0 2 4 6 8 9 11 13 15 17 19 21 22 24 26 28 30 32 34 36 37
cat_threshold=3528388664 36 794832904 88 2426275184 1 3758306214 64 2148762017 3780817204 97 1753090724 72 451985416 52 2943107432 107 2729158658 30 781819924 85 1054721 512 8 67117986 18 3995865514 68 655364353 81 2266497040 2 2248159376 17 2207872 16 1067042
is_linear=0
shrinkage=0.03


Tree=58
num_leaves=64
num_cat=17
split_feature=7 5 10 5 19 1 18 19 2 1 18 2 1 1 12 10 1 1 10 18 1 12 19 19 16 1 8 2 1 1 14 15 16 19 10 1 10 1 1 10 17 14 2 12 11 8 10 1 8 8 14 2 10 18 19 14 1 1 2 18 2 8 19
split_gain=758.355 493.281 382.51 563.552 353.873 313.178 300.819 296.678 297.57 265.977 220.383 532.475 350.446 270.101 240.341 213.676 308.087 211.172 445.438 201.034 308.064 235.396 209.12 200.469 220.009 227.455 191.582 191.006 257.71 189.928 230.812 903.395 184.911 252.456 184.536 484.425 412.781 313.979 288.598 278.789 311.262 230.46 221.694 183.467 221.504 181.937 284.798 181.858 176.295 269.102 636.217 1769 303.844 260.481 334.81 343.76 235.59 192.762 172.161 171.608 160.592 204.015 159.979
threshold=-0.31932906806468958 1.2454595565795901 1.9644516110420229 -2.2323027849197383 0.95626643300056469 0 -0.3741172850131988 -0.89056834578514088 -0.92766210436820973 1 -2.0249447822570796 -0.92766210436820973 2 3 -0.36316962540149683 -1.5296894907951353 4 5 -0.91050890088081349 2.4210708141326909 6 -0.87385734915733326 0.42878660559654241 -0.1757514029741287 0.33465480804443365 7 2.6862729787826543 0.43170821666717535 8 9 -0.17343234270811078 1.3119027614593508 1.6058590412139895 -0.28366845846176142 -0.10356964543461798 10 -2.4594172239303584 11 12 1.5109481215476992 13 0.28698822855949407 -0.33488349616527552 -0.77205970883369435 -0.44955773651599878 0.87087279558181774 -2.4594172239303584 14 2.2560166120529179 1.1367687582969668 -0.17343234270811078 0.36596243083477026 -1.1444867849349973 0.67358705401420604 0.48429609835147863 0.28698822855949407 15 16 0.46665683388710028 0.67358705401420604 -0.13914056867361066 1.9408048391342165 1.6960514783859255
decision_type=2 2 2 2 2 1 2 2 2 1 2 2 1 1 2 2 1 1 2 2 1 2 2 2 2 1 2 2 1 1 2 2 2 2 2 1 2 1 1 2 1 2 2 2 2 2 2 1 2 2 2 2 2 2 2 2 1 1 2 2 2 2 2
left_child=2 6 4 -4 10 15 32 8 59 -5 11 12 -1 -13 19 16 58 -16 -19 23 21 -21 -23 29 25 -25 -15 28 -11 30 31 -12 -2 -34 35 48 37 43 39 -36 42 -39 -41 -37 -45 -7 47 -47 49 -8 51 -51 53 54 55 -52 -55 -56 -6 -3 61 -22 -30
right_child=1 7 3 9 5 45 34 -9 -10 27 14 13 -14 26 17 -17 -18 18 -20 20 60 22 -24 24 -26 -27 -28 -29 62 -31 -32 -33 33 -35 38 36 -38 41 -40 40 -42 -43 -44 44 -46 46 -48 -49 -50 50 52 -53 -54 56 57 -57 -58 -59 -60 -61 -62 -63 -64
leaf_value=0.012576284860370336 0.00024980573056357076 -0.0051965898677455158 0.014239220394801324 -0.0016213079911089104 0.0015214339030551656 0.0021923748462168925 4.2647091806852844e-05 -0.00075943878387393069 -0.00095097167744202771 0.013205999869140603 0.0017001026168780651 0.0025626889469260619 0.0028893357387958759 -0.0015288977873926734 0.0032249298381932393 -0.001338249708460994 -0.0090394474976853764 -0.0049591155905484427 0.001535340924753676 -7.9694036199371435e-05 0.0073337562432808003 0.0056474861397921988 0.015191366998828901 -0.00060957296889211309 -0.00069622722945088613 0.00050102197779897573 0.0024666450057203989 -0.0020898818793369032 0.0025484551789739097 0.00026461417055809828 0.00078882328939358366 0.017176761967145314 5.6012978736803827e-05 -0.0039602137639974918 -0.00013488699095168694 -0.0056057004434875999 -0.00029175523094832317 -0.0047618539223321264 -0.00069122643927461795 0.011370548763606922 0.00084935359471863356 -0.0134758598384243 0.0028574513299273784 -0.0064347223817056336 0.0048774195898656858 -0.0012907719467232274 1.255917985969033e-06 -0.011050008857839454 0.00013183312078386092 -0.0011738674289817157 -0.00081196492733975477 0.029280188591883676 0.0010026200783320471 0.011569213034718832 0.001460096577183308 0.009653748560141567 0.0034686029296501046 -0.0083815156963219211 -0.0052958265766486264 -0.013717139430157474 -0.0013598035326815529 -0.0020048572686276779 0.0097277676127274868
leaf_weight=6124.3713150024414 2061504.9326171875 5462.2429733276367 3731.3037109375 12367.158882141113 6825.2622756958008 30518.212524414062 107445.60791015625 878888.884765625 9754.4352416992188 2770.5201749801636 35255.369338989258 49857.157375335693 7481.4543685913086 41023.624339103699 46941.130218505859 75856.782592773438 8801.071044921875 10842.977294921875 76764.562866210938 4804.4337921142578 5282.610143661499 9240.457275390625 2661.4986114501953 221061.12377929688 317353.5400390625 665830.07862854004 14654.73192691803 4539.4493972063065 20161.563073992729 1031967.3930664062 468818.96073913574 3751.2632293701172 37943.062377929688 22398.011840820312 1024635.1302186847 4613.9241676330566 834514.7314453125 8570.4946746826172 1360003.185546875 4926.7079772949219 34472.345153808594 4011.2960968017578 6242.6324157714844 2110.0866098403931 5910.5216932296753 3337.3511123657227 81541.779541015625 3555.5834579467773 231969.94580078125 4418.6520671844482 4962.4199600219727 2801.8744144439697 147367.74272918701 6445.1873779296875 3858.9044799804688 6549.4929580688477 6535.9429931640625 3325.1101684570312 6509.3497848510742 3490.8862380981445 17402.059337615967 3495.5013866424561 3239.2508544921875
leaf_count=1765 766482 1766 1366 5019 2706 14940 39520 317438 3241 1313 18689 17588 2636 16157 17224 33876 4323 5309 40971 1781 1777 3648 1090 79604 88170 283776 4676 1803 7677 371801 149469 1211 7861 4543 410479 1980 349298 4439 457785 2087 15337 1321 2687 1466 2509 1519 32115 1221 63495 1601 1532 980 41272 1595 1267 1448 2183 975 2666 1134 6109 983 1516
internal_value=-3.15884e-06 -0.000183552 0.000369986 0.00306248 0.000331292 -0.000839283 -8.4461e-05 -0.000839027 -0.0045769 0.00209284 0.000414813 0.00167952 0.00726409 0.000959239 0.000363234 -0.00209496 -0.00468818 0.0016016 0.000731217 0.000303445 0.00234144 0.00552215 0.00778716 0.000271588 -1.83622e-05 0.000224199 -0.000477045 0.0035879 0.0045743 0.000498353 0.000973309 0.0031905 0.000201891 -0.00143498 -0.000243697 3.2624e-05 -0.000406031 -0.00418726 -0.000401217 -3.26922e-05 0.00226129 -0.00753829 0.00661 -0.000841914 0.00189923 0.000195335 -0.000493892 -0.00634713 0.000750018 0.00123827 0.00192793 0.0106557 0.00157567 0.00424105 0.00197333 0.00514392 0.00750508 -0.00310737 -0.00180583 -0.00852461 0.00030883 0.00361603 0.0035426
internal_weight=1.01395e+07 6.83513e+06 3.30437e+06 46809.2 3.25756e+06 216945 5.93754e+06 897596 18707.6 43077.9 3.04061e+06 119141 13605.8 105536 2.92147e+06 97992.5 22135.7 134549 87607.5 2.78692e+06 42886.6 16706.4 11902 2.74404e+06 1.20424e+06 886891 55678.4 30710.8 26171.3 1.53979e+06 507826 39006.6 2.12185e+06 60341.1 3.81569e+06 1.38541e+06 859731 25216.3 2.43028e+06 1.07028e+06 45641.7 12581.8 11169.3 12634.5 8020.61 118953 88434.7 6892.93 525681 293711 186265 7220.53 179045 31677.1 18695.9 11511.9 12981.1 7184.01 13334.6 8953.13 26180.2 8778.11 23400.8
internal_count=3734215 2507721 1226494 18694 1207800 93366 2184142 323579 6141 17328 1114434 42822 4401 38421 1071612 43571 9695 63504 46280 1008108 15388 6519 4738 992720 451550 363380 20833 12309 10506 541170 169369 19900 778886 12404 1405256 516881 361013 11715 888375 430590 20111 5760 4774 5955 3975 49795 34855 2740 155868 92373 52853 2581 50272 9000 5222 2980 3778 2242 5372 2900 8869 2760 9193
cat_boundaries=0 2 4 6 8 10 11 13 15 17 19 21 23 25 26 28 30 32
cat_threshold=1993635365 32 3250498 64 2451224696 2 85659347 54 1350574629 32 610723 3629165085 34 402895488 9 2281963536 1 2584513024 44 50933804 76 3431123458 34 2855714971 51 33703953 18874568 75 12324 8 16789508 72
is_linear=0
shrinkage=0.03


Tree=59
num_leaves=64
num_cat=12
split_feature=3 0 10 1 1 9 7 1 3 1 10 1 16 10 0 1 9 1 4 14 9 4 16 11 13 0 1 6 6 18 10 5 10 4 16 3 14 1 10 1 18 16 14 13 4 1 16 0 4 4 6 15 0 6 10 16 16 16 13 6 18 0 1
split_gain=783.429 488.506 483.376 611.922 480.596 366.43 341.398 304.948 266.932 256.495 372.184 1040.12 373.162 281.448 529.162 690.667 433.478 289.38 270.32 358.1 255.824 571.184 563.514 296.772 285.43 252.223 419.693 262.23 248.284 253.329 247.833 247.375 237.342 236.637 233.007 227.009 225.523 219.416 217.951 313.914 212.327 209.832 277.574 327.128 541.602 268.972 230.308 220.12 207.714 410.67 797.227 872.767 301.367 498.266 291.537 256.778 240.385 389.24 235.813 246.567 206.845 206.01 328.934
threshold=-0.36328999698162073 645.50000000000011 1.9644516110420229 0 1 -0.22357788681983945 -2.608445286750793 2 1.0976481437683108 3 -2.4594172239303584 4 0.30758938193321234 -0.081393532454967485 172.50000000000003 5 -0.36612948775291437 6 0.29658980667591101 0.56028988957405101 -0.78547245264053334 -0.58848163485527027 -1.0000000180025095e-35 1.2220083475112917 0.072011616080999388 929.50000000000011 7 -0.52425202727317799 -0.84777697920799244 -0.95427399873733509 -2.4594172239303584 -2.2323027849197383 -1.1444867849349973 -0.84932526946067799 0.047622898593544967 0.88042959570884716 -0.14879423379898069 8 0.45254229009151464 9 -2.3239542245864864 -0.077566701918840394 0.39361193776130682 -0.53738322854042042 0.92175588011741649 10 0.30758938193321234 127.50000000000001 0.063367111608386054 0.60955399274826061 0.26413233578205114 -0.13259854167699811 247.50000000000003 -0.20806440711021421 -0.67963284254074086 0.91046038269996654 0.070067431777715697 0.083984464406967177 0.75917875766754161 0.038491683080792434 0.87604054808616649 789.50000000000011 11
decision_type=2 2 2 1 1 2 2 1 2 1 2 1 2 2 2 1 2 1 2 2 2 2 2 2 2 2 1 2 2 2 2 2 2 2 2 2 2 1 2 1 2 2 2 2 2 1 2 2 2 2 2 2 2 2 2 2 2 2 2 2 2 2 1
left_child=2 9 5 -4 25 31 -5 -8 -6 13 11 12 35 14 15 18 20 48 -2 28 21 -17 -23 41 -24 40 -27 -28 -20 -30 33 38 -31 -19 -35 -11 -33 -7 -1 -40 -3 47 43 44 45 -43 -45 -22 56 50 52 -52 53 54 -50 -54 -16 -58 59 -59 -44 -38 -63
right_child=1 4 3 6 8 37 7 -9 -10 10 -12 -13 -14 -15 17 16 -18 30 19 -21 23 22 24 -25 -26 26 27 -29 29 32 -32 36 -34 34 -36 -37 61 -39 39 -41 -42 42 60 46 -46 -47 -48 -49 49 -51 51 -53 55 -55 -56 -57 57 58 -60 -61 -62 62 -64
leaf_value=0.0012003570164851487 -0.001396072462485279 0.0030033989314900795 0.013532023065505383 0.011126063247980208 -0.00076251573517313479 0.0019394558242807527 -0.0023340180485788768 0.0031899497581515594 -0.0020625272690988419 0.0011522168504949769 -0.00017633188249260368 -0.0086641037121343474 0.0078111725338963055 -6.4069987069332153e-05 -0.00091300849767061455 -0.00020583614198920025 -0.0049989105100812347 -0.012494314332917247 0.0088225088985779791 -0.007334506814552803 0.0030403113188920586 0.022373640473001145 0.0027372477840523633 0.010860928615001363 0.013852758872494528 -0.00046170556996903526 0.0050342089797206233 0.00096850576274717243 0.0084179725433999857 -0.0059145870408412547 -0.00021872149406279535 0.00090504682971240692 0.0020552993718720705 -0.0073899371279659305 0.00293439021394878 -0.010320124559406119 0.00022274899756441835 0.00041319036665897366 0.011531708067393088 0.0017768357519670687 -0.000292474122164525 0.0032693862008109755 0.0046578719951145594 0.002623295784764521 0.0229703421343222 0.015317965004088338 0.011343684069637929 -0.004010888902962367 0.018594942972563217 0.00057599528245050812 0.0017571821168441235 0.021765049164683709 0.00018721643320562112 -0.0015800615808801578 0.0057724352843639979 0.0057110502819905035 0.0094346143718867983 0.0020913848598123641 -0.0026038784097690238 -0.0016271782288145645 -0.0025096188658022345 -0.0014697338062796437 0.0001109760381897707
leaf_weight=62218.186584472656 48320.383697509766 17897.13916015625 4751.35888671875 3574.1005401611328 1098826.736328125 191486.39758300781 13040.515804290771 28916.755237579346 163271.1171875 5734.0185012817383 2259370.59765625 16355.657653808594 6379.574348449707 1263153.1650257707 102494.24853515625 5781.3240203857422 4827.6569213867188 2721.8443670272827 5565.1138553619385 3277.6675262451172 9223.1725783348083 3060.0299253463745 4989.9953317642212 4592.5293426513672 3563.1110496520996 63726.09716796875 29679.271179199219 27514.268371582031 4345.9218578338623 4195.5952072143555 342968.43408203125 337683.55386352539 16858.392074584961 3935.2385985851288 3925.2373468875885 2123.1518402099609 1877792.1763000488 152143.12530517578 4817.0720977783203 7739.6207122802734 1014405.3393554688 6739.3350219726562 6073.0002317428589 26784.061823129654 2170.1621170043945 2211.1279587745667 3030.4600474834442 7007.272705078125 3115.561279296875 148399.46484375 3701.448974609375 4173.1340942382812 39882.299896240234 3893.1572780609131 3279.6092929840088 9344.5047607421875 4806.0113525390625 74646.522735595703 16388.674499511719 20438.985015869141 8969.1261596679688 184394.14553833008 331402.64779663086
leaf_count=21584 16879 7418 1783 1409 354860 64042 4865 11713 58845 2719 866267 7331 1608 430199 38725 2041 1787 1193 1913 1127 4436 1232 1692 1004 906 21416 15736 11649 1378 1367 132196 198632 5109 1760 1670 1203 643245 79863 1763 2582 410499 4003 1347 9118 1243 772 927 3342 1090 44119 798 1331 13818 948 1076 1804 1653 23355 3038 4670 2013 63941 111911
internal_value=-2.61227e-06 -0.000181712 0.00038571 0.00330376 -0.000526182 0.000339119 0.00223158 0.00147321 -0.000930692 2.24625e-06 -0.000220839 -0.00350737 0.00242222 0.000231037 0.000615451 0.00207542 0.0037646 0.000279056 4.89279e-05 0.00208791 0.00421439 0.0074994 0.0113337 0.00346993 0.00737321 -8.34709e-05 0.00121282 0.00307803 0.0030863 0.00182801 -0.000358267 0.000225883 0.00046605 -0.00487898 -0.00223575 -0.00195241 0.000179275 0.00126378 0.0019282 0.00553275 -0.000235319 0.00299913 0.00386987 0.00515033 0.00954072 0.00627352 0.00351142 -4.2456e-06 0.000797555 0.00145797 0.00339998 0.0123674 0.00221254 0.00688092 0.0120289 0.00123625 0.000146171 0.00107978 0.000719165 0.00129202 0.000384719 7.68821e-05 -0.000454153
internal_weight=1.01381e+07 6.93814e+06 3.19996e+06 50282.7 2.41532e+06 3.14968e+06 45531.4 41957.3 1.2621e+06 4.52282e+06 2.28996e+06 30592.4 14236.7 2.23285e+06 969700 181585 99022.4 788114 82563.1 34242.7 94194.7 17394.5 11613.1 76800.2 8553.11 1.15322e+06 120920 57193.5 30965 25399.9 353551 2.80605e+06 21054 10582.3 7860.48 7857.17 2.73127e+06 343630 74774.9 12556.7 1.0323e+06 72207.7 55977.3 40935.1 11120.6 8950.46 29814.5 16230.4 434564 215789 67389.7 7874.58 59515.1 10288.3 6395.17 49226.8 218774 116280 111474 95085.5 15042.1 2.39359e+06 515797
internal_count=3733963 2526630 1207333 19770 880423 1187563 17987 16578 413705 1646207 879128 12861 5530 767079 336880 63636 35863 273244 27773 10894 34076 5871 3830 28205 2598 466718 48801 27385 9767 7854 136819 1043658 6476 4623 3430 3922 1017729 143905 25929 4345 417917 27201 19423 16063 6018 4775 10045 7778 136425 64984 20865 2129 18736 3114 2166 15622 71441 32716 31063 28025 3360 819097 175852
cat_boundaries=0 1 3 5 7 9 11 13 15 17 19 20 22
cat_threshold=168034320 385795161 37 269561955 32 2198251583 108 15290880 2 2181433352 72 50604072 68 68027473 1 2175104 16 2522505304 1 16818192 1107649238 58
is_linear=0
shrinkage=0.03


Tree=60
num_leaves=64
num_cat=14
split_feature=5 2 0 18 7 18 1 19 1 0 2 1 12 1 1 6 15 16 13 6 15 10 15 13 6 1 10 1 16 0 4 16 10 0 6 1 4 3 0 4 12 16 4 16 4 1 2 1 19 1 4 4 1 10 4 1 10 10 18 19 3 1 3
split_gain=762.619 605.025 1086.73 854.72 604.486 554.294 446.373 416.857 631.674 382.013 594.491 371.338 336.277 398.815 352.275 587.729 2971.23 452.995 972.304 1492.06 4112.74 285.545 438.746 1085.33 1075.39 279.938 265.226 455.703 263.116 345.336 298.348 256.598 269.657 252.002 246.887 243.238 284.342 238.969 243.733 221.656 553.272 261.696 220.298 211.558 211.137 250.564 240.136 250.194 297.066 372.308 213.1 317.736 376.562 284.111 210.056 206.159 207.932 249.751 221.904 204.83 201.92 199.332 194.771
threshold=-0.9160063862800597 -1.3179268240928648 172.50000000000003 1.6490134596824648 0.38470408320426946 -1.6429651975631712 0 0.17122810333967212 1 803.50000000000011 -0.8156110644340514 2 -0.66468688845634449 3 4 0.63447225093841564 -1.6671278476715086 0.33465480804443365 -0.88972625136375416 0.078283395618200316 -1.8840259313583372 -0.17384537309408185 1.1007310152053835 1.2035079598426821 -0.37335526943206782 5 -2.4594172239303584 6 1.6058590412139895 845.50000000000011 0.29658980667591101 0.28067632019519811 -0.82187929749488819 745.50000000000011 -0.20806440711021421 7 0.64131778478622448 1.4770151972770693 760.50000000000011 -1.1608449816703794 -0.49577291309833521 0.33465480804443365 -1.0000000180025095e-35 0.46173781156539923 -1.7580090165138242 8 0.087593872100114836 9 0.95626643300056469 10 -1.4865158200263975 -1.6296737790107725 11 -0.51546403765678395 1.9444987177848818 12 1.5109481215476992 -0.38850553333759302 2.4210708141326909 -0.23102921992540357 -1.3307987451553343 13 -1.7563155889511106
decision_type=2 2 2 2 2 2 1 2 1 2 2 1 2 1 1 2 2 2 2 2 2 2 2 2 2 1 2 1 2 2 2 2 2 2 2 1 2 2 2 2 2 2 2 2 2 1 2 1 2 1 2 2 1 2 2 1 2 2 2 2 2 1 2
left_child=1 2 3 -1 12 6 -4 35 34 55 11 -11 14 21 15 17 -17 18 19 20 -2 22 39 24 -24 54 27 43 44 -30 -31 -25 -33 -8 -9 36 -7 38 -37 40 41 -14 -29 -15 45 -3 62 -48 50 -50 51 -49 53 -53 -12 -6 57 -57 -58 -43 61 -16 -46
right_child=4 28 5 -5 9 7 33 8 -10 10 25 -13 13 26 60 16 -18 -19 -20 -21 -22 -23 23 31 -26 -27 -28 42 29 30 -32 32 -34 -35 -36 37 -38 -39 -40 -41 -42 59 -44 -45 46 -47 47 48 49 -51 -52 52 -54 -55 -56 56 58 -59 -60 -61 -62 -63 -64
leaf_value=0.0016818424106695466 0.0015178591834643486 -0.0026681127774141099 0.011740586111885451 0.02148473962894477 -0.00064407815777023662 0.0038841099942754078 0.0090601382911292393 0.016652493790605474 0.00079346359747016688 -0.0068504498333099347 -0.00010025921474571106 -0.0022890039559866466 0.002880270300038248 -0.0063893486213793512 -0.00020675829702046075 -0.029988175212027283 -2.1131951479925107e-05 -0.00016473523064352265 -8.0247514823816098e-05 -0.0018297924229506277 -0.049131275559086945 0.00045080226471411053 0.0041476847307330223 -0.00092359485326495806 0.023326890168013818 -0.0015021321483663236 6.7673523152564401e-05 -0.0049784233483071271 -0.00047031185146721027 -0.011060873677943691 -0.0014697870832207994 0.0089405549228863193 0.0012216323848662151 -0.001024023330842411 0.0048725336308780729 0.00084941533571312544 -0.0050175393052636456 -0.0099794984787492328 -0.004325416732226221 0.00073860607182653327 -0.0015163658756798164 0.014438802787626326 0.0050052289745881259 -0.018359340365883752 0.0043360627207395738 7.2537818549406913e-05 0.0010026083674525236 0.0010759326463274557 -0.0070939216804608712 -0.00093762632498674238 0.00026688080600185976 -0.016713296665157445 -0.0012548166052125753 -0.0051078031865055377 0.0063862017040012802 0.00079908979294957992 0.0026593864698516863 -0.00038396219517179312 -0.0062296002005399424 0.0062548032389462167 -8.1366200878934302e-05 0.0022771618372897672 0.00089580952445147445
leaf_weight=3346.6909637451172 3148.9334106445312 39131.69287109375 8189.7486152648926 4737.7472839355469 980942.9736328125 15856.940968990326 3325.6899037361145 4022.752049446106 14387.736976623535 23707.084716796875 172743.72814941406 49892.239501953125 14615.056793212891 4089.4982752799988 52065.277709960938 3800.9158935546875 13685.041137695312 171891.63354492188 23610.873229980469 8228.97900390625 2657.719482421875 407656.140625 5838.5848236083984 16170.713562011719 4788.6256256103516 240825.15844726562 951230.41302698851 3551.3388013839722 55556.476928710938 5689.6611404418945 5992.245231628418 6866.0900268554688 10007.969848632812 6748.3127017021179 2667.0900068283081 19644.848944664001 4050.6448845863342 3120.9412841796875 14043.578072547913 188397.08949279785 14959.513626098633 3939.477954864502 4509.1389589309692 1970.5083394050598 15120.267578125 128822.1404132843 299988.298828125 15713.3046875 10762.857360839844 49270.244598388672 699194.2788066864 3136.8661956787109 11935.719148635864 4814.4321441650391 4608.2657470703125 206946.3974609375 38083.1328125 717019.4619140625 2702.5341796875 9164.361644744873 3547901.8374023438 65843.345825195312 713875.72891044617
leaf_count=1296 1733 14822 2777 1641 360600 4992 1059 1712 5316 6511 74573 20102 6950 2502 19815 1131 4101 56018 12131 3453 1584 144923 1286 3841 1121 79589 437357 1649 11530 1171 1192 1039 1606 2228 818 6811 1173 1182 5068 71019 6370 1079 2007 776 5945 49838 112238 6665 4221 21516 261497 1138 4567 1966 1899 80571 14755 267893 925 2387 1226859 26152 253407
internal_value=2.51848e-06 0.000502133 0.00273297 0.0132931 -0.000132946 0.00184357 0.00654612 0.000739205 0.00434103 -0.000526653 -0.00127369 -0.0037599 4.02581e-05 0.000399493 -0.000111799 -0.00125853 -0.00654177 -0.000817562 -0.00379791 -0.0100496 -0.0216867 0.000954597 0.00170212 0.00445959 0.0127967 -0.000836076 7.07771e-06 -0.00407355 0.000389293 -0.00145641 -0.00614385 0.00177683 0.0043642 0.00230558 0.0119454 -0.000599596 0.00207102 -0.00204404 -0.00130812 0.00118088 0.00313293 0.00564191 0.000605455 -0.0102766 0.000451604 -0.000566223 0.000545336 0.000264435 -1.41881e-05 -0.00204318 0.000151594 -0.00211237 -0.00463119 -0.00968174 6.84546e-05 -0.000337836 -2.64451e-05 -0.000118984 0.00206969 0.00871977 -4.0776e-05 0.00118054 0.000967194
internal_weight=1.01412e+07 2.16315e+06 104143 8084.44 7.97806e+06 96058.3 18263.8 77794.5 21077.6 2.43747e+06 491776 73599.3 5.54059e+06 1.64775e+06 3.89283e+06 227024 17486 209538 37646.5 14035.6 5806.65 682404 274747 43672 10627.2 418177 965351 14120.5 2.059e+06 67238.4 11681.9 33044.8 16874.1 10074 6689.84 56717 19907.6 36809.4 33688.4 231075 42678.4 27718.9 8060.48 6060.01 1.99177e+06 167954 1.82381e+06 1.09482e+06 794828 60033.1 734795 35600.3 19887 7951.3 177352 1.94569e+06 964752 923966 40785.7 13103.8 3.66581e+06 117909 728996
internal_count=3734093 787786 36073 2937 2946307 33136 6064 27072 7846 907418 182674 26613 2038889 685912 1352977 80151 5232 74919 18901 6770 3317 241621 96698 8893 2407 156061 444291 6934 751713 13893 2363 6486 2645 3287 2530 19226 6165 13061 11879 87805 16786 10416 3656 3278 737820 64660 673160 413808 301570 25737 275833 14336 7671 3104 76472 724744 364144 348464 15680 3466 1272826 45967 259352
cat_boundaries=0 2 4 6 8 9 11 13 15 17 19 20 21 23 25
cat_threshold=3276200232 46 2893547520 36 3255315232 10 3492470048 4 1073746432 362990684 116 248513088 17 1209333764 72 1090523170 120 268797569 44 77076480 2365210628 2496327232 92 2536000814 96
is_linear=0
shrinkage=0.03


Tree=61
num_leaves=64
num_cat=18
split_feature=7 3 10 5 5 2 1 8 3 6 2 1 1 3 19 18 1 4 1 18 1 4 4 1 1 10 1 2 1 2 1 18 12 1 5 10 14 14 9 1 19 1 14 1 6 12 15 6 6 9 19 18 8 6 1 1 10 1 9 6 9 10 6
split_gain=729.485 622.052 476.587 437.583 433.328 340.338 307.341 293.631 283.807 276.909 400.136 245.926 237.584 228.072 229.2 229.554 232.051 225.11 246.794 202.436 241.942 196.311 1323.63 4726.87 195.596 193.459 392.565 203.597 191.783 189.292 212.387 178.855 196.631 177.142 176.069 173.446 350.519 171.047 166.408 166.022 165.338 307.632 199.733 179.001 168.265 164.747 321.889 882.682 208.003 329.207 162.161 236.447 159.943 158.437 165.106 158.014 157.678 156.763 154.528 1120.88 153.588 147.701 180.957
threshold=-0.72022336721420277 1.7527557015419009 1.9644516110420229 -2.2323027849197383 0.50292018055915844 -1.0736950039863584 0 0.97941589355468761 -0.43408909440040583 -2.105982661247253 -0.084403350949287401 1 2 -1.4934133291244505 -0.45233324170112604 -1.3812113404273985 3 -1.9714598059654234 4 -0.63981905579566944 5 0.55193653702735912 0.60955399274826061 6 7 -1.1444867849349973 8 0.17018186300992968 9 -0.58239096403121937 10 -1.3812113404273985 -0.73019990324974049 11 -1.4421188831329343 -0.67963284254074086 0.30951140820980078 0.68432936072349559 -0.75250649452209462 12 0.62885972857475292 13 0.7580358386039735 14 -2.105982661247253 -0.7236138880252837 1.3119027614593508 0.26413233578205114 -0.61498904228210438 -0.45161879062652582 -0.19476144760847089 1.2956186532974245 3.5268174409866337 -0.75956422090530384 15 16 1.5109481215476992 17 -0.27023659646511072 0.14920666813850406 -0.38845841586589808 0.18715602159500125 1.0277248024940493
decision_type=2 2 2 2 2 2 1 2 2 2 2 1 1 2 2 2 1 2 1 2 1 2 2 1 1 2 1 2 1 2 1 2 2 1 2 2 2 2 2 1 2 1 2 1 2 2 2 2 2 2 2 2 2 2 1 1 2 1 2 2 2 2 2
left_child=2 4 13 -4 8 7 -5 -3 40 10 -7 21 -9 14 15 16 -1 18 37 20 -19 -10 23 -23 -16 26 27 -15 -11 31 -31 -28 -33 -25 56 36 -24 -6 -29 45 43 -42 53 -2 52 58 -47 48 49 -48 51 57 -45 54 -43 -27 -13 -14 -21 -60 -44 -57 -63
right_child=1 5 3 6 17 9 -8 12 11 28 -12 34 50 25 24 -17 -18 19 -20 39 -22 22 35 33 -26 55 29 38 -30 30 -32 32 -34 -35 -36 -37 -38 -39 -40 -41 41 42 60 44 -46 46 47 -49 -50 -51 -52 -53 -54 -55 -56 61 -58 -59 59 -61 -62 62 -64
leaf_value=0.015519694606285175 0.00013739035133656684 0.0028285795239989457 0.014242077080653885 -0.00010591688286541778 0.0015566080984485589 -0.01653641418729063 0.005786217587682321 -0.01183562940335397 -8.4137131288647838e-05 -0.0039688620793534414 -0.00023922208794182958 0.00078771857193578939 -0.0082740911061796128 -0.00068343653346099082 -0.0018845504969808116 0.0024268734883892825 0.0044042664793958568 0.0011382934582651321 -0.00022399877482511164 -0.0011388072389019121 -0.0003415268802103003 -0.034834831985432746 0.00058621870880235807 0.00084148863797348051 0.0023688965166993132 0.00082328894725127821 0.0076848674640553382 0.00028566864629271508 -0.00047397002111757177 0.0013434730424386177 -0.0011670419991298413 -0.0026044917801072167 0.0051144554665642191 -0.0042490913510636434 5.6622531677029315e-05 -0.00026834600898823353 -0.0037802480311518736 0.0062437938106895173 -0.0066174341801857025 -0.00035592079967835659 0.00086496291943743216 -0.0082254419190087389 -0.00912348025309896 0.001972445360185762 0.0007605030827031895 -0.00078288684525813855 0.00067111424414264794 0.014903257629694274 -0.00041867430013503332 0.01125791732385271 0.0008137084592749023 -0.013155087923524267 0.0090908055772411043 -0.0002684796658898615 -0.0018662694667989366 0.000544047772821519 0.004790163177685886 0.00066992136449538838 0.0015327666511733191 -0.021330053444883812 -0.0024740082255509761 -0.00018786339084148258 -0.0043638710591672224
leaf_weight=3080.2875785827637 617549.53674316406 3286.2370567321777 3392.111328125 15549.369407653809 56753.069244384766 2599.6481781005859 16334.054420471191 6001.40025806427 1015636.8226318359 17156.418754935265 2828.4141998291016 206953.28674316406 3270.7873256206512 14880.865509033203 13706.000305175781 10957.684875488281 3796.9729194641113 144716.40185546875 103993.63842773438 541345.95593261719 317695.64300537109 4605.810791015625 29224.001480102539 12022.601318359375 33459.273803710938 788412.80139160156 5344.9061889648438 3883.3527221679688 79882.969794869423 48762.052932739258 80170.252853393555 6218.8139495849609 5676.8405303955078 12580.7744140625 1944545.1514139771 522267.38578796387 38131.786560058594 7990.2610778808594 16468.486846923828 1313648.0728759766 82693.036010742188 4757.983304977417 5148.9653720855713 9276.7492218017578 787121.93029785156 268877.04388427734 8217.7469940185547 4221.2099609375 39308.279388427734 3892.6581878662109 3581.5372705459595 3342.4754867553711 4092.3852996826172 57058.192529678345 16081.616157531738 455913.27966308594 9250.0029296875 3809.8890182971954 6743.3352355957031 2698.4129333496094 7960.2300624847412 268524.4384765625 9670.404296875
leaf_count=939 232736 1476 1258 5805 25379 962 6984 2072 398673 7548 1187 70443 892 7625 5415 4083 1348 65726 36520 177762 101917 2057 15549 4647 13654 302303 1609 2309 31819 14298 31770 1983 1987 4045 677832 186806 11566 1927 8741 487432 34935 1568 1485 4181 290164 113840 2833 1670 8632 482 1211 1028 1381 24874 9327 165222 3015 1357 2382 1181 2336 98225 2335
internal_value=6.51513e-06 -0.000111904 0.000553439 0.00400596 -7.98171e-05 -0.00220579 0.00291487 -0.00547878 7.79064e-05 -0.00146156 -0.00805243 -6.3113e-05 -0.00684372 0.000484579 0.00222861 0.00512512 0.00941941 -0.0003811 0.000681354 -0.000448718 0.000121622 -0.000340775 -0.000761974 -0.0069951 0.0011329 0.000418042 -0.000508024 -0.00334986 -0.00109249 0.000177266 -0.000217539 0.00312909 0.00107974 -0.00176255 0.000146922 -0.000453136 -0.00188584 0.00213518 -0.0053005 -0.000569201 0.000414141 -0.000459455 -0.00166277 0.000521151 0.000817194 -0.000889271 -0.000353078 0.00172384 0.000640531 0.00407728 -0.0046893 -0.00658418 0.00415401 -0.00108624 -0.00332463 0.000528383 0.000959065 -0.00347525 -0.0012052 -0.00500916 -0.00508824 0.000211643 -0.000333103
internal_weight=1.0137e+07 8.33282e+06 1.8042e+06 35275.5 8.20706e+06 125760 31883.4 23292.3 5.38696e+06 102467 5428.06 3.79522e+06 20006.1 1.76893e+06 65000.2 17834.9 6877.26 2.8201e+06 168737 2.65136e+06 462412 1.63447e+06 618832 29209.2 47165.3 1.70393e+06 181406 35232.7 97039.4 146173 128932 17240.6 11895.7 24603.4 2.16075e+06 589623 67355.8 64743.3 20351.8 2.18895e+06 1.59174e+06 173700 91007 1.41804e+06 800491 875305 324517 55639.9 51418.7 12110.4 14004.7 10423.2 13369.1 77897.8 20839.6 1.52252e+06 216203 7080.68 550788 9441.75 13109.2 734108 278195
internal_count=3732748 3054855 677893 14047 3005303 49552 12789 8036 1977620 41516 2149 1374633 6560 663846 25439 6370 2287 1027683 63826 963857 167643 623343 224670 10749 19069 638407 70322 18675 39367 51647 46068 5579 3970 8692 751290 213921 27115 27306 11050 796214 602987 74525 39590 528462 295726 308782 127457 13617 11947 3315 4488 3277 5562 35769 10895 568085 73458 2249 181325 3563 3821 265782 100560
cat_boundaries=0 2 4 6 8 10 12 14 16 18 20 22 24 26 28 30 32 34 36
cat_threshold=546413922 101 3781718976 27 4098514944 18 3595231278 6 3143994049 32 660626504 49 1073742336 2 587219006 80 3827564628 16 338724363 16 134808451 14 19415488 16 1422421573 4 2500699505 7 3546940794 96 1207964164 64 3426540600 60 35115 65
is_linear=0
shrinkage=0.03


Tree=62
num_leaves=64
num_cat=16
split_feature=3 0 1 7 0 6 0 1 3 0 1 3 1 18 0 1 4 1 19 0 1 12 6 1 1 4 13 19 1 14 12 14 19 4 0 8 1 4 19 1 13 13 1 19 11 6 0 6 6 3 14 11 8 16 8 4 4 1 1 12 0 1 0
split_gain=711.512 443.641 392.55 324.51 257.976 373.009 734.728 284.876 248.402 317.297 263.933 244.874 242.619 235.683 272.259 816.597 378.053 383.49 353.57 346.438 1011.89 377.087 302.343 289.525 278.085 276.676 417.623 329.485 271.843 597.791 291.378 308.452 304.446 361.462 394.466 410.836 283.285 265.393 287.929 332.352 261.198 233.853 227.6 312.456 226.926 353.501 221.687 221.375 423.714 219.627 215.196 207.975 244.83 550.281 425.205 408.085 517.533 355.111 204.686 255.894 203.653 610.802 271.102
threshold=-0.19266438484191892 645.50000000000011 0 -0.93955636024475087 831.50000000000011 0.81279775500297557 942.50000000000011 1 -1.7563155889511106 172.50000000000003 2 1.3157522082328799 3 -0.63981905579566944 112.50000000000001 4 1.6692219376564028 5 -0.094626162201166139 157.50000000000003 6 -1.0883173942565916 -1.3860352635383604 7 8 0.92175588011741649 -0.69766697287559498 0.17122810333967212 9 0.7580358386039735 -0.70443242788314808 -0.17343234270811078 0.2833652943372727 -1.4085317850112913 97.500000000000014 2.8997081518173222 10 -0.84932526946067799 0.82401347160339367 11 0.97912776470184337 -0.16083681583404538 12 0.32682363688945776 0.14240069687366488 0.18170946091413501 915.50000000000011 0.11416999995708467 -0.13557609915733335 0.88042959570884716 0.15688692033290866 1.4778682589530947 1.7568544149398806 0.17303602397441867 0.59340763092041027 0.32278256118297582 0.64131778478622448 13 14 -0.53143897652626026 157.50000000000003 15 97.500000000000014
decision_type=2 2 1 2 2 2 2 1 2 2 1 2 1 2 2 1 2 1 2 2 1 2 2 1 1 2 2 2 1 2 2 2 2 2 2 2 1 2 2 1 2 2 1 2 2 2 2 2 2 2 2 2 2 2 2 2 2 1 1 2 2 1 2
left_child=3 13 -3 8 -5 7 12 46 9 -1 -11 50 -7 60 15 18 28 -18 -15 20 21 -16 -23 -21 25 26 27 -22 29 44 32 -32 40 -34 35 -35 -36 -33 58 -40 -30 47 43 -13 45 -17 -6 48 -28 -20 -4 52 53 55 -55 -26 -57 -54 59 -39 61 -2 -63
right_child=1 2 11 4 5 6 -8 -9 -10 10 -12 42 -14 14 19 16 17 -19 49 23 24 22 -24 -25 51 -27 41 -29 30 -31 31 37 33 34 36 -37 -38 38 39 -41 -42 -43 -44 -45 -46 -47 -48 -49 -50 -51 -52 -53 57 54 -56 56 -58 -59 -60 -61 -62 62 -64
leaf_value=0.012022874531233695 -0.0033484839270953998 -0.00010511227733112606 -0.00025086560441014408 0.0003032926656757124 -0.00023201084197536486 -0.0078398122589794974 -0.013442846212681138 -0.00088401708817339693 0.00081095736842060734 -0.0023576459416602231 0.0043547818655548494 -0.0021175778034462724 0.00036796328098362001 0.0010951520748024933 -0.011527847548764944 0.0069421740256554922 -0.010340356677890397 0.0037600762979403072 -0.00151408078586738 0.00025122740783061571 0.00049158973466846014 -0.0075552959537229201 -0.0025828407035305809 -0.00038770540845343391 -0.0028867004389700208 0.0064963840121358097 0.0035629792862194036 -0.015353238600731249 0.00030861190220698797 0.012699250600803527 0.013448410984460953 -0.00072905175467571199 0.013755250174214716 0.0013305724729675064 0.0029252873550480872 0.012802733674161904 -0.0091837171085894231 0.013610915757410812 0.005315794307249177 -0.010347284349591125 -0.0055617980733661679 -0.00045402064876670103 -0.0030997542558870487 0.0052684611033306647 -0.0011904908400878164 -0.0021308113616237945 0.00163391226875499 -0.00088649660852896351 0.017025518300969798 -0.0053358092651392755 -0.0011265355201865574 0.0048974464095777335 -0.0073446104751674892 0.015656460198369145 0.0025532299758117983 0.013684658622610946 0.00031897237419828227 -0.0012034580083110421 0.0038795028274982604 0.0025345594746746594 0.00061662307091151544 0.0038821264332562057 -0.00024844082057751387
leaf_weight=3559.1582641601562 47284.038940429688 942247.037109375 407855.00354003906 2919988.005859375 140015.22244262695 4023.5021777153015 5683.439208984375 277935.63595581055 561021.947265625 7307.6178283691406 18854.714141845703 16029.510894775391 16419.387714862823 36510.727600097656 5372.545654296875 14930.237458229065 4248.0268936157227 2920.9535140991211 49177.44580078125 1090593.7868652344 2356.9312863349915 12969.731565475464 72595.272096633911 1538999.8723144531 31937.630052447319 10047.591278076172 8199.8951251506805 2362.0733604431152 46492.500326156616 6847.176399230957 2768.9489440917969 11467.012147903442 2767.6915435791016 7913.9874634742737 3255.2406311035156 4351.8657164573669 3707.7053527832031 5579.8570556640625 2655.9458694458008 2229.3857498168945 7989.2826194763184 15730.260081768036 78982.478515625 7592.0769958496094 8751.2425994873047 5211.4693670272827 97003.322265625 4479.3482189178467 2827.1941063404083 18670.471130371094 663438.01403808594 5801.232421875 10367.670959472656 3276.3445205688477 6956.9537734985352 3224.0381356477737 13543.604911804199 46198.791826248169 13250.497489929199 2831.6580632925034 709263.7548828125 21608.836059570312 42263.2255859375
leaf_count=1383 15465 388225 149679 1087445 58345 1202 1513 94792 208784 2871 7119 4991 4241 11729 1700 8335 1406 1316 17132 390431 954 7203 25585 569040 13744 3377 3834 1049 15523 1786 1754 4641 1121 3351 1327 1553 1331 2147 1246 958 2849 4824 29864 2511 2702 2141 40076 1636 1055 7044 199969 1684 3458 1397 2140 1354 5029 15261 5523 954 259306 7920 15675
internal_value=-5.33202e-06 -0.000210321 -0.000561187 0.000302719 0.0001918 -0.000409878 -0.00390652 -0.000232438 0.000952571 0.00362508 0.00248055 -0.000927252 -0.00125264 -2.34289e-05 -0.000141308 0.000779861 0.00212519 -0.00460578 -0.00128504 -0.000225689 -0.00127419 -0.00382105 -0.00333695 -0.000122716 0.000110395 0.00209609 0.000866302 -0.00744731 0.00244085 0.0047311 0.00174208 0.00378993 0.000650088 0.00362856 0.00216778 0.0054044 -0.00353359 0.00308473 0.0047319 -0.0018455 -0.000552664 0.00212325 -0.0023273 0.00025683 0.00284254 0.00459468 0.000531642 0.00473703 0.00702074 -0.00256606 -0.000793159 -0.00064281 -0.000921324 0.000431783 0.00675402 -0.000897119 0.0028922 -0.00233109 0.00621536 0.00987415 0.000429507 -0.000764418 0.001149
internal_weight=1.01407e+07 6.08893e+06 2.11614e+06 4.05181e+06 3.46107e+06 541081 26126.3 514954 590743 29721.5 26162.3 1.1739e+06 20442.9 3.97279e+06 3.15237e+06 264529 160171 7168.98 104359 2.88784e+06 258247 90937.5 85565 2.62959e+06 167310 46003.3 35955.7 4719 153002 35740.1 117262 40783.3 76478.3 21996.5 19228.8 12265.9 6962.95 38014.4 26547.3 4885.33 54481.8 31236.7 102604 23621.6 28892.9 20141.7 237019 15506.4 11027.1 67847.9 1.07129e+06 121306 115505 58938.6 10233.3 48705.3 16767.6 56566.5 21662 8411.52 820420 111156 63872.1
internal_count=3734000 2226229 775239 1507771 1287614 200169 6956 193213 220157 11373 9990 387014 5443 1450990 1152624 97869 61964 2722 35905 1054755 95284 34488 32788 959471 60796 16729 13352 2003 59242 14964 44278 17223 27055 8683 7562 4904 2658 15469 10828 2204 18372 11349 37366 7502 13178 10476 98421 6525 4889 24176 349648 44067 42383 23664 3537 20127 6383 18719 8624 3101 298366 39060 23595
cat_boundaries=0 2 4 6 7 9 11 13 15 17 19 21 23 25 27 28 30
cat_threshold=385795161 33 2499629257 45 1631653680 40 2248152070 664416264 81 3221491637 8 927551808 17 789852472 69 1073906182 2 3221241892 32 409209856 4 402655763 10 8576 6 1048608 12 405015555 3427104387 64
is_linear=0
shrinkage=0.03


Tree=63
num_leaves=64
num_cat=16
split_feature=3 10 1 0 19 4 1 1 10 1 15 13 4 19 6 3 3 16 1 0 2 6 7 3 4 10 1 11 15 19 1 1 15 1 0 1 0 10 5 1 0 2 2 1 4 4 16 0 1 2 4 2 2 1 2 0 4 1 1 13 14 0 0
split_gain=725.058 464.517 580.642 539.448 418.604 473.541 830.459 476.845 434.315 452.199 480.408 1369.22 1735.35 430.004 392.181 363.162 359.437 355.027 322.171 312.541 295.702 291.371 280.957 270.963 269.423 269.081 519.663 274.339 356.227 263.225 422.735 262.177 260.519 255.114 239.969 349.416 340.402 239.098 236.74 358.541 229.11 228.731 226.738 286.508 317.609 330.43 899.76 218.479 264.704 357.834 305.932 242.036 214.871 212.137 212.03 210.902 210.673 209.754 202.327 199.742 199.595 252.389 227.889
threshold=0.32402199506759649 1.9644516110420229 0 942.50000000000011 0.82401347160339367 2.2173740267753606 1 2 -0.10356964543461798 3 1.3119027614593508 1.0947058796882632 0.60955399274826061 2.3734664916992192 -0.75956422090530384 1.7527557015419009 -1.7563155889511106 0.81742417812347423 4 306.50000000000006 -0.72702601552009571 -1.124759793281555 0.18932435661554339 -1.3307987451553343 1.6692219376564028 -1.3084688186645506 5 1.3908437490463259 1.3119027614593508 1.6960514783859255 6 7 -1.3726685643196104 8 745.50000000000011 9 929.50000000000011 -0.081393532454967485 2.0197230577468877 10 514.50000000000011 0.66508799791336071 -0.19760710746049878 11 0.089645657688379302 0.64131778478622448 0.14177347719669345 217.50000000000003 12 -0.72702601552009571 0.063367111608386054 0.75945702195167553 -1.3179268240928648 13 -0.41985671222209925 859.50000000000011 -2.1839371919631954 14 15 -0.53738322854042042 1.3244776129722597 630.50000000000011 97.500000000000014
decision_type=2 2 1 2 2 2 1 1 2 1 2 2 2 2 2 2 2 2 1 2 2 2 2 2 2 2 1 2 2 2 1 1 2 1 2 1 2 2 2 1 2 2 2 1 2 2 2 2 1 2 2 2 2 1 2 2 2 1 1 2 2 2 2
left_child=1 4 16 21 8 7 -7 13 9 10 23 12 -12 17 18 34 -3 24 19 -15 33 31 58 -1 42 26 -22 28 41 -23 -31 -4 -19 -11 -2 52 -37 -16 -17 -40 -41 -28 53 -44 -45 46 -46 48 50 -50 56 -52 -36 -6 -26 -42 -25 -38 -10 -47 62 -62 -9
right_child=15 2 3 -5 5 6 -8 60 22 20 11 -13 -14 14 37 38 -18 32 -20 -21 25 29 -24 47 54 -27 27 -29 -30 30 -32 -33 -34 -35 35 36 57 -39 39 40 55 -43 43 44 45 59 -48 -49 49 -51 51 -53 -54 -55 -56 -57 -58 -59 -60 -61 61 -63 -64
leaf_value=0.0025831214080680688 -0.00015407560722023757 0.017812135966049102 -0.0081553054712062943 -0.0083582009260613332 -0.0016207407445996479 -0.019748505078431618 0.00014257883425586478 0.0037763146005855737 0.00060088933484326505 -0.0013114378026647239 0.026977570203108672 0.00095774179345792514 0.00072949385508006752 -0.023028611786815721 -0.0053757067515407143 -0.0013426240645233107 0.0054855342640599911 -0.00068769088751528362 -0.0043529321664395023 -0.0080633894039772672 -0.0040752773869032867 0.0019027495655424876 -0.00034511344549906876 0.0069312344604079094 -0.014974644109825425 0.00022188180364040024 0.0012145786975802067 0.0036375218271754843 -0.0062736191468246768 0.017143622185759391 0.001891963534665616 0.0019083154796698751 -0.010584981568322818 0.0022709360226467867 -0.0046130162639285658 -0.00053691728301645818 -0.00092883438193447322 0.0020892500044179486 0.00049375414925656664 -0.01221351798065245 0.001016466811432501 -0.0016501804853605924 0.00034690721882453188 -0.00078459094080660595 -0.0047285185589785866 0.00068052502288653974 -0.029183292129064568 0.00052481281507546029 0.010061121903580581 0.0002517409068055584 0.0045064337668618082 0.012715235856332328 -0.0012781062269770435 0.0035300460290702013 -0.0015373159398873939 -0.0099533293494816679 0.00028453758657832618 0.0029312333380537839 -4.3932944261678563e-06 -0.0065201197815586845 -0.0003102623022011376 -0.0080948425204023684 0.00010147071003353585
leaf_weight=77321.6533203125 2452982.0734863281 2483.54345703125 4600.9308662414551 5006.72216796875 11273.433715820312 3194.826966047287 4600.0220329761505 16089.599799633026 755881.89172363281 21823.69384765625 4755.3781433105469 26108.547424316406 4328.4159851074219 2493.6361598968506 10467.76095199585 134853.23828125 14814.6748046875 3962.7070007324219 4458.0452346801758 2542.1615390777588 39221.918701171875 50771.072635650635 1361274.7515869141 5081.5438232421875 2110.0547342300415 1363284.1042480469 53608.693899154663 15348.199625015259 9257.274169921875 2779.0582966804504 3972.0740885734558 4698.8416519165039 6042.6666488647461 99115.42578125 18330.3056640625 335814.88061523438 17519.637451171875 6113.6539268493652 7081.1944885253906 5951.5892386436462 3436.4891533851624 47132.275665283203 48821.754009246826 27479.237456083298 5363.8295724391937 6825.3828581571579 1807.5445845127106 740184.44604492188 3494.8017120361328 76610.008346557617 24546.087865829468 3720.9523811340332 336946.6572265625 19856.576937675476 2114.897253036499 2909.2857131958008 27471.595129013062 45724.242431640625 1451323.7326815724 7039.8450394868851 10438.572967529297 5843.8731231689453 269499.96192145348
leaf_count=27199 922859 1033 2817 1498 4661 889 1819 6438 347056 11438 1130 8010 1139 971 4835 54488 7381 1393 2894 1053 19629 16926 491456 1207 978 525505 22354 2471 2802 978 1534 2342 1729 32814 5654 142846 8072 2977 1861 2255 1381 19136 21285 13538 3049 3858 1026 234948 1081 24965 6654 1036 110456 9416 1047 1118 8371 18945 437274 3105 2065 1179 112436
internal_value=-6.12349e-06 0.000172522 0.00232397 0.00113469 0.000143855 -0.000711197 -0.00804263 -0.00058969 0.000209722 0.000501255 0.00100679 0.00444905 0.0144777 -0.0018667 -0.00540887 -0.000366357 0.00725573 -0.0012194 -0.0102696 -0.0154587 0.00019659 0.00184669 -6.15435e-06 0.000880385 -0.000808371 8.35552e-05 -0.00106231 -0.000119074 -0.00064339 0.00264323 0.00820642 -0.00307894 -0.00666738 0.00162454 -0.000297977 -0.000765918 -0.000156667 -0.00262354 -0.00178829 -0.00488846 -0.00798056 -0.000125732 -0.000563059 -0.0012758 -0.00290808 -0.00568244 -0.0109084 0.000730947 0.00181358 0.00068022 0.00330546 0.00558906 -0.00145019 0.00166539 -0.00825805 -0.00401663 0.00132299 0.00186226 0.000202896 -0.00297652 0.000124348 -0.00310582 0.000308567
internal_weight=1.014e+07 6.77846e+06 89126.9 71828.7 6.68934e+06 478440 7794.85 470645 6.2109e+06 2.64242e+06 993623 35192.3 9083.79 168773 26075.3 3.36155e+06 17298.2 142698 9493.84 5035.8 1.64879e+06 66822 3.56848e+06 958431 132693 1.52785e+06 164568 125346 109998 57522.2 6751.13 9299.77 10005.4 120939 3.20732e+06 754336 399059 16581.4 154232 19378.6 12297.4 100741 128468 97337.6 48515.8 21036.6 7171.37 881109 140925 80104.8 60820.2 28267 355277 31130 4224.95 6345.77 32553.1 63243.9 2.20721e+06 13865.2 301872 16282.4 285590
internal_count=3734760 2464825 34509 26095 2430316 202641 2708 199933 2227675 951889 315740 10279 2269 77815 12730 1269935 8414 65085 4918 2024 636149 24597 1275786 305461 61963 591897 66392 46763 44292 19438 2512 5159 3122 44252 1208832 285973 169863 7812 61103 6615 4754 41490 59938 45861 24576 11038 4075 278262 43314 26046 17268 7690 116110 14077 2025 2499 9578 27017 784330 6963 122118 3244 118874
cat_boundaries=0 2 4 6 8 10 12 13 15 17 19 21 23 25 26 28 30
cat_threshold=2399420440 2 1073741991 16 2121286180 65 100996259 13 536887296 65 1076928576 18 274347559 1080168768 8 159384136 34 3758322598 65 1075321393 72 1914699776 65 65667 8 309329952 67372113 8 2934231104 61
is_linear=0
shrinkage=0.03


Tree=64
num_leaves=64
num_cat=14
split_feature=7 0 14 18 2 1 19 1 1 18 10 1 10 0 0 6 14 14 8 12 0 1 4 12 8 4 7 10 1 10 1 2 1 10 1 1 19 1 16 10 16 12 6 4 4 1 0 6 18 0 1 10 2 2 1 14 16 0 15 6 6 19 8
split_gain=611.868 674.221 556.363 410.127 393.781 578.244 445.787 920.248 411.987 360.26 354.619 704.335 344.434 408.851 340.357 363.275 449.368 297.733 343.14 395.776 333.88 873.489 628.891 420.215 347.961 335.098 333.391 304.189 411.832 297.144 293.809 288.981 364.702 422.321 288.903 287.365 284.155 288.492 258.211 414.049 334.983 391.854 351.513 256.799 251.505 385.906 451.253 369.427 250.625 239.826 714.001 350.275 360.224 289.317 275.565 338.183 241.611 238.55 238.545 236.993 306.051 236.657 442.634
threshold=-0.85647931694984425 775.50000000000011 0.19009767472743991 -0.42421029508113856 -0.92766210436820973 0 0.37541826069355017 1 2 0.67358705401420604 -1.8547923564910886 3 1.9644516110420229 217.50000000000003 873.50000000000011 -0.37335526943206782 0.7580358386039735 1.161976754665375 1.8111107349395754 -0.62132942676544178 112.50000000000001 4 1.6692219376564028 -0.99703246355056752 1.7568544149398806 -2.7422921657562251 0.64996933937072765 1.2610026597976687 5 -0.91050890088081349 6 -1.3179268240928648 7 -0.22716146707534787 8 9 0.95626643300056469 10 0.81742417812347423 -1.1444867849349973 0.20704916119575503 -0.88369300961494435 -0.68754494190216053 -0.98101535439491261 -1.9714598059654234 11 887.50000000000011 -0.45893903076648707 -1.5001991391181944 172.50000000000003 12 0.019940997473895553 -1.0736950039863584 1.5504533648490908 13 0.68432936072349559 0.4248367846012116 261.50000000000006 -0.13259854167699811 -1.0665847063064573 -1.6703305840492246 1.6960514783859255 1.8754866719245913
decision_type=2 2 2 2 2 1 2 1 1 2 2 1 2 2 2 2 2 2 2 2 2 1 2 2 2 2 2 2 1 2 1 2 1 2 1 1 2 1 2 2 2 2 2 2 2 1 2 2 2 2 1 2 2 2 1 2 2 2 2 2 2 2 2
left_child=12 3 35 31 5 43 10 -8 38 -10 11 -6 -1 34 -7 16 -16 20 19 -19 21 23 25 -5 -24 -23 49 59 -29 -21 -15 32 -2 -34 -14 36 -3 -38 40 -40 -9 -42 -43 -4 45 -12 -47 -48 -35 50 53 54 -53 61 55 -52 -54 -31 -17 60 -27 -22 -63
right_child=1 2 4 17 6 14 7 8 9 -11 44 -13 13 30 15 58 -18 18 -20 29 26 22 24 -25 -26 27 -28 28 -30 57 -32 -33 33 48 -36 -37 37 -39 39 -41 41 42 -44 -45 -46 46 47 -49 -50 -51 51 52 56 -55 -56 -57 -58 -59 -60 -61 -62 62 -64
leaf_value=0.00049707948491978802 0.0091962965445971535 0.00030974817826107706 0.004766683009715977 -0.0048924782696861515 0.012769590280085794 -0.0025830400210701062 -0.017356097188503776 -0.0092814890283433333 -0.001229205316858829 0.0058796121897563601 0.003212067630720837 -0.0029533502201932395 0.017614722309660654 -0.0021247292845995381 -0.0069294979863906677 -0.0026957553658244079 -0.020946056774999305 0.0061876649833805713 0.0003736151486959291 -0.0077878923679486085 -0.0021632819850713296 0.011797214031594214 -0.01399878560628625 -0.00030021218254607494 -0.00054061733997048413 0.0003621232091734423 -0.00077586538185145458 0.018410273426395844 0.0028042395818588567 0.0068140506738959125 0.0045313001505469016 0.0003532786285049318 -0.0047418989670786407 0.0096828189682076661 0.0052724267113487822 -0.00053536172485920601 0.0085169915981021492 0.0015279871147624296 -0.01552826314226812 -0.0043575791829489167 -0.0060074948909899411 -0.0071232311920343492 0.0015777443251435649 -0.0017578595472980919 -0.00060876948708642794 -0.0015642362450660589 -0.0033864878566616579 -0.013259174044262453 0.0016095755822361799 -3.2700378253010384e-05 0.0036132644251294665 0.0086140608937203354 -0.00084831112394953404 -0.009847449693382011 -0.00015877801266277796 -0.0040918593039023753 -0.0048544651460625272 -0.00030642171416126764 -0.01101053995592844 0.0017069924831978167 0.0088354213143986438 0.00038620200268682601 -0.015616239662986715
leaf_weight=1440331.6484375 7195.2371139526367 328154.962890625 7579.5949172973633 21131.705810546875 5075.8479166030884 19219.137817382812 3725.1629123687744 5971.4981687068939 36070.614393234253 7798.910774230957 7360.9500732421875 5161.2308187484741 2704.7583045959473 10155.245250701904 4794.5147883892059 10487.237272262573 3612.7133979797363 20936.121276855469 315370.16003417969 3330.4552612304688 96896.617614746094 3460.7626953125 3151.2134246826172 118332.88916015625 3824.6537017822266 6272.4356079101562 854104.53930664062 2444.6233215332031 4030.8509864807129 6117.4435820579529 14443.134475708008 1979736.6474609375 6907.8817901611328 5016.5429992675781 4684.0416564941406 587140.2080078125 7534.6727905273438 18022.898498535156 3862.4041137695312 13139.603607177734 13306.295360088348 4988.297514796257 25612.094442248344 19099.715141296387 566598.5530090332 20764.959625244141 6489.8825607299805 7196.247444152832 11142.858604431152 3080359.9086914062 48338.972351074219 3184.5029907226562 67082.191100120544 5097.1332092285156 59852.269287109375 5730.6372680664062 16974.088624000549 13730.974142551422 4409.674556016922 139805.45920866728 9875.4151358604431 2904.0895185470581 3344.8185930252075
leaf_count=542966 2700 161960 2043 6740 1265 5648 1067 2010 13609 3075 1352 1684 812 3688 1823 3240 910 4623 75898 1169 47269 1229 1241 47225 1310 4211 326931 1092 1635 1778 6138 726302 2229 1590 2128 224079 4454 9997 1064 3740 3705 1855 7764 5553 166323 6003 2205 1795 3778 1153138 16271 893 21927 2725 18319 1498 4780 4064 953 48225 5449 2026 1517
internal_value=2.85103e-08 -9.60057e-05 -0.000623358 3.6728e-05 -0.00120374 -0.00336689 -0.000999529 -0.00271923 -0.00222438 3.50837e-05 -0.000681294 0.00485456 0.000565467 0.00364427 -0.00553817 -0.00797659 -0.0129615 -0.000110895 0.000720295 0.00319833 -0.000176477 0.000770165 0.00219508 -0.000996112 -0.00662576 0.00256633 -0.000246147 0.0023693 0.00873823 0.000497478 0.00178452 0.000397757 0.00330695 0.00146371 0.00983028 -0.000128427 0.000547057 0.00359362 -0.00370613 -0.00689908 -0.00261791 -0.00171068 0.00015843 9.62735e-05 -0.00077448 -0.00301969 -0.00435113 -0.00858055 0.00411806 -0.000112675 -0.000908867 0.000148346 -0.00128213 -0.0028733 0.00124382 0.00279581 -0.00165754 0.00188933 -0.00515991 0.00210458 0.0055452 -0.00252848 -0.00818497
internal_weight=1.01412e+07 8.66886e+06 1.74318e+06 6.92568e+06 802325 69202.6 733123 114475 110750 43869.5 618648 10237.1 1.47232e+06 31987.2 42523.3 23304.1 8407.23 4.91568e+06 359485 44115 4.5562e+06 312330 172865 139465 6975.87 165890 4.24387e+06 162429 6475.47 23178.9 24598.4 2.01e+06 30262.5 23067.3 7388.8 940853 353713 25557.6 66880.2 17002 49878.2 43906.7 30600.4 26679.3 608411 41812 34451.1 13686.1 16159.4 3.38977e+06 309405 201163 87240.8 108243 113922 54069.6 84056.3 19848.4 14896.9 155953 16147.9 103146 6248.91
internal_count=3734690 3178958 639176 2539782 238686 20170 218516 37889 36822 16684 180627 2949 555732 12766 12574 6926 2733 1803183 87532 11634 1715651 118357 64392 53965 2551 61841 1597294 60612 2727 7011 9826 736599 10297 7597 2940 400490 176411 14451 20138 4804 15334 13324 9619 7596 177678 11355 10003 4000 5368 1270363 117225 63688 27600 53537 36088 17769 26707 5842 4193 57885 9660 50812 3543
cat_boundaries=0 2 3 5 7 9 11 13 15 17 19 21 22 24 26
cat_threshold=2283278360 81 150994945 1107890858 16 2182611867 64 794472520 89 3221307824 34 1285958 75 3390407425 50 1510879926 10 263194040 46 2097456 12 557312 3085979976 49 1073906727 6
is_linear=0
shrinkage=0.03


Tree=65
num_leaves=64
num_cat=15
split_feature=5 10 1 7 19 1 6 16 12 1 8 9 0 16 1 19 1 15 6 12 10 7 10 8 16 10 0 0 6 10 18 9 19 0 1 16 1 10 8 1 10 10 1 10 13 19 1 10 17 6 15 0 17 16 6 15 17 16 10 18 1 0 1
split_gain=718.164 566.809 547.202 515.949 333.889 396.813 425.699 397.526 370.497 401.092 4753.85 5586.61 1423.21 296.062 277.506 276.8 269.181 302.209 3345.43 941.33 249.808 225.82 210.106 360.04 365.375 524.119 376.013 279.85 249.631 274.174 221.496 194.623 193.876 191.345 236.107 194.975 183.225 182.968 202.884 277.968 1041.48 617.186 363.158 189.555 181.17 177.819 206.189 295.419 312.007 263.239 259.981 225.503 259.196 216.232 184.681 170.94 285.688 169.583 229.681 167.153 200.94 164.555 183.995
threshold=-0.9160063862800597 1.5109481215476992 0 0.70886623859405529 0.7162228822708131 1 1.0277248024940493 0.81742417812347423 -0.66468688845634449 2 1.6825375556945803 -0.78547245264053334 499.50000000000006 1.6058590412139895 3 0.62885972857475292 4 -1.8089315891265867 0.63447225093841564 -0.68392628431320179 -0.25563614070415491 2.6421749591827397 0.060088526457548148 1.9408048391342165 0.49804693460464483 -1.3084688186645506 544.50000000000011 172.50000000000003 -0.80877134203910817 1.5109481215476992 0.24729455262422564 -0.66527718305587757 1.3482177257537844 845.50000000000011 5 1.0428450107574465 6 -0.020299688912928101 2.4137189388275151 7 -1.8547923564910886 -2.4594172239303584 8 -1.3084688186645506 1.3114820718765261 0.1394067928195 9 -2.4594172239303584 10 -0.52425202727317799 1.4209709763526919 172.50000000000003 11 0.28067632019519811 -1.0177602171897886 -0.69968736171722401 12 0.54089811444282543 -0.35213841497898096 1.0606358051300051 13 142.50000000000003 14
decision_type=2 2 1 2 2 1 2 2 2 1 2 2 2 2 1 2 1 2 2 2 2 2 2 2 2 2 2 2 2 2 2 2 2 2 1 2 1 2 2 1 2 2 1 2 2 2 1 2 1 2 2 2 1 2 2 2 1 2 2 2 1 2 1
left_child=1 13 32 4 8 6 7 -6 16 10 -10 -12 -13 36 -11 -15 17 18 19 -2 -9 -5 23 24 -18 30 -27 -24 29 -29 -26 -25 -3 -30 35 -35 57 38 39 40 42 -41 -16 -43 59 61 50 48 -48 -50 -47 52 -49 -54 -55 -7 -57 -1 -59 -4 -61 62 -38
right_child=3 2 44 21 5 55 -8 20 9 14 11 12 -14 15 37 -17 22 -19 -20 -21 -22 -23 27 31 25 26 -28 28 33 -31 -32 -33 -34 34 -36 -37 45 -39 -40 41 -42 43 -44 -45 -46 46 47 51 49 -51 -52 -53 53 54 -56 56 -58 58 -60 60 -62 -63 -64
leaf_value=0.00075535724013376553 0.00037118439829558243 0.0055844678775656157 -0.00018561527495599409 -0.00051908777657930412 -0.0012656166138010291 0.00063041174660218274 -0.015124594293875743 -0.011053629324995458 -0.0011895554804573097 -0.00024261490184320582 0.053199316832996481 0.02006322461617125 -0.0061525012302398535 -0.0010186212922698007 0.0048770613206439535 -0.008341169793518689 0.00073231109330962037 -0.00028761929000983334 -0.02755900399423445 -0.016672786158832772 -0.0030328929077830802 -0.0018316317946555812 -0.0017440167270677649 -0.00065239141452630314 0.0055147850682776105 0.0041792248747894861 -0.0010607346845912819 0.00064460836993481614 -0.0001088375372952096 0.0065145126885545832 0.01571569217997577 0.00033919389402087058 0.01318616962865814 -0.0029374590597293585 -0.0006858434526640859 -0.010375051212313666 0.0033741491801074102 0.00020771638825537256 0.00024442081529492697 -0.011353355837779551 0.0017130456088211587 -0.0020422169292089558 0.016800619744873544 0.0011653806660758259 0.0073104210986980923 0.00079486060569050219 -0.0011052179368442308 2.3643538889324078e-05 -0.0051889113485425291 -0.018529957258929391 -0.0087149273165173218 -0.00015730693220081341 -0.0026473552459434393 -0.013910317759856586 -0.0045723612698920319 -0.0087885273436181001 -0.0005223868710784146 0.0073987087736191327 0.00058567797928716627 -0.0024606910291094229 0.0071066489241242616 0.00033587361222878914 0.00020107540650095155
leaf_weight=751202.62033081055 56286.402191162109 21719.122375488281 37495.723182678223 1354563.20703125 182004.41723632812 155646.37335205078 2126.233642578125 6102.6247100830078 47888.895080566406 512140.8955078125 3319.98193359375 3579.8400392532349 3878.2888059616089 61897.330291748047 3944.2924346923828 5018.3258361816406 382126.26538085938 1883862.4409179688 4417.4434814453125 3070.7265930175781 8181.9382781982422 129222.3984375 95231.43798828125 268013.61962890625 3876.642822265625 32230.916556954384 19951.694038748741 214282.21075439453 588137.69915771484 7404.27099609375 3798.478271484375 531262.9443359375 3507.1863403320312 21545.992763519287 76234.995151519775 3716.7130126953125 35135.671875 559391.68292975426 220870.37158203125 3784.6970825195312 160196.12896728516 18265.42822265625 5610.5576629638672 179386.4443359375 4066.73583984375 120782.7243347168 6558.7266540527344 16539.128540039062 3154.0734233856201 2305.2692584991455 2638.9245910644531 149503.91619491577 12846.904590606689 3637.8192825317383 4013.9602737426758 3813.4537353515625 220477.29302978516 8213.3370666503906 9722.9970092773438 2802.4428787231445 6654.4573516845703 862582.29742431641 30926.086303710938
leaf_count=251763 28880 8290 13465 506971 89142 78760 510 1982 16562 260111 1202 961 1117 12829 1182 1017 181237 577012 1308 1205 2697 51085 34280 87617 1000 8917 5185 105681 192253 3962 1036 175638 1566 7103 24055 793 11748 208165 77210 1678 45077 8116 1278 83239 922 50566 2832 5898 1674 839 636 63705 6699 1416 1474 1241 72251 1544 1893 1335 2461 330897 12329
internal_value=2.76064e-06 0.000487636 0.00302817 -0.000128664 -1.33752e-05 -0.000701355 -0.00178869 -0.00164394 5.38633e-05 0.000424353 0.00286196 0.0208584 0.00643584 0.0003948 0.000338362 -0.00156836 -9.82253e-05 -0.000356378 -0.00238736 -0.000511883 -0.00646217 -0.000633403 0.000125455 0.000386639 0.00107372 0.00325299 0.00217585 -0.000196631 -3.49233e-05 0.000840804 0.0105702 6.69326e-06 0.0066411 -0.000316434 -0.00151931 -0.00403194 0.000459844 0.000596769 0.000964361 0.00139274 0.002287 0.000638969 0.0119063 0.000868916 0.00123975 0.000235756 -0.000371751 -0.000970247 -0.00552827 -0.0108143 0.000591136 -0.000676505 -0.00277196 -0.00502457 -0.00901801 -0.000133449 -0.000663538 0.000824195 0.00370667 0.000713493 0.00427659 0.000446396 0.00188938
internal_weight=1.01428e+07 2.16293e+06 76245.7 7.97985e+06 6.49606e+06 578352 198415 196289 5.91771e+06 1.72226e+06 58667 10778.1 7458.13 2.08668e+06 1.66359e+06 66915.7 4.19545e+06 1.94764e+06 63774.6 59357.1 14284.6 1.48379e+06 2.24781e+06 1.24126e+06 441984 59857.7 52182.6 1.00655e+06 911322 221686 7675.12 799277 25226.3 689635 101498 25262.7 2.01976e+06 1.15145e+06 592058 371188 169751 201437 9554.85 197652 51019.4 1.25063e+06 321981 198560 12018.1 5459.34 123422 186542 37037.8 20498.7 7651.78 379937 224291 769139 17936.3 46952.6 9456.9 928644 66061.8
internal_count=3735497 787798 28039 2947699 2389643 246583 94331 93821 2143060 705898 19842 3280 2078 759759 686056 13846 1437162 608405 31393 30085 4679 558056 828757 460630 197375 16138 14102 368127 333847 109643 2036 263255 9856 224204 31951 7896 745913 425945 217780 140570 47537 93033 2460 91355 18183 490713 135739 84537 5345 2513 51202 79192 15487 9589 2890 152252 73492 255200 3437 17261 3796 354974 24077
cat_boundaries=0 2 4 6 8 10 12 14 16 18 20 21 22 23 24 26
cat_threshold=2350301368 4 1923400229 40 131072 4 97886302 34 1357536144 92 2684354658 1 13421717 4 302518433 72 33554593 64 268640576 43 59445376 16945154 4194304 1348472899 3239117602 98
is_linear=0
shrinkage=0.03


Tree=66
num_leaves=64
num_cat=16
split_feature=3 10 1 19 1 6 0 15 7 9 3 4 10 6 10 12 4 0 1 4 0 1 19 1 0 7 5 4 4 1 1 1 12 1 0 12 4 4 1 4 12 17 11 9 19 1 6 0 1 0 1 4 4 9 1 1 11 5 14 14 14 10 14
split_gain=676.459 427.289 553.955 368.799 489.577 379.328 619.506 371.328 339.937 308.091 291.059 263.302 252.064 248.735 341.138 310.074 246.967 243.395 534.285 247.133 345.29 470.869 291.347 541.369 233.657 226.637 217.738 257.623 330.81 408.779 308.266 214.274 206.61 189.933 186.644 212.231 278.829 467.624 182.643 279.449 181.961 298.196 346.304 293.997 181.146 278.013 260.434 187.339 302.403 230.001 204.145 180.372 362.974 211.924 192.717 180.063 202.187 199.943 191.572 377.796 204.166 185.631 177.925
threshold=-0.096410565078258501 1.9644516110420229 0 1.1229721903800967 1 -0.75956422090530384 261.50000000000006 -0.69968736171722401 0.64996933937072765 -0.22357788681983945 -1.7563155889511106 1.3573725223541262 -0.35213841497898096 1.0277248024940493 -0.14989652484655377 -0.44191642105579371 -1.7580090165138242 127.50000000000001 2 0.60955399274826061 97.500000000000014 3 0.48429609835147863 4 942.50000000000011 -2.608445286750793 -0.79458093643188465 -0.21171189099550244 -0.13379042595624921 5 6 7 -0.85393831133842457 8 616.50000000000011 -0.47169880568981165 1.0000000180025095e-35 -0.17717035114765164 9 -0.17717035114765164 -0.77205970883369435 10 0.56661278009414684 -0.73129647970199574 0.7162228822708131 11 1.0277248024940493 745.50000000000011 12 929.50000000000011 13 0.55193653702735912 0.64131778478622448 -0.88391992449760426 14 15 0.9988386631011964 0.17969661951065066 0.24402245134115222 0.081397533416748061 0.56028988957405101 -1.5296894907951353 0.15688692033290866
decision_type=2 2 1 2 1 2 2 2 2 2 2 2 2 2 2 2 2 2 1 2 2 1 2 1 2 2 2 2 2 1 1 1 2 1 2 2 2 2 1 2 2 1 2 2 2 1 2 2 1 2 1 2 2 2 1 1 2 2 2 2 2 2 2
left_child=1 3 10 9 5 6 7 62 44 17 -3 12 55 16 15 -15 -11 18 19 20 22 -22 38 -24 25 -4 27 -19 29 -29 -30 -28 -12 -27 -10 -36 37 -37 39 -1 -20 42 43 -42 47 46 51 -2 -49 -50 -51 53 -53 54 -46 56 57 -7 59 61 -60 -57 -5
right_child=8 2 24 4 -6 11 -8 -9 34 13 32 -13 -14 14 -16 -17 -18 26 40 -21 21 -23 23 -25 -26 33 31 28 30 -31 -32 -33 -34 -35 35 36 -38 -39 -40 -41 41 -43 -44 -45 45 -47 -48 48 49 50 -52 52 -54 -55 -56 58 -58 -59 60 -61 -62 -63 -64
leaf_value=-0.00010585465981008863 5.7509618709754173e-05 0.018107226303827512 0.009133987467106832 0.00084529705898286499 0.00039446462390925501 0.0043243381148260294 -0.0013265147754833845 -0.016765954637856479 -0.00034674573525492024 -0.0010665780500217659 0.012823745917539422 -0.0079152584384874058 0.00068205195754751614 0.014154667833800438 -9.5696226885210868e-05 0.0033358209423076856 0.0012145349553511779 -7.0576804583650088e-06 -0.0016634894060698806 0.00061344763303289892 0.00067527669284679582 0.0073512964511029373 0.01685355756187009 -0.00013976713460781747 -0.0054885061665003003 -0.00073422612771183616 0.000458806418290342 -0.00037949151434048419 0.0015627158650343587 0.0061716316982948997 0.00011812147116293083 -0.00016053008213530299 0.0033145631793175647 0.003166640387359353 -0.00092592383261728907 -0.0039750842153957111 -0.00077251308489026795 -0.018105140671130289 -0.0014567566411613014 0.0091095290677100909 0.0079247764214572334 -0.0007784509282698762 0.013495445835690192 -0.0031805218140841958 0.0098511639537246058 -1.2804452673947869e-05 -0.011111148558979485 -0.0012479090366851098 -0.00030147431324370504 -0.00041428959339729336 0.0025187787104499915 -0.012199375393638072 -0.0022876312517809347 -0.0012084846455258803 0.00048816850278813798 -0.010885493673042057 -0.0051210747448048833 -0.0032791730343728377 0.0040214350436774005 -0.018044361016387234 -0.0059058075361041731 -0.00060792172524337727 -0.0094814709383869641
leaf_weight=8673.8218154907227 3139017.2469560504 2293.3525390625 3640.056640625 2257.7445824146271 115082.48046875 7932.0831508636475 14036.045463562012 5083.7058527469635 635623.138671875 48989.976409912109 2959.9429497718811 5245.7359590530396 39761.221627235413 4462.4212951660156 7717.1811828613281 5121.7432250976562 333345.97897338867 471285.26953125 55351.72265625 45107.600616455078 13989.787109375 29749.16796875 2897.4236907958984 4019.8779449462891 4131.1449279785156 20952.896690368652 680325.55377197266 13762.939300537109 236795.35223388672 22729.904449462891 303137.58435058594 1926119.1276550293 6728.7007269859314 24196.77271270752 469440.4775390625 19824.882293701172 23158.123504638672 2354.5693969726562 21240.741580963135 4491.880012512207 3939.1322860717773 25475.243297576904 3152.6223564147949 4700.3810997009277 2938.6464538574219 222693.0869140625 2550.27392578125 281839.8466796875 513904.8251953125 35511.505615234375 53564.619384765625 3587.6344203948975 44748.828681945801 118541.63394355774 6011.0860900878906 2468.15576171875 6530.6880493164062 5116.1014595031738 3352.3080444335938 2443.7490310668945 4188.9665908813477 4389.5184020996094 4473.8966794013977
leaf_count=3197 1134325 916 1371 1713 55484 3004 6741 1959 232914 20561 1197 1708 14640 1066 2132 1327 138872 174755 20091 14030 4633 10070 1042 1382 1283 9099 287757 5377 80615 7237 103621 662062 3221 8194 168408 9894 9735 939 6581 1555 1423 12921 762 1785 1073 95648 605 95058 192779 13077 20407 1745 19253 48773 2120 1174 1623 1937 1055 1049 1290 1918 1892
internal_value=-9.50982e-06 0.000261328 0.00267803 0.000226461 -0.000964709 -0.0024225 -0.00558842 -0.0106487 -0.000231213 0.000288398 0.00849861 -0.00141742 -0.000969502 0.00108149 0.00459934 0.00837787 0.000922238 0.000206645 0.00116931 0.0024084 0.00336043 0.00521815 0.00139375 0.00700934 0.00135763 0.00193809 0.000147951 0.000513206 0.00093857 0.00370281 0.000751709 1.12879e-06 0.0062248 0.001357 -0.000690636 -0.00111525 -0.00307525 -0.00547887 0.000263904 0.00303821 -0.000572402 0.001048 0.00498887 0.00188452 -0.00011177 -0.000719751 -0.00160221 -5.11697e-05 -0.000436722 -5.75355e-05 0.00134975 -0.00146407 -0.00302449 -0.000872364 0.00357784 -0.00277234 -0.000813524 0.00134294 -0.00504498 -0.00792777 -0.00149313 -0.00431217 -0.00601989
internal_weight=1.01392e+07 4.56385e+06 64902.9 4.49894e+06 222362 107280 25851.4 11815.3 5.57531e+06 4.27658e+06 11982 81428.5 76182.8 399637 17301.3 9584.16 382336 3.87695e+06 222789 130170 85062.7 43739 41323.7 6917.3 52920.9 48789.7 3.65416e+06 1.04771e+06 576426 36492.8 539933 2.60644e+06 9688.64 45149.7 1.1504e+06 514778 45337.6 22179.5 34406.4 13165.7 92619.1 37267.4 11792.1 8639.51 4.42491e+06 401071 178378 4.02384e+06 884821 602981 89076.1 175828 48336.5 127491 8949.73 36421.6 19578.9 13048.2 16842.7 9301.42 7541.27 6857.67 6731.64
internal_count=3734075 1687322 25281 1662041 97187 41703 12305 5564 2046753 1564854 5334 29398 27690 163958 4525 2393 159433 1400896 79472 42490 28460 14703 13757 2424 19947 18664 1321424 371605 196850 12614 184236 949819 4418 17293 421890 188976 20568 10833 11333 4752 36982 16891 3970 3208 1624863 169217 73569 1455646 321321 226263 33484 72964 20998 51966 3193 13050 6564 4941 6486 4141 2345 3092 3605
cat_boundaries=0 2 4 6 7 9 11 13 15 17 19 20 22 24 26 27 29
cat_threshold=2399404176 2 777084577 65 1116327831 39 1107298578 1073827588 2 3916700760 65 2354543619 4 741605472 69 1345418307 36 1107347728 4 34635824 1655978531 49 3774886818 8 201801809 65 8650785 672202881 65
is_linear=0
shrinkage=0.03


Tree=67
num_leaves=64
num_cat=14
split_feature=7 0 1 2 13 18 2 1 10 10 1 6 18 2 1 14 8 9 0 1 4 4 12 1 0 1 10 2 14 2 9 10 1 14 19 8 10 1 7 8 10 1 19 16 8 4 1 8 8 16 2 9 1 9 1 6 9 14 12 6 2 1 8
split_gain=625.927 549.785 491.525 643.022 445.856 413.563 384.137 391.94 378.652 363.561 319.783 492.693 328.404 281.724 296.948 265.722 368.729 357.859 297.901 923.471 729.671 394.339 367.734 345.799 330.792 1043.7 516.491 808.138 450.12 506.781 452.683 411.859 401.688 419.911 324.089 294.969 290.581 636.771 325.207 291.731 287.089 337.723 280.522 278.452 327.489 326.938 298.758 358.236 312.001 274.909 383.642 273.462 381.218 265.587 543.334 285.727 264.493 415.73 412.802 449.429 388.903 650 436.774
threshold=-1.0342245697975156 775.50000000000011 0 -0.8156110644340514 1.0947058796882632 -0.3741172850131988 -1.3179268240928648 1 1.9644516110420229 -0.67963284254074086 2 -0.45893903076648707 -2.0249447822570796 -1.8440827727317808 3 1.161976754665375 1.8111107349395754 -0.42049902677536005 112.50000000000001 4 1.6692219376564028 -2.7422921657562251 -0.99703246355056752 5 172.50000000000003 6 0.019940997473895553 1.218928396701813 0.83910587430000316 0.43170821666717535 0.12152811884880067 0.58553540706634533 7 0.7580358386039735 0.077823251485824599 1.0336780548095705 1.5109481215476992 8 0.70886623859405529 0.10776091367006303 1.2610026597976687 9 0.050372708588838584 0.36108247935771948 3.5268174409866337 -0.17717035114765164 10 1.8754866719245913 1.8111107349395754 0.54089811444282543 -0.084403350949287401 -0.73129647970199574 11 -0.53369712829589833 12 -0.27016086876392359 -0.73129647970199574 0.7580358386039735 -0.64261594414710987 -0.75956422090530384 0.11539004743099214 13 1.3005556464195254
decision_type=2 2 1 2 2 2 2 1 2 2 1 2 2 2 1 2 2 2 2 1 2 2 2 1 2 1 2 2 2 2 2 2 1 2 2 2 2 1 2 2 2 1 2 2 2 2 1 2 2 2 2 2 1 2 1 2 2 2 2 2 2 1 2
left_child=8 5 3 10 -5 6 7 -2 -1 -9 11 -3 -12 14 -10 18 17 -17 19 22 21 -21 -7 -22 25 28 32 49 29 -20 42 -31 33 43 -35 -33 38 -38 -26 -39 56 -42 -30 44 45 -27 48 -48 -47 53 -51 52 -24 -28 55 -55 57 58 59 -23 61 -58 -63
right_child=1 2 -4 4 -6 15 -8 9 13 -11 12 -13 -14 -15 -16 16 -18 -19 24 20 23 40 51 -25 36 26 27 -29 30 31 -32 35 -34 34 -36 -37 37 39 -40 -41 41 -43 -44 -45 -46 46 47 -49 -50 50 -52 -53 -54 54 -56 -57 60 -59 -60 -61 -62 62 -64
leaf_value=0.00057827080863054781 0.0081709309557905039 -0.014566690488226232 -0.0001000397531437544 -0.00074418465877992563 -0.0088524672234724863 -0.0047272953953143128 0.00032971070509129377 -0.0081168817087916081 0.016862502319821338 0.0028698365500089431 0.0069883880501075378 -0.0043395446626027278 -0.0027929884964417178 0.0026004280994311305 0.003047093898463602 0.0057396669088679722 0.0003052803325130445 0.0003929760955315471 -0.0013744193849477217 0.012161719936136793 2.9484767936363087e-05 0.0092236388098251298 0.0049382361741822384 -0.0129898652262247 -7.3945072826339751e-05 0.001245031469621981 -0.0014347981299277389 -0.012819029832884571 -0.0081062280886503024 -0.0044555925812613225 -0.00063914929053804608 -0.0055364716300441439 -0.00014168968831456842 0.002205243651078707 -0.010322600615194952 -0.020257903855627288 -0.0011203071731474871 -0.00265684968437416 -0.00082987442580059322 0.0045230740989876854 0.015963653872430754 0.0024132921949583724 -0.019209548107454125 0.0081237715490333658 -0.0028802869516700146 -0.0012832954043667331 0.018045930234309792 0.0058871082396158457 0.010559545051243685 0.0012544052223293137 -0.0075147435203166352 -0.0014342068358261183 -0.0012671591650737866 0.01311491728855186 -0.00091737938564610344 0.0035809016802069351 -0.0015297295412224046 0.013749639788448821 0.010398595483527215 4.1976736093543255e-05 1.9128502536088952e-05 0.013903511303808781 0.004371674216774985
leaf_weight=1105965.68359375 11146.442367553711 5083.5015525817871 997213.93359375 735372.4603729248 6149.6372833251953 21725.09423828125 2166992.5498046875 3180.5978927612305 2857.7129287719727 18181.607200622559 3295.9376220703125 25465.590244293213 48223.273315429688 22370.19580078125 2767.8920516967773 23730.500091552734 317654.72106933594 21447.552276611328 71353.842145442963 3704.252685546875 3352.0483093261719 5919.62815284729 17123.768432617188 4059.2406921386719 3145814.6020507812 19874.538326740265 83985.332327365875 5385.2160949707031 4857.9938373565674 28508.523058414459 4091.723876953125 2187.7672307491302 103399.33715820312 3867.7396087646484 3569.8669586181641 2793.0023310184479 45772.785705566406 5720.0940523147583 611811.57788085938 46246.12976360321 2932.7374038696289 3810.3030071258545 3552.5025005340576 10710.734935760498 7722.4465026855469 5715.1701889038086 3569.1698756217957 5614.606330871582 3075.8857192993164 7070.8142852783203 12291.093687057495 81890.840621948242 18550.802810668945 4046.3500089645386 27255.891993999481 9397.2806062698364 15869.9755859375 3672.1146850585938 5967.1613273620605 25231.885330200195 76885.470187902451 5132.6634479761124 27477.861522197723
leaf_count=419635 4097 1340 393108 246354 1402 6941 795139 1010 977 6029 1075 7434 17332 8989 1228 5505 76377 6479 36532 1342 1299 2843 6291 1453 1176048 7696 27158 1953 1400 15758 1416 1535 33985 1105 987 1445 18234 3739 233987 17681 1313 1564 997 3228 2785 2218 1434 1686 1020 1778 3431 33185 6802 1572 10515 3290 5966 911 2398 8600 29999 2697 9089
internal_value=1.2954e-06 -8.2432e-05 -0.000547992 -0.00109036 -0.000811488 3.57154e-05 0.000378275 0.00361494 0.000665502 0.00123194 -0.00361002 -0.00604151 -0.00216619 0.00411081 0.0101092 -0.000115722 0.000665971 0.00320174 -0.000177212 0.000700934 0.0020958 0.00248297 -0.00114188 -0.00712278 -0.000243403 -0.00102872 -0.000132809 -0.0014143 -0.00344512 -0.00280352 -0.00882506 -0.00584776 0.00101305 0.0028863 -0.00381071 -0.0138037 -0.00015502 0.00145984 -0.000197025 0.00373186 0.00227526 0.00834142 -0.0128048 0.00377206 0.0027485 0.00389718 0.00682846 0.0106082 0.00286077 -0.000987501 -0.00431282 -0.000479254 0.00171273 -0.00047097 0.00151787 0.00644952 0.00202884 0.00412707 0.00317339 0.00178794 0.001346 0.00345006 0.00587202
internal_weight=1.01297e+07 8.99571e+06 1.8208e+06 823590 741522 7.1749e+06 2.1995e+06 32508.6 1.13396e+06 21362.2 82068.3 30549.1 51519.2 27995.8 5625.6 4.9754e+06 362833 45178.1 4.61257e+06 323306 184015 176604 139291 7411.29 4.28926e+06 433897 316551 149432 117345 104843 12502.2 33489.3 167119 63720.2 7437.61 4980.77 3.85537e+06 97739 3.75763e+06 51966.2 172900 6743.04 8410.5 56282.6 45571.8 37849.4 17974.8 9183.78 8791.06 144047 19361.9 117565 35674.6 124685 40699.5 13443.6 166157 40790.8 37118.7 31151.5 125366 48480.5 32610.5
internal_count=3730816 3299987 668045 274937 247756 2631942 806275 11136 430829 7039 27181 8774 18407 11194 2205 1825667 88361 11984 1737306 122693 69474 66722 53219 2752 1614613 164924 105841 49697 59083 55270 3813 18738 56144 22159 2092 2980 1449689 39654 1410035 21420 65380 2877 2397 20067 16839 14054 6358 3120 3238 47744 5209 46278 13093 42535 15377 4862 62503 14752 13841 11443 47751 17752 11786
cat_boundaries=0 2 4 6 8 10 12 14 16 18 20 21 22 24 26
cat_threshold=3774968743 2 3224733477 50 74624 2 3626672316 5 794472520 81 279005190 36 3083882560 17 1073906231 2 43039814 116 3221307696 46 163888 188882952 1208257920 4 279185712 4
is_linear=0
shrinkage=0.03


Tree=68
num_leaves=64
num_cat=14
split_feature=5 3 10 1 4 1 1 3 3 1 0 4 4 1 8 0 10 14 16 10 15 8 2 1 5 0 4 0 1 1 1 5 13 14 19 12 2 12 2 13 8 1 10 1 13 4 0 1 16 10 1 4 16 4 19 10 1 0 2 14 2 19 0
split_gain=625.543 419.124 362.537 590.997 323.99 441.799 296.974 291.437 257.557 245.942 252.656 264.741 1995.42 7271.94 293.065 651.368 326.862 310.882 255.285 349.799 276.968 249.946 241.967 229.396 221.1 377.489 509.762 413.302 419.749 295.281 220.943 220.883 213.987 210.421 203.676 594.036 199.024 192.304 493.559 187.814 226.091 183.524 178.588 215.35 168.888 167.755 208.105 165.379 161.857 161.37 271.916 295.386 352.456 155.813 152.332 148.867 262.213 158.382 266.205 163.926 149.779 196.953 219.366
threshold=0.55214825272560131 -0.7261860966682433 1.9644516110420229 0 -0.72139084339141835 1 2 1.3157522082328799 -1.3307987451553343 3 789.50000000000011 0.55193653702735912 0.60955399274826061 4 0.10776091367006303 291.50000000000006 -0.82187929749488819 0.24402245134115222 0.73209384083747875 -1.5296894907951353 -0.51070949435234059 0.97941589355468761 -0.41985671222209925 5 2.0197230577468877 112.50000000000001 -0.13379042595624921 514.50000000000011 6 7 8 -1.1899090409278867 -1.5957214236259458 1.0290583372116091 1.6960514783859255 -0.67444875836372364 -0.92766210436820973 -0.98102644085884083 -0.1680435240268707 -0.80810230970382679 3.2701853513717656 9 1.5109481215476992 10 -0.53738322854042042 -0.94474059343338002 789.50000000000011 11 0.20704916119575503 -0.31823189556598658 12 -0.94474059343338002 0.81742417812347423 -1.0242686867713926 -0.1757514029741287 1.9644516110420229 13 803.50000000000011 -0.8156110644340514 0.7580358386039735 -0.22781497985124585 0.24361466616392138 202.50000000000003
decision_type=2 2 2 1 2 1 1 2 2 1 2 2 2 1 2 2 2 2 2 2 2 2 2 1 2 2 2 2 1 1 1 2 2 2 2 2 2 2 2 2 2 1 2 1 2 2 2 1 2 2 1 2 2 2 2 2 1 2 2 2 2 2 2
left_child=1 2 4 8 5 34 -6 23 -4 10 11 36 13 -13 15 -14 17 -16 33 -20 21 -21 41 -2 -9 -26 27 28 -27 -29 -28 42 -19 -12 45 -36 -3 38 -23 -39 44 -5 -11 -44 -41 -1 -47 -24 -48 50 51 52 53 -7 -22 57 -57 60 59 -59 -25 -62 -63
right_child=7 9 3 22 6 49 -8 24 -10 31 18 12 14 -15 16 -17 -18 32 19 20 54 37 47 55 25 26 30 29 -30 -31 -32 -33 -34 -35 35 -37 -38 39 -40 40 -42 -43 43 -45 -46 46 48 -49 -50 -51 -52 -53 -54 -55 -56 56 -58 58 -60 -61 61 62 -64
leaf_value=-0.0005574089526970944 -0.00052694680405220462 0.0025363659639899851 0.016134425779184117 0.0091247185559195174 0.0015576534508953601 0.00054805167252924955 0.00041284220504391182 -0.0010254774939233492 0.0057044716145163796 0.00054064149631714788 -0.00046898896726356145 -0.053393283736961471 0.019375419769317566 -0.0030988322798241041 0.0006956402127116639 -0.00012615498240699406 -1.9381809970927487e-05 -8.3082676433316398e-06 -0.0098631808768940964 0.0043194661191066734 -0.0032684613664578036 -0.013627803630444215 0.0019333840010517329 0.00065814312291690563 0.0045644592317906742 -0.02246814585300266 0.0055157220729602236 -0.012566967277001259 -0.0070524400489839628 -0.0010281046752285174 -0.0032209265857719763 7.2744324901732573e-05 -0.0060265374854426889 0.0072599636590048935 0.00026578808451088059 -0.017745742085054188 0.00015987002395805819 -0.00028809186737153075 -0.00062074735235308567 -0.01243473476342998 -0.0015496768564180251 -0.00085761390440540269 0.0061734528480535808 0.0009573588937970964 -0.0032476298469281207 -0.0015907476208373544 -0.0029345244168062015 -0.0079613155038410679 -0.012312088059206481 0.00025984717151149382 -0.00014220024793114118 0.0094903569801343853 0.0093875188415559786 0.0071964523267353843 -0.010241994202015482 -0.00020750693528463854 0.0059511133434031003 -0.0023736494019210132 -0.00037953960613593227 -0.0082214014516513445 0.00013946796824370816 -0.0023674007276223074 -0.00017524434417251505
leaf_weight=170880.17971801758 1524839.0377197266 32972.398193359375 4044.1956787109375 3511.5174865722656 377413.77268981934 28829.602931976318 443720.37159729004 161349.208984375 4515.9339141845703 762967.421875 195278.0654296875 2893.111328125 2208.251838684082 23502.158203125 15589.815231323242 5078.0905227661133 441951.25581359863 7028.3786315917969 4989.73486328125 6735.631844997406 6844.6639556884766 4105.6964569091797 2623.4671783447266 322320.64309692383 4239.0300941467285 3045.1175175905228 3913.3807678222656 2856.4060821533203 3388.8061075210571 6573.3597736358643 7719.3586415052414 3258886.6175556779 21836.694778442383 3217.5478515625 4720.3736531734467 2526.8262979984283 829006.32006835938 62040.582543849945 7268.7449645996094 3605.4393310546875 17762.20947265625 3130.2181549072266 11256.884033203125 19397.260498046875 3602.6587991714478 20067.151611328125 3252.0777130126953 3592.5855560302734 3379.9701080322266 144036.58178710938 32014.535888671875 6319.09716796875 5665.8731021881104 3560.0232334136963 4797.423900604248 15552.154357910156 10358.913024902344 21913.14030456543 214079.72611999512 5369.4671173095703 634500.25743103027 65684.184753417969 109683.29248046875
leaf_count=61759 479047 15648 1550 1445 140753 10216 177129 64636 1782 252202 104301 1364 1086 8864 10522 2582 178904 2287 1498 2511 1502 912 1431 132163 1484 1095 1295 1067 1039 2379 2807 1102971 7266 1097 1830 1080 369850 16026 1979 979 5321 1139 4319 5695 1093 7309 1335 1114 1015 60313 16872 1925 1196 1165 1018 6716 4773 10208 89887 1463 259139 29778 50913
internal_value=6.72231e-06 0.000163714 0.000657492 0.00452703 0.00059098 -8.11366e-05 0.000939056 -0.000346937 0.0106262 5.49326e-05 -0.000247663 -7.17306e-05 -0.000606264 -0.00864193 -0.000176554 0.00579337 -0.000266042 -0.00271795 -0.00100691 -0.00208838 -0.00175573 -0.00126932 0.000455312 -0.0002724 -0.00147577 -0.00376463 -0.00504929 -0.00854631 -0.0144062 -0.0045426 -0.000278744 0.000182042 -0.00456141 -0.000343526 -0.0010842 -0.00602206 0.00025079 -0.00165214 -0.00531967 -0.00117242 -0.00336911 0.00443542 0.000630858 0.00287584 -0.00784839 -0.00090299 -0.00311426 -0.00379678 -0.0077194 0.000850959 0.00196556 0.00348532 0.00248798 0.00127979 -0.00614525 4.95575e-06 0.00225752 -3.75453e-05 -0.00073525 -0.00352584 0.000111195 -0.000106488 -0.000996364
internal_weight=1.014e+07 7.02263e+06 1.2678e+06 21417.9 1.24639e+06 425252 821134 3.11739e+06 8560.13 5.75482e+06 1.70231e+06 1.38207e+06 520088 26395.3 493692 7286.34 486406 44454.9 320248 121753 116763 105121 12857.8 2.9243e+06 193085 31735.5 27496.4 15863.7 6433.92 9429.77 11632.7 4.05251e+06 28865.1 198496 204827 7247.2 861979 98385.3 11374.4 87010.9 24970.3 6641.74 793622 30654.1 7208.1 197579 26699.2 6216.05 6632.05 220426 76389.1 44374.6 38055.5 32389.6 11642.1 1.39946e+06 25911.1 1.37355e+06 241362 27282.6 1.13219e+06 809868 175367
internal_count=3734044 2594155 492358 8461 483897 166015 317882 1139889 3332 2101797 736610 598373 212875 10228 202647 3668 198979 20075 138237 32839 31341 28821 5129 1064087 75802 11166 9682 5580 2134 3446 4102 1365187 9553 105398 74328 2910 385498 26310 2891 23419 7393 2584 262216 10014 2072 71418 9659 2545 2350 91687 31374 14502 12577 11381 2520 585040 11489 573551 101558 11671 471993 339830 80691
cat_boundaries=0 2 4 6 8 9 11 13 15 17 19 21 23 25 27
cat_threshold=2941166232 6 520517682 84 201635283 21 3781178176 19 1073742336 1422536341 68 2454840363 57 2158798858 18 1180178968 9 279990308 81 135315640 36 3165504 41 2156495233 34 3248482 34
is_linear=0
shrinkage=0.03


Tree=69
num_leaves=64
num_cat=17
split_feature=3 3 1 5 5 12 5 0 1 2 4 7 3 1 5 12 16 13 19 1 2 16 4 1 16 0 1 14 1 4 1 14 4 1 15 0 8 2 0 8 1 0 14 8 1 14 15 0 1 1 19 19 19 1 2 4 8 0 16 1 17 1 15
split_gain=596.593 375.894 314.437 271.728 259.853 403.647 252.051 223.322 307.121 304.124 220.207 203.06 202.385 224.983 207.155 189.998 187.319 185.642 183.875 257.53 223.218 182.106 173.014 220.042 197.505 206.556 172.221 165.792 197.622 172.803 283.864 591.227 196.514 314.477 474.399 337.705 213.495 205.821 163.567 261.943 298.612 156.015 211.411 153.584 256.41 156.253 166.721 149.982 148.205 147.188 145.243 144.333 142.668 203.381 256.437 142.343 139.38 228.928 188.561 155.224 137.356 135.56 150.601
threshold=0.22438745945692065 -1.2094883322715757 0 0.50292018055915844 -2.2323027849197383 -1.0118998885154722 -0.57397747039794911 803.50000000000011 1 -0.92766210436820973 -0.80504435300827015 -1.2798516750335691 1.3157522082328799 2 2.0197230577468877 -0.36316962540149683 0.36108247935771948 0.97912776470184337 0.2833652943372727 3 -1.0000000180025095e-35 1.6058590412139895 -1.1608449816703794 4 1.3424351215362551 499.50000000000006 5 0.46288070082664495 6 -0.21171189099550244 7 0.20728760957717898 0.65452042222023021 8 1.3119027614593508 887.50000000000011 1.7568544149398806 -1.8440827727317808 127.50000000000001 1.8754866719245913 9 306.50000000000006 1.161976754665375 0.34871199727058416 10 -0.15898410975933072 -0.80220010876655568 217.50000000000003 11 12 0.95626643300056469 0.077823251485824599 2.3734664916992192 13 0.36596243083477026 -0.13379042595624921 2.5948152542114262 97.500000000000014 1.0428450107574465 14 15 16 -1.8089315891265867
decision_type=2 2 1 2 2 2 2 2 1 2 2 2 2 1 2 2 2 2 2 1 2 2 2 1 2 2 1 2 1 2 1 2 2 1 2 2 2 2 2 2 1 2 2 2 1 2 2 2 1 1 2 2 2 1 2 2 2 2 2 1 1 1 2
left_child=1 2 10 26 5 -4 16 15 9 -9 -1 -12 49 14 -14 22 27 -6 -18 20 -20 -21 23 24 38 -26 52 29 -29 -3 31 -31 33 34 35 47 -37 51 39 -8 -41 42 48 44 -13 -45 -47 -32 -17 -5 -48 -35 -2 54 -54 -16 57 -15 59 -59 -7 -24 -63
right_child=3 6 4 12 17 60 7 8 -10 -11 11 43 13 56 55 41 18 -19 19 21 -22 -23 61 -25 25 -27 -28 28 -30 30 32 -33 -34 37 -36 36 -38 -39 -40 40 -42 -43 -44 45 -46 46 50 -49 -50 -51 -52 -53 53 -55 -56 -57 -58 58 -60 -61 -62 62 -64
leaf_value=0.00048376770368373126 -0.00043525341891637335 0.00016104526004570634 0.012474059138062522 -0.00010673727122174594 0.00014676211186969237 0.0071860988271888046 0.0092272929123442642 -0.0044415061852470395 0.00012250943348418033 -0.00095497782741322764 0.0045673191637392793 0.0096149369352165285 -0.0019267137464141105 0.0082912796390441201 -0.008076144136947766 0.0048799655344515655 0.00015235556442430741 -0.002289922128936956 -0.0001492329155036251 -0.00029248846761937793 -0.0089871116832782195 -0.0060137449507490738 0.00021583576136705051 2.6916512390523278e-05 0.0015606577107527271 0.010378404909811036 6.1280687335421919e-05 0.0076937251323428582 0.0004675365825154462 0.0054679294353726727 0.0056770278976294277 -0.018033202891625969 0.00047594676665788907 0.0029725775854333404 0.014309592959794181 0.014782473969076547 0.0038337695369022127 0.0008419155185795679 0.00084795200360697823 -0.0053142863015166351 0.0066627261871464822 0.00045588217335178649 0.0075928297193914246 0.0035474198442578932 0.0021355803318168155 0.0021885641632128777 0.00057696737110139805 0.0011178821960571362 0.000611966911907534 -0.00076732504152809088 -0.003634754117802402 0.010896254305769567 -0.0029745059559667369 -0.00043571681199304474 -0.01722005984328932 -0.0023687449221869859 -0.0016290273979496929 0.0039850501308337271 0.0075673783197947953 -0.0011303479455039549 -0.00050226975283191384 -0.0016689701828725247 -0.000189181501506819
leaf_weight=131692.65661621094 729084.96875 576147.15933227539 3667.1597595214844 531595.05004882812 191232.59658813477 2647.8698205947876 5609.8275680541992 24442.822265625 294914.45751953125 285176.67724609375 25186.100830078125 5606.8534088134766 82050.5009765625 3250.3004455566406 9246.5644433498383 9979.6067924499512 485262.42407226562 32989.836029052734 4122.7835388183594 66509.404983520508 6833.6923980712891 5409.7575073242188 866450.6102142334 308024.18011474609 5352.744384765625 4319.061279296875 1684893.93359375 6419.5294799804688 7254.3787231445312 1778.1854782104492 7843.9383678436279 2092.9517288208008 408204.93078613281 7489.8413848876953 3440.8574829101562 3172.4755983352661 3244.188307762146 234088.90112304688 166539.3334274292 3749.0126037597656 3715.4167327880859 93283.615234375 6551.7459716796875 26431.281188964844 15588.560173034668 65344.741149425507 77553.693840503693 37644.772390365601 27432.131349265575 707721.49291992188 8137.84814453125 2856.9601287841797 2914.8799686431885 6744.1340942382812 1862.6499996185303 6850.6513769626617 50876.544738769531 6193.2617828845978 2829.1987392902374 38114.289996623993 9740.739951133728 64321.027587890625 1639368.5199737549
leaf_count=49726 315008 232384 1007 218862 89165 1098 1933 7391 120322 90913 9689 2083 31274 1389 3170 5622 133551 10412 1157 20668 1858 1067 354575 118600 1342 1066 598380 1640 2546 1110 2459 1103 150781 2672 1024 1083 986 95652 55176 1097 1310 44996 2135 14139 9291 26176 21898 12153 13784 230104 2505 1053 1592 3344 1016 2370 19043 2622 749 17866 3642 29562 531232
internal_value=-6.82614e-06 0.000173762 0.000890615 -0.000300072 5.22412e-05 0.00373845 9.85525e-05 -4.14737e-05 -0.000570345 -0.00123025 0.00145714 0.00202983 -0.00062671 -0.00151373 -0.00253715 5.82933e-05 0.000383816 -0.00021179 -7.06874e-05 -0.0013766 -0.00565795 -0.000723129 9.43116e-06 0.000521627 0.00132658 0.00550166 -0.000106319 0.000582191 0.00386757 0.000547297 0.000859909 -0.00722632 0.000904263 0.0014875 0.00352924 0.00281397 0.00925424 0.00102495 0.00110168 0.00433215 0.000649542 0.00115031 0.00262357 0.00170803 0.00412145 0.00141968 0.00104722 0.00190459 0.00175243 -0.00048398 0.000176805 0.00516467 -0.000487604 -0.00379913 -0.0085229 -0.00564868 -0.000521418 0.000596898 6.55114e-05 -0.00041431 0.00114863 -8.96771e-05 -0.000245053
internal_weight=1.01391e+07 6.27487e+06 595820 3.86423e+06 240278 16055.8 5.67905e+06 3.80923e+06 604534 309619 355542 223849 1.43873e+06 199411 98147.7 3.2047e+06 1.86982e+06 224222 568138 82875.6 10956.5 71919.2 3.06745e+06 497310 189285 9671.81 2.4255e+06 1.30168e+06 13673.9 1.28801e+06 711858 3871.14 707987 299782 55346.2 51905.4 6416.66 244436 179614 13074.3 7464.43 137247 43963.5 198663 21195.4 177468 151036 45488.7 37411.7 1.23932e+06 85691.5 10346.8 740607 11521.7 4777.53 16097.2 101264 50387.1 47136.8 44307.6 12388.6 2.57014e+06 1.70369e+06
internal_count=3733623 2286834 240831 1446789 105324 5747 2046003 1381056 218626 98304 135507 85781 527449 78483 36814 1162430 664947 99577 158301 24750 3015 21735 1095893 180524 61924 2408 919340 506646 4186 502460 270076 2213 267863 117082 17705 16681 2069 99377 59516 4340 2407 66537 21541 76092 11374 64718 50579 14612 19406 448966 24403 3725 320960 5952 2608 5540 41669 22626 21237 20488 4740 915369 560794
cat_boundaries=0 2 4 6 8 10 12 13 14 16 17 19 20 22 24 25 26 28
cat_threshold=1280178049 51 3894159271 10 2580279306 112 622329858 64 4162425504 1 3834647232 19 33564832 512 65827 20 536908448 594305 32 3314035584 3946283146 59 3758096896 1 33816593 1049488 791023938 45
is_linear=0
shrinkage=0.03


Tree=70
num_leaves=64
num_cat=10
split_feature=3 5 2 0 18 19 5 17 17 12 11 17 11 5 19 0 0 16 19 19 8 10 17 19 7 0 2 17 9 15 8 16 0 11 0 19 17 9 8 13 17 9 9 17 13 17 15 0 8 8 0 2 10 15 0 17 10 8 11 11 0 16 15
split_gain=634.364 429.893 576.539 695.71 412.611 402.305 402.252 385.142 365.74 290.162 335.766 4256.78 6294.18 263.109 360.318 251.387 229.417 218.076 238.866 212.225 213.036 220.3 1803.13 424.516 203.416 195.53 265.647 246.097 358.082 1792.5 270.945 652.682 410.695 400.269 447.451 214.279 211.234 217.206 234.383 369.28 452.845 264.384 204.895 439.204 397.425 818.976 1277.99 344.216 287.367 274.385 259.489 272.507 313.018 304.062 252.479 235.537 256.389 273.823 225.2 279.417 223.534 669.116 271.052
threshold=0.72144043445587169 -0.9160063862800597 -1.3179268240928648 172.50000000000003 -1.5001991391181944 0.17122810333967212 -1.9655067920684812 0 1 -0.66468688845634449 0.61875310540199291 2 0.68397516012191784 2.0197230577468877 -0.64194113016128529 789.50000000000011 514.50000000000011 1.6058590412139895 0.37541826069355017 1.3482177257537844 2.3285217285156254 -1.8547923564910886 3 0.42878660559654241 2.6421749591827397 645.50000000000011 -1.3179268240928648 4 -0.27023659646511072 -1.2882952094078062 1.5520311594009402 0.59267461299896251 187.50000000000003 0.35085451602935797 470.50000000000006 0.1394067928195 5 -0.82134631276130665 2.4137189388275151 0.65976771712303173 6 -0.84036657214164723 -0.69092124700546254 7 -0.80810230970382679 8 -1.5667805075645445 142.50000000000003 1.7568544149398806 2.1798427104949956 187.50000000000003 0.30607146024703985 -0.31823189556598658 0.51258745789527904 202.50000000000003 9 -0.91050890088081349 2.5948152542114262 -1.0000000180025095e-35 -0.40970848500728602 157.50000000000003 0.49804693460464483 -1.0779896378517149
decision_type=2 2 2 2 2 2 2 1 1 2 2 1 2 2 2 2 2 2 2 2 2 2 1 2 2 2 2 1 2 2 2 2 2 2 2 2 1 2 2 2 1 2 2 1 2 1 2 2 2 2 2 2 2 2 2 1 2 2 2 2 2 2 2
left_child=1 2 3 6 8 -6 -1 -7 -5 25 -11 12 -12 -2 16 -10 -15 -4 -19 20 21 22 23 -13 -16 27 -27 30 -29 -30 31 -3 -33 -34 -35 -32 37 38 39 40 -28 -42 43 54 45 46 -44 -47 -45 58 51 53 -53 -46 -37 -52 -57 -58 59 -50 61 -51 -62
right_child=13 9 17 4 5 7 -8 -9 15 10 11 19 -14 14 24 -17 -18 18 -20 -21 -22 -23 -24 -25 -26 26 36 28 29 -31 35 32 33 34 -36 42 -38 -39 -40 -41 41 -43 44 48 50 47 -48 -49 49 60 55 52 -54 -55 -56 56 57 -59 -60 -61 62 -63 -64
leaf_value=0.021136894584408768 -0.00046720063984185791 0.00059015286635481323 0.00044529789283534774 0.01226809821233265 -0.00045119219178464172 0.010307258147529141 0.0051234548316122603 0.0011291114627831043 0.01032487804560102 -6.5806205423702083e-05 0.051791723220942741 0.019756316402239019 -0.0040719793712574127 -0.013851806839584681 -0.00059602853375359749 5.8413644773792054e-05 -0.0043428408982904157 -0.00078420938339920964 -0.0071518565846188827 -0.0017946401905184423 0.00011358056406893985 0.00095638673971197542 -0.0079229873001028534 0.0068302060001480388 -0.0058947452509395381 -0.0022922349676659614 0.010676586187670313 -0.00022803840862572081 -0.025287272005021098 -0.0004574812218720712 0.00027658656048295703 0.012602549497773686 -6.3635152388965267e-05 0.0029139119114745039 0.014622483155186668 -0.013581935092242826 2.9713562942229881e-05 -0.0008641385501029779 -0.0014216464079543566 -0.0014854109274813488 0.00096386216727056254 0.008586367767632273 -0.0027441891305527736 -0.0061204881129075179 0.0023613690679492151 -0.0058305719013105163 -0.02915767249118284 0.00028509853607107849 0.0048076386269890166 0.00028554609306698529 0.0044626116094034695 0.010081545523964834 0.0014295326372617408 -0.0051849221269267068 -0.0036221690121747657 -0.0040976477082538681 0.0032653810007096441 -0.00099697408210363582 0.0069116069847172772 -0.0053482696598643638 0.0037884644042256934 -0.013715932530624796 -0.0017079087573175389
leaf_weight=2810.5886840820312 1635178.1015625 264452.74072265625 1731014.2423095703 6048.5951995849609 44019.541778564453 7096.8943481445312 2840.1179733276367 9791.1268005371094 3004.9405517578125 1042158.3970161676 3594.95654296875 4409.7513732910156 3659.9599609375 3523.5788917541504 40738.763549804688 7483.5891952514648 6492.8139305114746 49431.214202880859 5934.2778625488281 33653.422314405441 378448.75412368774 426349.64897847176 6164.9803695678711 4760.6630554199219 7758.4920654296875 65037.4765625 6518.9345855712891 1468055.7578125 3082.8487701416016 17151.019882202148 1013627.9970703125 5522.2933349609375 13148.908950805664 7583.5162200927734 4793.213134765625 4066.2862091064453 736384.3701171875 683327.037109375 31313.991928100586 20675.632446289062 28902.388641357422 4766.6920471191406 5027.8639831542969 9208.7812805175781 27638.605403900146 10120.093292236328 2448.7743072509766 45524.338542938232 5040.5630798339844 8260.9410381317139 9009.9055786132812 7797.6096343994141 7273.4511604309082 5811.7788734436035 5249.4797210693359 15679.840194702148 18567.501654148102 50303.957589626312 7135.9142136573792 4712.9656081199646 10355.750330448151 4885.0767040252686 36597.690545558929
leaf_count=946 645459 118316 631339 1903 14623 2414 1087 3808 1003 520111 1026 996 1084 1137 14823 2503 2064 10177 1191 12884 113314 133977 2087 1255 2807 22040 2510 530919 1659 5339 300633 1644 4859 1571 1013 1177 283195 211355 9106 4457 9263 1280 2609 3341 9158 4245 1155 18948 2358 2821 4130 2299 2230 1569 1693 4229 5539 15392 1555 1757 3942 1232 10326
internal_value=-8.03855e-06 9.82015e-05 0.000499647 0.0029423 0.00220035 0.00105911 0.0131 0.00499475 0.00640205 -1.58855e-05 0.000296389 0.000734768 0.0235937 -0.000537938 -0.00251449 0.00300039 -0.00769316 0.000386017 -0.0014673 0.000540109 0.00063593 0.00108349 0.00461564 0.0130391 -0.00144423 -0.000143012 -0.000414954 -4.59443e-06 -0.000282675 -0.00424588 0.000252489 0.0010733 0.00518775 0.00358146 0.00745244 6.79472e-05 -0.000334191 -0.000679729 0.000687229 0.00177226 0.00344822 0.00204352 -0.000635307 -0.00178307 -0.000101041 -0.00208174 -0.0113937 -0.000827438 -0.00111338 -0.00051426 0.000778939 0.00255911 0.00590785 0.00104967 -0.00796597 -0.000144355 -0.000635967 0.000152295 0.00286363 -9.99852e-05 -0.00146369 -0.00492066 -0.00049539
internal_weight=1.01414e+07 8.44774e+06 1.86948e+06 83095.4 77444.7 60907.6 5650.71 16888 16537.1 6.57826e+06 1.9032e+06 861042 7254.92 1.69369e+06 58513.6 10488.5 10016.4 1.78638e+06 55365.5 853787 820134 441685 15335.4 9170.41 48497.3 4.67506e+06 1.57693e+06 3.09814e+06 1.48829e+06 20233.9 1.60985e+06 295501 31047.9 25525.6 12376.7 1.31435e+06 1.51189e+06 775505 92177.6 60863.6 40188 33669.1 300717 95513.4 205204 63121.1 7476.64 55644.4 86197.7 76988.9 142083 48521.4 15071.1 33450.4 9315.77 93561.2 84551.3 68871.5 16889.4 9753.53 60099.5 13146 46953.4
internal_count=3734882 3068592 670994 28287 26254 20845 2033 6222 5409 2397598 786734 266623 2110 666290 20831 3506 3201 642707 11368 264513 251629 138315 4338 2251 17630 1610864 543206 1067658 537917 6998 529741 127403 9087 7443 2584 402338 521166 237971 26616 17510 13053 10543 101705 30202 71503 26957 3764 23193 27332 23991 44546 15256 4529 10727 2870 29290 25160 20931 5670 4115 18321 4053 14268
cat_boundaries=0 1 2 3 4 5 6 7 8 9 10
cat_threshold=34496791 22022718 8192 4198402 42654360 30184477 32777 49160 4608 33554568
is_linear=0
shrinkage=0.03


Tree=71
num_leaves=64
num_cat=19
split_feature=7 0 14 10 1 10 19 1 0 2 1 19 1 2 1 0 19 1 1 18 18 4 1 1 2 16 16 14 10 1 10 0 1 1 4 1 19 13 11 4 1 1 12 4 1 0 11 10 18 9 14 8 14 12 10 0 4 1 1 4 8 8 17
split_gain=577.93 485.577 461.239 389.411 716.993 383.726 487.682 568.048 399.387 537.379 487.214 478.967 498.526 304.911 573.796 351.932 329.847 706.341 418.077 420.177 296.129 384.183 352.398 287.91 291.389 286.458 540.803 283.634 272.995 695.845 272.86 333.032 359.735 288.372 272.491 267.477 285.443 258.545 310.609 257.97 343.974 251.329 251.607 245.702 230.095 294.557 261.483 493.985 252.438 227.533 225.254 278.452 266.747 259.945 286.36 222.839 220.389 403.63 255.16 218.531 216.41 731.024 2712.82
threshold=-0.85647931694984425 775.50000000000011 0.19009767472743991 1.5109481215476992 0 0.12197682633996011 1.1229721903800967 1 202.50000000000003 0.058021802455186851 2 -0.024582839570939537 3 -0.92766210436820973 4 873.50000000000011 0.37541826069355017 5 6 0.87604054808616649 0.24729455262422564 2.2173740267753606 7 8 -0.72702601552009571 1.0428450107574465 0.64911031723022472 1.161976754665375 -1.8547923564910886 9 1.9644516110420229 217.50000000000003 10 11 1.007509380578995 12 0.10759888216853143 0.20940569788217547 0.61875310540199291 1.0704205036163332 13 14 -0.59112650156021107 -0.98101535439491261 15 276.50000000000006 1.9528558254241946 -1.5296894907951353 -2.3239542245864864 0.26243089139461523 0.42714126408100134 3.2701853513717656 0.30951140820980078 -0.80534076690673817 -0.74728542566299427 587.50000000000011 -1.9714598059654234 16 17 0.089645657688379302 3.0304007530212407 3.1563035249710087 18
decision_type=2 2 2 2 1 2 2 1 2 2 1 2 1 2 1 2 2 1 1 2 2 2 1 1 2 2 2 2 2 1 2 2 1 1 2 1 2 2 2 2 1 1 2 2 1 2 2 2 2 2 2 2 2 2 2 2 2 1 1 2 2 2 1
left_child=30 3 20 5 25 6 44 -8 9 11 -11 23 34 14 43 -16 28 -18 50 27 21 35 -23 -7 -25 26 -5 37 29 -15 -1 32 -32 -33 -13 36 -3 38 -20 -14 -41 -6 55 -4 45 -2 48 -48 -47 -40 52 53 -19 -52 -55 -43 57 -30 -59 -39 -46 62 -62
right_child=1 2 13 4 41 8 7 -9 -10 10 -12 12 39 16 15 -17 17 18 19 -21 -22 22 -24 24 -26 -27 -28 -29 56 -31 31 33 -34 -35 -36 -37 -38 59 49 40 -42 42 -44 -45 60 46 47 -49 -50 -51 51 -53 -54 54 -56 -57 -58 58 -60 -61 61 -63 -64
leaf_value=0.00048684398659936518 0.00098281225159664912 0.00025253766764068763 0.0045617053205808892 -0.00061146059959436144 0.0058715059992799469 -0.00016845854076584738 -0.0034157963475965059 -0.00010263006961519275 -0.00012949359279645356 -0.0038989587845951654 -0.0010135723956776045 0.0025353525293390108 -0.001829808702895872 0.011500359787787592 -0.0021923390995101494 -0.0078144014341842601 -0.014987943465389598 -0.0041759030164924792 -0.0019681895198031215 0.0057823820786796149 -0.00092660476999409716 0.014350437468500165 0.001304615318905493 0.0081584548837991891 0.0019802267798983359 0.0072215717353650635 -0.011593268856169779 -0.0077917220290399623 -0.0092497790310140486 -0.0040002225399742896 0.017693906007407941 0.0055599098906547071 0.0039197200517001492 -0.001085685997252491 -0.0023198643297683906 -0.00033353058193450234 0.0023705915994014309 -0.00073152600618900908 0.0045427439627302463 -0.010779708137823417 -0.0020642104786691038 0.0020783553140939159 -0.001220163435761119 -0.001531805470429919 0.0001229331158524763 0.0037481720944138978 0.013054217345599247 0.0015370523543669348 0.00012102472975709656 -0.0039268701049264962 -0.015697027065297926 -0.0021966661164487498 0.0036620227521220916 -0.013936821012773416 -0.0033154200128677879 0.0062755711070040304 -0.00054551037944243627 0.0033152181594442993 -0.0028476661203583001 -0.0096813796850086821 -0.03234988893878616 -0.00036011380161463834 -0.0017399052094874184
leaf_weight=1439886.560546875 615138.85749131441 189307.86283874512 8487.3114051818848 62571.216674804688 22571.7763671875 55473.745513916016 72181.3056640625 131244.7578125 2022567.6328125 89005.160491943359 129051.6630859375 36181.928792953491 81602.452211380005 5509.5182790756226 18285.420288085938 22181.046142578125 3843.3396396636963 12622.276580810547 24782.806582689285 8451.5741927623749 272081.68212890625 3273.8615875244141 4322.7667083740234 8097.3416748046875 45232.887451171875 3725.9920043945312 4309.1596069335938 5591.0964660644531 7216.0312080383301 4926.3097238540649 2644.6236877441406 9833.6257934570312 4827.1118202209473 14564.937526702881 14596.733072280884 389529.43684387207 82095.594970703125 5027.4464101791382 16386.669635772705 7330.80419921875 9198.2600688934326 45866.59676361084 14963.626838684082 19931.626461029053 1377605.7673339844 17443.383239746094 3629.2957763671875 43135.702270507812 1679831.0682983398 3452.661376953125 3653.0883630514145 9624.1854915618896 5654.8241577148438 3239.8132514953613 7735.2588411569595 15142.342681884766 566335.98377609253 7803.4454956054688 26686.512969970703 4796.1263074874878 3025.9495849609375 296321.02734375 18242.961547851562
leaf_count=542515 201185 91524 2359 27733 9197 17828 35574 52130 743908 32509 51518 14881 28152 1425 5301 6482 1108 4010 9793 2959 118206 1417 2218 2661 16270 944 1166 1182 1925 1572 875 4393 2097 5383 5383 144702 42270 1275 5600 2499 3233 15360 6682 5917 569663 5702 911 12022 557853 1938 948 2956 1801 1006 2396 5214 166154 1583 7839 1028 1046 111417 6420
internal_value=-2.02782e-06 -9.53529e-05 -0.00054294 1.72884e-05 0.001439 -1.83076e-05 0.00015488 -0.00127846 -0.000313462 -0.00109553 -0.0021916 -0.000168093 -0.00127359 -0.0010714 -0.00297965 -0.00527326 -0.000892131 -0.00236849 -0.00192943 -0.000478352 -9.22273e-05 0.000247356 0.00695321 0.00134489 0.00291842 -0.000868497 -0.00131984 -0.00136018 -0.000617931 0.00419197 0.000547622 0.00329305 0.00883258 0.00159519 0.00113937 0.000170229 0.000893217 -0.000699066 0.000271097 -0.00252204 -0.00593948 0.00309205 0.00226526 0.000288401 0.000226798 0.000418374 0.000219291 0.00243217 0.000158313 0.00306815 -0.00426523 -0.00616134 -0.00175056 -0.00876815 -0.00645575 0.00312053 -0.000700517 -0.00280508 -0.00145246 -0.00510378 -3.98172e-05 -0.000745769 -0.00611742
internal_weight=1.01399e+07 8.66812e+06 1.74284e+06 6.92529e+06 169151 6.75614e+06 4.2578e+06 203426 2.49834e+06 475771 218057 257714 148910 802224 68885.4 40466.5 733339 114861 111018 68488.4 940611 668530 7596.63 108804 53330.2 70606.4 66880.4 60036.8 618478 10435.8 1.47176e+06 31870.3 7471.74 24398.6 50778.7 660933 271403 54445.7 44622.1 98131.5 16529.1 98544.3 75972.6 28418.9 4.05437e+06 2.35918e+06 1.74404e+06 46765 1.69727e+06 19839.3 42529.4 24252.3 18277.1 14628.2 10975.1 61008.9 608042 41706 34490 9823.57 1.6952e+06 317590 21268.9
internal_count=3733218 3177955 638894 2539061 66296 2472765 1553923 87704 918842 174934 84027 90907 54148 238557 20059 11783 218498 38000 36892 23775 400337 282131 3635 36759 18931 29843 28899 20816 180498 2997 555263 12748 2972 9776 20264 278496 133794 19634 17331 33884 5732 36453 27256 8276 1466219 777673 576488 12933 563555 7538 13117 7306 5811 4350 3402 20574 177501 11347 9422 2303 688546 118883 7466
cat_boundaries=0 2 4 6 8 10 11 12 14 16 18 20 22 24 25 27 29 31 32 33
cat_threshold=313564225 52 3056944673 40 553657319 23 1210402689 59 2820149272 81 150994945 1107890698 268617748 96 90928325 112 2719482779 64 1510355902 10 2909552825 48 263226778 46 919076876 3355705488 1 571817895 45 1073741857 80 2148040960 50331648
is_linear=0
shrinkage=0.03


Tree=72
num_leaves=64
num_cat=0
split_feature=3 10 12 19 4 12 4 10 3 15 10 3 8 9 9 8 4 19 9 7 10 9 11 12 14 9 19 18 12 6 4 9 12 12 4 15 12 13 11 13 9 4 13 14 5 11 4 12 18 10 6 11 10 4 8 10 13 10 16 14 18 15 12
split_gain=589.196 368.051 347.394 360.237 485.682 695.832 333.428 302.812 297.168 280.909 405.187 260.956 260.81 507.082 295.095 347.613 301.151 303.456 300.693 256.214 235.753 230.433 205.54 273.352 318.436 3180.65 204.245 441.163 182.12 177.025 217.914 164.369 171.975 162.941 162.178 179.118 188.495 326.636 220.923 160.073 329.497 314.984 220.611 219.479 203.643 199.86 185.723 153.873 151.823 165.207 149.914 243.307 231.27 236.332 200.163 173.489 193.31 146.021 145.559 196.354 193.368 144.971 144.481
threshold=0.32402199506759649 1.9644516110420229 -0.29911231994628901 0.7162228822708131 2.2173740267753606 -0.57888829708099354 -1.7580090165138242 -1.5296894907951353 -1.3307987451553343 -0.46259239315986628 -1.8547923564910886 -1.4934133291244505 -0.25356876850128168 -0.76263108849525441 -0.60693171620368946 2.4924867153167729 1.123882591724396 2.3734664916992192 -0.88391992449760426 2.6421749591827397 -0.10356964543461798 -0.70134109258651722 -0.040299339219927781 -0.7236138880252837 -0.17343234270811078 -0.77439677715301503 -0.89056834578514088 -0.88710606098175038 -0.64261594414710987 -0.52425202727317799 0.17685678601264956 -0.84036657214164723 -1.0883173942565916 -0.82210367918014515 -0.98101535439491261 0.38256432116031652 -0.67444875836372364 -0.36202026903629297 -0.53359326720237721 1.42017138004303 -0.50855025649070729 0.92175588011741649 0.87694302201271068 0.51214903593063366 -0.57397747039794911 1.3908437490463259 -0.98101535439491261 -0.84569817781448353 -0.32432694733142847 1.9644516110420229 -1.1857460141181944 0.35085451602935797 -0.91050890088081349 0.72527927160263073 1.8111107349395754 -2.4594172239303584 -0.45438288152217859 1.0887004733085635 0.73209384083747875 0.42714126408100134 0.20662170648574832 -0.26903520524501795 -0.73843973875045765
decision_type=2 2 2 2 2 2 2 2 2 2 2 2 2 2 2 2 2 2 2 2 2 2 2 2 2 2 2 2 2 2 2 2 2 2 2 2 2 2 2 2 2 2 2 2 2 2 2 2 2 2 2 2 2 2 2 2 2 2 2 2 2 2 2
left_child=1 2 3 8 7 -6 -4 12 26 -8 -11 28 13 -5 16 -16 17 18 -14 31 22 47 -10 -24 25 -25 27 -1 33 30 -22 32 -2 -3 -20 36 37 38 -36 42 44 46 -26 -44 45 -41 -42 -19 49 -33 51 -34 53 54 55 -52 -57 62 59 -13 -60 -15 -32
right_child=19 11 6 4 5 -7 9 -9 20 10 -12 58 14 61 15 -17 -18 21 34 -21 29 -23 23 24 39 -27 -28 -29 -30 -31 57 48 50 -35 35 -37 -38 -39 -40 40 41 -43 43 -45 -46 -47 -48 -49 -50 -51 52 -53 -54 -55 -56 56 -58 -59 60 -61 -62 -63 -64
leaf_value=0.009144371429469644 -0.0014374009941473549 0.0048234923005086956 -0.0020480475184704032 0.016659839481263726 0.001062046290255278 -0.015958172314259205 0.001159336086129768 -0.00022040124765756382 2.4032987251429494e-06 0.014028617391032493 0.0030620129085426424 0.0012666408720114627 0.0031594124178774088 0.0045208702271083397 0.0016058138884799016 -0.0043083197613415815 -0.013479894406116522 -0.0076203424147160614 0.00061684646229256913 -0.0021441960428115543 -0.00011195627509090701 -0.00245029494671611 0.00022699608637630922 0.029248065624238442 0.00099616940553019871 0.00058704462883617931 0.00085144603965112359 -0.00058988422405945994 0.00062765290558193488 -0.00022440299445522255 0.00014915292334389423 -9.9240835487943402e-05 -0.00053804621354879229 0.01317578373165379 -0.0055848440637481771 -0.00095440168764226064 -0.013229417678686886 -0.011943953447799943 0.006256933640991379 0.0010629171570136593 0.0050891640183552229 8.477362649656167e-05 -0.00027173498536698677 -0.0058424096626381603 -0.00058328983517799509 0.0076743246279005984 0.0129943112740266 -0.018722733347682988 -0.00051806196623684607 0.0036841297059558684 0.0083615921164993667 -0.010598625899587082 0.00047197251785033333 -0.0015620255817698628 0.0071216147922384399 -0.0063005226572313043 0.0025151740244261805 0.0026903813862789497 -0.0057204380708924087 0.005864904524033693 0.0023557264124065809 -0.0059463740696966451 0.0012410081464718069
leaf_weight=8324.3962554931641 45018.712890625 4713.1729774475098 24134.778015136719 1888.8270349502563 4197.9047501087189 4450.7920272350311 166573.01803588867 443899.85552978516 971015.6328125 3333.4283447265625 33129.543443322182 56486.198799133301 6876.2812166213989 2026.3894054889679 22767.206106424332 14725.515472412109 3033.5471487045288 2188.9353424310684 5459.5160241127014 68481.9140625 671841.39361572266 2841.4573936462402 820787.8681640625 3935.3926391601562 381300.8291015625 30140.425476074219 324892.06469726562 8430.9416351318359 3754.2785377502441 2082565.9860229492 273573.06851196289 953386.13543701172 45264.393188476562 3803.4203109741211 3354.8304007053375 5987.433422088623 3452.9207592010498 3749.8792865276337 2448.2541353702545 10911.848587036133 5418.1279296875 5341.728515625 63302.493896484375 7072.0181884765625 27430.300554275513 6603.4882049560547 5298.2524242401123 2328.2510627508163 1955437.0360717773 10496.984375 3135.84326171875 2267.1097412109375 245454.53826904297 7866.0568933486938 12655.393927335739 2905.3581820726395 9694.5080748796463 31693.7998046875 5528.2588806152344 9805.3611373901367 5148.9890441894531 2873.7427880764008 181395.15023803711
leaf_count=2766 13641 1582 12750 1143 1740 1319 81351 182944 460162 1296 13599 24104 2675 1506 9286 5403 1221 921 2446 26336 292939 1340 207453 1463 115513 12386 128859 3023 1551 636048 108433 364590 21377 1600 2009 1742 1683 1316 908 2988 1025 1038 14650 1052 6470 1110 1125 1170 745926 3989 1490 538 80342 2639 3615 1508 3596 14943 1332 3038 1281 1343 85653
internal_value=-3.36794e-06 0.000157725 0.000132183 9.16334e-05 -0.000651209 -0.00770106 0.00128523 -0.000536075 0.000159197 0.00168149 0.00406636 0.00207156 -0.0021653 0.00347609 -0.00264898 -0.000717266 -0.00438461 -0.00366979 -0.00238131 -0.000328051 0.000106607 -0.00915009 0.000336178 0.000573171 0.00109284 0.00390089 0.00101806 0.00424758 0.0061337 -5.9038e-05 0.000238227 -0.000290286 0.000301614 0.00855908 -0.00393972 -0.0052493 -0.00722539 -0.00504944 -0.00058785 0.000906166 0.00234854 0.00603648 0.000711334 -0.000831914 0.00103039 0.00355697 0.00900176 -0.0133571 -0.000366168 -5.80199e-05 0.000539414 -0.00101897 0.000802364 0.00303868 0.00431341 0.00205338 0.000480701 0.000721655 0.0014236 0.00194717 -0.00182651 -0.00161758 0.000584483
internal_weight=1.01383e+07 6.77624e+06 6.687e+06 6.45983e+06 538552 8648.7 227171 529903 5.92128e+06 203036 36463 89239.7 86003 6788.96 79214 37492.7 41721.3 38687.8 31329.1 3.36206e+06 5.57963e+06 7358.64 2.33856e+06 1.36754e+06 546755 34075.8 341647 16755.3 12270.9 3.24107e+06 1.1585e+06 3.29358e+06 374262 8516.59 24452.8 18993.3 13005.9 9552.96 5803.08 512679 61003.7 16058.1 451675 70374.5 44945.6 17515.3 10716.4 4517.19 2.91932e+06 963883 329243 47531.5 281712 36257.2 28391.1 15735.7 12599.9 486662 76968.8 66291.6 10677.2 4900.13 454968
internal_count=3734285 2464698 2430210 2321214 222115 3059 108996 219056 2099099 96246 14895 34488 36112 3992 32120 14689 17431 16210 12779 1269587 1964451 3431 826435 366273 158820 13849 134648 5789 4733 1138016 501968 1243251 128746 3182 10104 7658 5916 4233 2917 144971 13756 3188 131215 15702 10568 4098 2150 2091 1114505 368579 115105 21915 93190 12848 10209 6594 5104 209029 29755 27142 2613 2849 194086
is_linear=0
shrinkage=0.03


Tree=73
num_leaves=64
num_cat=20
split_feature=3 10 1 0 2 1 9 7 2 1 10 7 9 12 1 0 1 10 0 4 1 6 10 1 1 12 0 1 11 2 16 1 4 1 11 1 1 6 2 14 0 14 1 4 1 1 9 9 1 4 1 10 12 16 6 0 9 4 6 2 1 4 1
split_gain=536.15 381.156 504.707 313.895 276.785 315.174 270.49 256.226 221.934 269.766 325.243 241.775 239.173 800.614 4656.66 454.901 547.583 420.333 373.51 330.916 894.53 409.039 319.633 290.641 286.262 325.872 559.809 479.238 366.016 274.358 271.343 247.737 237.82 475.586 350.739 307.656 231.724 220.276 217.285 308.998 274.797 216.67 215.394 209.687 207.115 206.653 275.225 1169.44 2534.98 205.512 201.498 244.696 199.696 488.847 479.615 199.573 194.57 192.713 192.672 192.281 236.282 191.278 377.61
threshold=-0.096410565078258501 1.5109481215476992 0 645.50000000000011 -0.13914056867361066 1 -0.22357788681983945 0.24978721141815188 0.028961143456399444 2 -2.4594172239303584 -1.9914887547492979 -0.76263108849525441 -0.60971888899803151 3 172.50000000000003 4 -0.14989652484655377 127.50000000000001 -1.4085317850112913 5 0.81279775500297557 -1.1444867849349973 6 7 -0.87385734915733326 187.50000000000003 8 -0.33870449662208552 0.81044286489486705 1.6058590412139895 9 -0.51254457235336293 10 1.0617897510528567 11 12 0.078283395618200316 -0.72702601552009571 0.62470096349716198 873.50000000000011 -0.13839701563119886 13 -0.63914722204208363 14 15 -0.78547245264053334 -0.79619011282920826 16 -1.7580090165138242 17 -0.67963284254074086 -0.36316962540149683 1.3424351215362551 -0.13557609915733335 127.50000000000001 -0.94856038689613331 0.72527927160263073 0.37988303601741796 0.53936773538589489 18 1.5712455511093142 19
decision_type=2 2 1 2 2 1 2 2 2 1 2 2 2 2 1 2 1 2 2 2 1 2 2 1 1 2 2 1 2 2 2 1 2 1 2 1 1 2 2 2 2 2 1 2 1 1 2 2 1 2 1 2 2 2 2 2 2 2 2 2 1 2 1
left_child=1 6 4 8 5 -3 41 42 9 10 -2 -11 13 24 -15 16 17 19 -16 20 -14 29 31 -20 25 56 27 28 -27 32 -24 -18 35 34 -34 -21 -17 -33 39 43 -41 45 -5 -9 -19 46 47 -1 -49 -8 -31 -52 -12 -54 -55 -4 58 -35 -10 -57 -61 -13 -63
right_child=3 2 55 7 -6 -7 49 38 12 11 52 61 15 14 18 36 22 44 23 21 -22 -23 30 -25 -26 26 -28 -29 -30 50 -32 37 33 57 -36 -37 -38 -39 -40 40 -42 -43 -44 -45 -46 -47 -48 48 -50 -51 51 -53 53 54 -56 59 -58 -59 -60 60 -62 62 -64
leaf_value=0.0015065928949492848 -0.0079978390212431059 0.015205207014449476 0.0060339166480343851 0.0002024501877937813 0.0017033440711309157 0.0054813627006647363 -0.00085381482756495867 0.00056801134457596021 0.00061405175212968883 0.0040927960451874745 -0.00024795842517480357 0.00073882465616987908 0.01962533450549224 0.045155681317933426 0.0096122357067336805 -0.00069792629426736815 -0.012275519792660032 0.00035683759407977202 0.0034219889353764043 0.0058790430636421467 0.00069429273963461213 0.0073950304503215148 -0.0021182172733363032 -0.0022276160003982326 -0.00074888452916682614 0.0031497569052142543 0.00091728325669954093 0.0018997884677785307 0.015578495630165088 0.0014308989340735142 -0.010936170204211906 -0.0066359532093547219 0.0024811413266051688 -0.0036593268115577629 0.011100790313266169 -0.0058537861846746217 0.0001316138523135343 0.0039088714692998025 -0.00070976408421603323 -0.0031159862704873468 -0.010897004957762199 2.6953409318711694e-05 -0.00061722392400847073 -0.0022974313929740768 -0.0027772420762368173 0.00015647794665788186 0.00080916205729586531 0.039232443768602902 0.001117516905162952 0.0011596666604574695 -0.0093905815329507463 -0.0010373679391796852 0.00043659167224257753 0.016195450156188583 0.00095516848633076662 0.00097556228584724466 -0.0012223689887051032 0.0027943940508267876 0.0069602602203087324 -0.0088587668178033811 -0.00020916615654039021 -0.0045911125825429241 0.00014930358013142588
leaf_weight=42952.3857421875 4744.88671875 3725.4583129882812 6048.4270172119141 547645.0068359375 12938.007110595703 15512.863800048828 52056.4697265625 32597.021522521973 40057.590789794922 17636.0673828125 706414.95665973425 656835.08110809326 3108.8265380859375 2359.75244140625 4842.1518268585205 476909.40855407715 5191.1518859863281 27856.653564453125 16929.687355041504 2649.6392059326172 8014.6929321289062 6921.3948364257812 119225.21569824219 15857.886648178101 230515.67489528656 3200.254753112793 70004.533203125 9415.1583871841431 6404.5821304321289 5409.4152765274048 3221.0369873046875 7675.5167980194092 12717.47341632843 11919.846661806107 6378.1431274414062 8217.0595378875732 831368.55726623535 2318.2522144317627 651749.048828125 12708.245239257812 6019.4576416015625 3499375.2748718262 609796.2216796875 77921.685752868652 59531.69482421875 289341.79080200195 174911.25219726562 2444.3582763671875 4359.2884521484375 368977.78540039062 6749.7082214355469 5927.0224914550781 38858.195051133633 3840.2321472167969 3598.1169738769531 77707.654472827911 71707.6787109375 6394.2255084514618 4819.2832336425781 4145.205322265625 8986.9191203117371 17879.520263671875 97665.810737609863
leaf_count=21359 1739 1600 2474 223086 5445 6185 21874 12285 10732 7748 219842 261865 1027 830 2064 189579 2594 9639 5997 1164 2851 1848 50656 8897 86028 1134 22355 2913 2022 2462 739 3586 4482 4954 1187 3063 309244 932 237938 3409 1633 1166900 205553 28949 20860 192976 77287 867 2152 153440 2114 1839 18499 1122 1213 29532 20070 2644 1139 1382 3889 7083 34250
internal_value=-7.07672e-06 0.0002341 0.00184115 -0.000204327 0.00509562 0.00737858 0.000187324 -0.000512723 -4.01528e-05 0.000232282 -0.000172241 0.000620126 -0.000241501 0.000349516 0.00441189 -0.000415446 -0.00144987 -0.000320145 0.00183871 0.0011897 0.00600988 0.000457701 -0.00285973 0.000689968 -2.3021e-05 0.000790767 0.0021575 0.00672078 0.0114292 -0.000266342 -0.00235062 -0.00696478 0.000914349 0.00204917 0.00535954 -0.00299155 -0.000170786 -0.00418496 -0.000932608 -0.00205627 -0.0056192 0.000111434 -0.000229398 -0.00145229 -0.00177851 0.000686572 0.00136918 0.00333784 0.0148892 0.000910714 -0.00341728 -0.00548265 -0.00012286 0.00178578 0.00882894 0.000759544 -0.000252858 -0.00140514 0.00129626 0.000408129 -0.00294868 0.000540815 -0.000584781
internal_weight=1.01432e+07 4.56348e+06 129065 5.57973e+06 32176.3 19238.3 4.43442e+06 1.93844e+06 3.64129e+06 1.54747e+06 757456 790016 2.09382e+06 476114 39989.5 1.6177e+06 309427 171796 37629.7 84407.4 11123.5 73283.9 137631 32787.6 436125 205609 89024.5 19020 9604.84 66362.5 122446 15184.9 48276.4 37409.7 19095.6 10866.7 1.30828e+06 9993.77 780995 129246 18727.7 4.01338e+06 1.15744e+06 110519 87388.3 514009 224667 49756 6803.65 421034 18086.1 12676.7 752712 46296.5 7438.35 96888.2 116585 18314.1 44876.9 90839.8 13132.1 772380 115545
internal_count=3735221 1687362 50507 2047859 13230 7785 1636855 712853 1335006 553361 242415 310946 781645 164181 17788 617464 118641 60134 16958 29635 3878 25757 58507 14894 146393 60365 28424 6069 3156 23909 51395 7112 17494 13267 5669 4227 498823 4518 284214 46276 5042 1461541 428639 41234 30499 294641 101665 24378 3019 175314 6415 3953 240676 20834 2335 37277 31941 7598 11871 34803 5271 303198 41333
cat_boundaries=0 1 2 4 6 8 9 11 13 15 17 19 21 23 25 27 29 31 33 35 36
cat_threshold=2387362448 134479888 478878913 29 0 4 3508512949 42 1074798628 839387172 64 170009614 112 167903238 32 4211018 80 1583141 32 1074036752 2 1090142732 86 486458457 21 2416707584 34 201819140 4 1024 4 286752769 10 1052712 76 537920002
is_linear=0
shrinkage=0.03


Tree=74
num_leaves=64
num_cat=13
split_feature=7 19 3 16 0 6 0 17 18 2 19 8 8 10 17 10 17 0 0 17 0 17 16 13 16 12 17 2 6 6 17 9 17 10 16 12 9 12 8 10 17 0 2 19 6 0 17 14 14 3 2 0 12 16 16 10 17 10 17 17 6 0 9
split_gain=494.03 323.674 353.532 318.541 361.177 527.245 317.669 407.216 355.233 352.864 287.234 286.191 433.747 304.465 413.8 281.612 387.401 275.011 264.366 404.655 292.87 497.969 402.255 257.969 497.96 256.041 370.54 345.243 334.022 488.752 302.179 288.22 255.829 438.77 255.437 315.468 313.205 316.566 243.08 242.287 579.672 238.167 310.617 227.747 229.4 226.442 392.909 469.644 247.876 303.932 280.887 440.159 226.067 324.961 224.464 223.951 397.086 241.129 235.715 215.857 253.099 358.154 212.804
threshold=0.026217128150165084 1.0000000180025095e-35 -1.3307987451553343 0.36108247935771948 157.50000000000003 -1.6703305840492246 845.50000000000011 0 -0.42421029508113856 -0.92766210436820973 1.0000000180025095e-35 1.9408048391342165 2.1798427104949956 0.019940997473895553 1 0.86218050122261058 2 760.50000000000011 929.50000000000011 3 127.50000000000001 4 0.30758938193321234 -0.65970978140830983 1.0428450107574465 -0.77205970883369435 5 -1.0000000180025095e-35 -0.72545358538627613 -1.0177602171897886 6 -0.59720191359519947 7 -0.91050890088081349 0.30758938193321234 -0.95321357250213612 -0.6301731765270232 -0.98102644085884083 2.6862729787826543 -1.5296894907951353 8 306.50000000000006 -0.72702601552009571 0.55204156041145336 0.47605699300765997 112.50000000000001 9 0.7580358386039735 1.161976754665375 1.3157522082328799 -1.8440827727317808 514.50000000000011 -0.76450166106224049 0.20704916119575503 0.0088765094988048094 -1.1444867849349973 10 0.040275949984788902 11 12 -0.5549393594264983 217.50000000000003 -0.88391992449760426
decision_type=2 2 2 2 2 2 2 1 2 2 2 2 2 2 1 2 1 2 2 1 2 1 2 2 2 2 1 2 2 2 1 2 1 2 2 2 2 2 2 2 1 2 2 2 2 2 1 2 2 2 2 2 2 2 2 2 1 2 1 1 2 2 2
left_child=1 2 15 18 5 -5 8 10 -2 -9 -8 13 -13 14 -7 -1 -17 32 20 52 21 54 25 39 -25 30 -27 31 29 -29 -23 -28 -6 -34 -11 36 37 -36 -12 40 -19 42 59 62 -45 46 47 -10 49 -47 51 -51 -20 -54 -3 56 -44 58 -57 -4 61 -61 -37
right_child=6 3 41 4 17 11 7 9 45 34 38 12 -14 -15 -16 16 -18 23 19 -21 -22 22 -24 24 -26 26 27 28 -30 -31 -32 -33 33 -35 35 43 -38 -39 -40 -41 -42 -43 55 44 -46 48 -48 -49 -50 50 -52 -53 53 -55 -56 57 -58 -59 -60 60 -62 -63 -64
leaf_value=0.001397270509118671 0.00029083692615362091 0.00097818226112741653 0.0006844958876999831 -0.012111041169642895 0.00078208303382877901 0.010083147515378983 -0.00073003578470445417 -0.0039417980087164024 0.0020144464542529257 -0.00039551589305977986 0.0019301185783056683 -0.011546784241960574 -0.0024010867911566564 -0.0035036739274375808 -0.00042139526976041732 0.0136042341349197 0.0021902710872742405 -0.015527630745198057 0.0015904216858294003 -0.00013508006147958511 -0.00017976946353511202 0.0029521515538814018 0.012022582804872541 -0.002019371154556793 -0.010270058145748008 0.0009031570216109122 0.004013082545635472 0.0022803936799369153 0.0010689151172035105 0.023569941500408417 -0.0016887520366609496 0.015768611933650544 -0.0046984603393652718 -4.6834192708025013e-05 -0.0050362976604047529 0.0059987809973297938 -0.0015783043272871273 -0.015049794914255045 -0.0019756854904016265 0.00034079321394633069 0.0023368852381267236 0.00017044660576676893 -0.0064068740100566741 -0.0029239255060142509 -0.011478522545607968 -0.0003885432268514167 -0.00014002005147931474 0.011836601689055445 0.00066402434277092442 -0.015916126057575353 -0.0015401227212290198 -0.0020101046937135983 0.004716895199540847 0.015659763379315308 -0.0035262374083290162 0.0019188635167511838 0.00041629527158828058 3.7782850872550245e-05 0.00032413158654867103 0.014786190074326577 0.0028568341638756248 0.0028106335717378093 -0.0012004041327481963
leaf_weight=141299.75903320312 1265708.8154296875 17827.365127563477 18631.606201171875 5021.2820434570312 169810.63296127319 5186.5495147705078 154936.7314453125 44669.75146484375 45791.019077301025 199306.22409057617 88618.620880126953 5286.2572326660156 39610.554016113281 10014.549575805664 9616.097900390625 4135.2115249633789 7579.9825668334961 2973.6445465087891 16791.538803100586 45046.861053466797 1067253.5314941406 24469.656051635742 3765.0811767578125 45470.870666503906 7693.94873046875 22543.724250793457 3013.7378313541412 2333.9119262695312 11469.139804601669 1657.8090884685516 26059.991074800491 4991.012882232666 23653.611572265625 79835.777194976807 8523.1099243164062 3811.1655759811401 11640.388854980469 4264.0322265625 17105.044403076172 52739.024475097656 3606.0960540771484 2747819.4689941406 11027.128860473633 14499.677795410156 3499.6777648925781 2396074.7119140625 136513.67059326172 4840.2947044372559 189625.26489257812 3230.9012250900269 106093.74877929688 5587.6319780349731 16310.340530395508 2869.6902770996094 22541.872299194336 206259.43580245972 25184.778305053711 240737.05792236328 140085.08762162924 4644.0649299621582 18431.533031463623 4356.7982788085938 116809.7669801712
leaf_count=55093 465288 9530 7149 1691 51183 1367 67110 13288 20570 71946 42545 1570 11091 3142 3060 1300 2987 950 7131 16933 459858 8406 971 11570 1918 9599 1153 1631 5014 839 9683 2402 6911 23426 2252 969 3046 981 6862 17407 1307 978394 3964 4715 843 900291 47632 1317 46094 1088 44853 2007 9016 773 10171 71843 8737 84073 47302 1664 5435 1634 31350
internal_value=-5.91682e-06 0.000193423 0.000357233 -0.000140869 -0.000818108 -0.00272686 -0.000225869 -0.000833236 -0.000128232 -0.0014261 9.25942e-05 -0.00205013 -0.00347909 0.000535177 0.00326787 0.00176798 0.00623672 -0.000448307 0.0001011 0.00176 -1.01735e-05 0.00127647 0.00240865 -0.0016968 -0.00321425 0.00203335 0.00365233 0.00628968 0.00367201 0.0111406 0.000558987 0.011348 6.55656e-05 -0.00111008 -0.00111597 -0.00199659 -0.00513979 -0.00838 0.00129813 -0.000336622 -0.00576249 0.00029406 0.000801508 -0.00144253 -0.00458995 -0.00031191 0.000697241 0.00295393 -0.000381843 -0.000460826 -0.00196794 -0.00711107 0.00413177 0.00635781 -0.0015368 0.000625807 -0.00166373 0.000767041 0.00127393 0.0031786 0.0048701 0.00899429 -0.000972698
internal_weight=1.01408e+07 5.31966e+06 3.57019e+06 1.74946e+06 460519 74735.3 4.82115e+06 667684 4.15347e+06 407024 260660 69714 44896.8 24817.2 14802.6 153015 11715.2 385784 1.28895e+06 81018.4 1.20793e+06 140673 100304 112484 53164.8 96539 46009.3 23465.6 15460.9 3991.72 50529.6 8004.75 273300 103489 362354 163048 24427.5 12787.1 105724 59318.8 6579.74 3.41718e+06 669357 138620 17999.4 2.88776e+06 187145 50631.3 2.70061e+06 2.51099e+06 114912 8818.53 35971.6 19180 40369.2 623293 36211.9 587082 346345 46064 27432.4 9000.86 120621
internal_count=3734325 1959278 1269575 689703 136593 21921 1775047 245907 1529140 129390 116517 20230 12661 7569 4427 59380 4287 114672 553110 33853 519257 59399 39698 33152 13488 38727 20638 11039 7484 2470 18089 3555 81520 30337 116102 44156 6279 3233 49407 19664 2257 1210195 231801 37877 5558 1063852 69519 21887 994333 948239 47948 3095 16920 9789 19701 215919 12701 203218 119145 15882 8733 3298 32319
cat_boundaries=0 1 2 3 4 5 6 7 8 9 10 11 12 13
cat_threshold=3105581 8422416 43173922 2221422 59296148 467458 4535808 12734609 14696448 17138233 26248176 27344688 13717700
is_linear=0
shrinkage=0.03


Tree=75
num_leaves=64
num_cat=14
split_feature=5 10 1 10 19 1 19 1 10 8 10 12 9 2 16 8 1 18 16 8 9 8 10 1 10 14 2 16 1 8 2 10 1 2 12 17 6 16 10 13 6 1 12 14 6 19 15 4 1 2 1 18 19 2 1 12 4 17 8 16 16 1 9
split_gain=518.296 449.503 390.81 343.124 399.029 745.605 389.966 368.469 409.82 333.984 329.895 278.855 445.074 343.898 331.195 276.51 402.197 433.025 323.886 495.764 427.107 306.955 414.79 633.789 423.057 672.455 285.317 268.466 264.326 1853.71 3053.98 253.454 819.842 335.371 354.112 594.578 499.526 252.45 367.723 334.771 247.496 243.469 238.713 242.809 236.178 388.975 246.361 234.7 470.922 234.34 321.196 231.943 228.008 283.19 326.074 227.032 224.896 223.933 259.732 279.726 296.866 271.684 262.904
threshold=-1.0461278557777403 1.5109481215476992 0 0.16448456048965457 0.95626643300056469 1 1.6960514783859255 2 1.5109481215476992 3.1563035249710087 -2.4594172239303584 -0.87385734915733326 -0.36612948775291437 0.36596243083477026 0.49804693460464483 3.0304007530212407 3 2.070167183876038 0.46173781156539923 1.9408048391342165 -0.61526718735694874 1.7568544149398806 -0.46934723854064936 4 -2.4594172239303584 0.56028988957405101 1.0600784420967104 0.36108247935771948 5 3.1563035249710087 0.14304283261299136 -0.91050890088081349 6 0.46665683388710028 -0.69466486573219288 7 -0.75956422090530384 0.59267461299896251 -1.8547923564910886 1.6588903665542605 1.0277248024940493 8 -0.9295423924922942 0.62470096349716198 0.57884424924850475 1.6960514783859255 0.82292002439498912 1.5712455511093142 9 -1.3179268240928648 10 2.4210708141326909 0.55204156041145336 -0.72702601552009571 11 -0.95321357250213612 -2.1839371919631954 12 1.617295026779175 0.22544565051794055 0.19028642028570178 13 -0.60693171620368946
decision_type=2 2 1 2 2 1 2 1 2 2 2 2 2 2 2 2 1 2 2 2 2 2 2 1 2 2 2 2 1 2 2 2 1 2 2 1 2 2 2 2 2 1 2 2 2 2 2 2 1 2 1 2 2 2 1 2 2 1 2 2 2 1 2
left_child=1 27 -3 4 15 6 -6 -5 40 44 -11 14 13 -13 55 16 17 21 -19 20 -20 22 23 24 25 -2 42 -1 29 30 -17 32 -18 34 47 36 -36 38 -25 -40 -9 51 43 -26 46 -46 -7 -34 -49 50 -4 -10 -29 -54 -55 -8 -44 -35 -59 60 61 62 -60
right_child=3 2 49 7 5 9 11 8 41 10 -12 12 -14 -15 -16 28 31 18 19 -21 -22 -23 -24 37 26 -27 -28 52 -30 -31 -32 -33 33 57 35 -37 -38 -39 39 -41 -42 -43 56 -45 45 -47 -48 48 -50 -51 -52 -53 53 54 -56 -57 -58 58 59 -61 -62 -63 -64
leaf_value=0.00060233088244880271 0.0023968056703576636 0.0062713098893086615 -0.00093059406032276065 -0.00070135800057886011 -0.0015784841724999043 0.0017499383733802852 -0.0036224381348054875 -0.00012782336254720011 0.0034343408959606882 -0.010937242546418317 -0.0014693219848355148 -0.0056593282264805903 -0.00083219349920207806 -0.013356696977381807 -0.011868486488456849 -0.0027456463813874859 -0.0043173144760746025 0.0011765754157754915 0.020383323273931556 0.0014822744006250835 0.0058557646859825219 0.00018302982356659507 0.00057039015471304114 -0.0099219538528274222 0.0020530081685523394 0.022236315713349344 0.006341902470485705 1.2840679369440626e-05 -0.000133675201618957 -0.00062682986177977056 -0.043689302442210254 0.00016736039358420521 -0.00077166005653097908 -0.0032086547335077038 0.015515091333962066 0.00087849010239404615 0.0039796181368262499 0.003489527571903293 -0.0014534929336752563 0.0069499217510488156 -0.0027870057968897074 0.00027449476361460142 0.0093687350571234947 0.010593367518666614 -0.0072704989956371129 0.0028659666512101398 -0.0011492682139102955 0.0071993736697712821 -0.0039629627258553797 0.00014015018485121058 0.0092564651283688053 -0.0049388473682538524 0.0047598340676679677 -0.00098875119961595523 -0.0060272469125213475 0.0048891942083833344 0.0010737273251164147 -0.0014395263862880066 -0.0048154343625000399 -0.0033567429052770228 0.010782819002338406 0.0042936048541476531 0.0038442739510639607
leaf_weight=1198089.1014404297 3307.7620887756348 20674.002624511719 4740.6615600585938 1514480.607421875 69911.360107421875 112087.88615858555 5875.4299926757812 1475715.0886230469 56679.02734375 3613.022216796875 39211.401000976562 11504.200915455818 7955.3982418775558 9584.111536026001 2368.261608839035 5029.6191798448563 48523.70751953125 13013.301574707031 3628.6464188098907 6057.7050170898438 3663.1614425182343 551024.0524597168 274213.09185004234 3963.2192993164062 6064.1731675863266 2870.4185752868652 23309.725830078125 511544.18518066406 1278133.7473144531 105890.42956542969 2428.1133641004562 2083327.7143554688 90871.054153442383 35329.18359375 5052.802871465683 41637.907836914062 10191.70457482338 13500.051361083984 31059.665679931641 4940.8639526367188 32182.376220703125 58697.594482421875 3126.6681976318359 5922.6369476318359 8105.9750366210938 5871.381591796875 34493.31568467617 9685.5840759277344 5228.6481475830078 36017.112365722656 6745.1902465820312 3138.210205078125 5116.0150756835938 35514.347394943237 17135.071611404419 5414.8125488758087 48524.672627091408 88182.656837463379 8200.2097940444946 8701.8377838134766 3624.0171203613281 16236.391616106033 5122.0460278987885
leaf_count=481911 1435 8270 1498 482166 32693 51686 2769 620618 24708 1263 14348 6266 4913 4842 824 2179 25416 5504 1136 1685 1093 175336 119864 1720 2693 776 9482 142602 413736 39914 1040 791396 34526 17154 1019 20642 2639 5236 15483 1703 7716 27958 731 1205 2259 1580 10602 3039 1831 12896 2286 1268 1569 11531 4406 2635 20301 34065 2564 2764 656 4986 1733
internal_value=-1.65489e-05 0.000439665 0.00282986 -0.000117364 3.29868e-05 -0.000999944 -0.00295813 -0.000364634 -5.10771e-05 8.44934e-05 -0.0022693 -0.0052171 -0.0068794 -0.00915993 -0.00168112 0.000100293 0.000243989 0.00075188 0.00454529 0.00782749 0.0130942 0.00064896 0.00125907 0.00254725 0.00404161 0.0116249 0.0035026 0.000347456 -0.000256818 -0.00164518 -0.0160966 3.78912e-05 -0.00067834 -0.000139908 0.000827276 0.00273598 0.00780178 -5.65672e-05 -0.00125477 -0.000299368 -0.000184586 0.00164753 0.00246218 0.00627542 0.000712357 -0.00301303 0.00106768 -0.000199146 0.00328822 0.00132999 0.00506054 0.00299418 -0.000188918 -0.00197544 -0.00263031 0.000460107 0.00157672 -0.00109114 -0.000515589 0.00142947 0.00268492 0.00169043 -0.0014847
internal_weight=1.01421e+07 1.83558e+06 68177 8.30648e+06 5.16558e+06 315997 112614 3.14089e+06 1.62641e+06 203383 42824.4 42702.2 29043.7 21088.3 13658.5 4.84959e+06 3.45811e+06 998190 26362.8 13349.5 7291.81 971827 420803 146590 93126.1 6178.18 86947.9 1.7674e+06 1.39148e+06 113348 7457.73 2.45992e+06 376588 328064 162668 56882.4 15244.5 53463.8 39963.7 36000.5 1.5079e+06 118515 63638.2 11986.8 160559 13977.4 146581 105785 14914.2 47503 11485.9 59817.2 569310 57765.4 52649.4 11290.2 51651.3 165396 130067 41884.5 33182.7 29558.6 13322.3
internal_count=3734765 666969 24950 3067796 1903362 136680 54942 1164434 682268 81738 15611 22249 16021 11108 6228 1766682 1309813 365383 9418 3914 2229 355965 180629 60765 36623 2211 34412 642019 456869 43133 3219 944430 153034 127618 63696 24300 3658 24142 18906 17186 628334 53934 24930 3898 66127 3839 62288 39396 4870 16680 3784 25976 160108 17506 15937 5404 21032 63922 46768 12703 9939 9283 4297
cat_boundaries=0 2 4 6 8 10 12 14 15 17 19 21 23 24 26
cat_threshold=2350170296 4 3061138977 8 1100037925 68 3925947041 42 570495009 40 1073758232 16 294976 16 8389666 2919645336 1 335692812 4 16791363 72 3254854544 26 66596 18351124 64
is_linear=0
shrinkage=0.03


Tree=76
num_leaves=64
num_cat=15
split_feature=5 5 2 0 18 1 1 0 4 19 0 1 1 10 13 8 12 1 4 15 0 1 12 10 0 1 9 17 4 8 12 4 1 4 11 2 0 1 4 1 0 15 4 4 1 11 13 10 9 8 12 1 4 10 9 1 4 11 8 1 19 13 10
split_gain=492.463 337.265 621.87 742.535 480.426 415.303 355.746 347.439 261.382 239.748 575.256 505.58 300.653 279.408 730.963 280.149 365.073 275.219 262.103 653.253 249.637 458.352 240.879 234.463 318.618 443.789 309.742 294.003 284.355 809.25 334.86 254.32 233.283 292.674 232.719 405.673 398.821 659.05 402.98 484.014 505.393 298.826 286.665 264.745 407.249 258.279 266.646 254.31 248.679 348.085 368.643 349.948 242.348 234.63 251.23 247.982 245.932 231.767 232.915 231.594 229.879 228.24 361.296
threshold=0.75342088937759411 -2.2323027849197383 -0.72702601552009571 172.50000000000003 -1.5001991391181944 0 1 901.50000000000011 -1.9714598059654234 -0.1158856153488159 306.50000000000006 2 3 -2.4594172239303584 -1.1369868516921995 2.1003625392913823 -0.67444875836372364 4 0.29658980667591101 1.3119027614593508 659.50000000000011 5 -0.68392628431320179 -0.14989652484655377 929.50000000000011 6 -1.059655427932739 7 0.17685678601264956 2.3285217285156254 -0.7236138880252837 -0.98101535439491261 8 1.123882591724396 -0.040299339219927781 0.17018186300992968 187.50000000000003 9 0.063367111608386054 10 142.50000000000003 0.17308335751295092 -1.6296737790107725 -1.4085317850112913 11 0.35085451602935797 -0.10566841438412665 -1.8547923564910886 -0.48906326293945307 3.2701853513717656 -0.78893500566482533 12 0.32278256118297582 -1.3084688186645506 -0.34197996556758875 13 1.007509380578995 1.4778682589530947 0.80813395977020275 14 0.37541826069355017 -0.69766697287559498 -1.8547923564910886
decision_type=2 2 2 2 2 1 1 2 2 2 2 1 1 2 2 2 2 1 2 2 2 1 2 2 2 1 2 1 2 2 2 2 1 2 2 2 2 1 2 1 2 2 2 2 1 2 2 2 2 2 2 1 2 2 2 1 2 2 2 1 2 2 2
left_child=1 2 3 -1 5 -5 7 -4 -2 10 11 18 13 14 15 16 -11 22 -3 32 21 -16 -12 24 26 28 27 -14 29 31 -30 -26 -20 -34 35 42 37 41 43 40 60 -36 47 44 -39 46 -45 -28 -38 50 51 -50 -41 54 55 56 -37 58 -54 -44 -40 62 -52
right_child=8 9 6 4 -6 -7 -8 -9 -10 12 17 -13 23 -15 20 -17 -18 -19 19 -21 -22 -23 -24 -25 25 -27 34 -29 30 -31 -32 -33 33 -35 36 53 48 38 39 52 -42 -43 59 45 -46 -47 -48 -49 49 -51 61 -53 57 -55 -56 -57 -58 -59 -60 -61 -62 -63 -64
leaf_value=0.016437417354533447 0.0008771978916976592 0.00115688531070801 -0.00038476452841950813 0.017071041074628684 0.00060461341734165477 0.0047822649718529649 0.0017645485323879214 -0.0069261005857877284 -0.00044986502158032187 -0.0072948157664875267 8.2517641161173425e-05 0.00035298127199054363 0.010243402388925257 -0.00044190979836668026 0.0090938250684650199 -0.0044336774217764423 -0.02374721614003255 -0.00023319580617337126 0.0013854384102481678 0.01316274597488276 -0.0047146969875635318 -0.0019216960362722097 0.00077514971711035215 -0.00018701628292222669 0.0052822611369616737 -0.00026946952932251653 -0.01376309262429164 -0.0016503888501088711 0.0048288025381816816 0.015850154468096369 0.01627871574936408 -0.0051308103143268401 0.0058556126555939962 0.0013190008930589361 0.0057356480537685559 -0.0019402350395005181 -0.00027555481725679562 0.010973319473448441 0.0081832023075975018 -0.0037788932473833562 0.014917528315506792 0.019903394277885095 2.6430434224480939e-05 -0.0035816179859617051 -4.4776662494964459e-05 -0.0024153278359016592 0.0077520700744639721 -0.0015383748922869742 0.012354442186078332 -0.00104763193507257 0.014599043151180822 0.0034564263391158125 0.010165474156221677 -0.00059230775998133246 0.0060330458548115947 -0.0051517139015046865 0.0093017797968558674 -0.0030592600658886039 0.0026190282812143463 0.0029159084614476414 -0.0013205669578345985 0.00056523399837098631 0.0020405895326290539
leaf_weight=4309.6660509109497 141710.3984375 169128.19421386719 44123.876708984375 3244.1017456054688 22769.619112968445 10445.878471374512 72826.353515625 8753.55126953125 2326376.5390625 2424.9144325256348 1517181.18359375 463426.99401855469 5384.8002624511719 1034868.021484375 5026.5793876647949 3511.1706256866455 2438.3845157623291 1569036.8419189453 71432.18359375 5396.4975891113281 8571.1313934326172 10428.884098052979 643580.85424804688 1107468.7762592435 3239.4876155853271 19239.317810058594 1780.7188110351562 2862.31787109375 5144.6259832382202 3270.9768214225769 4159.8009152412415 6037.4256200790405 31506.235443115234 21558.50048828125 2798.6333160400391 16435.462995529175 271418.236328125 4494.5637512207031 4897.4406185150146 5945.5629496574402 6033.072021484375 2575.6926116943359 47941.418670296669 2949.9387903213501 9144.7614517211914 32700.355262756348 5078.8796331882477 10772.465454101562 5636.0677490234375 37488.420532226562 2805.7271118164062 13554.823444366455 4652.9054279327393 119032.83538818359 2617.7545318603516 30603.563432693481 1955.1684417724609 4811.1292495727539 17579.29237985611 52088.551451802254 4297.2069244384766 54418.980494976044 7745.005569934845
leaf_count=1432 53602 65982 14330 1058 7942 3428 28312 2790 846883 1302 454305 152495 2224 397875 1682 1399 1151 669041 25410 1619 3274 4037 204835 438434 1220 8919 1052 1070 1463 1119 1481 1999 12329 8388 1304 8878 73805 1367 1216 1520 1487 785 25668 1272 2420 9228 1740 6281 1375 13048 1356 3420 1479 70187 1507 19091 1132 978 4766 30606 1131 18146 4008
internal_value=-5.09156e-06 0.000113556 0.00144911 0.0046685 0.00327531 0.00771545 0.000404827 -0.00146792 -0.000373667 8.3913e-05 0.000222711 0.000973565 -0.000123349 -0.000527803 -0.00327085 -0.0109003 -0.0155597 6.92191e-05 0.00193525 0.0029488 -0.000609888 0.0016673 0.000288817 9.90382e-05 0.000479075 0.00305466 0.000345512 0.00612735 0.00597808 0.00303201 0.0099538 -0.00149369 0.00250555 0.00401207 0.000284672 -0.000402663 0.000673219 0.00228821 0.00175049 0.00374713 0.00816845 0.0125146 0.00099513 -2.00886e-05 0.00359671 -0.00123157 0.00358822 -0.00327729 0.000229623 0.00135672 0.00242771 0.00608041 0.00170232 -0.00132486 -0.00301413 -0.00349809 -0.000742453 0.00290849 0.00420033 0.00153143 0.00374322 0.00134838 0.00538556
internal_weight=1.01351e+07 7.66705e+06 166473 40769.3 36459.6 13690 125704 52877.4 2.46809e+06 7.50058e+06 4.49225e+06 762449 3.00833e+06 1.06727e+06 32401.1 8374.47 4863.3 3.7298e+06 299022 129893 24026.6 15455.5 2.16076e+06 1.94106e+06 833593 41091.6 792502 8247.12 21852.3 12547.9 9304.43 9276.91 124497 53064.7 784255 283228 501027 107959 102585 48216.6 15227.7 5374.33 112583 54368.5 13639.3 40729.2 8028.82 12553.2 393067 121649 84160.6 19190.9 32988.9 170645 51611.9 48994.2 18390.6 27043.3 22232.2 100030 9194.65 64969.7 10550.7
internal_count=3733083 2832598 59292 13860 12428 4486 45432 17120 900485 2773306 1594404 266223 1178902 410720 12845 3852 2453 1328181 113728 47746 8993 5719 659140 768182 329748 16201 313547 3294 7282 4338 2944 3219 46127 20717 310253 164402 145851 30693 28604 12577 3834 2089 63607 16027 3787 12240 3012 7333 115158 41353 28305 4795 8743 100795 30608 29101 10010 7223 6245 56274 2347 23510 5364
cat_boundaries=0 1 3 5 7 9 11 13 14 16 17 18 20 22 24 26
cat_threshold=2415980584 3243782452 65 2719449860 63 974524930 83 445619851 5 536875520 64 2152254757 8 33378 2147844356 21 1073741828 65665 43040 8 8320 4 2164270104 4 2149616972 4
is_linear=0
shrinkage=0.03


Tree=77
num_leaves=64
num_cat=15
split_feature=3 10 1 0 14 1 19 1 6 0 15 2 1 1 14 15 16 0 13 2 1 0 6 6 13 1 11 19 1 0 16 1 6 0 10 15 1 10 11 11 6 11 11 0 1 1 0 1 0 6 14 14 19 0 1 1 14 19 16 10 11 15 6
split_gain=496.601 399.779 486.57 373.579 310.462 375.343 301.258 381.226 354.839 505.837 494.273 276.406 313.703 258.837 260.848 698.096 265.623 253.989 254.799 246.551 719.392 665.023 440.495 309.581 276.778 269.728 257.279 251.295 630.787 443.849 437.6 487.385 504.877 425.697 313.027 300.26 286.406 338.49 300.563 943.086 1000.31 261.443 252.378 344.487 638.877 290.919 237.708 234.607 304.462 275.196 232.656 467.73 431.12 233.292 1388.35 458.194 339.155 295.68 276.348 226.998 266.022 279.092 262.039
threshold=-0.43408909440040583 1.9644516110420229 0 645.50000000000011 0.83910587430000316 1 1.1229721903800967 2 -0.75956422090530384 217.50000000000003 -0.69968736171722401 0.43170821666717535 3 4 0.7580358386039735 -1.5667805075645445 0.64911031723022472 859.50000000000011 -0.40935480594635004 -0.72702601552009571 5 187.50000000000003 0.038491683080792434 -0.067132420837879167 -0.69766697287559498 6 -0.19779366254806516 0.050372708588838584 7 172.50000000000003 0.28067632019519811 8 -1.7964507937431333 82.500000000000014 -0.61918380856513966 -0.46259239315986628 9 -2.4594172239303584 -0.47693118453025812 -0.58883816003799427 0.038491683080792434 -0.53359326720237721 -0.076195906847715364 97.500000000000014 10 11 381.50000000000006 12 127.50000000000001 -0.65054005384445179 0.46288070082664495 0.26401430368423467 1.6960514783859255 202.50000000000003 13 14 0.027078252285718921 0.7162228822708131 0.038254249840974815 -0.22716146707534787 0.9988386631011964 0.062453331425786025 1.0277248024940493
decision_type=2 2 1 2 2 1 2 1 2 2 2 2 1 1 2 2 2 2 2 2 1 2 2 2 2 1 2 2 1 2 2 1 2 2 2 2 1 2 2 2 2 2 2 2 1 1 2 1 2 2 2 2 2 2 1 1 2 2 2 2 2 2 2
left_child=1 6 11 19 13 17 -1 -8 9 10 -9 12 -3 -5 -15 -16 -17 -6 -19 20 21 22 24 -22 -2 -25 -26 47 29 30 -29 33 -33 -32 42 -34 38 -38 39 46 -41 -35 43 44 -30 -45 -31 48 49 -21 51 53 -52 54 56 -55 -44 58 -56 60 -10 -62 -61
right_child=3 2 -4 4 5 -7 7 8 59 -11 -12 -13 -14 14 15 16 -18 18 -20 27 23 -23 -24 25 26 -27 -28 28 34 36 31 32 35 41 -36 -37 37 -39 -40 40 -42 -43 50 45 -46 -47 -48 -49 -50 -51 52 -53 -54 55 57 -57 -58 -59 -60 62 61 -63 -64
leaf_value=0.00036390798327387526 0.017131064536553654 0.017794579079834737 0.00080822444211800916 2.4084477799212015e-05 -0.0021750583964339526 -0.00083020578817918965 0.00072989058652234444 -0.0053283168914693979 -0.0012600567130593252 -0.0021037414048078883 -0.021000997590662433 -0.0016401274384322399 0.0066024538667352516 -0.00055703188214712178 -0.016377062692940734 -0.0079527138504236396 0.00025749756177697024 -0.0031319408956668143 -0.010416038425885838 0.0042401647677599314 0.00079983862251141729 0.0018968626898808877 0.00092432223736976652 0.00064854155234558809 0.00060011966535058125 -0.0022296333571021187 0.012853709160012074 -0.0014855969058168714 0.015522810283446152 0.00064347799486850566 0.0079071661407792582 -0.019531958502210383 -0.0087407874667660649 -0.011185901686608542 -0.00025747012434813995 -0.00022658588113168743 -0.0057606616315040585 0.00018418861184729544 -0.0011226484161505046 -0.031634947601013763 -0.0035040039384896197 -0.0022400449974833122 0.0072168345474891661 -0.0066303438788580431 -0.003895238751133174 -0.00033635636774519807 -0.0064573414691663396 -0.00013803050704439947 0.00025881851943791305 0.00097012177007521855 0.0046699424312945173 -0.0031313308294368854 -0.0040400828560916259 -0.0086894972757387834 0.0061989893809044913 0.0014544607600234258 0.017375439601342364 -0.0039243227678064669 -0.0022934692642765414 0.0014149552622155287 -0.0029803904722784744 -0.012969510756509567 -0.0076640498617368226
leaf_weight=2665911.044921875 4983.0866370201111 2836.3515014648438 30029.527221679688 1105922.9892578125 37744.309326171875 259794.91491699219 66163.422119140625 4249.7733421325684 25927.348852157593 12353.354286193848 3157.0407066345215 2664.7022075653076 11111.219850540161 1084993.6181640625 3371.5003967285156 4600.3377990722656 15423.866882324219 9192.214111328125 8163.1436767578125 31741.166748046875 196090.00933074951 74815.239990234375 4709.2244234085083 47759.91748046875 2675.7203221321106 75807.948188781738 3636.673939704895 88835.302551269531 3232.1122436523438 11550.74942779541 3269.397705078125 3094.7818298339844 13991.688195943832 3511.8479690551758 613768.62719726562 5081.434942483902 8984.7861328125 209542.0712890625 82624.255920410156 2216.3267240524292 2334.8282442092896 17958.435478210449 6041.5664291381836 7407.6070785522461 2869.85546875 60369.485511779785 6700.7293319702148 1613579.7542768121 1293784.802734375 85676.678466796875 39222.662536621094 20353.971244812012 5877.369384765625 4333.4565753936768 8182.8400185108185 51117.895750045776 5812.9954071044922 11062.181457519531 5954.2123191356659 29733.774673461914 6406.2864360809326 4146.126537322998 3160.66796875
leaf_count=1001978 2413 970 11520 434789 8194 70015 32458 2340 10700 6366 1210 1142 4761 397027 1272 1475 4731 2297 1465 14667 71047 30408 1525 14362 1396 21276 1065 45979 1377 6491 1119 1023 5726 1685 218436 1066 4418 103303 31667 1204 1268 5724 2106 2626 1605 31431 3727 551937 471490 26820 9474 6139 1579 1652 2543 14880 1838 3613 1433 11789 2017 936 755
internal_value=3.29313e-07 0.000334631 0.00308924 -0.000131549 -0.000425974 -0.00130736 0.000289085 -0.000995332 -0.00227574 -0.00582214 -0.0120182 0.00720625 0.00890151 -0.000300631 -0.000624617 -0.0037584 -0.00163022 -0.00355607 -0.00656005 2.55338e-05 0.000728219 0.00308417 0.00863392 5.87194e-05 0.0118463 -0.00111734 0.0076642 -4.10792e-05 -0.00038898 -0.00128341 -0.00272348 -0.00506743 -0.00829645 -0.00216875 9.72759e-05 -0.0064731 -0.000679995 -6.03588e-05 -0.00196411 -0.00501304 -0.0172229 -0.00370556 0.00103642 -0.000410888 0.00641351 -0.00102572 -0.00196453 0.000109053 0.000391568 0.00185424 0.00171333 0.000985427 0.00353454 0.00189136 0.00373421 0.000659706 0.0121931 -0.00025153 0.00262261 -0.00126558 -0.00289497 -0.00690948 0.000541565
internal_weight=1.01376e+07 2.86785e+06 46641.8 7.26977e+06 2.52921e+06 314895 2.82121e+06 155298 89134.4 19760.2 7406.81 16612.3 13947.6 2.21431e+06 1.10839e+06 23395.7 20024.2 55099.7 17355.4 4.74056e+06 410478 90819.9 16004.7 319658 11295.5 123568 6312.39 4.33009e+06 1.3053e+06 459697 135743 46907.6 22167.9 24739.7 845607 19073.1 323954 218527 105427 22802.6 4551.15 21470.3 231838 73879.1 6101.97 67777.1 18251.5 3.02478e+06 1.4112e+06 117418 157959 112859 45100 92505.1 37053.8 55451.4 11854.6 25199.2 14137.1 69374.2 36479.8 10552.4 32894.4
internal_count=3733745 1088942 18393 2644803 921265 81971 1070549 68571 36113 9916 3550 6873 5731 839294 404505 7478 6206 11956 3762 1723538 143492 36807 6399 106685 4874 35638 2461 1580046 515132 214400 62322 16343 7815 8528 300732 6792 152078 107721 44357 12690 2472 7409 82296 37039 2982 34057 10218 1064914 512977 41487 45257 34204 11053 28065 11533 16532 3944 7589 3976 26197 13653 2953 12544
cat_boundaries=0 2 3 5 7 9 10 12 14 16 18 20 22 24 26 28
cat_threshold=2404287128 11 553648416 2443616602 54 167772160 1 633210233 50 3927228464 2818 86 2811593536 21 2147484416 1 9503232 4 1342308368 34 1073742850 2 2744486438 110 131079 2 151556 2
is_linear=0
shrinkage=0.03


Tree=78
num_leaves=64
num_cat=18
split_feature=3 5 10 1 3 19 1 0 2 4 1 1 1 9 0 16 18 16 0 2 1 10 19 1 11 8 1 0 19 1 9 11 9 1 10 1 19 2 1 4 16 10 19 8 11 13 18 1 4 4 4 1 2 19 3 17 2 10 1 9 1 9 1
split_gain=464.991 362.728 347.205 503.909 314.123 304.862 412.339 285.226 421.389 284.79 279.686 235.347 234.294 234.773 207.604 203.251 201.92 196.737 226.41 209.748 210.468 271.25 260.164 205.84 885.745 203.545 192.994 239.572 181.823 409.36 211.049 204.789 179.507 280.562 279.133 287.797 221.632 198.081 179.061 183.137 250.652 175.907 175.482 175.062 265.054 210.56 173.994 208.103 172.156 214.565 167.265 166.252 258.737 405.255 291.488 289.5 352.599 209.74 539.623 190.659 523.459 351.695 239.422
threshold=-0.67932033538818348 -0.3262657225131988 1.2610026597976687 0 -1.7563155889511106 1.3482177257537844 1 645.50000000000011 -1.3179268240928648 -0.94474059343338002 2 3 4 -0.27023659646511072 127.50000000000001 0.22544565051794055 -1.6429651975631712 0.36108247935771948 760.50000000000011 0.028961143456399444 5 -2.4594172239303584 1.6960514783859255 6 -0.44955773651599878 3.8216054439544682 7 873.50000000000011 -0.1158856153488159 8 -0.31511975824832911 0.92990389466285717 -0.82134631276130665 9 -1.1444867849349973 10 -0.38405977189540857 0.50335416197776806 11 0.72527927160263073 0.4248367846012116 -0.67963284254074086 1.6960514783859255 1.3661783337593081 1.3072298765182497 -0.31284992396831507 -0.95427399873733509 12 0.38342870771884924 0.60955399274826061 -0.63914722204208363 13 -0.8156110644340514 -0.3510968536138534 1.194155812263489 14 -1.0736950039863584 -2.4594172239303584 15 -0.74141478538513172 16 -0.6301731765270232 17
decision_type=2 2 2 1 2 2 1 2 2 2 1 1 1 2 2 2 2 2 2 2 1 2 2 1 2 2 1 2 2 1 2 2 2 1 2 1 2 2 1 2 2 2 2 2 2 2 2 1 2 2 2 1 2 2 2 1 2 2 1 2 1 2 1
left_child=2 17 5 4 -4 12 9 46 10 42 -9 -10 13 -1 -5 -11 -16 23 19 43 21 -21 25 24 -2 28 27 -18 48 41 -31 -32 33 36 35 -34 -13 -38 39 40 -20 -30 -7 44 45 -19 47 -3 -22 -50 -12 52 53 54 -48 56 -55 58 -53 60 -60 -61 -63
right_child=1 7 3 14 -6 6 -8 8 11 15 50 32 -14 -15 16 -17 26 18 38 20 22 -23 -24 -25 -26 -27 -28 -29 29 30 31 -33 34 -35 -36 -37 37 -39 -40 -41 -42 -43 -44 -45 -46 -47 51 -49 49 -51 -52 57 -54 55 -56 -57 -58 -59 59 61 -62 62 -64
leaf_value=0.00051612020469368281 -0.016120339119185499 0.0015152480000097256 0.011440556235795858 0.0075049830665919765 0.0038589836851689961 -0.0034083772457132776 0.00017619146896504949 -0.0045624126255274147 -7.801039086712955e-05 -0.00052851667953072816 0.0014790529588993705 -0.0004435503531940444 4.47981521833734e-05 0.0017381442587222319 0.0076318464795012237 -0.0068950089701410502 -0.00056482018999249358 0.0026943067332537893 -0.0044817048393569489 0.0074951904017174706 0.00036626779159393714 0.00016910384358742838 -0.0079812870946911023 0.0003519385413540293 0.00094563295354310696 0.0013269650661120317 0.0010499121711550837 -0.0084594948818191712 -0.013308670723959739 -0.000433697521128864 -0.012659856464165375 -0.0024133764286339144 -0.0093067276235032949 -0.00025502622382310593 -0.00079989139693808174 -0.0022828850191575463 0.010792303595861011 0.0010652580406835235 -0.0013704960658989073 -0.0020890614456360538 0.003262203469087037 -0.0052649299784045464 -0.012674654070590041 0.00042052857659881165 -0.00092005341346512671 0.0088739108844594281 0.00013010291690489746 -4.5944099419649035e-06 -0.0070988335943734902 -0.0011643122048416367 -0.0022520659065992268 -0.011804625531163782 1.8987470403727712e-05 0.01564572125844357 -0.0095680001839231772 0.0025857384073321118 0.002097694913150283 -0.00029457529090974626 0.014883685819157548 -0.011623436791094465 -0.0049253535286536369 0.0070593514239042808 -0.003165976211662595
leaf_weight=735792.89004516602 3606.2115478515625 127105.125 6299.33935546875 3839.4589767456055 22422.6201171875 2944.1255798339844 49245.455749511719 37020.684020996094 789494.55401611328 14455.67121219635 15346.323161959648 5056.2446594238281 788565.53375244141 175175.90725708008 3210.2834777832031 6557.3036108016968 12563.76558303833 17394.52508354187 4422.9990997314453 4645.734375 71818.074709057808 206935.58850097656 4694.5775146484375 2113645.96875 11305.589233398438 32826.033647537231 40088.208881378174 4769.4310302734375 3294.0902404785156 40743.125813007355 2606.7480521202087 5364.3650093078613 6166.50537109375 62291.098815917969 726395.24346923828 35084.486206054688 5566.4940319061279 2848.7874927520752 197251.59881591797 13806.81364440918 25013.624572753906 9529.7803649902344 4917.94287109375 249626.634765625 12467.489501953125 6942.6172504425049 17210.586730957031 223890.796875 6353.9773730039597 39835.019634246826 36582.988910794258 5073.9606628417969 1097597.505859375 3691.739990234375 3323.718017578125 34734.06201171875 3251.2203979492188 1928653.9422637224 2250.4069595336914 2973.9877138137817 2544.8629531860352 3068.5054473876953 6199.2288999557495
leaf_count=266086 2050 49683 2313 1656 9169 1060 24726 13106 308626 5791 5538 1486 325880 62926 1299 1971 5151 6739 1771 1317 20887 58972 1503 840957 6961 8359 16441 1469 1133 11101 922 2360 1818 19706 247186 12998 1597 1373 53483 4607 7984 3440 1696 67606 3124 1514 5703 77205 1673 11574 13140 1882 399298 1503 1078 11977 1256 703241 986 1232 1197 1246 2500
internal_value=5.64533e-06 -9.10019e-05 0.000432743 0.00221765 0.00552156 0.000339164 -0.00149322 -0.00024428 -0.000559813 -0.00433846 -0.00257057 -0.000450273 0.000423395 0.000751111 0.000744464 -0.00251641 0.000315898 0.000166609 -0.000190999 7.68037e-05 -0.000343199 0.000330122 -0.000999469 0.000327151 -0.00318342 -0.000844995 -9.37464e-05 -0.00273737 -0.00124212 -0.00256408 -0.00130712 -0.00577006 -0.000798726 0.000594379 -0.000936231 -0.00333667 0.00451742 0.00750204 -0.00098726 0.000760941 0.00209808 -0.00732981 -0.00920906 0.000705337 0.00263672 0.00445861 -8.73273e-05 0.000545838 -0.000552664 -0.00198137 -0.00114918 -0.000158774 0.000125667 0.00200769 -0.0014416 0.00370713 0.00929421 -0.000327885 -0.0032328 -0.000669907 0.00439754 -0.00265644 0.000225764
internal_weight=1.01384e+07 8.26755e+06 1.87085e+06 93193.1 28722 1.77765e+06 78120.5 5.18342e+06 1.72185e+06 28875 88950 1.6329e+06 1.69953e+06 910969 64471.1 21013 60631.7 3.08413e+06 955573 715078 428647 211581 217066 2.12856e+06 14911.8 212371 57421.4 17333.2 179545 61538.1 48714.2 7971.11 843409 75762.6 767646 41251 13471.5 8415.28 240495 43243.4 29436.6 12823.9 7862.07 286431 36804.6 24337.1 3.46157e+06 350996 118007 46189 51929.3 3.11057e+06 1.15981e+06 62211.3 20534.3 41677 6942.96 1.95076e+06 22111 17037 4795.27 12241.7 9267.73
internal_count=3734232 3006598 727634 37498 11482 690136 35244 1886561 626574 10518 31784 594790 654892 329012 26016 7762 24360 1120037 270069 202224 123241 60289 62952 849968 9011 61449 23061 6620 53090 18956 14383 3282 286164 24162 262002 14816 4456 2970 67845 14362 9755 4573 2756 78983 11377 8253 1259987 126888 34134 13247 18678 1133099 420815 21517 6781 14736 2759 712284 9043 7161 2183 4978 3746
cat_boundaries=0 1 3 5 7 9 11 12 14 15 17 18 20 22 24 25 27 29 31
cat_threshold=256803480 575233065 65 3223370726 15 929957209 53 74317185 53 2148604579 10 512 268437603 96 637534232 142622752 2 134227968 638584833 16 2921876544 53 2870358578 2 657408 1473 17 8388620 96 67160064 4
is_linear=0
shrinkage=0.03


Tree=79
num_leaves=64
num_cat=15
split_feature=3 7 0 1 0 12 12 1 14 1 3 0 19 18 10 9 9 5 19 18 1 1 16 19 4 12 14 1 0 10 1 19 1 19 18 0 1 10 1 4 10 12 11 10 10 9 1 0 1 1 19 4 16 4 16 1 0 0 1 8 9 12 19
split_gain=474.933 327.126 273.874 298.081 305.083 249.001 362.016 390.476 248.295 253.998 240.781 271.297 244.214 235.85 230.236 483.037 224.979 210.595 245.06 264.865 246.107 209.078 195.192 339.841 832.887 249.02 228.456 366.056 276.828 190.858 426.711 255.679 189.615 188.132 186.021 224.5 204.571 180.543 192.936 203.176 176.449 167.123 166.664 411.4 229.986 162.286 220.158 199.322 305.685 158.996 212.481 487.36 381.229 186.391 291.822 251.679 191.019 167.537 279.486 278.279 302.71 237.035 225.685
threshold=0.4682947993278504 -1.2798516750335691 775.50000000000011 0 929.50000000000011 -0.29911231994628901 -0.7236138880252837 1 0.28698822855949407 2 -1.7563155889511106 172.50000000000003 -0.47007459402084345 2.070167183876038 -0.2863446176052093 -0.5438500940799712 -0.22357788681983945 1.4148116707801821 -0.70776975154876698 1.2956186532974245 3 4 0.81742417812347423 0.48429609835147863 -0.21171189099550244 -0.36316962540149683 0.83910587430000316 5 915.50000000000011 1.9644516110420229 6 1.3482177257537844 7 1.0000000180025095e-35 -0.82097086310386647 845.50000000000011 8 1.0887004733085635 9 -1.6296737790107725 -1.5296894907951353 -0.20143771916627881 1.9528558254241946 -1.1444867849349973 -2.4594172239303584 -0.82134631276130665 10 127.50000000000001 11 12 0.7162228822708131 1.7814109921455386 0.73209384083747875 1.0704205036163332 0.097482826560735716 13 97.500000000000014 142.50000000000003 14 1.9408048391342165 -0.74141478538513172 -0.67444875836372364 0.20558138936758044
decision_type=2 2 2 1 2 2 2 1 2 1 2 2 2 2 2 2 2 2 2 2 1 1 2 2 2 2 2 1 2 2 1 2 1 2 2 2 1 2 1 2 2 2 2 2 2 2 1 2 1 1 2 2 2 2 2 1 2 2 1 2 2 2 2
left_child=1 10 16 4 34 6 8 14 37 -10 11 -1 21 22 15 -8 29 45 19 20 -19 -13 25 26 -25 -5 -24 28 -28 49 31 -31 -14 -11 41 36 -36 38 -6 -40 -27 -4 44 -44 -18 46 47 48 -2 50 57 52 53 55 -55 56 -52 58 62 60 -60 -61 -3
right_child=17 2 3 13 5 -7 7 -9 9 33 -12 12 32 -15 -16 -17 42 18 -20 -21 -22 -23 23 24 -26 40 27 -29 -30 30 -32 -33 -34 -35 35 -37 -38 -39 39 -41 -42 -43 43 -45 -46 -47 -48 -49 -50 -51 51 -53 -54 54 -56 -57 -58 -59 59 61 -62 -63 -64
leaf_value=0.012953824352220597 0.012878582320105619 0.0024440511184109092 0.00089165285610869939 -0.00054917120403198943 0.0033979661131246421 -0.0066546677673138179 0.0036797656677449559 0.00060577515112418404 -0.0070672905724388614 0.0036926254442185584 0.00067663681168136599 0.013227215509272951 0.0048800790978972804 -0.0081940996853491418 0.0043226724933627548 0.01799922674840428 -0.0062984409127661454 -0.0062837685041019289 -0.00082184031981359629 -0.010203054752283195 0.00033870792328385811 0.0019627547656550655 0.0014483317241923846 -0.00017571689478041745 -0.016090536353915885 0.0091133414545747412 -0.003350554621535027 -0.00096435151210178525 -0.011558811804817225 0.0042603014242860301 0.00021438065998181336 0.014132933625473704 -0.0027252034854299305 -0.0047809306859550099 -0.0010525672604735786 -0.001329111053837399 0.001177345179808929 0.0076375263919783087 -0.0088178511301794642 0.00019032474648124242 0.001476100461846039 -0.0068815066825512914 0.010510933389068543 0.0015165315307680471 0.00067967851814642233 -0.00033645495938920049 -0.00029794797332515242 0.0010054032398475973 0.0018523483707410043 -4.3087076050173113e-05 0.0071318750248926263 -0.01033407339327656 -0.0067913663843079345 0.0017641718775018151 -0.0084886615162614743 -0.0012470363704699084 0.0010087616664261236 0.00031676450531466693 0.0060835819566692701 -0.0016616899248632904 0.00071454774606010513 0.0030372823422638346 0.0082370286244370147
leaf_weight=2628.2946739196777 3288.7739906311035 29377.508527755737 144240.10302734375 671745.89058470726 17598.747567176819 3185.6961669921875 4593.2670917510986 19045.942993164062 7030.6572265625 6037.6567628383636 594951.857421875 2983.9197959899902 4830.2542266845703 3723.1680908203125 18210.315734863281 3937.9957866668701 4291.71875 8622.5988159179688 284267.22021484375 4838.3975219726562 12165.006103515625 2963.8787517547607 23742.219673156738 7566.1278610229492 4856.0537185668945 3026.25 13133.352722167969 81487.701782226562 5145.9237060546875 11561.303405761719 37228.602172851562 2964.5353393554688 7529.693567276001 3862.481968164444 61987.225830078125 158640.8349609375 91905.07666015625 3962.7953910827637 2478.0804100036621 24361.433213233948 26779.065767526627 2528.092529296875 5115.2098999023438 43153.368225097656 397801.86212146282 2082907.7873535156 165993.05279541016 115113.05444335938 7226.1712608337402 3132441.4158496857 4936.0125818252563 4645.1723022460938 8089.1148490905762 4441.6307759284973 5701.639039516449 57012.830031394958 63755.096513748169 1502500.5008544922 13883.112396240234 48171.730499267578 29586.286102294922 12080.404205322266 7620.9751586914062
leaf_count=1015 1099 8339 59638 220455 7186 1183 1955 10487 1697 1705 222130 965 2001 1153 6466 1265 1901 2682 103639 1576 4221 1060 6727 2030 1393 1580 2626 21831 1002 4510 14688 1319 2950 1065 28320 65320 35052 1778 1223 11218 15659 823 1466 13099 170127 811702 61446 39287 2436 1158280 2084 1354 1870 1970 1879 21027 27174 497838 5019 15076 10918 3807 2350
internal_value=2.52344e-06 0.0001257 6.60813e-05 -0.000305656 0.000221675 0.00160852 0.00184571 0.00389096 0.000412119 -0.0027144 0.000787928 0.00394965 0.00265381 -0.000665229 0.00622764 0.0102962 0.000163004 -0.000339649 -0.00107518 -0.0038847 -0.00241197 0.00764584 -0.000631717 -0.00167218 -0.00640108 -0.000430109 -0.00119632 -0.00182573 -0.00566075 0.00010489 0.00191711 0.00627503 0.000249447 0.000385583 -0.000123475 -0.000537207 0.000279148 0.00150595 0.000958368 -0.000642644 0.00225294 0.00075753 0.000805093 0.00247069 0.000605121 -0.000243655 0.000419165 0.00136658 0.00531952 8.58415e-05 0.000311233 -0.000775177 -0.00046634 -8.94756e-05 -0.0040004 0.00022625 0.00144903 0.000409471 0.00139928 0.000600424 0.00242979 -0.000719384 0.00363726
internal_weight=1.01415e+07 7.45706e+06 6.84117e+06 1.41481e+06 573606 114305 111119 45787.5 65331.9 16930.8 615888 20936 18307.7 841206 26741.6 8531.26 5.42636e+06 2.68442e+06 309893 25626 20787.6 5947.8 837483 135931 12422.2 701551 123509 99767 18279.3 4.976e+06 51754.4 14525.8 12359.9 9900.14 459301 312533 153892 48401.1 44438.3 26839.5 29805.3 146768 450362 48268.6 402094 2.37453e+06 291621 125628 10514.9 4.92424e+06 1.7918e+06 148581 143936 135847 10143.3 125704 68691.1 1.64322e+06 140720 103722 43469.4 60252.1 36998.5
internal_count=3735141 2707053 2476932 510837 236381 47228 46045 20173 25872 4467 230121 7991 6976 274456 9686 3220 1966095 1028088 112118 8479 6903 2025 273303 35609 3423 237694 32186 25459 3628 1779502 20517 5829 4951 2770 189153 128692 63372 21405 19627 12441 17239 60461 186593 14565 172028 915970 104268 42822 3535 1758985 600705 57358 56004 54134 3849 50285 29258 543347 45509 34820 15937 18883 10689
cat_boundaries=0 2 4 5 7 9 10 12 14 16 18 20 21 23 25 27
cat_threshold=267949144 37 206082048 36 84410384 1195960682 2 3629047850 67 290 3473146672 2 2361283201 32 72388672 5 90701824 5 195045487 64 134225929 704921895 7 570687746 3 5 2
is_linear=0
shrinkage=0.03


Tree=80
num_leaves=64
num_cat=18
split_feature=3 10 1 8 3 0 1 2 8 1 0 1 1 9 0 14 17 2 1 0 6 6 14 0 2 9 0 1 14 1 11 14 8 8 8 17 1 8 4 8 4 1 8 6 1 6 15 6 0 1 0 4 1 9 1 11 0 13 10 1 0 2 1
split_gain=475.99 276.476 416.374 305.572 261.051 227.442 868.696 258.561 407.218 293.383 267.096 730.326 251.212 225.115 215.33 278.985 289.629 260.987 537.308 658.907 361.005 278.386 219.166 291.101 215.153 240.463 211.877 211.242 216.409 511.541 496.956 198.8 197.502 195.011 1334.33 2072.03 183.997 183.712 178.12 201.818 176.601 311.286 309.485 247.485 516.802 176.447 177.919 172.953 172.091 247.808 188.563 171.149 296.049 170.965 415.122 2310.63 535.649 409.457 265.53 190.307 172.578 541.687 881.805
threshold=-0.19266438484191892 1.5109481215476992 0 3.5268174409866337 1.7527557015419009 97.500000000000014 1 -1.0736950039863584 0.97941589355468761 2 142.50000000000003 3 4 -0.22357788681983945 645.50000000000011 0.83910587430000316 5 -0.72702601552009571 6 217.50000000000003 -0.61498904228210438 -0.92392066121101368 1.0290583372116091 873.50000000000011 -0.92766210436820973 -0.61526718735694874 127.50000000000001 7 0.7580358386039735 8 1.0000000180025095e-35 -0.14879423379898069 0.59340763092041027 1.617295026779175 1.7568544149398806 9 10 0.26972286403179174 -1.7580090165138242 3.1563035249710087 -0.46439348161220545 11 2.1798427104949956 -0.58523011207580555 12 0.51741498708724987 -0.51070949435234059 -0.34080202877521509 514.50000000000011 13 659.50000000000011 0.17685678601264956 14 -0.76263108849525441 15 0.61875310540199291 187.50000000000003 0.65976771712303173 -0.42811138927936548 16 112.50000000000001 0.50335416197776806 17
decision_type=2 2 1 2 2 2 1 2 2 1 2 1 1 2 2 2 1 2 1 2 2 2 2 2 2 2 2 1 2 1 2 2 2 2 2 1 1 2 2 2 2 1 2 2 1 2 2 2 2 1 2 2 1 2 1 2 2 2 2 1 2 2 1
left_child=1 13 3 24 14 6 -6 8 -7 -10 11 -9 -12 31 17 27 22 18 19 20 21 -2 23 -17 25 -3 -4 28 -16 30 -30 33 -22 -1 35 -35 -18 -20 -15 -40 41 -28 -43 44 -42 46 -38 -5 49 -11 -50 52 -46 54 55 56 57 58 -19 -55 61 -56 -63
right_child=4 2 26 47 5 7 -8 10 9 48 12 -13 -14 38 15 16 36 53 37 -21 32 -23 -24 -25 -26 -27 40 -29 29 -31 -32 -33 -34 34 -36 -37 45 -39 39 -41 43 42 -44 -45 51 -47 -48 -49 50 -51 -52 -53 -54 59 60 -57 -58 -59 -60 -61 -62 62 -64
leaf_value=0.00030492602708430524 0.0060415521909076338 0.010951497202011712 0.0065515327712998995 0.015134559309818531 0.017737518359085405 0.0041432664991314146 -0.002639555646699238 0.0028336564458500625 -0.011672481530550343 -0.012090469973345518 0.00089676916030276656 -0.014837725262358705 -0.0020305088187397504 -0.00081102014583237143 -0.00056250353151290639 -0.0033027665839534493 0.0010241353941204299 0.016499250916425207 -0.0031697162615424907 0.0011692441564438345 0.010422240889903615 0.01590522147763165 -0.0011772819038324957 -0.010270598142748321 0.0013567498260859314 0.00064716988269084442 -0.0033575810076316415 1.5939764837482797e-05 -0.019247823627573629 -9.8186077081919581e-05 -0.0028889436830959207 5.1005496702711205e-05 0.0023259751746741559 0.039258435564690296 0.0010635612805009462 0.001770021702671958 -0.00088713961530161533 0.00011452156224825854 0.0017764623069919194 0.00031042790432718166 -0.01743650728087303 0.0019226463337059707 0.011197575277860845 0.00037257783553264949 -0.012551957810746231 -0.0062054777249913777 -0.007172187001251381 0.0058518114867221124 0.0049311612584678538 -0.0023002168864170473 -0.0037926227021566773 0.0015701265340769916 0.0011352317694942444 -0.00048889964152642887 -6.0252120497586882e-05 0.020018824659027198 -0.0004448209688013954 0.00043767848103818329 0.0058851850090850854 1.9658803598085167e-05 -5.9540898845721312e-05 0.016776695020708055 0.0015580876404883248
leaf_weight=284841.20040893555 5314.8840115070343 5260.8094253540039 4804.6896362304688 3098.8985407352448 2620.3110580444336 4559.7286186218262 6587.2763442993164 4131.689395904541 5567.349983215332 4386.2418937683105 51186.710063934326 4272.132884979248 54426.702548980713 48473.98046875 712452.3271484375 20931.06689453125 39879.91455078125 3469.4488296508789 16721.55256652832 97716.26025390625 3314.183217048645 5009.1248245239258 23493.18408203125 7269.9502563476562 21795.201904296875 3326.443229675293 6371.6057945489883 1067447.0823974609 3106.7747802734375 11914.161987304688 3614.944091796875 3128211.8547973633 14844.831262350082 2121.7854614257812 127310.09451293945 3517.6251220703125 154286.69381713867 183451.84916687012 192156.1735534668 150861.85598754883 2244.5420684814453 11841.100966453552 4452.9687967300415 37222.634340643883 2777.8005676269531 6209.9527282714844 4158.1751708984375 4347.8870122432709 3072.6636765003204 4978.097154378891 8092.2370023727417 6386.8035006523132 2900.4345288276672 1147083.2518005371 45643.329498291016 6140.656494140625 58875.550743103027 7304.7685241699219 5470.8970642089844 1566752.92352736 691508.99377441406 5001.1218109130859 10842.36637878418
leaf_count=167035 2309 2083 1999 1003 957 2115 2726 1689 1861 1397 19128 1642 24096 20401 247607 4959 9899 1441 8131 35531 1358 1813 5807 1733 9639 1390 2048 430261 1048 3699 1201 1057568 4707 1349 71248 2247 41839 60846 81062 61949 759 5630 1568 11867 1323 1490 1052 1467 1003 1646 2714 3513 1573 470053 14651 1984 23017 2599 2288 548901 227586 1991 3615
internal_value=-6.58981e-07 0.000251143 0.00168931 0.00427675 -0.000168482 -0.00138837 0.00318226 -0.00167936 -0.00412502 -0.00557022 -0.00102164 -0.00616745 -0.000611903 0.000208468 -0.000136821 -0.000385077 -0.00131121 -5.16271e-06 0.000806661 0.00233955 0.00635442 0.0108327 -0.00331719 -0.00510051 0.00294207 0.00696261 0.000449568 -0.000253132 -0.000645988 -0.00383694 -0.0104432 0.000133096 0.00380608 0.000747744 0.00169642 0.0159697 -0.000803943 -0.000159893 0.000891151 0.0011317 5.40807e-05 0.00226066 0.00445729 -0.000916577 -0.00426893 -0.00124676 -0.0010523 0.00972229 -0.00390531 -0.00690532 -0.00139064 -0.00179714 -0.0055858 -7.98396e-05 0.000295754 0.00233265 0.000885989 0.00570776 0.0100111 -0.000195301 7.58912e-05 0.00159892 0.00637731
internal_weight=1.01374e+07 4.05433e+06 116832 37829.2 6.08311e+06 153881 9207.59 144674 30656.3 26096.6 114017 8403.82 105613 3.93749e+06 5.92923e+06 2.05476e+06 256229 3.87447e+06 326373 126199 28483 10324 51694.2 28201 30382.5 8587.25 79002.6 1.79854e+06 731088 18635.9 6721.72 3.546e+06 18159 417791 132950 5639.41 204535 200173 391492 343018 74197.9 22665.7 16294.1 51532.2 14309.6 164655 158445 7446.79 20529.2 9364.34 11164.9 12065 5678.24 3.54809e+06 834257 81261.3 75120.7 16245.1 8940.35 2.71384e+06 752996 61486.8 15843.5
internal_count=3733111 1508721 45862 15582 2224390 60974 3683 57291 10736 8621 46555 3331 43224 1462859 2163416 750595 66779 1412821 114695 45718 10187 4122 12499 6692 13112 3473 30280 683816 253555 5948 2249 1299447 6065 241879 74844 3596 54280 68977 163412 143011 28281 9246 7198 19035 7168 44381 42891 2470 6760 3043 3717 6409 2896 1298126 279172 31329 29345 6328 3729 1018954 247843 20257 5606
cat_boundaries=0 1 3 5 7 9 10 12 14 16 17 18 19 21 23 25 27 29 30
cat_threshold=2941141144 1140874295 52 2697609218 16 3964681168 78 579709432 71 558224 3927360304 22 3259054726 77 1073741824 1 8256 1107296386 1082196003 1073750532 72 1442919700 34 4416 33 2162694 52 1640126030 85 407134560
is_linear=0
shrinkage=0.03


Tree=81
num_leaves=64
num_cat=14
split_feature=7 0 14 10 19 16 4 4 17 9 16 2 17 4 9 17 0 17 10 3 10 18 4 18 5 2 0 18 17 17 12 14 13 9 0 4 18 4 13 10 17 3 17 9 10 17 17 17 14 10 17 17 2 19 18 0 17 12 2 13 9 12 4
split_gain=448.76 422.862 441.856 285.236 280.748 503.148 478.424 615.495 476.026 465.608 552.606 414.53 400.114 381.717 320.809 298.731 372.394 273.734 421.766 268.667 260.566 248.059 370.141 307.984 243.979 236.435 233.826 252.089 437.566 233.45 230.897 219.529 218.666 213.286 212.898 209.816 316.885 746.739 207.725 195.115 308.335 220.851 278.708 204.784 194.427 194.385 194.038 193.913 199.321 187.007 426.033 186.297 210.1 184.047 181.368 224.304 627.54 377.261 382.57 351.052 323.887 325.096 299.143
threshold=-1.0342245697975156 775.50000000000011 0.19009767472743991 1.9644516110420229 0.37541826069355017 0.81742417812347423 -0.28588008880615229 0.76794844865798961 0 -0.58829939365386952 0.24348878115415576 -0.33488349616527552 1 -1.9714598059654234 -0.91590857505798329 2 887.50000000000011 3 0.38048197329044348 -0.43408909440040583 -2.4594172239303584 0.12503572553396228 2.2173740267753606 -0.88710606098175038 -2.2323027849197383 -0.46974191069602961 942.50000000000011 -0.82097086310386647 4 5 -0.65423989295959462 0.39361193776130682 0.20940569788217547 -0.6744607388973235 873.50000000000011 -0.17717035114765164 -1.6429651975631712 -0.13379042595624921 0.4028929620981217 1.2610026597976687 6 -1.4934133291244505 7 -0.22357788681983945 -1.3084688186645506 8 9 10 0.90187019109725963 -1.3084688186645506 11 12 0.57939702272415172 1.1229721903800967 -0.3741172850131988 112.50000000000001 13 -0.99703246355056752 0.36596243083477026 1.5608298778533938 -0.75250649452209462 -0.76450166106224049 1.6692219376564028
decision_type=2 2 2 2 2 2 2 2 1 2 2 2 1 2 2 1 2 1 2 2 2 2 2 2 2 2 2 2 1 1 2 2 2 2 2 2 2 2 2 2 1 2 1 2 2 1 1 1 2 2 1 1 2 2 2 2 1 2 2 2 2 2 2
left_child=3 19 21 35 11 8 12 -8 9 38 32 17 -7 15 -10 16 -13 34 -19 39 -15 22 45 -24 -5 29 27 30 -29 -16 -27 -31 -11 -28 -4 -1 37 46 -6 43 -41 42 -42 -2 -30 -3 -37 48 -22 50 -23 -51 -53 -12 -21 56 62 -58 -59 60 61 -60 -56
right_child=1 2 4 24 5 6 7 -9 14 10 53 13 -14 20 25 -17 -18 18 -20 54 47 49 23 -25 -26 26 33 28 44 31 -32 -33 -34 -35 -36 36 -38 -39 -40 40 41 -43 -44 -45 -46 -47 -48 -49 -50 51 -52 52 -54 -55 55 -57 57 58 59 -61 -62 -63 -64
leaf_value=1.5460684067095188e-07 0.00016027701421144101 -0.0006619311167136916 -0.0018407136874784593 0.011530157172266554 -0.0059934928569708844 0.0051167271003051389 -0.016889636631810662 -0.0033944473696533918 -0.0085148653466551767 -0.013740479921064235 0.0026490264541327124 -0.0029972844919519078 -0.0054263631489022647 0.0075512846719777366 -0.0028803778497201809 -0.00066780832541784175 -0.012529426832725754 0.00062164969766352325 -0.0033243641594893525 0.00019361365701854236 -0.0013238751421635205 0.0041553914084497892 0.01659626896679851 0.0030627528370202905 0.0025677517214863794 -0.00058251173104192488 -0.0020594361408680286 -0.01160007596964872 -0.0076131599292570398 0.011220057710602414 0.0076761589804436167 0.0020593668748075064 -0.0031038394135940034 0.0075896889363444358 -0.0053243954236557841 0.016676655609789471 0.00060610275697624348 0.0015527183211539225 -0.014246244514274697 -0.0010204261622529876 0.014832810082479162 0.002224093409065416 0.0038300446662950121 0.0011325460778406425 0.00026320207404069082 0.00051797759966002094 0.0074371499678941464 -1.6665347799005152e-05 -0.0074076018318854596 -0.0015369706069865883 -0.0085667499097391957 0.00055307894430595584 -0.0016769307098120454 -0.003474921933081554 0.0024343825969098862 -0.00025716767779134945 -0.0045461141293045649 -0.0013873487777428613 0.0016212662719674769 0.010555324557818583 -0.00067589562114211044 0.012350450375391533 -0.0049109646307890107
leaf_weight=465033.76140165329 1631594.5764770508 170039.41360473633 30878.751937866211 3066.060546875 9015.937164068222 4547.5879192352295 6224.2352027893066 5950.1574897766113 3472.87353515625 3834.2044832706451 14648.167617797852 10281.06266784668 11172.389261245728 3918.097583770752 2903.2749481201172 16533.958679199219 5751.4390258789062 56020.413589477539 43152.416625976562 1547956.0107421875 44162.706704378128 3445.8332762718201 2122.654691696167 5252.853120803833 24942.78125 9514.8253421783447 3165.609733581543 4346.6597595214844 3404.9831008911133 4927.3250586986542 4476.5225162506104 4509.8197090625763 3187.2101135253906 5897.8193740844727 32319.134765625 3265.6047840118408 573679.89786958694 59841.158111572266 3951.4932403564453 22325.428527832031 3023.1957626342773 38078.404479980469 6610.3345108032227 221423.72235107422 16318.755565643311 481388.52243041992 5668.6735363006592 456811.15474200249 5439.9095764160156 117616.89903402328 7526.6293702125549 145796.55334329605 51433.443862915039 6317.7670288085938 124186.68676757812 3449739.17578125 20445.71337890625 73207.770074605942 6893.8540573120117 4138.7669677734375 23447.036067962646 4022.7108850479126 5194.296630859375
leaf_count=183468 609914 64430 9723 1153 2754 1164 1785 1770 1123 1632 4857 2715 3115 1119 1220 4645 1533 15182 11703 559319 14134 1439 996 2539 10030 3120 964 970 1326 1854 1579 1274 932 2004 9995 1157 211963 21620 1169 10980 1098 14346 2345 93416 6277 210045 2053 133841 1130 43047 3914 68479 24474 2422 47066 1247678 6495 25982 2159 1214 9202 1650 1983
internal_value=-8.85547e-07 -7.17613e-05 -0.000479985 0.000561124 -0.00098672 -0.00225769 -0.00583473 -0.010298 -0.00129705 -0.00381372 -0.0016367 -0.000749211 -0.00237592 -0.000351447 0.000341296 -0.0035002 -0.00641565 -0.00207911 -0.00109532 3.17788e-05 -0.000150479 -4.91915e-05 0.000285677 0.00696627 0.00355073 0.000859238 -0.000108922 -0.00114022 -0.0030014 0.00455496 0.00206164 0.00683852 -0.00891787 0.00422023 -0.00362196 0.0004855 0.000836808 0.00276102 -0.00851283 0.000335211 0.00188949 0.0032506 0.0073082 0.00027646 -0.00109755 0.000209986 0.0108487 -0.000210141 -0.00199135 -0.000726287 -0.00457539 -0.000592074 -2.84871e-05 0.000803279 -7.91723e-05 -0.00019295 0.000654083 -0.000799922 -0.000114175 0.00230648 0.0013116 0.00557877 0.00213914
internal_weight=1.01395e+07 9.00397e+06 1.82168e+06 1.1355e+06 837057 131788 27894.4 12174.4 103893 40954.8 27987.3 705269 15720 542898 62938.5 32566.5 16032.5 162371 99172.8 7.18229e+06 510332 984623 658803 7375.51 28008.8 59465.6 47125.2 38061.7 24070.4 12340.4 13991.3 9437.14 7021.41 9063.43 63197.9 1.10749e+06 642455 68775.4 12967.4 1.92306e+06 70037.4 47711.9 9633.53 1.85302e+06 19723.7 651428 8934.28 506414 49602.6 325819 10972.5 314847 197230 20965.9 5.25923e+06 3.71128e+06 261537 132156 111710 38502.4 34363.6 10916.6 129381
internal_count=3734685 3303241 668394 431444 249031 43311 7834 3555 35477 13766 9843 205720 4279 159117 21711 8893 4248 46603 26885 2634847 150224 419363 278010 3535 11183 20588 16240 13272 8573 4348 4699 3128 2564 2968 19718 420261 236793 24830 3923 732099 28769 17789 3443 703330 7603 274475 3210 149105 15264 141353 5353 136000 92953 7279 1902748 1343429 95751 46702 40207 14225 13011 3809 49049
cat_boundaries=0 1 2 3 4 5 6 7 8 9 10 11 12 13 14
cat_threshold=33689728 25691136 19042305 2890912 4194306 21497088 6890304 58722433 33032728 50766968 33817857 46797313 24121882 17145628
is_linear=0
shrinkage=0.03


Tree=82
num_leaves=64
num_cat=15
split_feature=3 5 2 0 1 18 19 6 12 1 14 9 16 1 9 6 15 9 1 1 5 19 1 1 18 10 1 1 19 19 1 14 1 0 1 2 0 2 1 19 10 6 9 1 15 6 19 16 13 0 13 13 9 0 10 19 1 0 9 12 12 15 10
split_gain=445.594 342.324 487.705 623.056 408.919 312.57 370.369 334.729 282.011 435.733 596.474 5223.2 10072.5 320.989 413.811 942.833 5510.53 586.86 3252.32 248.637 217.807 274.674 311.06 206.946 244.282 198.217 401.51 195.404 235.882 193.565 592.86 348.58 391.503 230.556 193.111 194.385 212.595 257.893 270.228 191.329 190.101 182.966 296.261 272.166 250.68 240.12 496.239 389.831 260.314 357.784 468.402 200.017 185.671 188.624 259.458 180.834 437.748 401.535 208.322 177.883 292.03 393.393 286.228
threshold=0.8225919008255006 -1.0461278557777403 -1.3179268240928648 172.50000000000003 0 -2.0249447822570796 0.1394067928195 -0.23936424404382703 -0.66468688845634449 1 -0.17343234270811078 -0.77439677715301503 -0.16602052003145215 2 -0.42049902677536005 0.63447225093841564 -1.8840259313583372 -0.40497408807277674 3 4 2.0197230577468877 -0.64194113016128529 5 6 -2.0249447822570796 1.5109481215476992 7 8 -0.1158856153488159 1.1229721903800967 9 0.04802153259515763 10 845.50000000000011 11 1.3117887377738955 112.50000000000001 -1.0736950039863584 12 1.6960514783859255 1.2610026597976687 -0.52425202727317799 -0.91590857505798329 13 1.791857182979584 -0.75956422090530384 0.37541826069355017 0.20704916119575503 -1.1767017245292661 291.50000000000006 -1.0264999866485593 -0.40935480594635004 0.62204632163047802 187.50000000000003 -0.91050890088081349 2.3734664916992192 14 217.50000000000003 -0.68260473012924183 -0.53143897652626026 -0.60971888899803151 -0.84890663623809803 -1.1444867849349973
decision_type=2 2 2 2 1 2 2 2 2 1 2 2 2 1 2 2 2 2 1 1 2 2 1 1 2 2 1 1 2 2 1 2 1 2 1 2 2 2 1 2 2 2 2 1 2 2 2 2 2 2 2 2 2 2 2 2 1 2 2 2 2 2 2
left_child=1 2 3 -1 5 -5 -7 -8 13 10 11 12 -10 14 -3 17 -17 18 -16 -19 23 22 -22 24 -2 55 -27 -4 -29 -11 -31 -32 39 -34 -23 36 -36 38 -38 -33 -39 42 -12 -44 45 51 52 -48 -49 -50 -51 59 53 -47 -55 -15 57 -57 -59 60 -45 -62 -63
right_child=20 8 27 4 -6 6 7 -9 9 29 41 -13 -14 25 15 16 -18 19 -20 -21 21 34 -24 -25 -26 26 -28 28 -30 30 31 32 33 -35 35 -37 37 40 -40 -41 -42 -43 43 44 -46 46 47 48 49 50 -52 -53 -54 54 -56 56 -58 58 -60 -61 61 62 -64
leaf_value=0.012445744902471897 0.0033468088418542692 -0.00028671665581278891 0.00084459429618535483 0.012006635269702994 -0.00012928911773096822 0.0013195666800514621 0.013485230815922936 0.001364147446941282 -0.0018309016918705392 -2.6659400674494276e-06 -0.0050798393426871513 -0.00084276485826723752 0.073727445870036531 2.4080971563717075e-05 -0.034440140190804776 -0.046209855090264998 0.00087921745118694377 0.00076429952152646499 -0.0011276600747510775 -0.0014764699763449248 -0.013592902370057156 0.0028060842269876365 -0.0025838497793471394 -0.00075186098308153461 -0.00011058341967452329 0.0044896597135989222 -8.1881023350431639e-05 0.00049611379533330948 -0.00041340260371608949 0.0029027043461760087 -0.00087191017163790175 -0.0065759919806543778 -0.0015211581901279218 -0.0098152755466960149 0.0049794379589993944 -0.0086563015053050026 -0.011693348489180386 -0.0018326820272803563 -0.0020391113130007661 -0.015619168841420693 0.0058543571791367776 0.00022933757762525148 0.0084910299413905842 -3.8716048250307077e-05 0.0050022783964962236 0.0048242621730389592 0.0012447520670262142 0.0037429936493232146 0.020381502588132767 0.01656286826416473 -0.00064477501867567222 -0.0015893073931114042 0.008693488219671662 -0.0051350426656817929 0.00091855800549385763 -0.01507628221986322 0.00043538100251259103 -0.0074950424812006457 0.002137319839408151 8.5000531138862282e-05 8.732448868601248e-06 0.012157487603209437 0.0042675230877005305
leaf_weight=5555.5964889526367 19029.53515625 1507470.12109375 490623.87628173828 4217.486083984375 38105.280349731445 22864.637859344482 5124.9663019180298 3417.8180723190308 3930.9649047851562 1074845.8731406331 6849.880126953125 29533.062744140625 2658.6738891601562 3222239.6696777344 3060.8773193359375 2864.0545654296875 10146.007690429688 70273.912170410156 18538.276977539062 121786.64764404297 3822.1975517272949 8106.964958190918 5851.4364814758301 762320.2028503418 545160.3908996582 26971.20068359375 48134.55908203125 621088.10998535156 437341.31646728516 20013.873901367188 30496.464003562927 4411.4555826187134 15409.939002990723 3746.2427291870117 3932.9210381507874 3878.6903238296509 4511.7660751342773 13608.295788288116 6201.6606826782227 4045.9007568359375 3672.5788192749023 490691.50015258789 4554.2783203125 39693.58154296875 14422.29296875 9607.8334789276123 9161.1768112182617 5000.8637504577637 3169.3512372970581 2789.9400196075439 2901.1316823959351 36866.287536621094 2808.3029174804688 7005.8057594299316 69938.683912277222 3662.5610656738281 20288.455932617188 4441.9614243507385 3700.5345168113708 125848.82177734375 18150.206176757812 5020.9954833984375 23502.702697753906
leaf_count=1985 7316 507519 198075 1151 14578 6542 1614 1040 1963 490068 2049 13235 1009 1117087 1432 929 3921 31253 6696 35991 1248 3197 1865 298172 223386 10193 17726 202666 157110 10614 18158 1563 6721 1585 1286 1518 1733 4864 2025 1603 1363 160918 1244 15020 1928 3362 4222 1847 1179 1041 1200 13917 1018 2621 24840 1513 8871 1819 1685 52486 10914 1444 6718
internal_value=-4.23498e-06 7.4709e-05 0.000467177 0.002762 0.00203153 0.00434131 0.00331162 0.00863943 -1.49142e-05 0.000280369 0.000769538 0.00454737 0.0286869 -0.000135456 -0.000466419 -0.00166152 -0.00950081 -0.00118396 -0.00587181 -0.000656623 -0.000505264 -0.0023803 -0.00695518 -0.00042951 6.05932e-06 3.69272e-05 0.00156058 0.000349712 0.000120302 -0.000107464 -0.00154922 -0.00308261 -0.00552463 -0.00314368 -0.00137182 -0.00231815 -0.00154765 -0.00246537 -0.00612119 -0.0108959 -0.000197791 0.000614091 0.00110156 0.00121292 0.00112437 0.000969607 0.0021207 0.00604769 0.00922045 0.0123081 0.00779808 0.000450213 0.00110869 0.000862104 0.000367079 1.76106e-06 -0.00223885 -0.00682767 -0.00311878 0.000804549 0.00185296 0.00346156 0.00565827
internal_weight=1.01391e+07 8.75899e+06 1.62834e+06 79285.8 73730.2 35624.9 31407.4 8542.78 7.13065e+06 2.06708e+06 914106 36122.7 6589.64 5.06358e+06 1.73414e+06 226670 13010.1 213660 21599.2 192061 1.3801e+06 53586.5 9673.63 1.32651e+06 564190 3.32944e+06 75105.8 1.54905e+06 1.05843e+06 1.15297e+06 78123.9 58110 27613.5 19156.2 43912.9 35805.9 31927.2 27994.3 10713.4 8457.36 17280.9 877984 387292 380442 375888 361466 112383 23022.5 13861.3 8860.42 5691.07 249083 89360.6 86552.3 76944.5 3.25433e+06 32093.5 11805.1 8142.5 212216 86367.5 46673.9 28523.7
internal_count=3733856 3185883 584761 26910 24925 10347 9196 2654 2601122 854487 324175 16207 2972 1746635 587741 80222 4850 75372 8128 67244 547973 19099 3113 528874 230702 1158894 27919 557851 359776 530312 40244 29630 11472 8306 15986 12789 11271 9985 3758 3166 6227 307968 147050 145001 143757 141829 41330 9489 5267 3420 2241 100499 31841 30823 27461 1130975 13888 5017 3504 86582 34096 19076 8162
cat_boundaries=0 2 4 6 7 8 10 12 13 15 17 19 21 23 24 26
cat_threshold=3394942988 4 1344969984 21 1353243408 28 528 278971136 120252490 11 1646571004 36 239468684 79021201 12 2156142600 2 587202597 64 1628441105 8 2424419778 36 131072 2723161092 33
is_linear=0
shrinkage=0.03


Tree=83
num_leaves=64
num_cat=20
split_feature=5 2 10 1 2 7 16 19 1 19 1 8 12 1 8 2 1 1 15 6 4 16 1 14 9 8 2 10 1 6 1 1 1 1 4 1 2 1 4 1 1 4 1 6 6 19 11 10 1 1 2 16 6 12 2 12 11 4 1 6 16 9 10
split_gain=428.511 425.031 435.565 455.331 452.354 396.561 317.614 298.628 431.069 275.758 355.734 265.592 255.809 305.162 4079.79 6962.23 248.82 233.442 226.918 2571.1 1004.14 225.946 290.066 1545.78 272.176 220.578 221.971 354.831 269.976 257.321 400.372 300.275 216.815 207.632 224.137 205.097 195.735 281.84 205.094 226.329 225.925 179.591 279.635 220.484 215.06 170.253 169.81 238.682 232.87 214.115 178.048 168.138 168.026 219.596 195.161 326.336 167.687 165.629 301.54 203.797 350.283 190.568 316.313
threshold=-0.9160063862800597 0.058021802455186851 1.9644516110420229 0 -1.0736950039863584 0.64996933937072765 0.36108247935771948 1.6960514783859255 1 0.7162228822708131 2 0.97941589355468761 -0.66468688845634449 3 1.6825375556945803 0.46665683388710028 4 5 -1.8089315891265867 0.63447225093841564 1.5712455511093142 0.46173781156539923 6 0.20728760957717898 -0.78547245264053334 1.0863422751426699 -1.3179268240928648 1.9644516110420229 7 0.038491683080792434 8 9 10 11 -1.9714598059654234 12 -0.028989185579121109 13 0.84922775626182567 14 15 0.76794844865798961 16 -1.6703305840492246 -0.61498904228210438 -0.024582839570939537 -0.67994740605354298 -1.8547923564910886 17 18 1.3117887377738955 -0.16602052003145215 -0.49537664651870722 -0.49577291309833521 -1.0736950039863584 -0.65423989295959462 1.9528558254241946 0.65452042222023021 19 -0.92392066121101368 0.46173781156539923 -0.61526718735694874 -1.1444867849349973
decision_type=2 2 2 1 2 2 2 2 1 2 1 2 2 1 2 2 1 1 2 2 2 2 1 2 2 2 2 2 1 2 1 1 1 1 2 1 2 1 2 1 1 2 1 2 2 2 2 2 1 1 2 2 2 2 2 2 2 2 1 2 2 2 2
left_child=1 2 33 -4 17 9 46 -8 -9 12 57 -6 16 14 -14 -16 18 -5 19 20 -2 22 23 -12 -23 35 29 -28 -29 30 -27 -31 -15 -1 -35 -7 37 -24 39 -38 -40 43 44 -36 45 -43 47 49 -48 -3 -51 -42 53 54 55 -34 -45 59 61 60 -11 62 -59
right_child=5 6 3 4 11 25 7 8 -10 10 21 -13 13 32 15 -17 -18 -19 -20 -21 -22 24 36 -25 -26 26 27 28 -30 31 -32 -33 52 34 41 -37 38 -39 40 -41 51 42 -44 56 -46 -47 48 -49 -50 50 -52 -53 -54 -55 -56 -57 -58 58 -60 -61 -62 -63 -64
leaf_value=0.0014928474634939202 0.00053875459538770746 0.0012631013589567241 -0.00076712280710367346 0.0066453096894861403 -0.0041790139895236901 0.00051867395886692671 -0.00055279729630256901 0.0018418796096000964 -0.011131065060104006 -0.0001414321724168778 0.0011470959719826082 0.0062429377848328494 -0.0012741899302037723 -0.0002855900177068012 0.0021270941329676685 0.053661663314126154 0.00015177027337411457 0.016631394534190089 -0.00025649248264274796 -0.024465122062847882 -0.016469379915779198 -0.0082440154154699418 -0.0022711082405349296 -0.033500963940503628 -0.002140652762497159 0.0056938969790593947 -0.00026287020867221184 0.0068817366805248104 0.00054006285923579233 -0.010437245970342509 -0.0020563405283874356 -0.002603210737889806 0.014305285392126275 -0.001499694027933123 -0.0023707374300503681 -0.0012491881015360988 0.00026872187206299823 0.0014100674943432446 0.00016468298072220216 -0.0020966182611445775 -0.00050074301714619017 0.0020620820526482033 -0.00077266476771395193 0.0010922650339041085 0.00040766068569468914 0.0078077620340098897 0.0014394995093075663 -0.00022897623183516029 0.00020641310236879968 -0.0043025124055246092 -0.014537574791354146 -0.008229048868446014 0.00020196874229345382 0.00023894667179282316 0.00132113896378031 0.0025794966870096685 0.0063368477015338601 -0.008706249247662513 -0.0033253442138935327 0.0013151498558112765 -0.0091612665779588418 0.0036674340511497795 0.00082508715322918765
leaf_weight=242469.68502807617 54557.544403076172 3216.3227081298828 9707.0790405273438 3818.9308395385742 3220.8733006715775 67635.942260742188 395217.46484375 3856.9614168405533 5713.7504972219467 34044.48893737793 4798.6471138000488 6923.7288111448288 46997.356323242188 424093.71875 7073.4138853549957 3535.5276429653168 2199846.919921875 4851.3821487426758 1841185.4765625 4300.48828125 3308.8179016113281 7377.9320459365845 25889.626026153564 1522.7044486999512 60239.390463829041 7675.0679292678833 1003769.5517578125 10983.641448974609 13425.981597900391 5599.5037231445312 27265.559725761414 20560.749481201172 2737.786865234375 48463.816207885742 16517.522445678711 465678.89855957031 72101.258180618286 67465.535766601562 7348.187744140625 73529.601943969727 3345.9327018260956 12547.833984375 150519.26663732529 353027.73604822159 42261.837936401367 7366.2357940673828 191651.50740814209 161955.26177978516 490850.36069488525 4012.6580657958984 2473.5621948242188 10439.629365205765 697914.03414189816 230562.89019775391 260926.67150878906 9672.2301025390625 5568.67529296875 3838.4088134765625 28516.4716796875 131757.42379760742 4367.6507415771484 13248.186841130257 16965.628466486931
leaf_count=95958 27434 1773 3672 1406 1465 48563 112309 1251 1694 22515 3290 2389 16236 214433 2304 929 810920 1595 563895 1274 1941 1893 12511 876 19764 2626 336139 3570 4642 1940 9001 5816 538 17020 8963 196650 33783 29840 2634 31645 2093 4411 47854 118692 12766 2954 78260 101685 166665 2754 1616 4626 244494 102491 104892 4015 1466 1870 11085 47975 1514 6095 7470
internal_value=-4.9014e-06 0.000369276 0.000864289 0.00451253 0.00723248 -0.000106524 1.25419e-05 -0.000679639 -0.00591449 3.76834e-07 -0.00063113 0.00293358 6.22322e-05 0.00037363 0.00251916 0.0193187 -6.55324e-05 0.0122661 -0.000316684 -0.00209926 -0.000435115 -0.00125843 -0.00086539 -0.00720751 -0.00280717 -0.000525107 -0.000280357 -0.000175955 0.0033975 -0.00203703 -0.000352309 -0.00428671 0.000297588 0.000745851 0.000461146 -0.001025 -0.000710826 0.00038903 -0.00132656 -0.000925704 -0.00408798 0.000622833 -7.35503e-05 0.00101769 0.0016187 0.00418884 0.00034057 -0.000502857 0.000552705 -0.00507202 -0.00820128 -0.00634955 0.00050338 0.000920847 0.00149602 0.00517105 0.0011738 0.000269304 -0.00105046 0.000754594 -0.00116809 0.000855537 -0.000935143
internal_weight=1.01423e+07 2.16621e+06 907265 28522 18814.9 7.9761e+06 1.25895e+06 404788 9570.71 6.35351e+06 566797 10144.6 5.78671e+06 1.68351e+06 57606.3 10608.9 4.1032e+06 8670.31 1.90335e+06 62166.9 57866.4 334058 266441 6321.35 67617.3 1.62259e+06 1.08928e+06 1.02818e+06 24409.6 61100.9 34940.6 26160.3 1.62591e+06 878743 636273 533315 260120 93355.2 166765 145631 21133.7 587809 212695 375114 62175.9 19914.1 854160 171658 682502 9702.54 6486.22 13785.6 1.20181e+06 503900 273337 12410 358596 232738 62568.7 170170 38412.1 34052.2 20804
internal_count=3734840 788618 320611 10527 6855 2946222 468007 115254 2945 2337275 241479 3854 2095796 690332 19469 3233 1405464 3001 594544 30649 29375 142955 121298 4166 21657 608947 363734 344351 8212 19383 11627 7756 670863 310084 214126 245213 117132 42351 74781 65428 9353 197106 67985 129121 20131 7365 352753 107828 244925 6143 4370 6719 456430 211936 109445 4553 120158 98524 26520 72004 24029 15435 9340
cat_boundaries=0 2 4 6 8 10 12 13 15 16 18 20 21 23 25 27 29 31 33 35 36
cat_threshold=625092419 72 1073742595 24 2367302104 2 131072 4 1357536144 92 271931532 2 512 2990467760 24 1779467304 2248208392 2 93659230 34 81576056 556073307 33 807436289 36 1912635427 60 1342243840 64 2298615808 6 3557074312 44 847642624 32 2231511064
is_linear=0
shrinkage=0.03


Tree=84
num_leaves=64
num_cat=16
split_feature=7 0 1 2 1 19 1 19 6 14 0 8 14 6 0 10 1 10 0 2 1 19 1 19 1 0 9 1 1 0 1 8 1 12 12 15 1 8 9 9 10 19 12 16 15 2 4 15 6 9 1 4 14 8 4 4 1 16 1 4 19 14 1
split_gain=380.233 340.612 378.614 389.827 360.677 267.95 280.858 257.946 247.801 581.606 463.23 533.351 307.36 241.188 303.819 221.782 583.481 314.957 390.752 500.139 524.77 473.416 540.666 379.363 550.679 351.028 301.932 283.496 277.202 281.053 451.972 446.819 684.156 650.714 506.145 489.918 400.993 449.175 342.702 326.908 490.557 317.032 557.194 390.892 447.185 275.365 268.154 256.421 412.274 298.83 254.016 251.094 244.844 236.517 233.307 487.61 712.248 248.721 239.658 377.295 227.81 308.581 390.513
threshold=-1.0342245697975156 775.50000000000011 0 -0.92766210436820973 1 0.55204156041145336 2 0.17122810333967212 0.47605699300765997 0.7580358386039735 845.50000000000011 3.2701853513717656 1.161976754665375 -0.37335526943206782 873.50000000000011 1.5109481215476992 3 0.12197682633996011 202.50000000000003 0.058021802455186851 4 -0.024582839570939537 5 1.1229721903800967 6 157.50000000000003 -0.63794851303100575 7 8 187.50000000000003 9 1.8754866719245913 10 -0.66468688845634449 -0.82210367918014515 1.3119027614593508 11 2.0280097723007207 -0.42049902677536005 0.62204632163047802 -0.61918380856513966 0.1394067928195 -0.88369300961494435 -0.036234462633728974 0.58592349290847789 -0.72702601552009571 0.089645657688379302 -1.5161291956901548 -0.68754494190216053 -0.75250649452209462 12 1.7814109921455386 1.0000000180025095e-35 -0.43887607753276819 0.17685678601264956 0.60955399274826061 13 0.81742417812347423 14 1.195036828517914 0.82401347160339367 0.39361193776130682 15
decision_type=2 2 1 2 1 2 1 2 2 2 2 2 2 2 2 2 1 2 2 2 1 2 1 2 1 2 2 1 1 2 1 2 1 2 2 2 1 2 2 2 2 2 2 2 2 2 2 2 2 2 1 2 2 2 2 2 1 2 1 2 2 2 1
left_child=-1 15 7 4 13 -6 -7 -3 -5 -10 -11 12 -12 14 -4 17 -17 23 19 21 60 27 26 28 54 -24 -23 -19 29 30 38 32 33 34 -32 47 37 -33 41 -31 -41 42 -2 -43 46 50 -45 48 49 -34 -29 -28 -44 -49 57 56 -56 -25 -57 -60 -21 62 -62
right_child=1 2 3 8 5 6 -8 -9 9 10 11 -13 -14 -15 -16 16 -18 18 -20 20 -22 22 25 24 -26 -27 51 45 -30 39 31 36 35 -35 -36 -37 -38 -39 -40 40 -42 43 52 44 -46 -47 -48 53 -50 -51 -52 -53 -54 -55 55 58 -58 -59 59 -61 61 -63 -64
leaf_value=0.00051380398444406366 0.0084902086711157159 -6.1606738336676784e-05 -0.0024574927552199954 -0.00032846869669180597 -0.0018570042779120564 0.0083563415033434656 -0.0012019445729907936 0.0016843906365531052 -0.00081761250047575871 -0.00051189303799526191 -0.018470939479655283 -0.0029634024527895029 -0.0076611341021671879 -0.0032775804962743458 -0.013140356052541791 0.0032259702694069632 -0.0003194357171564794 -0.0007128475734152818 -8.6124776320254938e-05 -0.0030689728361177875 -0.00083604987565029723 -0.0017889658055183376 -0.0043991061680904572 -0.0011648963452116847 -8.4355413422237482e-06 -0.00043632487012118244 0.0029350682567065222 0.013675998106796757 -6.8188566292803982e-05 0.0002600525723575814 0.0065104261900413973 -0.0098989989634413831 0.0135007130907132 -6.7208765627024789e-05 0.019548412217229309 0.011246379027928794 0.00094625739538458124 -0.0012285045049002991 -0.00085895000498074903 0.01577958474530906 0.0017503044847384515 0.00077714664030772344 0.0046438888744625021 0.022363828715357109 0.0038125546694279351 0.0016009498634930251 0.010225125554265288 0.0075482466373581374 0.017385992826926825 -0.0017948920949879535 0.0039313055601074877 -0.0053043464811601366 -0.0027940825682012376 2.0934806264800732e-05 -0.026300662279967676 0.0018183877901029003 -0.0056021157590966219 -0.0092410001646269883 -0.0030545225543620841 -0.016037552085792554 0.0053478273418481525 -0.012465142250935451 -0.0072742095853145193
leaf_weight=1134166.125 10606.102394104004 313180.6865234375 4048.7316520214081 1075810.9585571289 81353.309600830078 5012.9708251953125 6149.9856872558594 100613.8642578125 178021.65191650391 10965.368408203125 4890.3789715766907 8739.3456988334656 4607.2329711914062 25682.441138505936 5874.1323852539062 68978.675903320312 105903.64636230469 39687.154663085938 2091226.9765625 77384.593322753906 131451.3349609375 26872.296478271484 51283.76318359375 39202.699390411377 141727.1083984375 33104.2890625 40100.540878295898 3258.0497856140137 1797056.1618652344 2042734.0543212891 6246.1429471969604 5850.3929443359375 1520.1364707946777 6170.999680519104 4698.7426261901855 4219.3594360351562 110088.89337158203 65902.030639648438 11649.911371350288 2972.8879852294922 9098.0442657470703 4268.199535369873 6091.7406439781189 3327.3479707241058 4166.8383755683899 60797.1279296875 3251.416791677475 3923.0070190429688 2085.1636810302734 4664.5684394836426 9249.1723823547363 3625.5259857177734 11484.29737329483 86226.919677734375 2210.5794410705566 6209.4276885986328 4634.099910736084 3756.5878677368164 12036.98664855957 2415.4090919494629 2967.8975372314453 5870.5382995605469 8493.0905303955078
leaf_count=430550 3026 151787 1198 366107 25172 1652 2388 53040 51431 2533 1239 2015 981 7741 1804 24708 43828 13554 769616 28610 51077 8340 18836 19009 57057 11864 16071 1319 724020 677722 1464 1866 957 2348 1282 1267 33994 18686 4644 1093 3337 1765 1926 943 995 20728 1108 1997 1114 3232 2584 1345 3064 30936 1250 3484 2017 1393 6174 929 1146 1735 4625
internal_value=-3.86207e-06 -6.90565e-05 -0.000435031 -0.000669019 -0.00224689 -0.00125879 0.00309864 0.000362938 -0.000511453 -0.00146139 -0.00538515 -0.00831436 -0.013234 -0.0048121 -0.00878496 2.39544e-05 0.00107919 -2.38752e-06 -0.000265408 -0.00102413 -0.00206301 -0.00014731 -0.00122393 0.000151443 -0.0010862 -0.00284434 0.000713355 0.00132944 0.000213849 0.000424045 0.00120169 0.000746001 0.00216888 0.007719 0.0121141 0.00124215 -0.000191057 -0.00193583 0.00370642 0.000289147 0.00521061 0.00493852 0.00306172 0.00845924 0.0115088 0.00243488 0.0163769 0.000812838 0.005867 0.00197248 0.00648826 0.00225137 -0.000215542 0.000348897 -0.00325329 -0.00541085 -0.0123479 -0.00187211 -0.00311037 -0.00522554 -0.00376522 -0.00687433 -0.00400642
internal_weight=1.01399e+07 9.0057e+06 1.82495e+06 1.41116e+06 128122 92516.3 11163 413795 1.28303e+06 207224 29202.3 18237 9497.61 35605.3 9922.86 7.18075e+06 174882 7.00587e+06 2.58537e+06 494145 226167 267978 154986 4.4205e+06 212193 84388.1 70598.4 112992 4.2083e+06 2.41125e+06 356442 301596 119755 17115.9 10944.9 102639 181841 71752.4 54845.9 2.0548e+06 12070.9 43195.9 28182.1 15013.8 10745.6 73304.4 6578.76 98419.8 8269.87 6184.7 12507.2 43726.1 17576 90149.9 70465.8 27506.5 6844.68 42959.3 20661.8 14452.4 94716.1 17331.5 11461
internal_count=3733723 3303173 669088 464261 39955 29212 4040 204827 424306 58199 6768 4235 2220 10743 3002 2634085 68536 2565549 951450 181834 87193 94641 56456 1614099 91313 30700 25756 38185 1522786 798766 116614 99143 44597 5094 2746 39503 54546 20552 17471 682152 4430 12827 8016 4811 3046 24631 2051 38236 5303 4189 3903 17416 4990 32933 34256 13854 3267 20402 10587 7103 36116 7506 5771
cat_boundaries=0 2 4 6 8 10 12 14 16 18 19 20 22 23 24 25 27
cat_threshold=212894808 36 33629060 10 2148007970 17 3377341368 11 555754471 23 1218660261 59 3056928289 40 73544903 32 588595111 37 517 8226 553923616 4 3658792984 2418279936 2214594048 8578 4
is_linear=0
shrinkage=0.03


Tree=85
num_leaves=64
num_cat=17
split_feature=7 7 5 2 0 18 2 6 1 1 0 1 10 2 0 1 0 1 2 1 10 2 1 1 12 10 10 1 8 11 12 1 6 14 0 6 0 0 2 13 13 2 1 0 1 1 14 6 14 11 14 0 17 0 2 1 1 6 2 1 0 18 6
split_gain=393.814 238.096 230.642 223.714 1037.06 358.24 198.524 355.524 419.21 280.894 192.657 172.253 176.414 168.271 346.924 241.111 209.632 264.73 276.944 197.183 171.579 167.715 292.922 191.376 166.818 190.963 188.616 545.515 247.025 322.685 259.851 232.37 225.794 219.682 184.987 189.448 184.788 419.096 280.6 220.131 210.894 180.785 170.127 166.215 189.622 165.336 164.66 160.67 155.346 517.218 3029.02 174.672 292.793 401.176 221.113 203.165 181.548 218.552 177.895 243.634 193.603 170.831 170.384
threshold=0.10569363832473756 -1.6678416728973386 1.5125752091407778 -1.3179268240928648 172.50000000000003 -0.52886003255844105 -1.3179268240928648 -0.52425202727317799 0 1 645.50000000000011 2 1.5109481215476992 -0.26081183552741999 915.50000000000011 3 172.50000000000003 4 1.4215949177742007 5 0.86218050122261058 -0.52361595630645741 6 7 -0.36316962540149683 1.9644516110420229 -1.5296894907951353 8 2.4137189388275151 0.30199488997459417 -0.53143897652626026 9 -1.6703305840492246 0.56028988957405101 775.50000000000011 0.14920666813850406 514.50000000000011 688.50000000000011 0.66508799791336071 1.42017138004303 0.54135122895240795 0.50335416197776806 10 731.50000000000011 11 12 0.22598183900117877 0.14920666813850406 -0.17343234270811078 0.61875310540199291 -0.1849480792880058 789.50000000000011 13 929.50000000000011 -0.8156110644340514 14 15 -0.37335526943206782 -0.92766210436820973 16 172.50000000000003 -0.95427399873733509 -0.067132420837879167
decision_type=2 2 2 2 2 2 2 2 1 1 2 1 2 2 2 1 2 1 2 1 2 2 1 1 2 2 2 1 2 2 2 1 2 2 2 2 2 2 2 2 2 2 1 2 1 1 2 2 2 2 2 2 1 2 2 1 1 2 2 1 2 2 2
left_child=1 3 10 4 -1 43 7 8 -4 -9 11 -2 -13 14 20 -16 17 -15 -19 -18 -8 22 -12 -23 26 42 27 32 29 30 33 34 46 47 35 -30 39 -38 -39 40 41 -31 -26 -6 -45 -22 -3 -29 49 -28 -51 58 53 -53 56 -55 -54 -58 59 60 -50 -61 -63
right_child=2 24 6 -5 5 -7 13 9 -10 -11 21 12 -14 16 15 -17 19 18 -20 -21 45 23 -24 -25 25 -27 48 28 31 36 -32 -33 -34 -35 -36 -37 37 38 -40 -41 -42 -43 -44 44 -46 -47 -48 -49 51 50 -52 52 54 55 -56 -57 57 -59 -60 61 -62 62 -64
leaf_value=0.015932674038420788 -0.00026179108398937837 -0.0046841571662449349 0.0081872820087305221 0.0005982211304036535 0.011587214626628359 -0.00035126527672745624 -2.22333992539981e-05 -0.010163704192139621 -0.0021246895347541168 -0.0031036914433060355 -0.0024056604337716991 0.00018354021616756166 0.0022109558898536167 0.0013836735353535249 -0.012595823682013469 -0.0017332202017800776 0.00062502182713760073 -0.0033450186104906454 -0.012031384421576972 -0.0013534672239891709 0.0049210612207644363 -0.00077490908545760405 -0.00034922133517203562 3.0954514456920527e-05 0.0023348640802271291 -0.0067960166613458281 0.00040592145003301552 0.0004525835130654353 -0.010651543495085425 -0.0023635021758655283 -0.0078431583361259355 0.00010530769672140469 -0.0021492783581554291 0.0075322063749280509 0.0016292309388239404 -0.0029322217482645636 0.010674506400109893 0.0058820655883790578 -0.002257980960606267 0.0066663792431966391 -0.0053648747119698966 0.0058433681162980656 0.00051593396323341685 0.0078330089778606525 -0.0019105599057131731 0.00059034064471701465 -0.014927699545388048 -0.0049986827229014357 0.011052960309568909 -2.1144427742773868e-05 0.027375447128112199 -0.00019961407374872688 -0.00021583686568183458 0.0047756464719737506 -0.00062272661120879645 0.0012818717235439693 -0.01024596490181811 -0.0031335034999204862 0.00010789013596510736 0.0033175776488167763 0.0027931286928091397 0.001065502154219708 -0.0012282413011085432
leaf_weight=4834.4813003540039 1087827.6511230469 4458.6877627372742 5028.7797050476074 430940.720703125 3322.785781621933 31260.362995386124 74363.702178955078 6165.591423034668 11951.860736846924 28559.279853820801 97205.6181640625 1369384.3415527344 39743.2587890625 9217.427734375 2903.0946502685547 5009.5771026611328 68162.431182861328 26779.839443206787 3764.7788391113281 135332.74252700806 14842.505508422852 413182.35302734375 173791.7001953125 740584.8271484375 59760.153499543667 2908.62548828125 323883.73547363281 32930.862516403198 4918.8045926094055 4546.8655242919922 3848.3051452636719 33826.073364257812 84985.696533203125 3460.1758270263672 3572.2532043457031 6844.3654818534851 7864.7569885253906 8326.2063598632812 7021.3539428710938 4859.5142211914062 5485.4443969726562 5144.0022430419922 205082.52676653862 4009.6221489906311 3244.0426955223083 17052.451614379883 2067.4208798408508 5704.7310352325439 2822.9371948242188 20133.693603515625 4426.4593505859375 268227.63696289062 14500.254943847656 21410.538452148438 417301.63134765625 49899.420532226562 4714.6316413879395 22130.359508514404 3515875.2344970703 17947.770446777344 26456.798767089844 75939.619626522064 47293.374819278717
leaf_count=1721 435988 3649 1645 168702 1108 11685 26427 2157 5936 8237 38827 473679 14319 3114 859 1970 28656 9861 1438 45185 5328 140631 59644 287326 30916 1341 198159 17612 1542 1172 2250 10179 35285 967 947 1938 1774 1935 1724 1030 1177 1352 97433 1050 1442 6158 884 2222 1096 7306 1354 98524 5495 10037 133819 16287 1283 6221 1199421 5506 10448 26434 13022
internal_value=8.77438e-06 0.000170223 -0.000207748 0.000811911 0.00278474 0.0012637 -0.000885555 -0.00262296 0.000934259 -0.00436234 -0.000137034 2.17994e-05 0.000240728 -0.00063419 0.000315935 -0.00574216 -0.00108012 -0.00307231 -0.00441601 -0.000690792 0.000767307 -0.000415395 -0.00108699 -0.000257647 0.000112728 0.000842492 7.41332e-05 -0.000765479 0.000423165 0.00136429 -0.00038644 -0.00128417 -0.00256224 0.000296088 -0.00434527 -0.00616323 0.00322398 0.00504559 0.00215855 0.00111284 -0.000667029 0.00199355 0.000926509 0.00603491 0.00348526 0.00260785 -0.00793818 -0.000352865 0.000114068 0.00072424 0.00492109 6.66569e-05 -0.000335707 0.000332089 -0.000830065 0.00233197 -0.00292263 -0.00438267 0.000153779 0.00110024 0.00359001 0.000583481 0.000185213
internal_weight=1.0139e+07 5.80819e+06 4.33085e+06 477612 46671.3 41836.8 409134 51705.5 16980.6 34724.9 3.92172e+06 2.49696e+06 1.40913e+06 357429 114171 7912.67 243257 39762 30544.6 203495 106259 1.42476e+06 270997 1.15377e+06 5.33058e+06 267751 5.06283e+06 229866 138354 89192.2 45944.1 49161.5 91511.8 42095.8 15335.4 11763.2 43248.1 23212.3 15347.6 20035.8 15176.3 9690.87 264843 10576.5 7253.66 31895 6526.11 38635.6 4.83296e+06 348444 24560.2 4.48452e+06 798184 339538 458647 71310 41345.2 26845 3.68634e+06 170461 29279.7 141181 123233
internal_count=3734834 2137449 1597385 185708 17006 15285 146971 17975 7581 10394 1450414 923986 487998 128996 40742 2829 88254 14413 11299 73841 37913 526428 98471 427957 1951741 129690 1822051 87639 47821 33215 23051 14606 39818 20801 4427 3480 10164 5433 3659 4731 3701 2524 128349 3600 2492 11486 4533 19834 1734412 206819 8660 1527593 271666 124848 146818 26324 12999 7504 1255927 56506 11544 44962 39456
cat_boundaries=0 2 4 6 7 9 11 13 15 17 19 21 23 25 26 28 30 32
cat_threshold=709399048 2 2516611080 34 1424776776 28 1611220375 1073769106 2 656741576 49 1091679044 62 2285910578 88 3971394624 26 20773 100 67725987 2 3407518768 68 3643678940 77 7692647 7376896 36 2869182464 72 3759440416 2
is_linear=0
shrinkage=0.03


Tree=86
num_leaves=64
num_cat=17
split_feature=5 4 1 3 7 6 1 1 8 1 0 16 1 4 12 9 16 8 4 1 1 8 9 6 8 18 1 6 4 4 4 18 1 1 6 11 17 11 6 5 9 1 12 17 1 16 11 17 11 6 15 1 0 0 6 8 11 4 13 0 6 1 0
split_gain=431.598 257.249 363.451 268.487 244.817 215.662 205.858 204.28 198.939 283.465 285.749 339.697 267.117 238.895 279.773 226.253 263.661 220.039 212.902 226.717 202.16 291.544 1159.8 1139.4 196.914 193.85 207.24 168.913 162.622 161.587 542.094 464.668 415.935 159.536 157.858 157.827 715.522 1694.62 169.274 155.847 152.05 420.171 530.302 2949.81 222.407 199.148 198.609 1440.28 1564.13 209.344 1452.98 183.427 171.899 158.053 251.015 162.994 196.952 146.156 147.907 145.585 168.414 177.458 145.026
threshold=1.0000000180025095e-35 -1.7580090165138242 0 -0.89146319031715382 1.4283878207206728 -0.52425202727317799 1 2 2.4137189388275151 3 127.50000000000001 0.49804693460464483 4 -1.1608449816703794 -0.82210367918014515 -0.78547245264053334 0.19028642028570178 2.1003625392913823 -0.17717035114765164 5 6 3.2701853513717656 -0.27023659646511072 0.63447225093841564 1.8111107349395754 -0.52886003255844105 7 0.038491683080792434 -0.98101535439491261 -0.21171189099550244 -0.13379042595624921 0.24729455262422564 8 9 -0.58523011207580555 -0.44955773651599878 10 -0.58883816003799427 -0.92392066121101368 1.6332179903984072 -0.77439677715301503 11 -0.62132942676544178 12 13 -1.0000000180025095e-35 -0.53359326720237721 14 -0.61651310324668873 0.63447225093841564 -1.6671278476715086 15 97.500000000000014 929.50000000000011 0.81279775500297557 2.7955322265625004 0.61875310540199291 1.123882591724396 1.8462030291557314 831.50000000000011 -0.72545358538627613 16 831.50000000000011
decision_type=2 2 1 2 2 2 1 1 2 1 2 2 1 2 2 2 2 2 2 1 1 2 2 2 2 2 1 2 2 2 2 2 1 1 2 2 1 2 2 2 2 1 2 1 1 2 2 1 2 2 2 1 2 2 2 2 2 2 2 2 2 1 2
left_child=1 2 59 7 5 6 -2 27 9 10 11 12 -5 -14 17 -16 34 18 -15 -20 21 22 28 -24 -13 26 -7 -3 -10 -6 31 -31 -33 -32 -17 36 37 -23 -37 -34 41 42 -27 -44 53 -45 47 48 -46 51 -51 52 -48 55 -55 56 -42 58 -8 -1 -61 -62 -28
right_child=4 3 -4 8 29 25 57 -9 20 -11 -12 24 13 14 15 16 -18 -19 19 -21 -22 35 23 -25 -26 40 62 -29 -30 30 33 32 39 -35 -36 38 -38 -39 -40 -41 44 -43 43 45 46 -47 49 -49 -50 50 -52 -53 -54 54 -56 -57 -58 -59 -60 60 61 -63 -64
leaf_value=-0.0014415703157655466 -0.00021273705561664381 -0.00017452285051184317 4.4760256192298392e-05 -0.0017870146385770725 -0.00011236754938522165 0.00071807814442179574 0.0006841669935921808 0.0013304677999009893 0.0012298068471897291 3.2135172851161745e-05 0.00055451885802203606 0.012545894753165693 0.0090196729530840798 -0.0065922665847016988 0.0092062677392949367 0.0054987833544421954 0.0115366626927688 0.0066128054532433138 -0.0061873236815191439 0.0032051377971191787 0.00010019072048285452 0.0040459028243319843 -0.0028294036494715146 -0.029989077927930589 0.0036356399329260975 0.00066082507635851486 -4.2421786169631354e-05 0.0015453780604636474 -0.0017179875353935232 -0.000974238770358579 -8.8744566675464043e-05 -0.002869720422108511 -0.010133268646761232 -0.0016317620711349052 -0.00047838386431215031 -0.0030743694833887517 -4.4662795688778084e-05 -0.025695677068562812 0.00056752009063659682 -0.020005161915922897 -0.00034778291353043715 -0.00067476925651719125 0.032604968971297353 0.005950637342960417 -0.00058428483275932766 -0.0016162679293861627 0.0062674878045918319 -0.0012760532218942134 -0.036301098693346051 -0.021759082409052402 -0.00067910504930085663 -0.00084113068653366417 0.00023737870032465691 -0.0013109643056708102 -0.009510474561271404 -0.00047329200018459322 0.00098550413969054353 -0.00052525849000180358 -0.0014577806831577742 -0.00040293013780851787 -0.011051090069770793 -0.0036890523106650444 -0.00168373674197639
leaf_weight=98822.631469726562 772217.80859375 212149.2822265625 304845.18798828125 15148.707275390625 154777.28637695312 323272.498046875 757019.24182128906 348347.001953125 20072.194091796875 1265552.7029418945 1134723.67578125 4317.5209693908691 4927.1448287963867 5835.2689838409424 6002.6894493103027 5739.9957399368286 2608.2707767486572 3205.541015625 3246.6624145507812 7937.6980361938477 1203345.2871704102 3509.5396728515625 3056.496826171875 2546.7578735351562 4628.0331726074219 163846.76794433594 235496.50341796875 67816.6083984375 104599.04211425781 7674.7464599609375 105171.18981170654 3646.1957969665527 2529.3585548400879 141378.87818145752 12917.259422659874 12305.799438476562 37957.097808837891 3382.1358642578125 171509.98629760742 3395.2276306152344 201341.48348999023 261697.56665039062 3106.538818359375 4406.2728271484375 2138.4488830566406 10774.873779296875 4427.701904296875 63201.37158203125 2275.4233093261719 3367.8788452148438 23081.576873779297 664250.63385009766 105949.46875 26011.331420898438 3854.1334228515625 587405.05572509766 197541.115234375 119169.07556152344 30166.267333984375 6734.125358581543 4511.7983703613281 8576.1786880493164 60996.5791015625
leaf_count=39567 337728 85791 116274 6954 61770 104271 353970 134322 7337 517448 419362 1258 1767 2090 2026 3051 794 912 918 2765 378929 1945 1699 906 1298 51399 75806 23526 34052 2855 44222 1220 1148 47593 4361 3837 19057 1821 52877 1249 78459 73578 1149 2003 1236 3626 1878 35214 1287 1176 7540 200898 45088 8439 990 181350 52833 51502 7040 3750 1560 2507 19676
internal_value=9.52368e-06 0.000204408 -0.000503562 0.000268645 -0.00018711 -0.000124257 0.000147189 0.000845541 0.000178903 0.000346118 0.000674174 0.0024486 0.00172096 0.0027346 0.00208226 0.004065 0.00261193 -0.000591265 -0.00194965 0.000474427 -8.61939e-05 -0.000711025 -0.00184376 -0.0151896 0.00794073 -0.000278794 0.000192724 0.000242103 -0.00124336 -0.000881892 -0.00133339 -0.0064747 -0.0108827 -0.00097364 0.0013615 -6.56885e-05 -0.0016612 -0.0105427 0.000323632 -0.0157761 -0.000404286 9.52741e-05 0.00120166 0.00604637 -0.000521919 0.000580853 -0.00087437 -0.00243569 -0.0189742 -0.000742583 -0.00336688 -0.000652956 0.000479502 -0.000220601 -0.00237052 -0.00015549 0.000312513 0.000453844 0.000602075 -0.00191221 -0.00425855 -0.00624147 -0.000380094
internal_weight=1.01365e+07 5.09088e+06 423490 4.66739e+06 5.04559e+06 4.62702e+06 1.67857e+06 628313 4.03908e+06 2.47679e+06 1.21124e+06 76514.8 67569.2 52420.5 47493.4 27268.2 21265.5 20225.2 17019.6 11184.4 1.56228e+06 358939 130274 5603.25 8945.55 2.94844e+06 619766 279966 124671 418573 263796 17245.5 9570.78 246550 18657.3 228665 44848.8 6891.68 183816 5924.59 2.32868e+06 443832 182134 18287.7 1.88485e+06 15181.1 868693 67615.2 4413.87 801077 26449.5 774628 110377 1.01615e+06 29865.5 986288 398883 906355 787186 118645 19822.1 13088 296493
internal_count=3732954 1874761 163658 1711103 1858193 1698136 750240 243639 1467464 965004 447556 28194 25638 18684 16917 10232 8206 6685 5773 3683 502460 123531 43994 2605 2556 947896 199753 109317 41389 160057 98287 6472 3617 91815 7412 79537 22823 3766 56714 2397 748143 131755 58177 6778 616388 5629 294317 37737 2523 256580 8716 247864 46966 322071 9429 312642 131292 412512 361010 47384 7817 4067 95482
cat_boundaries=0 2 4 6 8 9 10 12 14 16 18 19 21 22 24 25 26 28
cat_threshold=1159737376 116 882033436 10 1005721710 64 3628402879 110 3225485352 134481922 3779068514 64 1989680141 62 1305348107 8 1872871994 82 4096 2693988622 84 8192 907403691 10 4096 1073742336 1073741856 48
is_linear=0
shrinkage=0.03


Tree=87
num_leaves=64
num_cat=17
split_feature=3 10 1 3 19 4 5 1 0 1 5 4 1 4 1 0 2 1 0 1 19 1 0 8 1 14 4 13 8 8 1 13 8 12 10 4 12 1 12 17 10 0 4 1 14 13 1 6 0 10 1 8 0 10 0 4 6 10 8 1 1 16 10
split_gain=392.305 306.994 383.788 288.896 262.293 255.119 257.358 250.282 240.587 644.119 250.239 299.292 315.042 272.274 261.412 240.522 344.837 604.412 460.1 246.785 239.716 455.045 328.626 399.186 431.839 717.183 385.9 309.798 394.476 336.617 269.053 305.002 413.408 1602.9 282.027 279.919 269.691 266.277 258.674 258.052 251.377 303.145 250.554 476.638 323.126 243.974 231.159 229.404 353.472 846.426 258.6 224.375 381.451 401.338 264.873 222.001 218.467 216.499 415.159 210.933 206.051 204.919 208.611
threshold=-0.7261860966682433 1.9644516110420229 0 1.4770151972770693 0.95626643300056469 0.64131778478622448 -1.9655067920684812 1 97.500000000000014 2 1.7875921726226809 -0.13379042595624921 3 -0.17717035114765164 4 645.50000000000011 -1.0736950039863584 5 187.50000000000003 6 0.050372708588838584 7 172.50000000000003 -0.43887607753276819 8 0.68432936072349559 0.32278256118297582 -0.65970978140830983 4.8341884613037118 1.6825375556945803 9 -0.62160265445709217 5.1909887790679941 -0.81361308693885792 -1.3084688186645506 1.6692219376564028 -0.57888829708099354 10 -0.63114520907402027 11 -1.1444867849349973 112.50000000000001 1.6692219376564028 12 -0.13839701563119886 -0.73176127672195423 13 -0.067132420837879167 217.50000000000003 -0.82187929749488819 14 1.1849012374877932 291.50000000000006 0.040275949984788902 157.50000000000003 1.3573725223541262 -0.17855147272348401 -1.3084688186645506 2.2560166120529179 15 16 0.73209384083747875 -0.10356964543461798
decision_type=2 2 1 2 2 2 2 1 2 1 2 2 1 2 1 2 2 1 2 1 2 1 2 2 1 2 2 2 2 2 1 2 2 2 2 2 2 1 2 1 2 2 2 1 2 2 1 2 2 2 1 2 2 2 2 2 2 2 2 1 1 2 2
left_child=1 4 -3 15 60 6 -4 -6 9 -5 -10 13 -13 14 -12 16 17 18 -2 -17 37 22 23 38 25 39 -27 28 45 56 57 32 34 -34 -32 -36 -33 -18 -22 -25 -41 -42 -23 44 -44 -26 -11 48 49 -19 -51 52 53 -45 -55 61 -29 58 -24 -7 -1 62 -9
right_child=3 2 5 8 7 59 -8 55 10 46 11 12 -14 -15 -16 19 20 47 -20 -21 21 42 30 24 27 26 -28 29 -30 -31 31 36 33 -35 35 -37 -38 -39 -40 40 41 -43 43 51 -46 -47 -48 -49 -50 50 -52 -53 -54 54 -56 -57 -58 -59 -60 -61 -62 -63 -64
leaf_value=-8.6298491044653323e-05 0.012631374504330807 0.0088841509531881174 0.011609732836785153 0.015506740874327737 0.00049801663372982621 -0.009813508833594763 0.0016944822491205031 -0.0028834083641783182 -0.00085467059243851543 0.003084255222437212 -0.0074274219019183352 0.006817657862018248 -0.0029491051764747042 -0.0089089363957647882 0.0023156954329448046 6.6535711628537618e-05 0.0004243639205372915 0.020261126912176901 0.0033929370409529992 -0.00050151214562590897 0.017670329127966532 0.00017857288558259434 -0.0068112149408413288 -0.0010125930670788568 -0.0011156096709190378 -0.018218379350998914 -0.0053310225081899254 7.8829526313271706e-05 -0.013353722962312253 0.0043517958900628753 -0.0086852421131096876 -0.0012463249460269797 0.00027470161421301896 -0.031355768979645114 -0.00041072140532962404 -0.010878115922792135 0.0024465829167902345 -9.0842317525876193e-05 -8.8067865037657074e-05 -0.011968320894372974 0.00025593050916598864 -0.0066781336224346708 0.0036000256202498421 0.013742584896329728 -0.0061516398459863699 -0.011264693585863938 -0.0046912261006968265 -0.00112618403041809 0.00043883247395050406 -0.0013549267269186839 0.0058686566419388362 -0.0015522135897659503 -0.0035224103754638012 -0.0038778218638585429 0.0084179466418266326 -0.0097013614550894422 -0.0063213882820785557 0.00079287380100775712 0.0019392678474935724 0.00156721105440015 0.00068862030138993648 -0.0079906309157846411 0.00058298156237533174
leaf_weight=426760.00128173828 5963.336669921875 8222.2778930664062 2729.6218414306641 2829.4216918945312 60277.769287109375 2884.2510986328125 17035.532442092896 34659.466923117638 248415.95922851562 8285.5618438720703 4550.6559429168701 4102.7158660888672 10671.924880981445 11561.6279296875 5412.0258197784424 1177702.421875 1793899.3538208008 2781.3276824951172 25972.007446289062 1656442.7768554688 1442.3571670055389 985619.53057861328 10103.184417724609 27357.355133056641 21279.009052276611 4678.5708875656128 3788.2973680496216 23705.724948883057 3196.9743347167969 14546.182060241699 5352.8086013793945 106591.14218139648 4199.6157131195068 2190.7555027008057 29026.803802013397 2492.1589283943176 21360.567810058594 1817621.66819489 1506.6298935413361 4106.1286087036133 9398.139289855957 14314.701171875 3526.7543334960938 4114.9915657043457 22868.349731445312 2364.277660369873 5862.8880462646484 48379.251940965652 73272.0283203125 8390.2646391391754 9501.7452149391174 21703.836780548096 5145.3727569580078 3460.9580612182617 2888.1131134033203 3318.8278045654297 6013.6001777648926 134138.4150390625 9430.5104064941406 2962.3245372772217 1117440.3639526367 4432.7575759887695 28445.805362343788
leaf_count=168932 2473 3562 969 1012 28636 1036 6579 14726 102638 3352 1806 1317 3946 3638 2127 455903 610505 1021 10265 569693 886 359081 5941 12636 10664 1502 1241 9062 1565 5422 2832 40715 1942 1248 15979 1092 8341 653830 1192 2359 4988 7372 1626 1302 6527 1123 2553 13309 27498 3443 3605 7226 1866 1272 982 1205 1887 69995 3732 1272 427196 991 12392
internal_value=7.7731e-06 0.000422219 0.00325124 -7.62202e-05 0.000365077 0.00143746 0.0030664 -0.000923023 -0.000987802 0.00248099 -0.00119469 -0.00352121 -0.000233002 -0.00577771 -0.00214129 -4.23998e-05 7.69363e-05 0.00138932 0.00511815 -0.000265467 3.22978e-05 -0.000284856 -0.00106871 -0.00229694 -0.00253601 -0.00433082 -0.0124588 -0.000928634 -0.00347145 0.000613207 -0.000548153 -0.00136599 -0.00354349 -0.0105849 -0.00232185 -0.00123996 -0.00062975 0.00016507 0.00861282 -0.00308334 -0.00511697 -0.00393047 6.07105e-05 -0.00176258 -0.00484641 -0.00213266 -0.000139334 0.00055208 0.00141641 0.00488028 0.00248433 0.000420447 0.00316318 0.00645072 0.00171759 -0.00213162 -0.00121708 0.000363126 -0.00258723 -0.00406484 0.000474466 -0.00175926 -0.00132095
internal_weight=1.01427e+07 1.70917e+06 33834 8.43353e+06 1.67533e+06 25611.7 19765.2 131135 301693 16977.9 284715 36299 14774.6 21524.3 9962.68 8.13184e+06 5.29769e+06 174260 31935.3 2.83415e+06 5.12343e+06 1.51191e+06 462584 137698 134749 63643.2 8466.87 71105.8 26840.3 44265.5 324886 171214 43262.1 6390.37 36871.8 31519 127952 3.61152e+06 2948.99 55176.3 27819 23712.8 1.04933e+06 63708.4 26395.1 23643.3 14148.4 142325 93945.4 20673.3 17892 37313.3 15609.4 10464.1 6349.07 70856.9 29719.3 153672 19533.7 5846.58 1.5442e+06 67538 63105.3
internal_count=3735028 667496 13418 3067532 654078 9856 7548 57950 122389 6917 115472 12834 5263 7571 3933 2945143 1919547 61614 12738 1025596 1857933 593598 213716 61899 59821 30098 2743 29723 13352 16371 151817 72149 23093 3190 19903 17071 49056 1264335 2078 27355 14719 12360 379882 20801 8153 11787 5905 48876 35567 8069 7048 12648 5422 3556 2254 29314 10949 79668 9673 2308 596128 28109 27118
cat_boundaries=0 2 4 6 8 10 11 13 15 17 19 21 22 23 25 27 29 31
cat_threshold=256114832 14 3567400794 54 3351 36 1075325592 9 3436884010 27 3927212080 398345224 113 2794752576 21 2785017920 20 2785017920 17 2727717666 110 655376 406914183 3677712416 16 350233856 73 279547942 80 329384508 64
is_linear=0
shrinkage=0.03


Tree=88
num_leaves=64
num_cat=19
split_feature=7 3 2 19 1 18 9 19 3 0 1 9 17 1 0 1 16 9 16 2 18 1 1 9 1 1 0 14 12 1 6 11 1 0 1 16 9 16 1 1 0 14 1 0 12 16 2 18 12 14 17 1 15 2 2 6 19 9 2 1 1 0 14
split_gain=405.08 332.385 299.63 303.065 303.313 238.523 213.32 207.394 270.139 215.787 307.775 238.993 277.118 194.123 193.42 228.955 203.832 248.155 195.116 190.282 415.671 343.465 282.664 187.927 187.529 179.422 176.375 388.799 262.148 295.094 294.051 255.452 221.1 176.264 176.086 168.408 244.543 167.548 288.758 251.266 212.806 207.951 228.357 178.726 264.429 293.803 176.949 164.474 160.827 261.664 628.057 213.927 321.278 400.738 184.33 191.712 252.095 213.11 193.107 172.857 166.231 223.139 269.605
threshold=-0.31932906806468958 1.3157522082328799 -1.0736950039863584 -0.48830065131187433 0 -0.3741172850131988 -0.77439677715301503 -0.19476144760847089 -1.3307987451553343 306.50000000000006 1 -0.78547245264053334 2 3 441.50000000000006 4 0.28067632019519811 -0.42049902677536005 0.20704916119575503 -0.58239096403121937 -1.2766487598419187 5 6 -0.59720191359519947 7 8 831.50000000000011 0.51214903593063366 -0.95321357250213612 9 -0.58523011207580555 1.2220083475112917 10 142.50000000000003 11 0.22544565051794055 -0.70134109258651722 0.36108247935771948 12 13 157.50000000000003 0.68432936072349559 14 929.50000000000011 -0.76450166106224049 0.20704916119575503 -1.3179268240928648 0.67358705401420604 -0.79699981212615956 1.161976754665375 15 16 -1.8840259313583372 0.2244791463017464 0.058021802455186851 0.70420897006988536 2.3734664916992192 -0.82134631276130665 0.27834166586399084 17 18 157.50000000000003 0.90187019109725963
decision_type=2 2 2 2 1 2 2 2 2 2 1 2 1 1 2 1 2 2 2 2 2 1 1 2 1 1 2 2 2 1 2 2 1 2 1 2 2 2 1 1 2 2 1 2 2 2 2 2 2 2 1 1 2 2 2 2 2 2 2 1 1 2 2
left_child=7 5 3 34 -5 13 -6 8 19 10 11 12 -10 26 15 16 18 23 -7 20 22 -22 -1 33 -4 -16 -2 -28 30 -30 -29 -31 -32 -18 -3 36 -20 39 40 43 41 -39 -43 -9 -45 -46 -42 -36 51 -50 -51 52 53 -17 60 56 59 -57 -59 -56 61 62 -53
right_child=1 2 24 4 6 14 -8 37 9 -11 -12 -13 -14 -15 25 48 17 -19 35 -21 21 -23 -24 -25 -26 -27 27 28 29 31 32 -33 -34 -35 47 -37 -38 38 -40 -41 46 42 -44 44 45 -47 -48 -49 49 50 -52 54 -54 -55 55 57 -58 58 -60 -61 -62 -63 -64
leaf_value=0.0028406577317902793 7.8469241550433529e-05 -0.011517211584010251 0.00021859939092534533 0.0038805181467200644 -0.010864553675437134 -0.00049628234907837581 -0.0018258947360035157 0.0010294317933155881 0.013131028810841062 0.00026973699924123616 0.00053170067637985032 0.0020877334645340367 0.003409152279112052 0.00044185499619149837 -0.00075468648566263551 -0.0002448511549211005 -0.0064465338447747076 -0.0073158540534221574 0.00088627148236931051 0.0013306614431216001 0.0071844600142914779 -0.0027722995477291379 0.014322058377681015 0.00058166909750786879 -0.0013774091600151366 -0.00020114862455915771 -2.3741134848490964e-05 -0.013018083674407668 0.0010812418201924935 -0.0020533405818034061 -0.0090638560464233013 -0.008230145241445894 -0.00059820544559219333 -0.001672388968802766 -0.00160521829677691 0.00030893008100133456 0.0085433722782312059 -0.0021745689561558507 9.0111966505441549e-05 4.4613204721080442e-05 0.0039946752198482 -0.013153174520083615 -0.0029884381104486827 -0.00013377635471883815 0.0028891899257463783 0.01604989578022295 -0.0012855203467449419 -0.0091617112285158845 0.00029242671756237436 0.01342386868007369 0.0014695179494927772 0.0031308448912733479 -0.00090020723962340118 -0.016726823017000299 -0.0018544914269298665 0.0081684307868243652 -0.0081636203332805853 -0.0025537045860900207 0.0026269492544499892 -7.0483979609085618e-05 0.0002720780909100329 0.0011339094818021908 0.013215557798825229
leaf_weight=3145.8930606842041 883579.056640625 4885.7867679595947 108970.767578125 6871.787281036377 3028.4422318935394 432880.21441650391 10443.268045663834 158604.02807617188 3993.3197326660156 1301516.5725097656 179241.94482421875 67117.479431152344 7811.1815490722656 1127762.7622070312 845393.8955078125 2677.1188058853149 8685.9207229614258 7053.0921859741211 8955.268310546875 55676.755737304688 5268.5407390594482 7595.5013751983643 5065.4829158782959 26446.02783203125 169027.07373046875 1399427.57421875 161744.21240234375 4059.4600095748901 21416.268371582031 28370.942443847656 4351.2511901855469 7648.0097045898438 7646.8988466262817 34981.352172851562 6458.3634357452393 33554.1982421875 6459.4358825683594 16705.708740234375 286703.7685546875 1060466.7456054688 5994.5328979492188 3965.605224609375 4024.0447998046875 5039.8598709106445 3216.6115951538086 2905.4423522949219 119277.88665771484 4328.733585357666 713075.70966815948 4146.8079452514648 80037.261390686035 10065.049926757812 137970.37690734863 2629.1386861801147 67351.485441207886 4081.5743408203125 3983.155517578125 9864.0643503665924 18827.681804418564 178147.83047676086 186964.84979248047 49604.49169921875 3124.2061767578125
leaf_count=1253 297925 1458 37148 2849 945 184943 3789 61814 1214 463769 59122 26674 2391 442290 353539 1054 1985 1281 1879 22002 1701 2823 1462 5573 76714 461682 59406 1141 6892 7294 906 1478 1971 7926 2272 8079 1112 4578 83909 451201 1784 917 1341 1585 1758 847 34064 1530 291780 1268 20593 4179 45180 974 22065 886 1852 2600 4850 60086 56783 19635 804
internal_value=-2.87547e-07 -0.000132086 -0.00108544 -0.00365986 -0.00124383 -8.61908e-05 -0.0038582 0.000272498 0.000512408 0.000426899 0.0012192 0.00278004 0.00671612 0.000164098 -0.000217679 -5.5945e-06 -0.000522483 -0.00195393 -0.000293235 0.00224991 0.00467746 0.00131018 0.00994867 -0.00141406 -0.000751848 -0.000409615 -0.000115884 -0.000845888 -0.00265516 -0.00170749 -0.00604322 -0.00336491 -0.00367891 -0.00262265 -0.00679447 0.00150155 0.00409666 3.69724e-05 -0.000467862 0.000216165 -0.00153445 -0.00407956 -0.00805889 0.00128767 0.00495618 0.00914308 -0.0010327 -0.00463609 0.000190632 0.000479175 0.00206091 -0.000150025 -0.00117888 -0.00841938 0.000127084 -0.000398196 -0.000681581 0.00175881 0.000845734 -0.000560024 0.000720713 0.002056 0.00552376
internal_weight=1.01403e+07 6.83698e+06 314014 36016.4 20343.5 6.52297e+06 13471.7 3.30334e+06 1.63643e+06 1.55968e+06 258164 78922 11804.5 2.24658e+06 4.27639e+06 2.03157e+06 559016 77166.4 481849 76752.2 21075.4 12864 8211.38 70113.3 277998 2.24482e+06 1.11882e+06 235237 73492.8 57435.2 16057.6 36019 11998.2 43667.3 15672.9 48968.9 15414.7 1.6669e+06 436672 1.23023e+06 149968 24695.4 7989.65 169766 11161.9 6122.05 125272 10787.1 1.47255e+06 797260 84184.1 675291 143277 5306.26 532014 282256 249482 32773.3 28691.7 245499 249759 62793.7 13189.3
internal_count=3734805 2508596 126705 12843 7583 2381891 4734 1226209 582411 553170 89401 30279 3605 819303 1562588 747367 212778 16765 196013 29241 7239 4524 2715 15484 113862 815221 377013 79088 19682 15664 4018 8772 2877 9911 5260 11070 2991 643798 126593 517205 42684 6836 2258 66004 4190 2605 35848 3802 534589 313641 21861 220948 47208 2028 173740 92339 84003 8336 7450 82151 81401 24618 4983
cat_boundaries=0 2 4 5 7 9 11 13 15 17 19 20 22 24 26 27 28 30 31 33
cat_threshold=1265764441 16 3271592704 62 16916480 3240813490 74 348671048 4 9871525 83 703663745 61 571042292 70 3297803088 58 3221225520 8 32 1409810447 18 588775562 81 1141375234 24 570425472 17302528 1207996672 27 538968738 18874932 32
is_linear=0
shrinkage=0.03


Tree=89
num_leaves=64
num_cat=17
split_feature=3 10 1 3 5 13 3 1 19 10 1 10 1 8 19 16 1 1 12 12 19 1 1 19 2 1 7 10 1 1 10 1 2 12 18 1 16 10 8 15 1 5 8 5 2 1 19 19 14 11 11 1 8 12 16 18 18 2 2 10 8 14 1
split_gain=396.129 319.48 479.046 306.26 281.364 200.432 195.266 284.452 310.734 239.815 194.402 194 1145.46 394.011 430.864 503.188 381.629 281.476 189.364 263.482 187.377 259.719 184.428 174.664 242.678 171.558 159.752 161.066 237.253 213.601 150.53 469.925 222.18 229.654 150.018 249.246 148.485 136.473 178.424 197.892 162.627 163.253 136.155 164.496 154.729 135.346 132.795 131.782 198.807 834.072 1016.16 288.625 236.184 309.459 155.486 307.771 141.824 128.813 126.38 125.454 212.926 177.222 326.802
threshold=-0.89146319031715382 1.9644516110420229 0 -1.7563155889511106 0.60085752606391918 -0.10566841438412665 1.7527557015419009 1 0.32682363688945776 -1.3084688186645506 2 -2.4594172239303584 3 -0.091355957090854631 0.55204156041145336 0.24348878115415576 4 5 -0.88369300961494435 -0.79699981212615956 1.3482177257537844 6 7 2.3734664916992192 0.43170821666717535 8 -1.9914887547492979 0.1433934420347214 9 10 -0.82187929749488819 11 -0.72702601552009571 -0.7459745705127715 2.070167183876038 12 1.6058590412139895 1.2610026597976687 1.617295026779175 0.72323083877563488 13 -1.657455265522003 1.5520311594009402 -0.9160063862800597 0.028961143456399444 14 1.1229721903800967 -1.0000000180025095e-35 0.19009767472743991 -0.44955773651599878 -0.58883816003799427 15 3.8216054439544682 -0.57888829708099354 1.6058590412139895 -0.18211176991462705 -0.75943204760551442 0.46665683388710028 0.39770589768886572 0.23497132956981662 1.9408048391342165 0.51214903593063366 16
decision_type=2 2 1 2 2 2 2 1 2 2 1 2 1 2 2 2 1 1 2 2 2 1 1 2 2 1 2 2 1 1 2 1 2 2 2 1 2 2 2 2 1 2 2 2 2 1 2 2 2 2 2 1 2 2 2 2 2 2 2 2 2 2 1
left_child=1 22 -3 -4 11 -5 25 8 -8 10 -9 12 13 -2 15 -15 -16 46 -18 -20 -19 -22 23 -1 -25 59 -13 29 47 30 31 -28 33 -33 -11 -36 42 -30 40 57 41 -39 44 -44 -34 -10 -14 -29 56 50 -50 52 53 -51 -53 -56 -49 -40 -42 60 61 -6 -63
right_child=4 2 3 5 6 -7 7 9 45 34 -12 26 17 14 16 -17 18 20 19 -21 21 -23 -24 24 -26 -27 27 28 37 -31 -32 32 36 -35 35 -37 -38 38 39 -41 58 -43 43 -45 -46 -47 -48 48 49 51 -52 54 -54 -55 55 -57 -58 -59 -60 -61 -62 62 -64
leaf_value=-0.00010055464501055675 0.012166316478985728 -0.00037852005570198835 0.013666537933747662 0.0015092741235126547 0.00050253690901450249 0.011105581938885542 -0.0013854332560130022 -0.014623265647153929 0.011047507216948943 -0.0015238776763873861 -0.0036709652905212112 0.00089767040448620597 -0.0068874004855521767 -0.00091239376368944258 -0.0074645424418343471 0.010281506071908829 -0.0047730870274877756 -0.0020938311184950428 0.010129689537347037 0.00029219094727124626 0.00011022272113000566 -0.01017684145093117 0.00065795240065750354 -0.00035635870468386771 -0.012839393488958632 -0.00045384576269183994 -0.0025328515882663471 -0.0002119931841125153 5.6434970742071933e-05 0.0003258579286640875 -3.0226105451356317e-06 -0.0015917332017417582 0.0017629760426705636 0.0096967614241511672 0.00022149942902768011 -0.010506665481620284 -0.0069805599672534144 0.0099231245026583474 0.0026223959490900102 0.010020028932493569 -0.0019790579597706881 0.0013037214132930477 0.0029770900638323625 -6.3042885192668132e-05 -0.0019768053728770637 0.0024614193609904865 -0.014686148264864423 0.0013062504019150884 -0.0017259013522265064 -0.0015486190015807722 -0.031424976590815841 -0.00037786749889433957 -0.0096064428943916213 -0.0094903814885493754 -0.0095091394427276564 7.0280795572961877e-05 -0.00062368453064402178 -0.0027630686887344146 0.0023075267107661277 -0.00040952737082846757 -0.00017010409890924537 0.0088050544656334342 0.0016358626078093041
leaf_weight=292515.78289794922 3355.3341979980469 13313.462707519531 4844.16552734375 6568.5967130661011 177540.41958618164 2787.4332551956177 14147.551788330078 2694.1278533935547 3091.9414672851562 39036.104110717773 3219.4929046630859 203007.0556640625 6290.3606567382812 6401.1674842834473 6285.7489013671875 8293.8301391601562 3582.206093788147 26136.906555175781 3413.0611701011658 8655.6875967979431 3253.1321258544922 6907.4608917236328 896321.41387939453 3512.7390117645264 2327.5310077667236 1679984.3689880371 89976.20654296875 758203.4111328125 917983.36328125 2458715.6219277382 1077243.0781860352 2579.6716616153717 13381.175077438354 4358.315826177597 3353.0399017333984 4655.7020568847656 2687.7604370117188 2206.4263610839844 38986.772303104401 3009.3884663581848 29712.389060974121 18732.641571044922 24658.4482421875 45696.240892410278 38867.05632019043 3579.3211669921875 2866.9264526367188 41715.913818359375 2359.1335868835449 31623.643630027771 1845.7589302062988 137186.45819091797 4998.2843246459961 5128.1378412246704 5130.1623611450195 7322.9167404174805 191876.28466796875 4449.7099275588989 7814.2445755004883 327699.8427734375 330781.13696289062 6309.8731079101562 60361.258972167969
leaf_count=108919 1372 5000 1948 3111 98027 873 5134 869 1039 15432 1333 79712 3234 2142 1922 1803 1281 11825 1067 3157 1891 3150 362090 1526 1040 557677 43958 220462 397108 817682 449624 1117 7085 1797 1128 1742 493 1122 14911 814 14056 10606 8624 16464 19648 1246 1780 14821 1514 7895 907 40073 1325 1535 1044 1429 72125 1717 4348 136529 120131 2009 17896
internal_value=1.00366e-05 0.000516521 0.00371236 0.00754153 -5.94123e-05 0.0043727 -0.000318092 -0.00183984 0.00113103 -0.00300738 -0.00869966 5.04142e-05 -0.00136926 0.00233395 0.00143244 0.00540677 -0.00123052 -0.0046264 0.00127872 0.00307729 -0.00343753 -0.00689469 0.000442905 -0.000203157 -0.00533797 -0.000274618 7.00702e-05 4.192e-05 -0.000161295 0.000161437 -0.00014967 -0.000860602 0.000277519 0.00550137 -0.00229164 -0.00603058 -1.19381e-05 0.000173581 0.00119858 0.00258655 9.58361e-05 0.00221307 0.00014111 0.00100262 -0.00101894 0.00646636 -0.0093255 -0.000449776 -0.000869849 -0.00157545 -0.0147843 -0.00128486 -0.00349 -0.00265791 -0.000669249 -0.00387828 -0.000279008 0.00207044 -0.00108598 5.89439e-05 0.000325937 0.000997808 0.00231654
internal_weight=1.01355e+07 1.22219e+06 27513.7 14200.2 8.91335e+06 9356.03 2.65645e+06 73777.3 20818.8 52958.5 5913.62 6.2569e+06 85441.8 39987 36631.7 14695 21936.7 45454.8 15651 12068.7 36297.5 10160.6 1.19468e+06 298356 5840.27 2.58268e+06 6.17146e+06 5.96845e+06 2.21029e+06 3.75816e+06 1.29945e+06 222205 132229 6937.99 47044.8 8008.74 125291 1.02289e+06 104912 46445.9 58465.7 20939.1 122603 70354.7 52248.2 6671.26 9157.29 1.18739e+06 429187 195594 4204.89 191390 41750.1 36751.8 149640 12453.1 233592 43436.5 37526.6 902693 574993 244212 66671.1
internal_count=3733339 484507 10932 5932 3248832 3984 960192 27923 7419 20504 2202 2288640 34624 12744 11372 3945 7427 21880 5505 4224 16866 5041 473575 111485 2566 932269 2254016 2174304 807812 1366492 548810 99186 55228 2914 18302 2870 52314 444682 47574 17442 30132 11728 51821 25088 26733 2285 5014 363130 142668 55722 2421 53301 10755 9430 42546 2473 86946 16628 18404 374592 238063 117932 19905
cat_boundaries=0 2 4 6 8 9 11 13 15 17 19 21 23 25 26 28 30 31
cat_threshold=3490798051 112 1141902321 5 2167009282 64 55126957 66 37757216 1141899264 24 144736320 37 864157756 64 2738192680 51 1099513635 105 3781739216 19 3758129216 18 151171076 88 3187949720 67109040 1 16843009 65 34603016
is_linear=0
shrinkage=0.03


Tree=90
num_leaves=64
num_cat=12
split_feature=7 19 3 10 4 17 4 17 17 16 8 17 4 4 4 4 15 9 10 11 17 17 17 12 17 9 15 11 16 11 12 4 4 18 4 18 10 17 12 8 12 18 17 12 17 14 11 10 18 18 4 13 13 17 14 18 7 9 10 9 12 4 10
split_gain=352.023 260.765 267.78 237.539 259.777 398.463 348.542 695.138 403.008 236.193 239.408 431.138 403.892 411.386 696.729 1968.51 4686.82 322.722 467.118 333.579 421.299 317.568 305.949 318.487 304.095 273.527 253.172 329.513 318.341 225.762 335.162 223.345 206.264 234.44 201.829 264.029 200.956 349.278 199.315 305.517 255.957 229.087 244.215 198.968 283.023 564.305 5986.43 193.496 370.662 193.28 276.571 254.2 292.867 191.856 210.1 191.462 190.761 189.594 188.25 192.843 186.745 186.579 184.515
threshold=0.46132624149322515 0.024229395203292373 -1.3307987451553343 1.9644516110420229 -0.21171189099550244 0 -0.13379042595624921 1 2 0.0088765094988048094 2.7955322265625004 3 1.5712455511093142 0.92175588011741649 0.55193653702735912 0.60955399274826061 -1.2882952094078062 -0.60693171620368946 -1.8547923564910886 -0.91875886917114247 4 5 6 -1.1824049949645994 7 -0.74141478538513172 -0.64477264881134022 0.61875310540199291 0.4248367846012116 0.048583501949906356 -0.78893500566482533 -1.6296737790107725 0.32278256118297582 1.5087535977363589 1.7814109921455386 0.042660484090447433 0.96084678173065197 8 -0.77205970883369435 0.97941589355468761 -0.90526095032691944 0.28855094313621527 9 -0.7236138880252837 10 -0.17343234270811078 0.61875310540199291 -0.67963284254074086 -0.75943204760551442 -1.5001991391181944 -0.84932526946067799 0.20940569788217547 -0.40935480594635004 11 0.62470096349716198 -0.47680154442787165 2.6421749591827397 -0.76263108849525441 -2.4594172239303584 -1.059655427932739 -1.0883173942565916 -1.9714598059654234 -0.67963284254074086
decision_type=2 2 2 2 2 1 2 1 1 2 2 1 2 2 2 2 2 2 2 2 1 1 1 2 1 2 2 2 2 2 2 2 2 2 2 2 2 1 2 2 2 2 1 2 1 2 2 2 2 2 2 2 2 1 2 2 2 2 2 2 2 2 2
left_child=1 2 36 56 5 -5 7 -6 -8 -3 17 31 13 14 22 16 -16 18 19 -11 49 29 23 -13 34 -22 -20 28 -28 30 -14 -12 -25 -34 61 -36 -1 -38 39 40 -29 42 -41 53 45 46 -45 48 -17 -21 -51 52 -52 54 -4 -56 -2 -46 -47 -60 -57 -19 -24
right_child=3 9 43 4 6 -7 8 -9 -10 10 11 12 21 -15 15 47 -18 24 26 20 25 -23 62 32 -26 -27 27 38 -30 -31 -32 -33 33 -35 35 -37 37 -39 -40 41 -42 -43 -44 44 57 58 -48 -49 -50 50 51 -53 -54 -55 55 60 -58 -59 59 -61 -62 -63 -64
leaf_value=0.0010244039237434818 -0.00029237624450190034 0.00024769502259767263 0.00045887971649801563 0.012650512694951294 -0.017266725326052529 0.0022193638049045161 0.0087490073255055822 0.0041103690641173659 -0.00012626697671879253 -0.012778599968308777 -0.0034919063652901171 -0.0071595642133424394 -0.0059934108551305413 0.00091299478994662957 -0.042176705551122094 -0.014666572747539077 0.0027665655043976811 -0.0034737861146156793 0.00052864326276659622 -0.0063332981647628963 -0.0037092732262065209 0.0026265940448870519 -0.0067318934070767751 -0.00025320303834023905 -0.0001284601647201174 -0.013807203673221214 -0.0011258460654422443 0.00059677900186626493 -0.0045421783703581149 -0.0036839854173103446 -0.017889055200643458 0.0008645979201337932 0.0055425572040781147 -0.0034086034371342 -0.0093297207448305858 0.0022178049376603078 0.010914316387394651 0.00087383353281809278 0.0013706753549273985 -0.0019832883651155811 -0.0076340105794285565 -0.0017268455809711207 0.0033689975072164883 -0.00014488787162347065 -0.0010288316237756603 0.0079265090290431411 0.039354483784478735 -0.0017900430246528213 -0.0025231793256230719 0.0055410890755168704 -0.0032567719881013125 -0.0062827282945503767 0.0083653359467215221 -3.7909052481162441e-05 0.0060286349239302159 -0.0034575158637477157 -0.0014828052763610922 0.0002631047703138824 0.0054581109951120166 0.00062599039138355999 0.0027482038961596737 0.0019015315313266263 -0.0019674630554920129
leaf_weight=202668.28686523438 2339210.5546875 822233.43359375 213250.11071777344 3815.1725273132324 2860.9065980911255 23769.783004760742 5207.2095642089844 2607.887598991394 38938.970394134521 3375.926383972168 11482.433441162109 5680.7697448730469 6814.8270797729492 72992.943420410156 3824.1525955200195 3204.149299621582 4592.0929183959961 6029.2656860351562 178373.34722900391 4798.3658599853516 5406.5446395874023 4226.7679710388184 8946.4491577148438 163467.05318498611 269532.25970458984 4364.6201305389404 87591.174163818359 5205.7989501953125 34104.228240966797 12734.434972763062 3103.0025691986084 135751.83265686035 11281.895172119141 3431.0447998046875 3496.3004570007324 3625.9797554016113 5165.3398132324219 7855.4651184082031 59293.057297945023 11275.333984375 9795.9753324985504 36857.083114624023 23952.057838916779 27376.748413085938 112644.65087890625 3238.4869384765625 3946.72900390625 66675.729873657227 7676.5541763305664 6389.1325120925903 4604.5255045890808 6623.0130529403687 3379.2351975440979 2903156.0531005859 11914.286468505859 5520.8875122070312 127762.90625 1105414.6308704019 7514.1777801513672 650083.23970031738 20761.024017333984 157883.15606689453 40080.552268505096
leaf_count=79387 868479 399647 92956 1372 1179 9466 1976 985 14087 1941 3873 1405 2297 23404 1698 977 1271 2503 86678 1360 2093 1280 2143 54197 98961 1740 30450 981 8136 3376 908 47372 3744 1095 1058 1071 1783 3026 12804 2290 2311 7424 4836 11048 47910 994 1201 22230 2598 2067 2023 1578 1074 933502 2680 1416 50832 474351 2325 213887 4544 56675 10674
internal_value=2.66657e-06 0.00010498 0.000221352 -0.00030275 0.00133586 0.00366948 3.81721e-05 -0.00710229 0.000923431 -0.000160562 -0.000385561 -0.000871649 -0.00136261 -0.00111858 -0.00158366 -0.00389163 -0.0176676 -8.84502e-05 -0.000622029 -0.00377296 -0.00291646 -0.00491979 -0.000731582 -0.000169969 0.000499415 -0.0082162 -0.00034715 -0.000929891 -0.00208339 -0.00632653 -0.00972235 0.000524702 5.30602e-05 0.00345471 0.00148877 -0.0034534 0.00125658 0.00486859 2.91368e-05 -0.000884282 -0.00477858 -7.35496e-05 0.00165623 0.000177265 0.000418901 0.000903313 0.00483748 -0.00239566 -0.00610426 -0.000904117 0.00033744 -0.0019398 0.0016646 3.0946e-05 0.000825888 0.00287479 -0.000354031 0.000143623 0.000716813 0.000681247 0.00144419 0.00170371 -0.0028369
internal_weight=1.01388e+07 7.59467e+06 5.28051e+06 2.54417e+06 77199.9 27585 49615 5468.79 44146.2 2.31416e+06 1.49192e+06 565967 418732 391853 318860 85972.7 8416.25 925956 485389 38941.4 35565.4 26879 232888 183861 440567 9771.16 446448 268075 121695 22652.3 9917.83 147234 178180 14712.9 171035 7122.28 215689 13020.8 146379 87086.2 15001.8 72084.5 35227.4 5.06482e+06 1.91022e+06 692159 31323.5 77556.4 10880.7 25794.3 20995.9 14606.8 7983.76 3.1546e+06 251446 38196.2 2.46697e+06 1.21806e+06 660836 657597 26281.9 163912 49027
internal_count=3733629 2785253 1871010 948376 29065 10838 18227 2164 16063 914243 514596 184542 133297 125436 102032 28774 2969 330054 169786 13876 11935 7861 73258 60441 160268 3833 155910 69232 38586 6581 3205 51245 59036 4839 61307 2129 84196 4809 30646 17842 3292 14550 7126 1786814 751716 229455 12249 25805 3575 8102 6742 4675 3097 1035098 101596 8640 919311 522261 217206 216212 5960 59178 12817
cat_boundaries=0 1 2 3 4 5 6 7 8 9 10 11 12
cat_threshold=4852225 7009105 2129929 41959699 8819091 17436800 19404928 16883200 43141927 42205184 53780770 133376
is_linear=0
shrinkage=0.03


Tree=91
num_leaves=64
num_cat=17
split_feature=7 5 3 1 3 2 1 10 0 1 0 1 10 1 6 14 8 4 1 15 8 1 0 6 10 1 4 1 18 0 1 1 9 4 4 14 9 6 1 4 0 10 1 11 10 1 6 11 2 1 8 14 1 8 4 9 18 4 0 2 1 11 2
split_gain=354.01 263.912 232.529 224.028 210.241 226.39 308.11 268.23 214.013 487.889 252.523 256.889 224.163 444.733 227.767 208.26 202.574 256.542 260.061 248.786 275.591 231.413 226.449 201.125 198.505 407.821 190.387 186.257 180.35 204.097 218.801 192.075 177.906 177.539 175.822 285.074 1111.84 269.191 246.732 239.786 186.744 244.7 326.158 176.207 175.614 466.119 174.465 370.093 173.576 224.789 174.313 404.519 172.976 171.753 172.269 173.561 165.741 253.501 215.294 165.648 164.874 159.64 161.246
threshold=-0.16436788439750669 1.5125752091407778 1.4770151972770693 0 -1.4934133291244505 0.11539004743099214 1 1.0887004733085635 929.50000000000011 2 789.50000000000011 3 -1.1444867849349973 4 -1.4732853174209593 0.22598183900117877 2.2560166120529179 -1.0242686867713926 5 1.791857182979584 0.26972286403179174 6 336.50000000000006 0.81279775500297557 1.5109481215476992 7 -2.1839371919631954 8 -0.58347153663635243 396.50000000000006 9 10 -0.70976075530052174 -1.1608449816703794 0.17685678601264956 -0.17343234270811078 -0.78547245264053334 -1.0000000180025095e-35 11 -1.3140000104904173 217.50000000000003 -0.46934723854064936 12 -0.33870449662208552 -1.8547923564910886 13 -0.37335526943206782 1.3072298765182497 0.36596243083477026 14 0.97941589355468761 0.15688692033290866 15 -0.25356876850128168 1.6692219376564028 -0.22357788681983945 0.54063013195991527 -0.092088464647531496 202.50000000000003 -0.13914056867361066 16 1.3072298765182497 0.028961143456399444
decision_type=2 2 2 1 2 2 1 2 2 1 2 1 2 1 2 2 2 2 1 2 2 1 2 2 2 1 2 1 2 2 1 1 2 2 2 2 2 2 1 2 2 2 1 2 2 1 2 2 2 1 2 2 1 2 2 2 2 2 2 2 1 2 2
left_child=4 24 -3 -4 5 6 7 -1 10 23 12 -12 13 16 15 -15 17 -6 -19 20 22 -18 -20 -10 28 53 -11 -7 60 30 -30 -31 -22 -8 38 36 -36 43 39 40 41 42 -32 -37 45 -13 47 -28 49 50 51 -16 -47 -26 55 -55 -41 -58 -59 -34 -2 62 -40
right_child=1 2 3 -5 8 27 33 -9 9 26 11 44 -14 14 48 -17 21 18 19 -21 32 -23 -24 -25 25 -27 46 -29 29 31 34 -33 59 -35 35 37 -38 -39 61 56 -42 -43 -44 -45 -46 52 -48 -49 -50 -51 -52 -53 -54 54 -56 -57 57 58 -60 -61 -62 -63 -64
leaf_value=0.0034988030678630311 0.00048882165517081199 -0.0006221606716128005 -0.0006950630859491342 -0.0052051261621548521 -0.0020594096995414706 -0.0019505263830220004 -0.0031528730321003957 0.011037261204969354 -6.5064468755051348e-05 -0.0034855619166488604 0.00042560457793951043 -0.015761591848513074 0.00031484999900226304 -0.0026976210538043523 0.001419826582990367 -0.010627478652479785 -0.0056469084279990502 0.0074267190256389823 0.010539592584183159 0.0082020968734298882 0.0021570152457206899 0.0001192618765233504 0.0016065026022232946 -0.0058250296237369889 -0.0042460916042042158 -0.00035439756607973187 0.0030802685114421579 0.0012986059479935586 -0.00038314981381957428 -0.00082131015990269071 0.01254996506629623 -0.00022450092449219331 0.0026726037059431763 0.0018372060890064429 0.019981825651504227 9.2252131387042343e-05 0.00043793327467617747 -0.00044125989485025487 0.001262856036455384 -0.00030730639883944192 -0.00075948965217058145 0.0007759024224343364 0.0013679212243651725 0.0017455101845302949 -0.00072167476596547524 0.0034601091153138989 0.0016796462819514779 0.010315050528857544 -0.0023826922646535925 -0.0017624066331030351 9.7363873987369018e-05 0.015396082169470573 -0.0040487884596637604 0.0030275911265176766 0.0085067831992989944 -0.0036803786495188096 -0.001370604252481503 -0.0081688720365702284 -0.001980201277783292 -0.0034679450901085687 -0.0001349694063689295 0.0027563359486422923 -0.0003657650700734916
leaf_weight=29792.731201171875 716191.93078613281 441894.380859375 19260.076263427734 20439.382720947266 13384.261383056641 24340.516235351562 8684.8720397949219 4951.80224609375 73983.440185546875 4220.26513671875 218550.14282226562 2515.2791137695312 2917645.1547851562 8562.3235006332397 7247.3771953582764 4571.600754737854 7447.031005859375 8390.3049554824829 4468.2873787879944 4890.587158203125 17726.148447036743 39022.137329101562 5957.3087768554688 5885.323974609375 3033.9595336914062 90732.665771484375 35262.904489994049 45609.930786132812 656680.20730090141 706073.22155761719 4221.0162353515625 1552482.7818603516 5278.0097250938416 24527.538116455078 3379.8376770019531 86521.551207542419 11591.600311279297 136534.05339813232 97711.934373378754 76642.966186523438 39691.38232421875 27841.509826660156 5291.7639770507812 176135.61878299713 413884.32763671875 4042.3788604736328 42706.633517742157 7762.3433399200439 68702.100021362305 37754.718154907227 19348.773782730103 2504.6222152709961 8638.8200531005859 55992.611404895782 4818.6261978149414 3696.7601389884949 73802.290771484375 10400.799774169922 9854.4847717285156 15717.206799507141 815608.951171875 27955.188720703125 124319.3161149025
leaf_count=11503 290229 158087 6585 7884 4631 10653 3634 1902 24245 1716 81950 968 1072101 6812 3168 1723 2220 2343 1891 772 6058 11997 2426 1470 2487 33904 19061 17724 240198 294699 1140 531947 2167 9207 1685 42425 6431 43378 42561 25803 13307 9466 1982 52189 150731 1419 14158 1927 28333 15636 6287 1097 3680 21218 1707 1669 25856 3349 3245 6393 272170 9411 58018
internal_value=1.04001e-06 -0.000146268 -0.000819764 -0.00301893 0.000214282 0.00136595 0.00259909 0.0045733 0.000174635 0.00121679 0.0001285 -0.000411575 0.000238193 -0.000587183 -0.00168925 -0.00546081 0.000753001 0.00170899 0.00251702 0.00175239 0.00111017 -0.000806507 0.00543834 -0.000489778 -8.74783e-05 0.000959587 0.00273175 0.00016786 -0.000118404 -0.000228508 3.43762e-05 -0.000411082 -5.57243e-05 0.000531888 0.000335049 0.000791713 0.00485521 0.000639255 -4.49384e-05 -0.000715867 0.000673301 0.00219563 0.00634823 0.00120092 -0.000837979 -0.00400486 0.00303831 0.00438657 -0.00132377 -0.000235502 0.00174544 0.00501542 -0.00165392 0.00272428 0.00305283 0.00261187 -0.00134291 -0.00218671 -0.00515923 -0.001924 0.000156686 0.000619983 0.000350974
internal_weight=1.01428e+07 5.9988e+06 481594 39699.5 4.14398e+06 137907 67956.9 34744.5 4.00607e+06 169821 3.83625e+06 647631 3.18862e+06 270973 148692 13133.9 122281 75812.1 62427.9 54037.5 49147 46469.2 10425.6 79868.8 5.51721e+06 158275 89952.1 69950.4 5.35893e+06 3.82713e+06 1.56858e+06 2.25856e+06 38721.4 33212.4 911895 414163 14971.4 399191 497733 247746 77045.7 37354.3 9512.78 262657 429081 15196.5 85731.9 43025.2 135558 66855.5 29100.8 9752 12681.2 67542 64508 59689.4 170701 94057.6 20255.3 20995.2 1.5318e+06 249986 222031
internal_count=3735033 2203030 172556 14469 1532003 54623 26246 13405 1477380 62577 1414803 238748 1176055 103954 63056 8535 40898 26681 22050 19707 18935 14217 4317 25715 2030474 60985 36862 28377 1969489 1407090 580444 826646 14618 12841 340246 146108 8116 137992 194138 84148 25895 12588 3122 94614 156798 6067 35146 20988 54521 26188 10552 4265 5099 27081 24594 22887 58253 32450 6594 8560 562399 109990 100579
cat_boundaries=0 2 4 6 8 10 11 13 15 17 19 21 23 24 26 28 30 32
cat_threshold=1213276081 11 3706630283 1 1778852759 65 79430809 36 290003851 105 69633 4718848 96 2924364446 35 937576507 16 485233867 1 3239074580 56 537004324 116 2084 3221237760 1 3263209476 4 134217990 74 1992314077 53
is_linear=0
shrinkage=0.03


Tree=92
num_leaves=64
num_cat=10
split_feature=5 2 0 18 17 17 3 0 9 0 17 6 12 12 11 17 6 0 17 6 4 4 2 4 2 17 4 4 17 17 12 16 18 4 9 4 17 8 2 12 4 15 8 12 12 13 6 8 17 9 4 8 13 0 15 9 11 0 0 16 9 6 18
split_gain=351.408 474.528 570.388 428.962 378.573 317.835 302.293 264.478 224.48 207.646 452.608 496.86 365.592 280.154 338.222 313.517 302.182 272.495 712.696 502.309 401.31 278.715 401.176 623.102 271.478 259.823 258.335 419.597 280.009 272.151 272.07 322.45 242.463 307.385 300.837 265.982 242.413 241.674 358.175 345.04 219.249 255.666 216.919 210.007 281.592 335.181 207.199 202.066 196.191 232.708 196.115 232.173 197.62 251.199 200.928 193.773 190.389 190.267 186.145 209.054 262.261 555.169 244.771
threshold=-2.2323027849197383 -0.72702601552009571 172.50000000000003 -1.5001991391181944 0 1 0.29078897833824163 901.50000000000011 -0.22357788681983945 127.50000000000001 2 0.37988303601741796 -1.0362799763679502 -0.64261594414710987 -0.40970848500728602 3 -0.75956422090530384 157.50000000000003 4 -0.72545358538627613 -1.0242686867713926 -0.84932526946067799 0.36596243083477026 -1.3140000104904173 0.43170821666717535 5 0.98860594630241405 0.76794844865798961 6 7 -0.9414076805114745 0.81742417812347423 -0.22825516015291211 1.007509380578995 -0.63794851303100575 -0.94474059343338002 8 2.2560166120529179 1.0600784420967104 -0.82960343360900868 1.3573725223541262 -0.20340865105390546 2.5948152542114262 -0.82210367918014515 -0.54749682545661915 1.3114820718765261 -0.40271238982677454 1.2464484572410586 9 -0.51752331852912892 -1.7580090165138242 0.87087279558181774 0.20940569788217547 887.50000000000011 -1.3321349024772642 -0.45161879062652582 1.3072298765182497 702.50000000000011 645.50000000000011 0.36108247935771948 -0.27023659646511072 0.47605699300765997 0.042660484090447433
decision_type=2 2 2 2 1 1 2 2 2 2 1 2 2 2 2 1 2 2 1 2 2 2 2 2 2 1 2 2 1 1 2 2 2 2 2 2 1 2 2 2 2 2 2 2 2 2 2 2 1 2 2 2 2 2 2 2 2 2 2 2 2 2 2
left_child=1 2 -1 4 -4 7 8 -3 9 10 11 13 25 14 16 -15 -2 18 21 20 24 22 -11 -24 -20 -12 27 28 30 -28 -14 43 -13 34 -34 -36 -29 38 -22 -39 42 -42 -31 -32 45 47 -30 -45 -16 -50 -10 52 53 56 -55 -51 -52 -6 -19 62 -61 -62 -60
right_child=6 5 3 -5 57 -7 -8 -9 50 17 12 32 26 15 48 -17 -18 58 19 -21 37 -23 23 -25 -26 -27 29 36 46 40 31 -33 33 -35 35 -37 -38 39 -40 -41 41 -43 -44 44 -46 -47 -48 -49 49 55 51 -53 -54 54 -56 -57 -58 -59 59 60 61 -63 -64
leaf_value=0.014380108365132267 0.0025156736869054916 -0.00030573460365874479 0.015676868616918346 0.00043240213104143798 0.0099664674826651645 0.0017945110007629088 -0.00024532180701354367 -0.00583272335397827 -0.00084781108274344368 0.00038008793161025892 0.0039154870497482 -0.0047278335683508359 0.0056173492630593276 0.0021457364296766919 0.0084732128961825821 0.0085865668701082636 -0.0039996616543268824 0.00018431308704383367 -0.008262636299503235 -0.0013684414409125113 -0.00095263154253111845 0.0012796125483345063 -0.0010678843433784343 -0.016945075962182737 -0.020970015004319154 -0.0048898294255026627 0.0012074418088501725 0.00062940800052733146 -0.0028994931804442337 -0.0038578292565052911 -0.002458239648418088 0.0084734022574287724 -0.0063329360429694604 0.0058590277402516596 0.0059613676336438175 -0.0015474616299091684 0.0084881227273189055 -0.016928683525555901 -0.012091909262849533 -0.0022563826605461555 -0.0048353710141696808 0.0048441512186165533 -0.013135074234411046 0.0054356292975383811 -0.0047377503101038278 0.010397018221888984 0.00069305164674351636 -0.00052733718759499434 0.0015735197290335941 0.010571029526748392 0.0014063885426111135 0.00059997456547992165 0.0097030547590752966 0.002260362160910957 -0.0078814501137145204 0.0035633498370391727 0.0046458661491146393 0.0012440160353935142 0.000308327213295152 -0.0005397447845596425 -0.0017112173442188235 -0.014807067491177946 -0.00046583232696051374
leaf_weight=4400.8021812438965 12714.565536499023 45856.243545532227 3486.1970386505127 22749.080030441284 3402.8594305515289 70446.445297241211 3484016.1452636719 9382.3704833984375 65927.0908203125 18476.767845153809 3510.2116165161133 10595.730331420898 12211.821632385254 12678.710205078125 6004.0953063964844 14727.001556396484 12904.135581970215 3266439.6150512695 4186.2687110900879 47053.766845703125 15356.522460103035 84132.272888183594 5721.4225273132324 3635.6339683532715 2375.5324974060059 21069.320732116699 13421.280242919922 5651.4506378173828 31773.426574707031 5551.7240905761719 19280.320556640625 4415.8651580810547 7081.7072710990906 7432.1532287597656 6283.3035106658936 13066.465033054352 9454.3320693969727 2993.1078414916992 3122.1558493375778 2783.519757270813 6853.332160949707 3821.1256942749023 3837.6955184936523 7356.9013614654541 5514.6994724273682 4282.222900390625 26492.194805145264 16752.185859680176 41143.937674045563 5220.5692138671875 43798.552607953548 395902.01843261719 3172.551025390625 3198.5586109161377 3894.2411127090454 11112.484010219574 26034.614883422852 6633.9082429409027 943588.53564453125 565512.9560546875 16370.334381103516 3539.6197204589844 602121.57739257812
leaf_count=1467 7676 13953 1066 7918 1150 28753 1312150 2824 27766 5967 1570 3056 3756 6639 2092 5767 6457 1174298 2099 15565 8861 26991 2029 1280 1440 6005 4896 1964 13295 1937 6341 1105 2087 1938 1708 3695 3128 1034 1879 1157 2493 1031 1048 3722 2328 704 9470 5503 13014 1784 25164 157087 1686 1663 1889 3883 9591 2235 371197 152007 5080 766 237079
internal_value=2.90696e-06 0.00137034 0.0041867 0.00294814 0.00717854 0.000458815 -1.98978e-05 -0.00124472 0.000101087 4.78442e-05 0.00074392 0.0019296 -0.000204528 0.00295932 0.00214322 0.00561169 -0.00076624 2.71902e-06 -0.0011144 -0.0033182 -0.00629561 0.000418658 -0.00218333 -0.00724264 -0.0128755 -0.00363219 0.000272429 0.000827201 0.000269383 -0.00209959 0.00155066 0.00068837 -0.000768354 0.000471059 -0.00104478 0.000891734 0.0055552 -0.00451326 -0.00283748 -0.00986677 -0.00430996 -0.00136976 -0.00765465 4.12721e-05 0.00146275 0.00266775 -0.0012659 0.00129302 0.00331734 0.0027761 0.000685619 0.000898008 0.00237097 0.00206797 -0.00330954 0.00580578 0.00261435 0.00420058 4.20099e-05 -0.000176102 -0.000658907 -0.00404255 6.75774e-06
internal_weight=1.01419e+07 166358 40672.8 36272 13523 125685 9.97557e+06 55238.6 6.49155e+06 5.94962e+06 362215 160965 201250 116505 89099.8 27405.7 25618.7 5.58741e+06 189837 77870.9 30817.1 111966 27833.8 9357.06 6561.8 24579.5 176671 143185 128080 33485.2 69814 57602.2 44459.4 33863.6 26431.5 19349.8 15105.8 24255.3 18478.7 5776.63 20063.9 10674.5 9389.42 53186.3 33906 28391.3 58265.6 24109.1 63481.1 57477 541928 476001 80098.5 76926 7092.8 16333.1 69833.2 10036.8 5.39757e+06 2.13113e+06 585423 19910 1.54571e+06
internal_count=3735183 59366 13836 12369 4451 45530 3675817 16777 2363667 2138821 130092 59796 70296 47312 34906 12406 14133 2008729 68302 32035 16470 36267 9276 3309 3539 7575 62721 51316 46224 11405 23459 19703 12484 9428 7490 5403 5092 12931 10740 2191 6509 3524 2985 18598 12257 9929 22765 9225 20773 18681 224846 197080 39993 38307 3552 5667 34755 3385 1940427 766129 157853 5846 608276
cat_boundaries=0 1 2 3 4 5 6 7 8 9 10
cat_threshold=5406777 32540307 340521 327688 59816497 16780548 1215826 19939522 1366 520
is_linear=0
shrinkage=0.03


Tree=93
num_leaves=64
num_cat=15
split_feature=5 2 10 1 1 3 0 19 1 0 2 8 10 0 17 2 1 0 0 2 1 1 10 1 10 8 1 15 8 11 19 0 1 9 6 1 15 6 10 19 9 10 0 1 10 1 10 14 4 16 19 4 15 19 16 1 0 1 0 4 19 14 6
split_gain=340.794 419.581 403.448 339.252 303.648 271.973 262.089 359.387 245.397 244.619 232.729 212.315 225.203 231.397 223.694 206.961 205.268 182.951 177.595 476.599 467.827 268.763 213.644 454.349 256.179 263.957 343.014 414.444 3746.73 354.64 679.31 317.603 446.378 513.581 383.249 265.748 337.549 2832.96 352.174 265.227 421.925 408.762 260.769 258.409 434.384 236.408 212.198 208.583 212.889 240.361 208.599 208.023 244.972 207.475 283.208 205.87 216.257 205.382 198.246 194.082 190.482 225.685 282.355
threshold=-1.1899090409278867 0.058021802455186851 1.9644516110420229 0 1 0.88042959570884716 261.50000000000006 1.6960514783859255 2 901.50000000000011 -1.8440827727317808 0.51680317521095287 -1.0178364515304563 859.50000000000011 3 -1.8440827727317808 4 775.50000000000011 775.50000000000011 -1.3179268240928648 5 6 1.5109481215476992 7 0.16448456048965457 2.3285217285156254 8 1.3119027614593508 1.6825375556945803 1.9528558254241946 0.24361466616392138 202.50000000000003 9 -0.91590857505798329 0.34187455475330358 10 -1.8840259313583372 0.42983785271644598 -1.1444867849349973 0.82401347160339367 -0.58094999194145192 -0.91050890088081349 202.50000000000003 11 -2.4594172239303584 12 1.0887004733085635 1.161976754665375 0.78444683551788341 0.49804693460464483 0.050372708588838584 -1.6296737790107725 -1.4190838932991026 0.55204156041145336 0.33465480804443365 13 127.50000000000001 14 674.50000000000011 1.7814109921455386 -0.072572529315948472 0.42714126408100134 -0.5549393594264983
decision_type=2 2 2 1 1 2 2 2 1 2 2 2 2 2 1 2 1 2 2 2 1 1 2 1 2 2 1 2 2 2 2 2 1 2 2 1 2 2 2 2 2 2 2 1 2 1 2 2 2 2 2 2 2 2 2 1 2 1 2 2 2 2 2
left_child=1 2 8 17 6 18 7 -3 -1 -10 -5 12 13 14 -8 -7 -11 -4 22 20 46 59 24 57 25 26 27 29 -29 31 -31 32 33 -2 39 36 37 -27 51 -35 -41 -42 45 44 -33 47 -20 48 49 53 -51 -38 -53 -26 55 -55 -57 -24 -59 60 -21 -62 -63
right_child=5 4 3 10 -6 15 11 -9 9 16 -12 -13 -14 -15 -16 -17 -18 -19 19 21 -22 -23 23 -25 42 35 -28 28 -30 30 -32 43 -34 34 -36 -37 38 -39 -40 40 41 -43 -44 -45 -46 -47 -48 -49 -50 50 -52 52 -54 54 -56 56 -58 58 -60 -61 61 62 -64
leaf_value=0.0017908195352816791 0.014758816580870172 -0.0017991006843579526 0.0035418530693518118 0.014044292494386155 0.00042527286760921687 -0.0028864615149369588 -0.010266138534485316 -0.01128879401080498 0.00074686067336372818 0.001876038111542082 0.005398821627732516 8.3406448573539703e-05 -0.0011411682964980554 -0.013421075901779404 0.0025845371474646161 -0.00045219021964213694 -0.0023345743935418227 -0.0057422007013467275 -0.0036611233817050613 -0.0002561873543325698 -0.00045506238218997357 -0.00051916878932913187 0.0097919275880259532 -0.00039391549999898243 0.00015119254358627771 -0.00037908247388640672 8.0440888515389202e-05 -0.00011298441109102323 0.02754859502728552 0.0016731422360356056 0.014757734270946614 -0.010866450182789492 0.00071607433097712291 0.0035668047707796838 -0.0018212564387666448 0.00012350061580646473 0.0032622796971564279 -0.03690356669169171 -0.00033048946978961357 0.0017214559755955562 0.026606239903715839 0.0063364165200161309 -8.0904401422593567e-05 0.00069405185075105294 -0.00038826088412228702 -0.00158429598852509 -0.0089016111193316889 0.0048214725136761514 -0.0020873843883175121 0.00014681186367679249 -0.0071246941820730537 0.0027309216920775037 -0.0054883415702795734 -0.0027688367494128657 0.013115174173089125 0.008820279086937893 0.0014118387422172684 0.0019180091114096695 0.0067336770661056951 0.0030601124899839291 0.0011586801009741427 -2.2304246807870858e-05 -0.0098959163761700338
leaf_weight=177401.50889587402 3838.9551086425781 72746.798828125 4790.5211029052734 3690.697265625 538577.0888671875 32413.015625 2100.7922706604004 3773.54931640625 373546.66841125488 13603.439086914062 11651.718902587891 220396.11260986328 28547.801635742188 2997.2590026855469 2868.517391204834 1035264.681640625 44400.772277832031 3170.1135101318359 19205.746337890625 313349.99270629883 34895.834838867188 875983.16302490234 3886.42333984375 70763.3544921875 66782.249796867371 16049.320373535156 1410290.0418395996 29266.105285644531 5183.2247924804688 16048.31721496582 4588.6300506591797 3623.060791015625 98088.889404296875 28076.517606019974 10065.561462402344 1133591.4556274414 3560.1132507324219 2164.6203002929688 418845.12829589844 2872.2403092384338 1914.4753036499023 1685.8486819267273 1634652.55078125 527283.74211120605 192026.10473632812 221824.853515625 10908.452026367188 7502.964111328125 42761.27272605896 7744.8018674850464 6551.1951904296875 3748.0391302108765 25104.293480873108 5334.4997568130493 2434.0693969726562 5520.7742719650269 9905.2568664550781 48851.823425292969 9128.8323364257812 22452.500732421875 197058.20404815674 8561.5671691894531 3742.7197799682617
leaf_count=65886 1413 26488 1756 1321 197334 11312 1094 1759 127849 5991 4290 79100 14460 1373 1344 415283 14171 1074 5961 120132 14056 300981 1074 30684 25166 9391 542422 8799 1804 4544 1367 1707 37964 13195 2972 372351 1217 866 125650 1493 1068 1094 601355 204164 83887 82327 3261 2219 14852 2377 2110 1462 7407 3117 857 2255 3717 17848 3529 8817 84752 3134 1013
internal_value=-5.28052e-06 0.00041143 0.000999837 0.00487338 -1.52029e-05 -7.78705e-05 -0.000726672 -0.00226779 0.000851568 0.000465393 0.00747756 -0.000267647 -0.00238628 -0.00684458 -0.00286843 -0.000526104 -0.00134708 -0.000156365 -1.4632e-05 -0.000308619 -0.00282038 -0.00019371 5.72101e-05 0.00124804 3.06598e-05 0.000171345 0.000374861 0.000823946 0.00405235 0.000698987 0.00458537 0.000606718 0.0018802 0.00423551 0.00332941 -0.000125076 -0.000725275 -0.00472874 -0.00056365 0.00483006 0.0103028 0.0171369 -0.000244826 0.000348564 -0.000582541 -0.000956774 -0.00555873 -5.58913e-05 -0.000304936 0.000426093 -0.00318671 -0.00357612 -0.00442034 0.00100026 0.00344435 0.00230761 0.00406259 0.00312553 0.00267627 0.000329249 0.000211926 0.000912534 -0.00302846
internal_weight=1.01397e+07 1.50426e+06 632255 23303.1 872008 8.6354e+06 333431 76520.3 608952 431551 15342.4 256910 36514.4 7966.57 4969.31 1.06768e+06 58004.2 7960.63 7.56772e+06 1.48616e+06 65010 1.42115e+06 6.08156e+06 132630 5.94893e+06 3.93791e+06 2.33485e+06 924562 34449.3 890112 20636.9 869475 146542 48453.6 44614.6 1.60306e+06 469472 18213.9 451258 34549.1 6472.56 3600.32 2.01101e+06 722933 195649 376362 30114.2 154537 147034 104273 14296 32412.4 28852.3 89976.9 23194.6 20760.5 15426 61867.1 57980.7 545165 522712 209362 12304.3
internal_count=3733716 545290 222338 8441 322952 3188426 125618 28247 213897 148011 5611 97371 18271 3811 2438 426595 20162 2830 2761831 542107 23278 518829 2219724 53135 2166589 1426237 907893 365471 10603 354868 5911 348957 59199 21235 19822 518344 145993 10257 135736 16850 3655 2162 740352 289758 85594 138997 9222 56670 54451 39599 4487 10086 8869 35112 9946 9089 5972 22451 21377 217848 209031 88899 4147
cat_boundaries=0 2 4 5 6 8 10 12 14 16 18 20 22 24 26 27
cat_threshold=1895835467 72 2772971636 19 73191544 49680 2157971456 46 1627992038 11 367529048 116 3477996471 10 1091646255 63 1090519559 10 1365283897 116 16777734 4 3392096786 42 35668482 8 134217856
is_linear=0
shrinkage=0.03


Tree=94
num_leaves=64
num_cat=21
split_feature=7 5 19 2 1 4 18 2 1 1 4 4 1 17 19 1 1 15 8 1 18 19 18 1 2 1 4 1 18 2 2 1 1 1 16 16 11 4 8 4 4 17 4 1 19 15 4 4 17 19 11 13 11 8 1 18 2 2 4 5 1 1 1
split_gain=343.655 227.386 254.907 309.102 234.316 214.897 199.422 369.296 319.741 314.768 267.005 325.157 367.042 264.655 176.85 182.549 174.388 220.02 1368.02 160.937 160.883 159.232 146.631 165.291 145.604 227.958 148.171 142.34 157.353 177.294 140.509 164.536 157.489 140.392 154.688 370.803 4471.15 145.911 164.714 139.078 1012.75 3920.17 161.322 193.573 173.198 195.948 157.249 230.368 318.594 227.548 158.581 155.008 138.206 137.26 136.499 121.475 125.922 119.208 149.853 182.108 170.312 159.318 119.779
threshold=-0.026433005928993222 1.5125752091407778 -0.70776975154876698 -1.0736950039863584 0 1.028927803039551 -2.0249447822570796 -0.92766210436820973 1 2 0.92175588011741649 1.0704205036163332 3 4 -0.19476144760847089 5 6 1.3119027614593508 1.6825375556945803 7 0.24729455262422564 -0.5465446114540099 -0.58347153663635243 8 -1.8440827727317808 9 0.17685678601264956 10 1.2086064815521242 0.81044286489486705 -0.084403350949287401 11 12 13 -0.16602052003145215 -0.15828139334917066 0.61875310540199291 -0.31081864237785334 0.65554237365722667 0.60955399274826061 0.55193653702735912 14 -0.092088464647531496 15 0.1394067928195 -0.69968736171722401 0.063367111608386054 0.17685678601264956 16 0.82401347160339367 -0.74005985260009755 -0.40935480594635004 1.9528558254241946 2.1003625392913823 17 0.87604054808616649 0.028961143456399444 0.058021802455186851 0.92175588011741649 -1.7908884882926939 18 19 20
decision_type=2 2 2 2 1 2 2 2 1 1 2 2 1 1 2 1 1 2 2 1 2 2 2 1 2 1 2 1 2 2 2 1 1 1 2 2 2 2 2 2 2 1 2 1 2 2 2 2 1 2 2 2 2 2 1 2 2 2 2 2 1 1 1
left_child=6 22 3 4 -3 30 7 9 -9 -1 -10 13 -13 -12 16 24 17 -8 -19 -11 -6 -21 23 -2 25 26 -16 -7 -29 -30 31 -4 -32 37 -35 36 -36 38 52 40 42 -42 43 44 -39 53 -44 48 50 -50 -48 -52 -24 -46 -41 56 -45 58 59 60 -18 -60 -59
right_child=1 2 5 -5 20 27 14 8 10 19 11 12 -14 -15 15 -17 57 18 -20 21 -22 -23 33 -25 -26 -27 -28 28 29 -31 32 -33 -34 34 35 -37 -38 39 -40 54 41 -43 46 55 45 -47 47 -49 49 -51 51 -53 -54 -55 -56 -57 -58 62 61 -61 -62 -63 -64
leaf_value=0.013422563012395371 -0.0001850296767999734 -0.014024717748743268 0.0013346443653048279 -0.0012201909574532982 -0.00018322852833346307 -0.00079740798543026417 0.00063825866869377597 0.0021858535483167815 -0.0016989298035013985 -0.002615974233666927 0.012442781993508886 0.005823976227961155 -0.0035194007961929104 0.0012431637091114068 0.0011580180113442407 0.00017275792955426982 0.00491236068685041 -2.8389449183165752e-05 0.019372659496984086 0.0093079909698389213 -0.0087221204914095397 0.001614520215164628 -0.0010584273792304303 0.00047782361174203338 -0.00041883163495275345 -0.00097829510942130634 0.009451470038238886 -0.0026106526350990027 -0.0038662261625158831 -0.013652155114594224 0.00060424195181099931 -0.00055116955976728418 -0.0013989060760979954 -0.0010459527939970081 -0.00081651239164820815 -3.4737159767137247e-05 0.042844720884641307 -0.0021369603040250042 0.0002592504266779621 -0.00093120744234187751 -0.03722730547232108 -0.0024384519444698425 0.001203538224392365 -0.0028317965206569344 -0.0082713921454691201 -0.011860373023481703 -0.0041714044187203337 0.00022546741677542808 -0.0029098570544680235 -0.011342262000283479 0.0011315170471459639 0.0092202005325743904 0.0059995280000030727 0.00062391534652583847 0.0001012467417289466 0.0017919711640238527 0.00011696868908101875 -0.00046642217634907377 0.0010931442830530097 0.00057969227390328344 0.00079487572777763884 -0.00059431920521923359 0.00020082493802561909
leaf_weight=3505.541748046875 666185.6396484375 3355.7033923864365 72888.42236328125 20675.735717773438 3872.1202045679092 22952.878723144531 631378.6884765625 71829.090900421143 56385.693200588226 3136.0916748046875 4036.5083160400391 5772.9206848144531 10914.442744255066 3595.747962474823 3285.2626643180847 1378262.2614746094 17463.300720214844 16669.657011985779 4064.5841989517212 4526.1479663848877 4072.0764274597168 5205.0569896697998 140752.14379882812 688463.73828125 926584.9833984375 8609.6660766601562 4731.073212146759 18246.11802482605 4011.9329071044922 2851.8695831298828 46337.680084228516 97085.695770263672 148537.50508308411 133429.71435546875 19596.126693725586 1849487.8840500116 2360.7297515869141 31470.966644287109 382532.64477539062 210539.2646484375 3314.1854248046875 23488.953247070312 52749.35205078125 25259.717491149902 2811.4381017684937 3951.0241632461548 4129.4763793945312 99321.568359375 41150.508148193359 3092.85009765625 13342.316986083984 2533.299560546875 2537.14013671875 3501.6003875732422 254606.31005859375 14512.377166748047 26921.404365539551 382621.3125 68349.86865234375 503959.65972900391 18763.458312988281 191125.41937255859 659371.98388671875
leaf_count=1054 212117 1057 27460 6939 1289 7839 226312 28309 19068 1235 891 1946 3754 1336 1172 527838 5694 4961 1328 1385 1346 1695 72176 286273 362011 3250 1584 6809 1455 1044 20642 33267 50498 63668 8439 619612 942 11205 148737 73011 1714 8720 21240 10694 1784 1102 2454 41092 14958 1092 5268 1071 741 1297 107120 5962 12026 173124 26625 175959 6739 57359 203039
internal_value=-8.93928e-07 -0.000172834 -0.000821086 -0.00340139 -0.0073901 -0.00062123 0.000176661 0.00118985 0.00073018 0.00547076 -0.00056565 0.00206147 -0.000284943 0.00718855 0.00014112 -4.73152e-05 0.000316535 0.000738124 0.0037786 0.00328703 -0.00455714 0.00519049 -0.000111498 0.00015185 -0.000368893 0.0024133 0.00604794 -0.00250677 -0.00406688 -0.0079392 -0.000372811 0.000257568 -0.000922632 -0.000218072 -5.90846e-05 1.12791e-05 0.00388649 -0.000455493 -6.57184e-05 -0.000706449 -0.00115676 -0.006761 -0.000694121 -0.00163853 -0.0032405 -0.00662455 -0.000220718 -0.000680046 -0.00207979 -0.00349975 0.00106192 0.00242474 -0.000933251 -0.00334092 -0.000366097 -0.000635305 -0.0013106 0.000167248 0.000442766 0.000727392 0.00278171 -0.000149783 -4.41927e-05
internal_weight=1.01311e+07 5.14693e+06 444888 31975.6 11299.9 412912 4.98415e+06 168907 152534 16372.8 80705.3 24319.6 16687.4 7632.26 4.81524e+06 2.32147e+06 2.49377e+06 652113 20734.2 12867.3 7944.2 9731.2 4.70204e+06 1.35465e+06 943211 16626 8016.34 48062.8 25109.9 6863.8 364849 169974 194875 3.34739e+06 2.00487e+06 1.87144e+06 21956.9 1.34252e+06 525822 816697 351551 26803.1 324748 108429 41735 10264.1 216319 163570 64248.5 44243.4 20005.1 15875.6 143289 6313.04 465146 66693.5 52181.1 1.84166e+06 799662 540186 36226.8 259475 1.04199e+06
internal_count=3731828 1894160 159645 10631 3692 149014 1837668 60673 55304 5369 26995 7927 5700 2227 1776995 895855 881140 232601 6289 4315 2635 3080 1734515 498390 368017 6006 2756 17147 9308 2499 131867 60727 71140 1236125 692661 628993 9381 543464 221654 321810 141679 10434 131245 44070 15388 4183 87175 65935 24843 16050 8793 6339 72917 3081 180131 28682 22720 648539 272376 188392 12433 83984 376163
cat_boundaries=0 2 4 5 7 8 10 12 14 16 18 20 22 24 26 27 29 30 32 34 36 37
cat_threshold=2248196259 4 1160974043 54 2148708400 139235328 8 706050 3145892514 21 402954752 28 746914433 33 154120994 74 2852290560 4 1210445490 67 1770060600 41 643829960 33 3569901120 57 16781312 2147490304 17 4198504 273158720 8 3858784436 66 2219966568 1 1701970044
is_linear=0
shrinkage=0.03


Tree=95
num_leaves=64
num_cat=13
split_feature=7 0 2 18 1 1 14 12 12 18 2 1 0 18 14 1 4 6 14 0 8 14 0 1 4 1 4 12 5 19 19 2 9 6 1 4 4 18 1 0 8 9 19 4 4 8 4 1 6 6 9 2 12 11 14 4 1 1 2 18 1 1 8
split_gain=292.167 275.015 404.909 596.108 589.755 301.754 266.242 438.221 410.401 226.6 368.051 371.818 282.764 408.485 238.398 283.372 369.378 225.86 611.22 482.165 430.085 309.417 222.893 714.696 573.022 433.171 307.501 280.59 248.946 343.795 218.956 215.148 213.245 451.314 318.749 212.407 312.272 599.807 378.024 279.423 212.143 211.249 207.853 435.324 266.327 1160.43 217.642 205.784 404.702 407.932 274.636 280.422 227.606 264.679 330.582 232.223 317.005 203.282 252.933 244.153 199.069 198.37 298.471
threshold=-1.0342245697975156 775.50000000000011 -0.92766210436820973 -2.3239542245864864 0 1 0.7580358386039735 -0.98102644085884083 -0.78893500566482533 -0.42421029508113856 -1.3179268240928648 2 396.50000000000006 -1.6429651975631712 1.0290583372116091 3 -1.0000000180025095e-35 0.47605699300765997 0.7580358386039735 845.50000000000011 3.2701853513717656 1.161976754665375 112.50000000000001 4 1.6692219376564028 5 -2.7422921657562251 -0.99703246355056752 1.6332179903984072 -0.89056834578514088 -0.75026962161064137 1.5504533648490908 -0.77439677715301503 -2.105982661247253 6 -0.17717035114765164 -0.13379042595624921 -0.63981905579566944 7 187.50000000000003 3.5268174409866337 -0.81076189875602711 0.95626643300056469 0.64131778478622448 0.98860594630241405 1.7568544149398806 1.123882591724396 8 0.18170946091413501 0.078283395618200316 -0.58094999194145192 0.14304283261299136 -0.71312513947486866 1.4778682589530947 0.7580358386039735 -1.4085317850112913 9 10 -1.8440827727317808 2.070167183876038 11 12 5.1909887790679941
decision_type=2 2 2 2 1 1 2 2 2 2 2 1 2 2 2 1 2 2 2 2 2 2 2 1 2 1 2 2 2 2 2 2 2 2 1 2 2 2 1 2 2 2 2 2 2 2 2 1 2 2 2 2 2 2 2 2 1 1 2 2 1 1 2
left_child=35 9 3 -3 40 -4 30 -8 -9 10 11 -2 -13 -14 22 16 -16 -7 42 -20 21 -21 23 27 26 -26 -25 -11 61 -30 -6 57 34 -34 41 -1 37 38 -37 -39 -5 -29 44 -44 -19 -46 -47 48 49 50 -28 -52 53 54 60 56 -54 -31 59 -59 -49 62 -24
right_child=1 2 5 4 6 17 7 8 -10 14 -12 12 13 -15 15 -17 -18 18 19 20 -22 -23 28 24 25 -27 47 32 29 31 -32 -33 33 -35 -36 36 -38 39 -40 -41 -42 -43 43 -45 45 46 -48 52 -50 -51 51 -53 55 -55 -56 -57 -58 58 -60 -61 -62 -63 -64
leaf_value=-3.9451892602628874e-05 0.0092018038658398232 0.0078067581999567009 0.00064214284427581317 -5.1985845928266384e-05 -0.0085733513656437964 -0.00026867358313388182 -0.015013571465517869 0.0034290985872718919 -0.0077983412243639817 -0.0043806483312754689 0.0002316169833743237 -0.0017478290030523101 0.014101265517335532 0.0015893377411720518 0.010129459878789189 0.00037902790286681212 0.0015716660719657118 -0.0011146843589021425 -0.00034910805882681483 -0.018014538922239698 -0.0031966879417940604 -0.007211714498240018 -0.00041899997515342462 0.010177625998477711 0.0030854585110449504 -0.011412674321000722 0.0074108824611644778 -0.0067192365124670132 -0.0082310043640968829 0.00021438086368450639 -0.0023555719225534584 -0.0046990814423254739 0.011011260355241441 -0.0018825879117549194 0.0039920959929677568 0.0016333033150308187 0.00065988519160105395 0.007952400476860513 0.012127943939372171 -0.0028950365178057515 0.0070829307635405549 0.0031302031547275028 -0.0007441245853817706 -0.011817665114107555 0.018096235610649544 0.0025279247139520056 -0.0019022276975219547 -0.0023004300282654941 -0.0019348109213681236 0.017268279242263259 0.007563937963594029 -0.0031240171949823777 0.0044699485073654592 0.0084581392506878818 0.0065474773232392048 0.0036565947357879054 -0.0059711132955854477 -0.0030448909436689561 -0.0012620384372528457 -0.013831236683453379 0.00073782210029908096 -2.8445415131245693e-05 -0.0037217421391517987
leaf_weight=473571.91796875 7739.3460922241211 5653.83740234375 282975.2841796875 50288.80269241333 5394.5498046875 1154723.7415771484 4319.6743774414062 4428.7665214538574 8640.7210340499878 21064.090576171875 2056299.7158203125 11495.892441272736 3151.3485107421875 9180.3416666984558 6047.375 453235.56591796875 18167.64892578125 126667.00372076035 10092.50244140625 4970.7238354682922 7407.0790820121765 4606.2374877929688 1157320.8804931641 4071.1513671875 2905.560546875 5101.13134765625 13038.892683029175 5303.2548599243164 6119.97412109375 95562.193843841553 91311.688000679016 13315.935358047485 2529.0861206054688 68149.687744140625 17984.974975585938 4807.4592018127441 633268.265625 2695.9021074771881 8704.0817222595215 10236.060874700546 4047.7921981811523 3103.0949325561523 10599.543516635895 4569.2538466453552 3523.7218194007874 18603.941207885742 21519.47509765625 30377.123954176903 7871.4513549804688 2531.5196838378906 3445.8016128540039 6136.4073314666748 4775.2219467163086 3584.2816886901855 6729.7073593139648 50767.628814578056 5755.5451431274414 5548.45703125 82895.554880142212 2861.462890625 53694.365924835205 2908507.8518066406 25156.586547851562
leaf_count=187240 2939 1893 137387 20878 1711 406299 958 1097 2629 6668 754499 3812 987 3028 1221 115710 3268 39286 2370 1258 1773 981 535021 1491 1208 1829 6685 2328 2023 35027 31475 5385 1380 27350 5623 1858 233473 985 3148 3995 1445 1113 3294 1294 866 5878 6276 9766 3196 917 2140 3779 2058 886 1567 20573 2246 2133 30477 1085 18778 1005197 10926
internal_value=-8.66927e-06 -6.57965e-05 -0.000394717 -0.00177077 -0.00209248 -0.000249553 -0.00331734 -0.00673486 -0.00399392 1.77605e-05 0.000280973 0.00349549 0.00163596 0.00479117 -9.01291e-05 0.000548037 0.00370898 -0.000434103 -0.00133279 -0.00554287 -0.00862817 -0.0128252 -0.000156135 0.000609075 0.00169835 -0.00616318 0.0020251 -0.00124233 -0.000212925 -0.00122972 -0.00270284 -0.00101547 -0.000561262 -0.00142046 0.0017396 0.000445302 0.000793279 0.00398705 0.00840608 -0.000631492 0.000480043 -0.00308008 -0.00071807 -0.00408257 -0.000418304 0.00160254 0.000151951 0.00184896 0.00399964 0.00585842 0.00457801 0.000721356 0.00139229 0.000467918 0.000152064 0.00281567 -0.00123812 -0.000752866 -0.00176499 -0.00672097 -0.000360231 -0.000161648 -0.000489275
internal_weight=1.01392e+07 9.00587e+06 1.82434e+06 174086 168432 1.65026e+06 114095 17389.2 13069.5 7.18153e+06 2.08787e+06 31566.9 23827.6 12331.7 5.09366e+06 477451 24215 1.36728e+06 212559 27076.5 16984 9576.96 4.61621e+06 318920 200786 8006.69 192779 118134 4.29729e+06 206304 96706.2 200184 97070.1 70678.8 26391.3 1.13328e+06 659712 26443.5 13511.5 12932 54336.6 8406.35 185483 15168.8 170314 43647.1 40123.4 188708 33024.1 25152.6 22621.1 9582.21 155684 94385.5 90801.2 61298.4 10530.8 186868 91305.5 8409.92 84071.5 4.09099e+06 1.18248e+06
internal_count=3734066 3303367 669048 62086 60193 606962 37870 4684 3726 2634319 765265 10766 7827 4015 1869054 120199 4489 469575 63276 6382 4012 2239 1748855 121581 77119 3037 74082 44462 1627274 76130 33186 74107 37794 28730 9064 430699 243459 9986 5006 4980 22323 3441 56894 4588 52306 13020 12154 72591 16717 13521 12604 5919 55874 30997 30111 24877 4304 68722 33695 3218 28544 1551144 545947
cat_boundaries=0 2 4 6 7 9 11 12 14 16 18 20 22 24
cat_threshold=418435088 69 111150152 36 3222635269 50 33554464 794431560 65 279037954 32 605552704 617026713 48 3221242372 32 279219248 4 1870404380 65 2130081 28 1357913668 48
is_linear=0
shrinkage=0.03


Tree=96
num_leaves=64
num_cat=16
split_feature=7 3 2 19 1 1 4 4 18 2 1 1 5 18 1 12 19 18 1 1 19 1 1 1 12 17 18 8 4 14 8 16 16 6 8 19 17 6 16 18 2 8 17 12 6 5 1 18 12 19 11 18 8 8 18 1 11 11 18 4 1 4 6
split_gain=296.842 300.78 231.888 345.638 251.307 236.056 208.692 308.755 479.828 451.169 376.192 339.169 219.166 378.947 254.141 219.069 197.249 193.244 215.585 187.642 192.293 174.052 169.203 161.112 160.534 492.74 147.145 144.852 517.12 141.315 279.886 256.877 228.327 1055.31 3275.79 307.177 445.236 174.008 232.419 187.087 233.17 170.628 170.381 168.019 165.335 158.691 150.906 180.442 176.781 272.767 168.235 184.87 385.543 159.674 147.599 141.123 2079.06 4713.16 140.516 305.719 260.082 164.391 137.567
threshold=-0.72022336721420277 1.0976481437683108 -1.3179268240928648 -0.41764044761657709 0 1 -0.21171189099550244 0.65452042222023021 -1.2766487598419187 -0.64912247657775868 2 3 -1.3486290574073789 2.4210708141326909 4 -0.49577291309833521 1.1229721903800967 -0.58347153663635243 5 6 0.7162228822708131 7 8 9 -0.60971888899803151 10 0.67358705401420604 6.9799380302429208 0.72527927160263073 1.0290583372116091 1.8111107349395754 0.59267461299896251 0.81742417812347423 0.63447225093841564 3.1563035249710087 0.82401347160339367 11 -1.6703305840492246 1.172494173049927 0.58375281095504772 0.30607146024703985 0.87087279558181774 12 -1.0883173942565916 -1.124759793281555 -0.9160063862800597 13 1.6490134596824648 -0.98102644085884083 0.050372708588838584 1.0617897510528567 1.3959189653396609 2.4924867153167729 1.5520311594009402 0.4555495977401734 14 -0.53359326720237721 -0.58883816003799427 -2.0249447822570796 0.92175588011741649 15 1.0704205036163332 -0.37335526943206782
decision_type=2 2 2 2 1 1 2 2 2 2 1 1 2 2 1 2 2 2 1 1 2 1 1 1 2 1 2 2 2 2 2 2 2 2 2 2 1 2 2 2 2 2 1 2 2 2 1 2 2 2 2 2 2 2 2 1 2 2 2 2 1 2 2
left_child=6 17 3 5 -5 -3 23 8 9 10 -8 15 13 22 24 -11 -13 18 -2 58 -21 -4 -10 -1 -14 -26 -22 -23 -29 32 31 -31 45 35 -35 41 -37 -33 -39 62 -41 42 -34 -32 -38 -19 47 -43 49 54 51 53 -53 -50 -48 56 57 -47 59 -9 -61 -62 -40
right_child=1 2 21 4 -6 -7 7 19 12 11 -12 16 14 -15 -16 -17 -18 29 -20 20 26 27 -24 -25 25 -27 -28 28 -30 30 43 37 33 34 -36 36 44 38 39 40 -42 46 -44 -45 -46 55 48 -49 50 -51 -52 52 -54 -55 -56 -57 -58 -59 -60 60 61 -63 -64
leaf_value=-0.00050304395942602138 -9.0908626236801555e-05 -0.00160752436447791 0.00010909951642130967 0.0049610649323629805 -0.0022265599156737963 -0.0083900528539592283 0.013904272444139831 -0.0048017106676549138 0.0033426187280870333 0.004163485090354844 0.0039516512026741817 0.0012805408435726017 0.00094235523029807973 0.012205796237572366 -0.00011639802513505751 0.013075495774163802 -0.006624534768144918 0.00031665088454633746 0.00051240456728049639 -0.00018828812395637465 -0.0048403287304912435 -0.00082365082646660001 0.0006206002501168038 0.00037913958718437509 0.015952178393644201 0.0022981649428041131 4.0969106796110801e-05 -0.0011178210745025872 -0.014256543036371023 0.0094012029846086489 -0.0030955125255149253 -0.0033548037784726023 -8.3335701804246025e-05 -0.03299167643114722 -2.1124188000134689e-05 0.0020185407124294007 -0.013246402338592193 0.00036578235126214366 -0.0014928801412010793 0.004035087479382542 0.012400920740708905 0.00048302162532064616 0.0071705680509566768 0.000192331883190398 -0.0052186540047220635 0.0013530190775585716 0.00025241448259639759 0.0074899556352851764 -0.0049168494102788361 -0.0097174348751028396 -0.0015444990362916771 0.010552558313925398 -0.0018295275978380378 0.00037812284461519278 -0.0042233345525376003 -0.00016958799545910584 0.00065231012605494981 -0.056891470789399025 0.00049676511564593177 0.0096611739940404787 0.0073518625151206413 -0.0015903163833776246 0.0047649255919984968
leaf_weight=351807.8193359375 1043171.423828125 7534.9020957946777 221223.84768676758 5940.0109510421753 16517.622563362122 11999.157749176025 6079.1346740722656 3432.8870775699615 34978.04487991333 14528.695686340332 7859.5250549316406 33439.758449554443 87671.857055664062 3229.865478515625 234486.80792236328 2991.7093467712402 3099.5713195800781 650378.90441894531 1090076.9228515625 247498.9462890625 14856.633636474609 345732.19205474854 49849.998821258545 396046.7255859375 2590.4472351074219 27533.173919677734 8878.1481018066406 14139.875577926636 3326.514368057251 4145.0023193359375 14450.43505859375 5591.1947021484375 6447.0600280761719 3752.1590576171875 9750.5355224609375 5500.296012878418 4107.7186813354492 29763.356811523438 6471.0096740722656 9856.7583255767822 4309.8119869232178 42090.975067138672 5309.070906162262 433287.89404296875 5290.5309104919434 3551.683837890625 14547.915069580078 3584.8780517578125 5562.0672845840454 4567.5326843261719 69363.11949634552 4634.2384333610535 4416.549286365509 64637.060004711151 12179.961471557617 4105017.431248188 36869.187286376953 1924.5893249511719 258748.36865234375 6399.0601146221161 2854.7793715000153 5237.6982409954071 6173.7646179199219
leaf_count=148614 335410 2824 90001 2817 5490 3751 1878 1221 12194 6361 2731 11406 28043 1128 91662 1270 1452 243509 439516 85850 5816 140116 18383 143275 1218 12023 3318 5919 1042 840 3271 1151 2660 1258 2366 1821 1092 8602 1598 2549 1116 13923 2019 107647 1587 2017 3349 1231 1351 1072 20960 1125 1087 14894 2826 1559963 19755 1137 94362 1864 1127 2293 2007
internal_value=-1.31666e-06 -7.68186e-05 -0.000709015 -0.00286222 -0.000323545 -0.00578002 0.000347596 0.000619095 0.0011516 0.00349699 0.00830857 0.00225573 0.000789378 0.00212801 0.000454743 0.00568531 0.000608985 -2.54593e-05 0.000217383 0.000125044 -0.000435664 -0.000554281 0.0017436 -3.58619e-05 0.0015915 0.00348084 -0.00301482 -0.000958318 -0.00362348 -0.00011834 0.000355591 0.0021745 -0.000166454 -0.00102243 -0.00919188 -0.000584931 -0.00476272 0.00169193 0.00219094 0.00421661 0.00658365 -0.000322585 0.00320021 8.61857e-05 -0.00872326 -0.000119042 -0.000506239 0.0010335 -0.000897178 -0.00294632 -0.000465639 0.000478667 0.00451275 -4.17325e-05 -0.0017876 -0.000187366 -0.00191007 -0.0191497 0.000674719 0.00324309 0.00514982 0.00156487 0.00156315
internal_weight=1.01413e+07 8.3372e+06 626414 41991.7 22457.6 19534.1 1.8041e+06 1.05625e+06 508339 67998.4 13938.7 54059.7 440340 88057.9 352282 17520.4 36539.3 7.71078e+06 2.13325e+06 547907 271234 584422 84828 747855 117795 30123.6 23734.8 363199 17466.4 5.57753e+06 514049 66310.9 5.06348e+06 265742 13502.7 252239 14898.5 62165.9 56574.7 26811.3 14166.6 237340 11756.1 447738 9398.25 4.79774e+06 225584 45675.9 179908 31295.4 148613 79249.9 9050.79 70199.1 26727.9 4.14736e+06 42345.5 5476.27 276673 17924.4 14491.5 8092.48 12644.8
internal_count=3734158 3056669 251960 14882 8307 6575 677489 385600 189749 25098 4609 20489 164651 31705 132946 7631 12858 2804709 774926 195851 94984 237078 30577 291889 41284 13241 9134 147077 6961 2029783 128781 17863 1901002 74621 3624 70997 4500 17023 15872 7270 3665 66497 4679 110918 2679 1826381 61818 15154 46664 7247 39417 18457 2212 16245 6175 1582872 22909 3154 100867 6505 5284 3420 3605
cat_boundaries=0 2 4 6 8 10 12 14 16 18 20 21 22 23 24 25 26
cat_threshold=1800405081 50 2829176448 105 3590383650 70 337742675 50 38559753 31 3375014818 74 3446601757 8 1621699964 38 1172263 123 927131732 85 8196 27279376 18878464 3221234304 512 151687169
is_linear=0
shrinkage=0.03


Tree=97
num_leaves=64
num_cat=10
split_feature=7 0 14 18 4 17 10 17 14 4 0 19 8 0 10 8 10 0 14 12 8 4 18 10 0 17 4 12 12 15 6 8 8 11 17 17 6 13 19 0 6 14 10 10 17 8 17 17 14 6 4 17 4 13 12 14 6 15 10 10 17 4 11
split_gain=308.471 309.454 344.831 261.232 229.959 411.896 392.322 583.066 373.415 271.716 328.397 271.538 309.379 233.996 270.888 343.744 220.7 249.961 219.187 245.316 310.354 405.717 280.963 231.263 220.969 662.722 577.103 364.01 545.581 443.091 480.258 299.803 286.904 284.161 224.777 224.519 224.201 218.906 239.193 428.465 749.599 487.421 505.352 407.492 433.972 508.796 343.319 307.561 264.575 264.457 245.177 238.251 246.037 290.947 234.843 227.461 253.609 219.639 272.109 211.503 488.718 210.979 193.908
threshold=-1.0342245697975156 789.50000000000011 0.19009767472743991 -0.3741172850131988 -1.3140000104904173 0 -2.4594172239303584 1 0.26401430368423467 -1.4865158200263975 217.50000000000003 1.1229721903800967 3.1563035249710087 558.50000000000011 -0.38850553333759302 1.1849012374877932 1.9644516110420229 187.50000000000003 1.161976754665375 -0.36316962540149683 1.617295026779175 0.65452042222023021 0.62824100255966198 -0.91050890088081349 112.50000000000001 2 1.6692219376564028 -0.66468688845634449 -0.54749682545661915 -0.80220010876655568 -0.68754494190216053 -0.25356876850128168 2.2560166120529179 -0.81366863846778859 3 4 -0.92392066121101368 1.6588903665542605 0.37541826069355017 887.50000000000011 1.0277248024940493 0.46288070082664495 -1.5296894907951353 -1.5296894907951353 5 1.6825375556945803 6 7 1.3244776129722597 -0.43310168385505671 1.0000000180025095e-35 8 0.063367111608386054 -1.4118369817733762 -0.56394532322883595 0.30951140820980078 1.0000000180025095e-35 -1.5667805075645445 -0.46934723854064936 1.5109481215476992 9 -2.1839371919631954 1.4778682589530947
decision_type=2 2 2 2 2 1 2 1 2 2 2 2 2 2 2 2 2 2 2 2 2 2 2 2 2 1 2 2 2 2 2 2 2 2 1 1 2 2 2 2 2 2 2 2 1 2 1 1 2 2 2 1 2 2 2 2 2 2 2 2 1 2 2
left_child=16 3 -3 61 5 8 7 -7 -5 11 -11 12 13 14 15 -10 -1 -18 24 20 21 -20 -21 -24 25 26 31 33 29 -29 -31 -6 -28 -27 -32 36 -35 38 43 46 41 51 -43 44 45 -4 50 -44 57 -46 -40 -41 54 -54 55 56 -53 -49 -59 -8 -61 -2 -45
right_child=1 2 37 4 18 6 59 -9 9 10 -12 -13 -14 -15 -16 -17 17 -19 19 22 -22 -23 23 -25 -26 27 32 28 -30 30 34 -33 -34 35 -36 -37 -38 -39 39 40 -42 42 47 62 49 -47 -48 48 -50 -51 -52 52 53 -55 -56 -57 -58 58 -60 60 -62 -63 -64
leaf_value=0.000401916643057018 -0.00091643107007934532 -2.7254063407008631e-05 0.015901885862643874 0.00017317256251570467 -0.004301684354879003 0.0041509875090482932 8.9449825214387522e-05 -0.013563437945691082 0.015911466278023388 0.016036137278327672 0.0046962530334061555 -0.0056456710227537439 0.011768720549292589 -0.00052456666751727623 0.0022409649785837503 0.0036502714982512828 0.0089527644577504194 0.0017259475088572866 0.011736395910137127 0.00045638915216975371 8.9700477377625479e-05 0.00075394011747244446 -0.00046436344374821534 0.0085953284131748513 -0.00030380792628309039 0.0020093882915564617 -0.013567916550906629 -0.0027180505079550596 -0.0036680298617073042 0.016105322285728724 -0.001998527815355144 0.0027929961522597437 -0.0010549611565162697 -4.9141365407497733e-05 0.0073813439288920859 -0.001831381423438099 -0.0085566102485046709 -0.0044660060881406951 0.00058643466448747713 -0.0085618309350643431 -0.016584685644417375 -0.01538758732126376 -0.011123005772796098 -0.00095384009193437294 -0.0078494266612958753 0.0024914668115990006 -0.00095164943398789699 -0.0084767424015259885 -0.0097120627069724949 0.0035643945582121161 0.01217311508450559 0.0067412943962690056 0.0059960265285176097 -0.0050130544775594281 -0.00360471697886461 0.0093988573622134346 -0.0049651318968257025 -0.0070060853725256158 0.0023903304653595647 0.015951971305399045 0.0012277103566798852 0.00036639883461064241 0.00045822363220293817
leaf_weight=1105307.02734375 121994.71484375 910708.92578125 4164.6651363372803 54491.304016113281 5597.4997711181641 2673.2245941162109 716215.85791015625 4436.5356597900391 3424.7828102111816 3090.5237121582031 8954.5404357910156 3349.3841247558594 3498.0741119384766 15156.597999572754 21371.384784698486 5154.7063446044922 5313.2368755340576 22684.235780715942 4822.7211303710938 15561.808959960938 258703.33709716797 8120.0977783203125 3367.7678833007812 10254.290588378906 3641219.3969726562 14691.213768005371 2932.1445617675781 5036.112024307251 10132.808471679688 4227.7160663604736 3564.3619213104248 124472.77363175154 3762.8168640136719 3941.9934539794922 6451.0829372406006 70037.093971252441 9518.1358184814453 15086.6162109375 3303.9064140319824 2793.5705261230469 3799.988525390625 4054.107666015625 4587.3022422790527 513914.14857006073 3423.687313079834 6545.8524570465088 49152.563512802124 3079.0321350097656 3916.1360168457031 3906.4902658462524 3266.8380031585693 3547.872603058815 2773.9498596191406 9708.45090675354 3681.2913746833801 5734.9119114875793 3130.6091159582138 3575.9071369171143 12299.929550170898 2444.5072555541992 11623.918037414551 2127628.1943359375 105486.87371826172
leaf_count=419359 45150 387848 1042 26995 3503 822 262777 1973 1143 1089 3181 1193 1221 4938 7103 1631 2076 9072 1157 5149 59713 1900 1001 3394 1365595 7666 1182 2823 4395 1559 1393 46277 1324 1567 1983 22060 3927 2500 1122 1091 892 1253 1161 157173 1180 1749 16367 1357 931 1231 1109 1116 1422 3465 1343 1934 1031 1008 3828 945 5406 779903 25003
internal_value=2.11677e-06 -5.66344e-05 -0.000423062 2.78398e-05 -9.16964e-05 0.000356553 9.27161e-05 -0.00691792 0.00199821 0.00355227 0.00761129 0.0026106 0.00318006 0.00251278 0.00404965 0.00855114 0.000468554 0.00309877 -0.000182903 0.000597379 0.000316554 0.00484915 0.00321082 0.00635616 -0.000243005 0.000594449 0.00204518 -0.000960581 0.00196676 0.00492848 0.00763216 0.00248753 -0.00654121 -0.00183761 0.00404921 -0.00251457 -0.00606152 -0.000888216 -0.000817151 -0.00203178 -0.00365419 -0.00287155 -0.00550653 -0.000583895 0.00385996 0.00770376 -9.01044e-05 -0.00404509 -0.00261733 -0.00176594 0.00634232 -0.000224221 0.00059497 -0.0025651 0.0030462 0.00501924 0.00125417 -0.00115074 0.000272322 0.000161017 0.00380314 0.00029683 -0.000713357
internal_weight=1.01309e+07 8.99757e+06 1.68564e+06 7.31192e+06 5.0623e+06 855885 737394 7109.76 118491 64000 12045.1 51954.9 48605.5 45107.5 29950.9 8579.49 1.1333e+06 27997.5 4.20642e+06 300830 271646 12942.8 29183.9 13622.1 3.90559e+06 264366 136765 127601 29412.1 19279.3 14243.2 130070 6694.96 98188.4 10015.4 83497.2 13460.1 774935 759848 122406 66683.1 62883.1 31512.4 637442 18040.7 10710.5 55723.3 27458.3 22871 7330.18 6570.74 31370.7 28577.1 12482.4 16094.7 12413.4 6678.48 18954.9 15875.8 730284 14068.4 2.24962e+06 619401
internal_count=3731701 3301194 618156 2683038 1857985 320417 271923 2795 48494 21499 4270 17229 16036 14815 9877 2774 430507 11148 1537568 72314 62770 3057 9544 4395 1465254 99659 52286 47373 12153 7758 4935 49780 2506 35220 3376 27554 5494 230308 227808 40430 21832 20940 9538 187378 5202 2791 18598 8285 7124 2411 2231 11402 10311 4887 5424 4081 2147 6193 4836 269128 6351 825053 182176
cat_boundaries=0 1 2 3 4 5 6 7 8 9 10
cat_threshold=17334320 9831174 23434905 42991620 33554720 692499 525313 656387 4325504 4101
is_linear=0
shrinkage=0.03


Tree=98
num_leaves=64
num_cat=22
split_feature=3 10 1 19 1 10 1 0 1 1 7 1 0 1 19 0 1 0 1 6 11 11 1 4 18 1 4 6 6 1 0 6 17 16 15 1 9 17 9 1 19 1 12 19 6 6 9 1 0 19 10 1 18 0 0 1 1 10 10 4 0 6 1
split_gain=369.2 296.793 534.107 291.674 264.632 271.195 408.309 411.596 357.781 244.834 236.94 236.923 223.309 472.121 240.639 284.452 297.152 222.721 309.472 218.333 342.778 256.39 227.44 214.904 296.225 204.044 201.009 196.368 195.235 184.867 180.493 179.113 212.146 177.84 247.323 175.711 173.504 670.921 157.425 335.596 154.185 254.829 166.415 164.305 153.59 153.546 152.798 150.714 149.644 572.113 158.581 157.779 222.889 168.992 148.353 373.794 317.971 270.712 203.143 147.546 226.375 386.237 300.774
threshold=-1.2094883322715757 1.2610026597976687 0 0.7162228822708131 1 -1.0178364515304563 2 789.50000000000011 3 4 0.026217128150165084 5 929.50000000000011 6 -0.1158856153488159 306.50000000000006 7 803.50000000000011 8 -0.40271238982677454 1.3072298765182497 -0.88081803917884816 9 1.7814109921455386 -1.1860061883926389 10 1.007509380578995 -0.75956422090530384 0.81279775500297557 11 831.50000000000011 -0.13557609915733335 12 0.36108247935771948 1.791857182979584 13 -0.77439677715301503 14 -0.85966408252716053 15 0.17122810333967212 16 -0.67444875836372364 1.6960514783859255 -0.067132420837879167 -2.105982661247253 -0.63794851303100575 17 261.50000000000006 1.6960514783859255 -0.82187929749488819 18 -1.0244063735008238 760.50000000000011 306.50000000000006 19 20 -0.22716146707534787 -0.74728542566299427 1.5712455511093142 873.50000000000011 0.63447225093841564 21
decision_type=2 2 1 2 1 2 1 2 1 1 2 1 2 1 2 2 1 2 1 2 2 2 1 2 2 1 2 2 2 1 2 2 1 2 2 1 2 1 2 1 2 1 2 2 2 2 2 1 2 2 2 1 2 2 2 1 1 2 2 2 2 2 1
left_child=1 3 -3 4 -1 6 -6 27 -9 -4 12 54 14 28 15 16 36 38 23 20 21 26 44 40 -25 -23 47 -8 -14 -16 -17 32 -26 -31 -35 -32 37 -2 39 -12 -19 42 -42 -43 -21 -7 -29 -15 49 50 -13 53 -53 -50 56 -56 57 -5 -58 -20 -61 62 -62
right_child=10 2 9 11 5 45 7 8 -10 -11 17 48 13 19 29 30 -18 18 59 22 -22 25 -24 24 31 -27 -28 46 -30 33 35 -33 -34 34 -36 -37 -38 -39 -40 -41 41 43 -44 -45 -46 -47 -48 -49 51 -51 -52 52 -54 -55 55 -57 58 -59 -60 60 61 -63 -64
leaf_value=-0.00018256408906655393 0.013039223823031914 0.012547429105519713 -0.00095045247528606448 0.015237962907942531 -0.00081632230523455212 0.0061050565909064429 -0.0035683825171934857 0.017142164381172109 0.0050135482180518175 0.0040505220908873211 0.0016589845793490926 -0.0067979346167643968 -3.3675663014275065e-05 0.013709305954178326 -0.00065963734036743001 0.00019431523553970463 0.00021870032772308842 -0.00048614274328674293 -0.00097674837201740814 -0.0058290718739728627 0.0091222677990639538 0.0042970197931766841 0.0024523676129782944 0.012714716660232248 0.011781661161571397 -0.00051898506320053098 0.017117468181938131 -0.00033379334879110351 -0.0053744493388011069 0.00018958831848152157 4.0658095645403635e-05 -0.0028915405180719371 0.00028635628018663066 -0.00046277843918706454 -0.0053865423309501625 -0.0014722218316584729 0.0012304189357763029 0.0020040769490334625 -0.00016484225063152625 -0.00015420329588939334 0.0015428426445693482 0.00014463992872366837 0.0059834468579957048 -0.0061588269748870644 0.00051973335953848696 0.00087115445875308594 0.006092531362616397 0.0031143472106670753 -0.00017640869215046408 -0.013683580681200477 0.0012088750498690263 -0.0042698406063828029 0.0023900259701915348 -0.0081634489283691838 -0.0061106886831782626 0.0032462016869146708 -0.0099528246067841636 0.0016139648090398718 0.0027518617978991942 -0.00016535086715559912 0.0013627571254736072 -0.014182090523642065 -0.0065841877670467092
leaf_weight=160737.77392578125 5549.09912109375 4831.7161560058594 15248.015014648438 2854.3826789855957 13411.6630859375 5133.8103637695312 3259.8349409103394 4273.8159637451172 4541.0078735351562 20847.174102783203 138640.34094238281 3140.5195465087891 88049.338745117188 1493.2792053222656 551494.12109375 2067174.2133789062 284311.52850341797 239744.44800281525 452272.40600585938 5818.9758911132812 9319.0690612792969 13639.045889854431 33101.715454101562 2672.0115737915039 2423.6582162380219 18844.333840370178 1521.967845916748 4474.7979683876038 6618.5625 1023782.4386258125 159272.67822265625 4618.2063868045807 3558.8696727752686 336609.55224609375 9434.015625 122018.02392578125 185179.55615234375 45728.0380859375 3321658.1674804688 272269.10827636719 23508.575119018555 46691.535822868347 11219.522048950195 4038.9656372070312 8339.1785888671875 275775.89825439453 13004.551065921783 6216.5329780578613 4418.9112243652344 4690.25244140625 7613.8343048095703 6761.2854461669922 13634.935928344727 5173.3560180664062 6751.272705078125 8878.2804565429688 1709.7028427124023 2428.986873626709 3332.845817565918 15036.9384765625 7493.7854537963867 3434.0760345458984 9994.3843612670898
leaf_count=75223 1969 1558 6136 1213 5916 2416 1119 1032 1711 8640 48376 1240 27987 907 223988 732018 97108 94805 153420 1673 2315 6321 12393 999 1064 9231 1110 1368 1691 425746 51593 1687 1456 92801 1485 47470 66345 13672 1230254 87140 10070 19703 5704 1997 2234 100742 3917 4600 1810 1897 2918 2295 5117 2050 2754 5680 1018 1117 2028 4740 2747 856 3081
internal_value=6.56583e-06 0.000730358 0.00319579 0.000548852 0.000812576 0.00130642 0.00352604 0.00549484 0.0109255 0.0019384 -3.87098e-05 -0.00124134 0.000104273 0.00110487 6.3968e-05 0.000237959 0.000872282 -0.000194997 -0.00064053 0.00256096 0.00392175 0.00275901 0.00109178 5.66007e-05 0.00379764 0.00150466 0.00716943 0.00318719 -0.000407289 -0.000195865 9.72978e-05 0.00154508 0.00496947 -9.14228e-06 -0.000597088 -0.000615663 0.00165804 0.00320236 -9.63171e-05 0.000457613 -9.61393e-05 0.000997936 0.00297726 -0.000357705 -0.00208928 0.000966914 0.00444774 0.0051958 -0.0025472 -0.00494645 -0.00113137 -0.00131178 0.000181706 -0.00448136 0.00104509 -0.000798053 0.00383496 0.00896493 -0.00155823 -0.0011238 -0.00297328 -0.00499083 -0.00318244
internal_weight=1.01397e+07 596929 40926.9 556002 484613 323875 42965.7 29554 8814.82 36095.2 9.54279e+06 71388.6 4.98352e+06 192962 4.79055e+06 2.86923e+06 520768 4.55927e+06 826707 98294.1 51034.2 41715.2 47259.9 338476 13272.7 32483.4 9231.78 20739.2 94667.9 1.92132e+06 2.34846e+06 10600.7 5982.53 1.36983e+06 346044 281291 236457 51277.1 3.73257e+06 410909 325203 85458.6 34728.1 50730.5 14158.2 280910 17479.3 7709.81 45433.1 15444.6 10754.4 29988.5 20396.2 9592.27 25955.5 15629.6 10325.9 5283.37 5042.55 488232 35959.2 20922.2 17488.2
internal_count=3733671 240915 16334 224581 193444 118221 15063 9147 2743 14776 3492756 31137 1824657 70462 1754195 1010175 179094 1668099 302329 40784 24484 22169 16300 137485 5206 15552 6617 6404 29678 744020 831081 4207 2520 520032 94286 99063 81986 15641 1365770 135516 132279 37474 15774 21700 3907 103158 5285 5507 17327 6055 4158 11272 7412 3860 13810 8434 5376 2330 3046 164844 11424 6684 5828
cat_boundaries=0 1 3 5 6 8 10 12 14 16 18 20 22 23 25 26 27 29 30 31 33 35 37
cat_threshold=138944528 2477917784 76 71329796 50 557219 3492874723 96 3567398472 62 1745298359 65 3793652484 62 920833048 100 42483720 16 281071624 4 940741120 23 917519 114284747 81 17309696 1806721071 8422424 36 369098752 168611842 268445696 18 2415930368 50 3222343910 8
is_linear=0
shrinkage=0.03


Tree=99
num_leaves=64
num_cat=12
split_feature=5 4 7 18 8 19 12 10 17 6 8 6 13 4 10 12 17 6 18 17 4 4 4 4 19 10 17 19 15 19 4 4 15 18 8 17 17 5 4 8 14 15 17 5 4 17 17 16 17 5 17 16 9 19 15 8 10 17 10 6 14 8 15
split_gain=271.951 240.985 230.779 215.716 224.896 240.28 240.569 198.695 255.917 233.326 168.254 206.613 194.885 159.829 303.234 242.362 269.596 289.325 200.662 270.788 165.623 157.887 156.66 202.061 152.792 206.876 189.412 151.89 153.694 199.362 151.353 428.845 232.728 146.764 313.502 321.385 274.528 208.101 181.806 175.574 157.571 145.844 141.231 139.556 272.992 301.767 136.689 251.634 133.093 131.962 131.691 124.921 170.776 127.521 123.939 129.1 122.676 121.965 160.897 118.641 126.249 145.075 777.911
threshold=-0.57397747039794911 -2.1839371919631954 2.6421749591827397 -0.58347153663635243 6.1005938053131112 -0.072572529315948472 -0.68392628431320179 1.2610026597976687 0 -1.0665847063064573 1.617295026779175 -0.61498904228210438 0.14372592419385913 -1.9714598059654234 -2.4594172239303584 -0.47169880568981165 1 -0.58523011207580555 1.5087535977363589 2 -2.7422921657562251 -2.7422921657562251 -1.1275680065155027 -1.0242686867713926 2.3734664916992192 0.70366200804710399 3 -0.38405977189540857 -1.0779896378517149 0.1394067928195 -0.21171189099550244 -0.13379042595624921 0.062453331425786025 -2.3239542245864864 0.34871199727058416 4 5 -2.2323027849197383 0.94605156779289257 2.6862729787826543 1.3244776129722597 -0.31920856237411493 6 -2.2323027849197383 0.60955399274826061 7 8 0.73209384083747875 9 -1.5434719324111936 10 1.0000000180025095e-35 -0.63794851303100575 0.82401347160339367 -0.36730252206325525 0.87087279558181774 1.9644516110420229 11 -1.1444867849349973 -1.6703305840492246 -0.17343234270811078 1.617295026779175 1.3119027614593508
decision_type=2 2 2 2 2 2 2 2 1 2 2 2 2 2 2 2 1 2 2 1 2 2 2 2 2 2 1 2 2 2 2 2 2 2 2 1 1 2 2 2 2 2 1 2 2 1 1 2 1 2 1 2 2 2 2 2 2 1 2 2 2 2 2
left_child=1 57 3 4 21 -6 -7 33 9 41 11 49 -12 14 -5 16 17 27 -19 -20 -18 42 -4 -24 -23 26 -26 50 29 -29 56 32 -32 34 36 37 -3 38 -36 40 -37 -9 -2 44 45 -10 47 51 -38 -11 -16 -45 -53 -54 55 -28 -25 -1 -59 -35 61 -61 -63
right_child=2 7 22 13 5 6 -8 8 43 10 12 -13 -14 -15 15 -17 20 18 19 -21 -22 24 23 30 25 -27 54 28 -30 -31 31 -33 -34 59 35 39 48 -39 -40 -41 -42 -43 -44 46 -46 -47 -48 -49 -50 -51 -52 52 53 -55 -56 -57 -58 58 -60 60 -62 62 -64
leaf_value=0.00027409365651162219 0.00014112086453272712 0.0048443671519661884 0.0014212009718677606 -0.0082483670984739403 -0.00044182633142797267 -0.0026313844811012939 -0.011400802413376369 0.002552640941856085 0.013096364276582059 0.012743300635006987 0.005856736973401307 -0.00068232076691255054 0.015838252515390183 -0.00021039816775689468 0.005203371272157053 -0.0016376351073676527 -0.0014650305000148435 0.00015795778061007015 0.0075273821567070597 -0.0022445205016536399 0.00066050641041063597 0.00039850747316711133 -0.0079807110129367295 -0.00024205627993625421 -0.010361794671139889 0.0040745671634991069 0.0076330842992365401 0.010818627161669463 0.0031248119649287909 0.0035249146242092343 -0.01446823774769135 -0.0014525167864811231 -0.0035104491547535851 -0.00065931052049595729 0.0048609076825925192 -0.00042702442529909008 -0.010902387409387079 0.0024925186953839262 0.013290940892347315 0.0032952698602133714 -0.0075385072160529887 -0.007219082474084362 -0.0030681326164889574 -0.0030371655707980027 -0.0029593028806228034 0.0015038148354529169 0.001198570240352408 -0.0063869720292124045 -0.0032120679916815718 0.0037796802428133086 -0.00025160155008329289 -0.00098312259388321833 0.0020702348879701213 0.0098580412734083338 -0.0063562457679249796 -0.0026018207751611041 0.0061399734748560668 -0.0063101878703471373 -0.0012859230943509752 0.0004027486689866679 0.00018447442245241735 0.0013188839897217538 0.015254484803905075
leaf_weight=45734.965637207031 26451.032073974609 3035.5449725389481 15477.744445800781 3549.792724609375 36273.782897949219 10170.68283367157 3890.5166902542114 3394.4408578872681 3779.9246788024902 2292.5927124023438 6429.6230511665344 6242.6564898490906 2425.5561943054199 5027054.9737997651 5711.3029022216797 39715.848614931107 47968.529418945312 73143.069957256317 7928.5578002929688 3756.310791015625 105653.90253376961 1386242.9880371094 4564.5056915283203 18408.996185302734 3475.3423190116882 3222.2657928466797 1733.4062520265579 6900.2052822113037 20350.481698989868 6607.0568542480469 3644.680935382843 72919.00651550293 3349.5186190605164 139251.89947509766 8993.5109081268311 27106.109626173973 2859.4327936172485 37144.764298081398 3095.4463672637939 10782.595863342285 3122.8004150390625 2303.1738386154175 23125.383331298828 8147.7286148071289 3645.4340863227844 4349.0987544059753 68240.304161071777 6585.0319671630859 6988.4627245664597 4163.467658996582 13086.37825012207 11979.207973480225 6008.8158149719238 2759.7441101074219 3438.5987157821655 3059.8174623250961 3173.735107421875 6141.7932739257812 86050.057495117188 112773.76995849609 2457486.8411865234 53828.464660644531 3859.0362548828125
leaf_count=15925 10528 1046 6812 1436 12406 3553 1993 1814 1028 1036 2938 2800 719 1852336 1787 21203 16107 24011 2078 1491 40170 508436 1905 7483 1383 1385 1121 3404 7685 3215 1746 28069 922 83252 2940 10434 783 12389 1007 3405 676 866 7993 4570 1142 1736 24367 1443 4025 2096 5425 3444 2099 1104 1281 1720 1175 2430 30619 63459 835164 30894 1324
internal_value=2.2758e-06 0.000233633 -0.000102106 -7.91554e-05 0.000238721 -0.00173256 -0.00506094 0.000289765 0.00138217 0.0039964 0.00542482 0.00320941 0.00859821 -0.000168154 0.000466954 0.000560595 0.000860525 0.00182549 0.000741265 0.00439093 -3.21732e-06 0.000307122 -0.00139792 -0.00180937 0.000365993 -0.00265223 -0.00450466 0.0035723 0.00477276 0.00725354 -0.00153145 -0.00213348 -0.00922681 0.000235435 0.00134662 0.0019716 -0.0030303 0.00360507 0.00702407 9.55449e-06 -0.0011628 -0.0014003 -0.00135661 0.000764781 0.00385924 0.00691694 0.0004134 -0.00109672 -0.00545821 0.00697012 0.00140936 0.000109404 0.00134551 0.00452553 -0.00201206 0.0011036 0.000697624 -0.000992576 -0.00162079 0.000194021 0.000239239 0.00102874 0.00225235
internal_weight=1.01351e+07 3.151e+06 6.98405e+06 6.86251e+06 1.50108e+06 50335 14061.2 3.01308e+06 142747 27251.5 21553.9 12698.7 8855.18 5.36143e+06 334371 330822 291106 137483 84827.9 11684.9 153622 1.45075e+06 121538 106060 1.40117e+06 14929.4 11707.2 52655.4 33857.7 13507.3 101496 79913.2 6994.2 2.87033e+06 103129 90245.2 12883.4 49233.7 12089 41011.5 30228.9 5697.61 49576.4 115495 11774.5 8129.02 103721 35480.5 9847.9 6456.06 18797.7 28895.5 20747.8 8768.56 8231.82 4793.22 21582.7 137927 92191.9 2.7672e+06 2.62795e+06 170461 57687.5
internal_count=3733233 1152974 2580259 2532147 551799 17952 5546 1104000 53202 12269 9589 5932 3657 1980348 128012 126576 105373 49096 27580 3569 56277 533847 48112 41300 515326 6890 5505 21516 14304 6619 39395 30737 2668 1050798 36705 30851 5854 16336 3947 14515 11110 2680 18521 40933 3906 2764 37027 12660 4808 3132 7212 11217 6647 3203 4122 2841 8658 48974 33049 1014093 930841 95677 32218
cat_boundaries=0 1 2 3 4 5 6 7 8 9 10 11 12
cat_threshold=34605369 40770800 6144 25559824 36745710 18100225 17119782 10928642 9324096 33587730 4325408 928163
is_linear=0
shrinkage=0.03


Tree=100
num_leaves=64
num_cat=16
split_feature=3 10 1 19 1 19 6 14 10 2 5 4 1 16 4 0 1 0 2 1 2 1 10 6 4 18 1 2 4 0 0 1 1 10 1 2 19 18 1 18 18 0 0 1 1 3 0 9 0 16 2 11 0 1 6 0 14 9 11 11 1 1 6
split_gain=301.33 229.806 378.384 223.35 258.871 297.597 331.703 246.717 228.129 216.63 211.494 184.145 334.586 233.495 183.045 199.748 175.51 174.549 236.09 292.014 172.922 170.105 154.551 348.412 263.25 247.632 282.305 247.262 258.458 175.955 170.02 163.895 154.036 221.51 151.701 211.304 359.847 231.906 394.789 192.232 150.497 175.908 149.065 334.018 231.975 150.137 149.021 148.576 165.372 153.913 148.25 147.718 166.701 335.536 301.952 156.525 146.257 187.005 144.639 195.936 143.58 142.419 175.274
threshold=-0.67932033538818348 1.9644516110420229 0 0.95626643300056469 1 2.3734664916992192 -0.30728568136692042 0.36331708729267126 -0.82187929749488819 0.43170821666717535 0.27016253769397741 -1.9714598059654234 2 0.11208584532141687 0.65452042222023021 202.50000000000003 3 645.50000000000011 -1.3179268240928648 4 0.30607146024703985 5 -0.31823189556598658 0.81279775500297557 -1.4865158200263975 -1.8091298937797544 6 -0.19760710746049878 1.0704205036163332 202.50000000000003 291.50000000000006 7 8 -2.4594172239303584 9 -0.72702601552009571 -0.59038695693016041 1.8264871239662173 10 -0.95427399873733509 0.042660484090447433 688.50000000000011 789.50000000000011 11 12 1.0976481437683108 702.50000000000011 -0.61526718735694874 187.50000000000003 0.54089811444282543 0.14304283261299136 -1.0000000180025095e-35 873.50000000000011 13 -0.10190433636307715 859.50000000000011 1.3244776129722597 -0.78547245264053334 1.9528558254241946 1.6114919781684878 14 15 0.63447225093841564
decision_type=2 2 1 2 1 2 2 2 2 2 2 2 1 2 2 2 1 2 2 1 2 1 2 2 2 2 1 2 2 2 2 1 1 2 1 2 2 2 1 2 2 2 2 1 1 2 2 2 2 2 2 2 2 1 2 2 2 2 2 2 1 1 2
left_child=1 3 20 16 5 7 9 -5 -9 -7 61 12 13 -12 15 -4 -1 34 19 -19 21 -3 23 24 25 26 -18 -25 -29 31 -31 -27 33 -20 35 36 39 -38 -39 -13 41 -34 44 45 46 -44 -21 49 -49 -15 -42 -26 55 54 -54 -53 57 60 59 -6 -52 62 -2
right_child=10 2 14 4 58 6 -8 8 -10 -11 11 17 -14 47 -16 -17 22 18 32 42 -22 -23 -24 27 51 29 -28 28 -30 30 -32 -33 40 -35 -36 -37 37 38 -40 -41 50 -43 43 -45 -46 -47 -48 48 -50 -51 56 52 53 -55 -56 -57 -58 -59 -60 -61 -62 -63 -64
leaf_value=-6.7447638907709853e-05 -0.00015100967127920856 0.014646182812599285 0.0088770582003448572 -0.00019044396443400091 0.00030778246449854595 -0.0060786315784088687 -0.00075426464929578862 -0.010815521692497042 -0.0018696776096459498 -0.017499875374828069 0.00045964541242146195 0.0040004844816995998 -0.00035658151736257847 0.011177250036808799 -0.0049882714156376066 0.00014265025266813094 0.0011205791586795775 -0.0054724403192608646 0.0062534462805021642 -0.00060285968620479131 -7.7368682765247465e-05 0.0060475868726088322 0.00036106303398124708 0.0091459564481287045 0.00029337942374917011 0.008624306492269489 -0.0097064451251127875 0.0011757442759273732 0.0095377987691925552 -0.0062342508341334344 -0.00021549612116266196 -0.00055204599280940861 -0.0020776962718907048 -6.498952539200224e-05 -0.00039771245120591821 -3.3169581993778949e-05 0.0014398235776207097 0.011015201992686711 0.0011959427188995455 -0.0044276093157360067 -0.000593265540031067 -2.2864562172978491e-05 -0.0039663946241828701 0.00077856203021980355 -0.0019709999800119316 -0.010889820460694829 0.0065875262958274396 0.0080684217397605437 0.0015644125571395984 0.0041023806382335225 0.0045545260986270177 0.0015141779808328264 0.0025812560276710778 0.00093465517979149598 0.01319805586752229 -0.0046098400420981839 0.0011906470832707843 -0.0025338632060356242 0.00788783460524267 -0.0072706311458853416 -0.0008681626448928247 0.00015877866789181267 -0.0025489463300311598
leaf_weight=515024.97033691406 1410465.5815429688 2704.5247650146484 2849.1689757704735 36026.755650997162 78557.900848388672 3113.8441379070282 4425.6673777103424 4205.049072265625 6574.7823128700256 2884.0265703201294 36145.650665283203 3013.2363433837891 117603.43835449219 4217.1090698242188 4810.3867280483246 13513.916830360889 3519.5774078369141 18850.627807617188 5064.26025390625 4206.1963806152344 2948.2022714614868 9060.4254293441772 802527.29052734375 7013.6797180175781 104287.35589408875 3634.3658151626587 5632.6074066162109 18349.659823894501 4058.8235440254211 4782.8641304969788 35874.028774738312 3373.3291244506836 42995.948150634766 334740.82092285156 1084859.9274291992 941096.3334197998 73540.464981079102 6594.86328125 8353.8971557617188 12627.456893920898 197029.33218383789 292842.0185546875 11883.230346679688 13973.365112304688 14280.332427978516 3695.8069458007812 6760.0972290039062 4148.9831352233887 23022.476917266846 8063.5137329101562 5240.244384765625 159787.51072883606 4454.8603067398071 12847.966430664062 5257.6298055648804 3841.91748046875 13695.197265625 132313.90288925171 2148.6900634765625 3190.3154602050781 26815.134952545166 3379004.8490188718 27972.89501953125
leaf_count=190475 568140 990 1099 14785 38541 1498 1517 1062 1646 1251 19713 998 41063 1897 1910 5238 1439 7738 1975 1220 1214 3704 313718 1739 59287 1394 2147 4554 963 1760 15128 1232 15065 132542 375853 354964 26504 2430 2814 4346 67808 101053 3180 5675 5319 1037 1862 1176 6660 1954 1994 49113 1065 4416 1391 1112 2927 48693 726 1199 8975 1178665 11166
internal_value=1.80183e-06 0.000345561 0.00272295 0.00029907 -0.000847572 -0.00240293 -0.00698639 -0.00138209 -0.00536271 -0.0115804 -7.6028e-05 -0.000255415 0.000644432 0.00220133 0.000153133 0.00166575 0.000394584 -0.000308835 -0.000611233 -0.00225314 0.00641537 0.00804719 0.000596367 0.00109765 0.00083206 -0.00103543 -0.00555383 0.0042319 0.00269214 -0.000167356 -0.00092422 0.00422131 -0.000496136 2.92666e-05 -0.00014921 0.000108719 0.00139101 0.00213246 0.00553825 -0.00280315 -0.000747252 -0.000285963 -0.00114411 -0.00259034 0.000548495 -0.0056082 0.0038271 0.00379735 0.00255885 0.00653542 -0.00116027 0.00119735 0.00170365 0.00412094 0.00832368 0.00137025 -0.00178764 -0.00203582 0.000213751 1.15998e-05 2.00318e-05 5.23529e-05 -0.000197649
internal_weight=1.01364e+07 1.87128e+06 35886.6 1.8354e+06 141127 57230.1 10423.5 46806.6 10779.8 5997.87 8.26512e+06 3.44767e+06 193201 75597.7 21173.5 16363.1 1.69427e+06 3.25447e+06 1.12439e+06 73649.7 14713.2 11765 1.17924e+06 376716 347294 56816.8 9152.18 29422.2 22408.5 47664.6 40656.9 7007.69 1.05074e+06 339805 2.13009e+06 1.04523e+06 104130 88489.2 14948.8 15640.7 710932 335838 54799 29552.4 25246.6 15579 10966.3 39452.1 27171.5 12280.6 375094 290477 186190 22560.5 9712.49 163629 178064 164369 83896.9 81748.2 32055.4 4.81744e+06 1.43844e+06
internal_count=3732719 727313 14155 713158 62225 21759 4266 17493 2708 2749 3005406 1247435 72463 31400 8247 6337 650933 1174972 407063 26031 5908 4694 460458 146740 139484 23100 3586 7256 5517 19514 16888 2626 381032 134517 767909 392056 37092 31748 5244 5344 246515 116118 18293 9892 8401 4217 3082 11687 7836 3851 130397 116384 57097 6872 2456 50225 62589 59662 40466 39740 10969 1757971 579306
cat_boundaries=0 2 4 6 8 10 12 14 16 18 20 21 23 25 26 28 30
cat_threshold=2404287640 15 576506021 65 2871364548 42 2475821116 64 2686497602 15 168034304 1 1076168130 32 1747486273 7 590087257 49 3945961770 51 3792863240 1112148137 16 38602920 16 594690 1074807040 4 3777499968 49
is_linear=0
shrinkage=0.03


Tree=101
num_leaves=64
num_cat=18
split_feature=3 5 2 1 1 12 4 1 8 8 1 10 8 2 1 19 1 2 10 4 1 14 16 12 1 6 10 1 10 8 1 1 2 1 10 18 6 16 18 1 12 10 13 19 1 18 10 6 1 1 1 10 8 6 2 2 10 14 16 15 4 1 15
split_gain=282.937 220.137 366.904 284.253 223.745 202.937 296.286 244.281 207.028 199.424 186.109 272.441 206.004 187.708 207.505 184.037 945.621 485.204 333.612 283.339 273.472 244.462 232.964 200.858 371.352 194.689 190.626 291.003 298.048 257.868 287.865 242.29 270.394 305.866 334.86 270.781 210.398 398.806 185.814 194.937 211.365 193.515 182.656 180.136 174.408 172.845 171.936 175.663 294.658 165.184 164.702 158.885 157.317 156.034 301.07 196.683 225.747 366.498 176.906 168.878 152.886 395.287 526.986
threshold=0.77094849944114696 -2.2323027849197383 -1.0736950039863584 0 1 -0.29911231994628901 -1.7580090165138242 2 0.80813395977020275 0.51680317521095287 3 1.9644516110420229 1.3661783337593081 -1.8440827727317808 4 2.3734664916992192 5 0.39770589768886572 1.9644516110420229 -0.84932526946067799 6 0.12561362236738208 0.11208584532141687 -0.84569817781448353 7 -0.49537664651870722 0.019940997473895553 8 1.5109481215476992 3.5268174409866337 9 10 1.4215949177742007 11 -0.61918380856513966 -1.1019436120986936 0.81279775500297557 0.73209384083747875 1.8264871239662173 12 -0.80534076690673817 -0.61918380856513966 -0.49880415201187128 -0.049103723838925355 13 -2.0249447822570796 -1.8547923564910886 -0.84777697920799244 14 15 16 -0.081393532454967485 0.42825689911842352 0.11416999995708467 -1.3179268240928648 0.75945702195167553 -0.2863446176052093 0.42714126408100134 0.49804693460464483 0.58592349290847789 1.5712455511093142 17 -1.6671278476715086
decision_type=2 2 2 1 1 2 2 1 2 2 1 2 2 2 1 2 1 2 2 2 1 2 2 2 1 2 2 1 2 2 1 1 2 1 2 2 2 2 2 1 2 2 2 2 1 2 2 2 1 1 1 2 2 2 2 2 2 2 2 2 2 1 2
left_child=1 2 4 9 -1 15 -7 8 52 -4 11 53 42 14 -12 26 17 20 23 -19 -17 -22 -21 -18 -25 46 31 28 -28 -30 -31 -3 35 -34 -35 36 -33 -38 -37 40 41 -40 -13 45 -45 -6 -26 48 -48 -47 -24 -16 -8 55 -55 56 57 -2 -59 -58 -29 -62 -63
right_child=10 5 3 -5 43 6 7 -9 -10 -11 13 12 -14 -15 51 16 18 19 -20 22 21 -23 50 24 25 -27 27 60 29 30 -32 32 33 34 -36 38 37 -39 39 -41 -42 -43 -44 44 -46 49 47 -49 -50 -51 -52 -53 -54 54 -56 -57 59 58 -60 -61 61 62 -64
leaf_value=0.0097235559204466408 0.00089232431505999752 0.00035285348156268131 -0.0064961536736940027 0.0017944115255815096 0.0068613019739578998 -0.0019916866433965256 0.003624882459828819 0.0007849608631985424 0.010302803173428913 -0.0005118571699109293 -0.000411324607823578 0.005674400980390998 0.0083648331407305872 -0.00050015916482163553 -0.011165207240711768 -4.109809543904346e-05 0.0036241364351396656 -0.017779540895771492 0.010567899370269159 -0.0034962795149838994 -0.00062971156600572615 -0.011556724393388939 -0.0065145376082084462 0.0072925612301605628 -0.010814637281408338 0.00046133568093956325 0.00012659525050867122 -0.00023180343601751502 0.0013222590918732929 0.01419981891036645 0.0032919310004017512 0.00075449768899020931 0.00070499703235560145 -0.0041410089507642718 -0.00078632286601240024 -0.00026219465022604037 0.0011191101068837859 0.012369981373862795 -0.0064907744202918165 0.00025072149036268077 0.0070723561640772051 0.0038403592857621746 -0.0042333205355678276 0.01209033988550553 0.0022020951076859438 -0.0059377944515993731 0.0093852158264512587 -0.0076243312641808159 -0.0046202426521080491 0.0019045806659230592 -0.017967656212254563 -0.0037349450618954141 -0.0016138475017977735 -0.0067386233662755576 -0.000526026519844401 -0.00091899918179418733 0.00057061975884099933 0.011310863038572675 0.0042724270756475703 -0.0023282498759942248 0.0008814556213150599 -0.011514481639882491 -0.0016105844220482997
leaf_weight=5656.9421081542969 49589.122985839844 2717325.8284912109 5640.7904510498047 67635.735046386719 3517.0633544921875 29607.039672851562 28642.55908203125 214456.70308554173 3528.4752197265625 44640.472061157227 16047.73583984375 3395.3910441398621 6264.2150955200195 1085542.36328125 3243.7087020874023 15643.011291503906 14576.805904626846 2875.5902600288391 3315.374755859375 6402.0197310447693 3165.6258301734924 4406.334725856781 2287.9919567108154 4519.9121170043945 3100.8247375488281 13872.665678143501 1363072.71875 2269759.0662841797 71445.085876464844 2974.3097534179688 8114.3817138671875 198416.96313476562 47952.789306640625 45426.195434570312 65235.589477539062 1031019.4908447266 8966.1499252319336 4142.7656021118164 2468.0819549560547 32421.283325195312 9848.4123544692993 4791.790846824646 3294.9104619026184 3204.0970039367676 3239.5368576049805 3676.0752601623535 2149.8868103027344 3873.2567571401596 3585.7972567081451 6991.2507476806641 2317.9158592224121 12831.928504943848 6289.067138671875 7631.92041015625 86982.289462089539 79685.224431991577 139855.80389118195 4093.8862609863281 14953.358795166016 20768.047082901001 63817.13330078125 5005.4830322265625 138504.82019042969
leaf_count=1954 26329 798907 2581 25248 1116 15639 12846 104036 1075 14251 6088 1820 2073 419359 1078 6705 6574 1255 1547 2812 1699 1836 1179 1912 1805 5776 672216 635014 38970 1270 2800 96129 29033 23204 33056 489604 2602 870 1053 16473 4265 1946 1127 1038 1172 1333 1308 1607 2359 2097 872 4240 2171 2091 29622 36522 64736 1301 3654 6270 16471 2514 35429
internal_value=9.97905e-06 7.69053e-05 0.00123917 0.000524628 0.00444395 5.70921e-05 0.000847577 0.00117998 0.00338118 -0.00118355 -0.000365336 0.000175926 0.00445746 -0.000567041 -0.00282693 2.97789e-05 -0.0013499 -0.00496199 0.00138612 -0.00939886 -0.00230925 -0.00698266 -0.00720251 0.000718931 -0.000643023 -0.00199545 4.44608e-05 -0.000105643 0.000232595 0.00198312 0.00623859 0.00018573 -0.000127316 -0.00129627 -0.00216334 1.61877e-05 0.000997757 0.00467805 -0.000175966 0.00161884 0.00420807 0.000326115 0.000795424 0.00298793 0.00714675 0.00109892 -0.00467772 -0.00269273 0.000641278 -0.000803281 -0.0123446 -0.00523396 0.00268161 3.84369e-05 -0.00102749 0.000364886 0.000811143 0.00225119 0.00578779 0.000195746 -0.000303035 -0.00108285 -0.00195627
internal_weight=1.01377e+07 8.60353e+06 144202 117917 26285 8.45933e+06 282524 252917 38460.1 50281.3 1.53418e+06 416514 12954.5 1.11767e+06 32123.4 8.1768e+06 86093 37098.5 48994.5 13883.5 23215 7571.96 11007.9 45679.1 31102.3 26582.4 8.09071e+06 3.92269e+06 1.44561e+06 82533.8 11088.7 4.16802e+06 1.45069e+06 158615 110662 1.29207e+06 211526 13108.9 1.08055e+06 49529.6 17108.3 7259.87 6690.3 20628 6443.63 14184.4 12709.8 9608.94 5735.68 10667.3 4605.91 16075.6 34931.6 403560 94614.2 308945 229260 68636.4 19047.2 160624 2.47709e+06 207327 143510
internal_count=3733939 3127629 50790 42080 8710 3076839 135767 120128 16092 16832 606310 175545 5020 430765 11406 2941072 39246 16358 22888 6118 10240 3535 4863 21341 14767 12855 2901826 1404684 715256 43040 4070 1497142 698235 85293 56260 612942 99601 3472 513341 23737 7264 2999 2947 6756 2210 4546 7079 5274 3667 3430 2051 5318 15017 170525 31713 138812 102290 31284 4955 71006 689428 54414 37943
cat_boundaries=0 2 3 4 6 8 10 12 13 15 17 19 21 23 25 26 28 30 32
cat_threshold=3309842804 65 2685444156 67176832 1610886268 32 192004224 84 3796978245 89 3221307972 80 561160 3203711064 43 134496256 8 102448431 77 1629749248 50 3221258752 18 527044608 100 209723408 158077507 56 2718957568 24 1073874976 80
is_linear=0
shrinkage=0.03


Tree=102
num_leaves=64
num_cat=13
split_feature=5 7 10 5 2 17 4 4 18 17 17 2 17 4 10 4 18 13 17 17 18 17 12 10 0 0 18 19 17 12 0 4 0 18 4 17 10 14 10 19 0 16 10 19 4 17 10 17 0 0 0 16 10 2 4 19 18 0 2 17 2 0 17
split_gain=276.982 263.38 258.306 243.3 264.271 258.217 200.667 265.921 359.129 260.926 254.601 247.234 236.909 218.284 373.1 220.385 415.778 224.174 218.267 205.343 202.489 379.691 611.179 231.028 208.01 341.98 198.913 242.862 230.742 232.859 258.1 193.696 191.41 377.511 202.734 533.584 353.652 262.272 303.552 443.53 211.288 442.606 188.845 185.275 178.039 359.912 271.62 712.217 473.823 249.887 207.634 384.177 186.613 178.009 177.609 491.177 246.484 182.795 173.115 170.042 278.999 259.341 333.227
threshold=-0.68081352114677418 2.6421749591827397 1.2610026597976687 -1.7908884882926939 0.53936773538589489 0 -0.21171189099550244 0.65452042222023021 -2.0249447822570796 1 2 0.66508799791336071 3 0.92175588011741649 -1.3084688186645506 1.007509380578995 -2.3239542245864864 -0.49880415201187128 4 5 1.8264871239662173 6 -0.86262157559394825 -0.74728542566299427 157.50000000000003 217.50000000000003 -0.58347153663635243 2.3734664916992192 7 -0.86262157559394825 887.50000000000011 0.84922775626182567 717.50000000000011 2.4210708141326909 -1.3140000104904173 8 -2.4594172239303584 0.26401430368423467 -0.38850553333759302 0.82401347160339367 499.50000000000006 0.59267461299896251 1.9644516110420229 1.3482177257537844 1.7814109921455386 9 -1.8547923564910886 10 901.50000000000011 859.50000000000011 831.50000000000011 0.30758938193321234 -1.0178364515304563 0.98896485567092907 1.9444987177848818 0.024229395203292373 1.6490134596824648 602.50000000000011 0.17018186300992968 11 -0.46974191069602961 217.50000000000003 12
decision_type=2 2 2 2 2 1 2 2 2 1 1 2 1 2 2 2 2 2 1 1 2 1 2 2 2 2 2 2 1 2 2 2 2 2 2 1 2 2 2 2 2 2 2 2 2 1 2 1 2 2 2 2 2 2 2 2 2 2 2 1 2 2 1
left_child=2 26 6 4 5 -4 12 8 9 -8 -9 18 -1 14 31 16 19 -17 -11 -15 -10 24 -23 -24 58 -26 27 -2 -29 -30 -31 -12 34 44 35 37 -37 43 39 40 -39 -42 53 -28 46 -46 47 49 50 -34 51 -49 -47 -38 56 57 -19 -56 -22 60 -18 62 -62
right_child=1 -3 3 -5 -6 -7 7 10 20 11 13 -13 -14 15 -16 17 59 54 -20 -21 21 22 23 -25 25 -27 32 28 29 30 -32 -33 33 -35 -36 36 42 38 -40 -41 41 -43 -44 -45 45 52 -48 48 -50 -51 -52 -53 -54 -55 55 -57 -58 -59 -60 -61 61 -63 -64
leaf_value=0.00024059808126846336 0.00025823336125839729 -0.001470015255903805 0.0086474366625734246 0.00076654643469869859 -0.0028198996736689156 0.0027774064898135812 0.0057744568731830205 0.00080260345361406985 0.00056436328883697736 -0.001515760946891819 -0.0033363461500618202 -0.0015646190125181828 -0.0006200911406581323 0.0032536392019828658 -0.00089030092706267295 -0.0011967198866175645 -0.0031283434582411039 0.00061081026405165179 0.0083218059441718516 0.014166452115148441 0.0090722297849771434 -0.0034766028744559795 0.017790770310475205 0.0076880762877764054 -0.011503720461052677 0.0023727817435335204 0.00046215221613245174 0.0059003566484594882 0.0015014549973289876 -0.0043417596455235441 -0.015179681212095826 -0.011994465899577901 -0.015334474922055285 -0.0091174839282213201 -0.00015567822254620116 -0.0084335213348640664 -0.00034068781914123 0.0094894074771772439 0.0017495819744625571 -0.0021822288677163138 -0.0041926572491165597 0.010745615693903313 0.0072070676080742647 0.0058726711676654868 0.0072950122777098976 0.007468260841266023 -0.00046549456616009688 0.007891336114445327 -0.0079258650192907121 -0.0049587233322690291 0.0095575245494994715 -0.0064802735698370056 -0.00026719854021520304 0.0012944227430645233 -0.0021290697340657092 -0.0090575189208792449 0.0078598944612587457 0.005192454049910135 -0.00022017942690567865 -0.00099352671173227837 0.014325758498531443 0.001751476174388938 0.001818962359176107
leaf_weight=725035.0283203125 1588963.8975830078 123887.2265625 9988.5509538650513 98569.6396484375 4890.6735992431641 20837.292048454285 22146.174423217773 271436.90765380859 606448.33195495605 3092.450798034668 5484.8516845703125 12635.304565429688 477290.70936584473 3063.5404891967773 149505.89093017578 139571.1866607666 8406.8423309326172 130223.45004272461 5890.7733383178711 3181.5347061157227 2824.35968542099 3583.8883075714111 3101.6233863830566 5964.6009845733643 3008.4850195646286 3400.8528581857681 113187.59442138672 2159.6002178192139 4198.8760904073715 8884.9802423715591 2541.5922775268555 4039.3935546875 4664.2125244140625 4537.609375 3612590.7079824805 4576.4736328125 419818.85862755775 14672.239837646484 64722.2236328125 5384.1143188476562 3607.5507354736328 3524.6620025634766 3192.574951171875 5993.0989990234375 7568.8768920898438 2998.5515747070312 1180354.71849823 3312.4575872421265 4458.9923706054688 3792.8349304199219 3618.492431640625 3374.2713937759399 42846.587158203125 69894.57179236412 6728.5258178710938 6342.1636962890625 4357.9792022705078 5634.9071655273438 4979.9397583007812 29585.316501617432 3683.9420700073242 34926.241357088089 4007.9752452373505
leaf_count=280644 582715 48915 3464 37255 1876 7296 8036 87741 217075 1578 2441 4444 176999 1123 52802 64873 3027 36523 1363 985 1013 1164 1067 2083 1102 1233 48102 1326 1806 4187 1182 1375 2392 1703 1328109 1813 153787 4631 20418 1696 1205 972 1551 2993 2407 1070 435244 1620 1547 1671 1333 872 16272 30210 1852 1564 1164 1489 1908 9473 1268 13172 1554
internal_value=-1.12107e-06 -9.85646e-05 0.00025124 0.0015353 0.00365648 0.00468428 0.000187127 0.000420115 0.000858923 0.00348707 5.33957e-05 0.00113986 -0.000101077 -0.000324093 -0.00125718 6.67028e-05 0.00139379 -0.0003269 0.00494386 0.0088479 0.00067728 0.00322579 0.00700245 0.0111522 -0.00014154 -0.00414461 -7.4931e-05 0.000219208 -0.00326653 -0.00453585 -0.006758 -0.00701277 -0.000159587 -0.000484699 -6.46727e-05 0.000399307 -0.00013697 0.00166306 0.00286725 0.00552705 0.00743075 0.00319203 -5.98569e-05 0.00073446 -0.000453499 0.00124124 -0.000528716 -0.0037415 0.000238929 -0.0106742 0.00377414 0.000639681 0.000239455 -0.000107305 0.000465104 -0.00227362 0.000845831 0.00120863 0.00314638 0.00081579 0.00186469 0.00285031 0.00783532
internal_weight=1.01372e+07 7.31333e+06 2.82387e+06 134286 35716.5 30825.8 2.68958e+06 1.48726e+06 677077 43764.7 810181 21618.5 1.20233e+06 538744 159030 379714 86855.4 292858 8983.22 6245.08 633312 26863.8 12650.1 9066.22 14213.6 6409.34 7.18944e+06 1.60675e+06 17785 15625.4 11426.6 9524.25 5.58269e+06 1.26153e+06 4.32116e+06 708574 497482 211091 91910.8 27188.6 21804.5 7132.21 492906 119181 1.25699e+06 53414 1.20358e+06 23221.3 14764.2 8457.05 10305.2 6686.73 45845.1 489713 153287 18705.6 134581 12363.4 7804.3 80610.3 51025 42618.2 7691.92
internal_count=3733775 2701749 1032026 49891 12636 10760 982135 524492 242066 15421 282426 7385 457643 194685 56618 138067 30602 107465 2941 2108 226645 9570 4314 3150 5256 2335 2652834 591216 8501 7175 5369 3816 2061618 466131 1595487 267378 187361 80017 28922 8504 6808 2177 185548 51095 464428 19749 444679 9435 5372 4063 3825 2492 17342 183997 42592 4905 37687 3341 2921 28494 19021 15994 2822
cat_boundaries=0 1 2 3 4 5 6 7 8 9 10 11 12 13
cat_threshold=35817787 19969276 60039701 17530630 33639169 70696 56753792 6357069 59408689 6291522 15032428 6378656 4224
is_linear=0
shrinkage=0.03


Tree=103
num_leaves=64
num_cat=20
split_feature=10 1 2 1 5 7 19 4 1 4 8 4 1 1 8 1 2 8 17 3 0 0 15 1 19 6 19 1 0 10 6 6 1 1 0 14 16 6 4 1 19 1 8 6 1 1 3 10 4 1 10 16 6 0 1 11 1 4 1 16 2 0 1
split_gain=271.246 381.513 281.927 346.763 289.628 281.846 321.852 387.57 622.536 578.6 1383.25 501.996 341.049 333.048 277.584 289.322 275.502 284.566 404.859 256.824 247.545 246.234 248.485 227.376 222.441 222.186 515.772 525.227 423.455 638.323 392.988 368.696 616.514 237.104 219.598 218.977 274.272 238.372 211.465 210.501 209.645 410.312 231.833 278.21 243.524 215.865 205.91 203.654 201.258 229.365 251.555 365.896 195.396 191.879 247.062 189.04 186.254 185.599 185.461 195.174 184.564 183.867 254.625
threshold=1.9644516110420229 0 0.43170821666717535 1 -1.9655067920684812 0.7725571095943452 0.7162228822708131 0.55193653702735912 2 0.60955399274826061 2.4924867153167729 1.3573725223541262 3 4 1.3661783337593081 5 0.98896485567092907 1.0000000180025095e-35 6 -1.1118985414505003 97.500000000000014 187.50000000000003 -0.9336731731891631 7 1.6960514783859255 -0.65054005384445179 1.6960514783859255 8 157.50000000000003 -0.74728542566299427 -1.0665847063064573 -0.52425202727317799 9 10 291.50000000000006 0.26401430368423467 0.59267461299896251 -0.52425202727317799 0.063367111608386054 11 1.6960514783859255 12 1.4957115650177004 0.26413233578205114 13 14 -0.43408909440040583 -2.4594172239303584 -0.72139084339141835 15 -0.31823189556598658 0.28067632019519811 -0.80877134203910817 247.50000000000003 16 1.2220083475112917 17 -0.25480918586254114 18 0.28067632019519811 0.058021802455186851 901.50000000000011 19
decision_type=2 1 2 1 2 2 2 2 1 2 2 2 1 1 2 1 2 2 1 2 2 2 2 1 2 2 2 1 2 2 2 2 1 1 2 2 2 2 2 1 2 1 2 2 1 1 2 2 2 1 2 2 2 2 1 2 1 2 1 2 2 2 1
left_child=5 14 4 38 23 6 19 12 9 10 -9 20 57 21 24 -16 17 18 -10 48 -11 -13 -23 -3 -2 26 58 28 -28 30 -30 32 46 -34 -20 -17 37 -37 -4 -33 42 -42 43 45 -44 -6 -27 -22 49 -1 51 -51 -49 -43 -55 -53 -18 -8 59 -14 -31 62 -54
right_child=1 2 3 -5 40 -7 7 8 16 11 -12 13 25 -15 15 35 56 -19 34 -21 47 22 -24 -25 -26 31 27 -29 29 60 -32 39 33 -35 -36 36 -38 -39 -40 -41 41 53 44 -45 -46 -47 -48 52 -50 50 -52 55 61 54 -56 -57 -58 -59 -60 -61 -62 -63 -64
leaf_value=-0.00095703523670246054 -0.00051533274068769333 0.00053962105307730135 -0.013631144835744369 0.0013109190987317769 -0.0035495203902322346 -0.00040073904864438149 0.00027336888578097094 0.00084371455626135628 0.016080982270151773 0.0057908913129394741 -0.030437424028860609 0.0066234240180934323 -0.0015428492370665231 -0.010016999242298085 0.011251503730125697 0.00021151062212511711 -0.0069196309551548289 -7.6827998333393698e-05 0.0071794625630495585 5.3055859650235022e-05 -0.0081277778193088526 0.0010936797514657947 -0.013096031126243014 0.011667861012014736 0.0080798614865425361 0.014694986924951742 -0.017641835897231121 -0.0014637814162906304 -0.0061882191060421239 0.0062469641399226436 -0.023603593555020487 -0.0022574777780124916 -0.0064788345452857932 0.0014626760490803756 -0.0044760799671963759 0.015987369664538519 0.0012754159735311832 0.0052450597727389022 -0.0038820349524577632 1.5513899415114908e-05 0.014570343844523319 0.0072635690169429177 -0.0018551421072802304 -0.0087585658439725943 0.0035226095014826912 0.0012480742848633233 0.0058711873071178155 -0.0053308441175724981 0.0011779014405056624 0.00050868895671947131 -0.0001281528680517168 0.004164923010121291 0.0045471353031665196 0.0039764295861145615 -0.0089555298171432891 0.011201081537012044 -0.00056664512898115589 0.0023858162123603635 0.00029547754035957251 -0.0088952195954741416 -0.0038185445180118302 -0.0064725886497703552 -0.001332965634361388
leaf_weight=109212.42138671875 17668.510131835938 2923.3447875976562 3227.808655500412 7358.6903076171875 14947.468673706055 1512707.056640625 105825.14392089844 2826.9129102230072 2394.6837768554688 3744.8555593490601 2308.0604784488678 2152.0114154815674 19039.597431182861 12665.450592041016 5928.1676025390625 9094.9343247413635 8379.4234466552734 95134.764507055283 2952.3257343769073 7184739.115871489 4730.4623413085938 2309.0236206054688 2133.9143962860107 3810.8377685546875 3195.6634521484375 3470.8430404663086 3672.7919998168945 20684.999237060547 2366.6418013572693 2354.5330867767334 2303.2516808509827 49129.77490234375 4157.7657852172852 17874.99925994873 2858.7234182357788 3337.6775126457214 5675.7240982055664 4205.8210468292236 5277.1085197925568 144457.42602539062 2626.2228546142578 2821.9777500629425 11636.092181444168 4519.0141267776489 21685.140308380127 19353.925700902939 7594.1946487426758 10841.099427223206 339332.923828125 22532.893615722656 63966.773010253906 10409.530380249023 7995.3374671936035 2681.5067489147186 2611.2853221893311 5133.5095367431641 8240.2024078369141 57915.752319335938 72680.668472290039 3914.0026512145996 5368.1767253875732 4818.5913314819336 38390.986759185791
leaf_count=39435 8046 1016 1267 3167 7064 569268 41845 1099 1122 1553 1172 921 13480 3950 2067 3441 3512 40820 1948 2577251 1796 1464 752 1336 1827 1255 1714 12378 1020 993 1159 16193 2164 7113 1700 1185 1732 1317 1754 58564 1127 1234 3834 1645 6754 7840 2731 5488 133904 11295 28005 3237 3797 1079 1249 1017 3862 20765 33502 1822 2317 1965 15394
internal_value=-4.22813e-06 0.00124279 0.000225662 -0.00346003 0.00087827 -2.35336e-05 4.38099e-05 -0.000554922 -0.0016275 -0.0034426 -0.0132324 -0.00288236 -0.000114075 -0.0071742 0.00342659 0.00536568 -0.000190953 0.000385643 0.00574417 0.000100909 -0.00170977 -0.00169346 -0.00572861 0.00685913 0.000802772 -0.000631492 -0.00160801 -0.00462845 -0.00869506 -0.00604448 -0.0147938 -6.12093e-05 0.0028646 -3.93412e-05 0.00144416 0.0037931 0.00625911 0.0100055 -0.00757897 -0.000561499 0.000391943 0.00430115 -0.000190347 -0.00176584 0.00164515 -0.00084345 0.00863659 -0.00213081 0.000725348 -1.58713e-06 0.00102098 0.00295154 -0.00167297 0.000951643 -0.00241559 0.00649166 -0.00377537 0.00102054 -0.000447132 -0.00279701 -0.000747672 -0.000898086 -0.000318374
internal_weight=1.01403e+07 154587 105480 15863.6 89616.8 9.98572e+06 8.47301e+06 737687 214877 94916.7 5134.97 89781.7 522811 19260.4 49106.5 28242.3 119960 103340 8205.73 7.73533e+06 70521.3 6594.95 4442.94 6734.18 20864.2 359070 132385 36750.4 16065.4 12392.6 4669.89 226685 33097.8 22032.8 5811.05 22314.2 13219.2 7543.5 8504.92 193587 82882.6 10741 72141.6 38820.4 33321.2 34301.4 11065 66776.5 550588 211255 102043 38075.9 62046 8114.77 5292.79 15543 16619.6 163741 95634.3 22953.6 7722.71 51204.9 46386.3
internal_count=3734723 59981 40366 6188 34178 3674742 3105474 311330 92315 39351 2271 37080 219015 7087 19615 9742 52964 45590 4770 2794144 29993 3137 2216 2352 9873 156405 68385 19581 7203 5489 2179 88020 13263 9277 3648 7675 4234 2502 3021 74757 31826 4689 27137 16549 10588 14904 3986 28440 216893 82989 43554 15549 26644 3562 2328 4254 7374 62610 48804 15302 3310 21156 19191
cat_boundaries=0 2 4 6 8 10 11 12 14 16 17 19 20 22 24 25 27 29 31 33 34
cat_threshold=3960357528 3 59773984 84 982614755 26 134906321 18 33376 26 134611472 1536 4269379 104 3763621892 65 3297777698 268435980 4 830478372 7348258 4 4268099 32 11573570 235288126 92 310447169 16 2215407876 4 1151615492 8 34603584
is_linear=0
shrinkage=0.03


Tree=104
num_leaves=64
num_cat=16
split_feature=3 10 1 3 12 4 1 19 1 10 2 12 8 1 1 1 0 18 4 1 0 1 6 4 1 9 19 13 18 6 13 12 1 13 9 9 9 18 2 13 1 8 0 0 10 8 19 18 0 8 1 1 10 0 1 1 0 1 15 12 0 0 7
split_gain=262.237 189.234 489.002 251.245 213.198 234.92 277.657 214.371 305.046 267.127 278.806 326.724 354.725 348.012 313.404 206.797 188.333 207.255 191.711 287.562 205.227 719.303 215.639 355.9 353.162 204.062 200.558 173.678 263.664 266.438 223.023 254.251 250.819 558.718 1561.26 243.361 232.973 228.168 220.565 176.483 165.008 162.492 196.576 206.047 201.794 160.544 228.498 234.48 181.761 190.101 178.397 164.248 159.577 209.54 249.38 180.7 179.836 313.302 386.911 239.466 162.963 159.171 159.153
threshold=0.22438745945692065 1.2610026597976687 0 -1.7563155889511106 -0.29911231994628901 -0.84932526946067799 1 0.077823251485824599 2 -2.4594172239303584 -0.084403350949287401 -0.63114520907402027 1.4407827258110049 3 4 5 127.50000000000001 1.8264871239662173 -0.46439348161220545 6 942.50000000000011 7 -0.72545358538627613 -0.092088464647531496 8 -0.38845841586589808 0.48429609835147863 1.5608298778533938 0.62824100255966198 -0.96107992529869068 -0.576708823442459 -0.9414076805114745 9 -0.88972625136375416 -0.42049902677536005 -0.64710167050361622 -0.75250649452209462 -1.3812113404273985 0.14304283261299136 -0.69766697287559498 10 0.34871199727058416 887.50000000000011 831.50000000000011 -0.020299688912928101 2.4137189388275151 2.3734664916992192 1.8264871239662173 760.50000000000011 4.8341884613037118 11 12 0.45254229009151464 157.50000000000003 13 14 929.50000000000011 15 -0.64477264881134022 -0.56394532322883595 127.50000000000001 157.50000000000003 0.70886623859405529
decision_type=2 2 1 2 2 2 1 2 1 2 2 2 2 1 1 1 2 2 2 1 2 1 2 2 1 2 2 2 2 2 2 2 1 2 2 2 2 2 2 2 1 2 2 2 2 2 2 2 2 2 1 1 2 2 1 1 2 1 2 2 2 2 2
left_child=1 4 3 15 7 -6 -7 62 9 10 -9 12 14 -14 -12 -3 17 -4 19 25 22 -22 23 24 -20 -18 -25 30 29 -29 32 36 33 34 35 -11 37 -32 -30 -35 -24 42 43 -8 -44 46 47 -33 49 51 -49 61 56 54 -54 -55 -10 58 -58 -59 -56 -47 -1
right_child=-2 2 16 -5 5 6 41 8 52 27 11 -13 13 -15 -16 -17 18 -19 20 -21 21 -23 40 26 -26 -27 -28 28 38 -31 31 45 -34 39 -36 -37 -38 -39 -40 -41 -42 -43 44 -45 -46 48 -48 50 -50 -51 -52 -53 53 55 60 -57 57 59 -60 -61 -62 -63 -64
leaf_value=0.00024099757020654752 -0.00018690326967641963 0.0010352559712753337 0.0013001341988727385 0.0020534023822526316 -0.00051882324217226278 0.011856701194791149 0.0030120786590051764 -0.010324251527527126 0.00016287050571999446 -0.0088592180470655098 0.013393333965942476 -0.0097101617955210242 0.0011434932104525319 -0.011672397029555984 -0.0004421324042570215 0.010812004450557312 0.0024630387725524429 0.011214017481093973 -0.016573041957460247 -0.0013034878285162256 -0.01640862306813709 0.0030812371959425332 0.0019363775334612003 0.002009999452730604 -0.002362529805584311 0.010699853397418427 -0.0052719605146427009 -0.012380592093920959 -0.0031547420765852727 -0.0032274803641046484 -0.009444946299052806 0.000883661927125646 -0.00099965302961076662 0.0024963573270561255 -0.035004539528914268 0.0038073532379131634 -0.00017501109484160796 -0.0024924135997087312 0.0047897569402083218 -0.0041634133218016066 -0.0010479864658168971 0.0008168325640805856 -0.0083292605289959978 0.011181521413587704 0.0044630351612575062 -0.0082977735419989037 -0.0049860340813051747 0.012361057249742824 -0.0021829677574278106 0.0021335188103789545 0.0031453580154858791 0.00010591513494609022 -0.0079148960323306046 0.0015133482208157284 0.00044838151667625742 -0.00073474738902327009 0.013558493874888016 0.0018345634659297941 0.0016837459946560474 -0.005052644779258055 -0.0043551774621538066 -0.0014945966346233902 -0.00028072810131523853
leaf_weight=3690994.3471679688 3866124.125 3005.4052276611328 7503.5825805664062 97458.535400390625 61996.460815429688 2360.0146484375 40097.863130629063 4914.3362426757812 694881.58666992188 3087.0577945709229 2536.2152938842773 4083.8009583950043 4508.04248046875 3290.3114259243011 3494.670551776886 5579.5498504638672 18486.057817459106 2536.1102294921875 3121.7001342773438 20247.506191372871 3227.1343383789062 3589.0444946289062 25296.705032348633 8597.7218356132507 3188.7645416259766 3167.6071605682373 5627.9683837890625 3299.8639526367188 6182.6808013916016 21430.431640625 4910.4426879882812 126214.4289226532 92519.703199386597 6551.7239074707031 1861.6981792449951 2440.3421325683594 43265.080703735352 31360.359497070312 6391.7920074462891 7886.9924392700195 48847.770843863487 98153.35009765625 2645.6287651062012 2981.5518188476562 1905.0215644836426 4298.4170894622803 5553.52099609375 2669.7156372070312 39489.118530273438 31918.933227539062 6491.7666931152344 55335.51770401001 6871.6453247070312 41034.4248046875 15657.852111816406 148901.47375488281 4323.557147026062 29443.112453460693 5753.6106996536255 5367.6191139221191 10693.98291015625 11034.728662490845 613719.92163085938
leaf_count=1277966 1447493 1164 2898 40330 30066 1221 20731 1922 271809 1818 958 1769 1618 998 1774 2275 7307 1092 1298 8011 940 1194 7419 4728 1743 1185 3286 999 2195 8191 1630 48528 47037 3048 951 1266 14298 10047 2293 3579 15223 44909 1398 1567 1007 1205 1942 888 12973 11773 2703 17898 3747 25304 5437 48682 1779 11280 2214 2331 3661 3104 224068
internal_value=7.44681e-06 0.000127203 0.000920421 0.00248681 9.29821e-05 0.00103169 0.00168056 5.89981e-05 -0.000249852 -0.000822724 -0.00399795 -0.00225997 -5.71986e-05 -0.00428134 0.00540394 0.00740577 -0.000162334 0.0038088 -0.000440499 0.00126661 -0.00114528 -0.00617108 -0.000783155 -0.00350316 -0.00942981 0.00366846 -0.00087173 -0.00068174 -0.00265293 -0.00445107 -0.000527518 -0.000163157 -0.00168268 -0.0045743 -0.0112828 -0.00326855 -0.00166172 -0.00343484 0.000883864 -0.00114165 -2.95957e-05 0.00151451 0.00295232 0.00357872 -0.00297505 0.000258018 0.000975435 0.00122017 -0.000453615 0.000212141 0.00585307 -0.000655778 6.96466e-05 -0.000633497 -0.00283131 -0.000248993 0.000281761 0.00212201 0.00677602 0.0007718 -0.00150086 -0.00340163 0.000166615
internal_weight=1.01404e+07 6.27429e+06 259481 106043 6.0148e+06 210140 148143 5.80466e+06 1.49995e+06 537022 22827.4 17913 13829.2 7798.35 6030.89 8584.96 153438 10039.7 143398 41901.2 101497 6816.18 94680.6 20536.2 6310.46 21653.7 14225.7 514194 37304.8 24730.3 476890 362542 114348 21827.8 7389.1 5527.4 79535.9 36270.8 12574.5 14438.7 74144.5 145783 47630.1 43079.4 4550.65 283006 140929 135376 142077 102588 9161.48 70668.7 962929 223159 33223.5 189936 739769 44887.9 10077.2 34810.7 26351.8 15333.1 4.30471e+06
internal_count=3734168 2286675 100093 43769 2186582 100899 70833 2085683 583649 207405 9039 7117 5348 2616 2732 3439 56324 3990 52334 16503 35831 2134 33697 11055 3041 8492 8014 198366 13678 9190 184688 126989 57699 10662 4035 3084 25975 11677 4488 6627 22642 69612 24703 22298 2405 101014 54061 52119 46953 33980 3591 22207 376244 86831 12845 73986 289413 17604 3993 13611 9098 4309 1502034
cat_boundaries=0 2 3 5 7 9 11 13 15 17 18 20 21 22 24 26 27
cat_threshold=3209577112 26 65536 437600818 82 167854608 2 33570848 64 2986360960 16 1088772 97 1073817669 65 1073746240 64 262656 1075879972 65 167772192 167772208 2703229248 1 3844079680 9 2151716096
is_linear=0
shrinkage=0.03


Tree=105
num_leaves=64
num_cat=20
split_feature=7 3 0 2 1 14 19 1 16 1 15 15 1 10 1 0 1 19 19 10 1 12 19 10 19 1 0 2 1 1 19 4 1 4 4 0 4 1 8 1 10 5 2 0 1 2 12 1 10 1 9 1 2 1 0 2 16 8 14 12 1 1 4
split_gain=262.038 272.226 207.554 273.876 431.663 236.762 287.769 552.651 343.584 460.667 301.602 259.686 232.581 231.529 509.635 428.801 231.124 283.305 220.043 218.175 616.203 299.392 447.902 269.667 299.961 403.917 294.659 405.369 434.648 394.463 308.747 269.861 287.019 266.87 633.452 555.913 291.855 255.161 215.084 215.012 202.813 246.065 220.423 199.169 472.994 386.212 284.635 252.781 242.057 602.032 240.114 434.839 227.34 224.191 250.554 250.059 383.32 223.804 284.398 318.569 286.619 277.858 213.045
threshold=-1.0342245697975156 1.7527557015419009 775.50000000000011 -1.0736950039863584 0 0.19009767472743991 0.42878660559654241 1 0.81742417812347423 2 -0.69968736171722401 -0.46259239315986628 3 -1.5296894907951353 4 887.50000000000011 5 1.1229721903800967 0.10759888216853143 1.2610026597976687 6 -0.69466486573219288 1.6960514783859255 0.10113328322768213 1.1229721903800967 7 202.50000000000003 0.058021802455186851 8 9 -0.024582839570939537 1.0704205036163332 10 0.32278256118297582 0.60955399274826061 381.50000000000006 1.3573725223541262 11 -0.091355957090854631 12 1.9644516110420229 -1.7908884882926939 -1.0736950039863584 276.50000000000006 13 -0.22781497985124585 -0.81361308693885792 14 -2.4594172239303584 15 -0.84036657214164723 16 -1.8440827727317808 17 112.50000000000001 0.087593872100114836 0.39342825114727026 2.7955322265625004 1.0290583372116091 -0.64261594414710987 18 19 -2.7422921657562251
decision_type=2 2 2 2 1 2 2 1 2 1 2 2 1 2 1 2 1 2 2 2 1 2 2 2 2 1 2 2 1 1 2 2 1 2 2 2 2 1 2 1 2 2 2 2 1 2 2 1 2 1 2 1 2 1 2 2 2 2 2 2 1 1 2
left_child=40 2 19 4 -4 16 13 11 12 10 -10 -8 -9 14 18 -16 17 -5 -7 23 -21 22 -22 24 43 33 27 29 -29 -25 39 -32 -33 -26 35 -35 -36 -23 -19 -31 -1 42 -42 44 46 47 -2 -46 49 -47 51 -49 -48 54 55 -54 -57 58 59 60 -52 -59 -50
right_child=1 -3 3 5 -6 6 7 8 9 -11 -12 -13 -14 -15 15 -17 -18 38 -20 20 21 37 -24 26 25 -27 -28 28 -30 30 31 32 -34 34 36 -37 -38 -39 -40 -41 41 -43 -44 -45 45 48 52 50 62 -51 57 -53 53 -55 -56 56 -58 61 -60 -61 -62 -63 -64
leaf_value=0.00036436305928169412 -0.00090241336895170666 -0.0013973605376903838 0.00061519920775308067 0.0005739751371910116 -0.0029447088487911297 0.0038610571737756538 -0.0046120537201431574 -0.0026639306446809923 -0.0045268344241249907 -0.012451410248777533 0.0051728647508987218 -0.015256798908228777 0.00074511664053319299 -0.00046609742467269572 -0.0092719961464176586 0.0035049994131354447 -0.00021736287552782003 0.013456422361359329 0.013334894784868366 -0.00054084887771205551 0.002936781006650764 -0.0021264705317507061 0.012636787954297282 0.0013016928224294489 -0.0015558148312595811 -8.256211722208859e-05 -8.4752705861610648e-05 -0.00019528698252668103 -0.002908883186540243 0.0047456602756872348 -0.0014924111172324478 -0.0016093070094795111 -0.010047499019589146 -0.026262528660194396 -0.0013465248335525219 -0.0050969383213727891 -0.012067871293539601 0.0024752079747790696 0.0032682215691575379 -0.00021906426192211975 0.014552871557864219 0.0015602668260223649 0.002509541889743614 8.2878798381149794e-05 -0.0033848796663629734 0.0045888183626251666 0.0077602726994774433 0.014532239096920575 0.005429361818829196 -0.011362915409677623 0.0004593421725336123 0.00015626636686888945 -0.00080564744470132898 -0.0002763619806204848 0.00073410461646229394 0.0037894617398046395 0.014784093112812898 -0.0034750569908837516 0.011238839837185826 -0.0006011684767648417 0.0070289564816008385 0.002584054902322626 0.00080506072948091265
leaf_weight=1105750.455078125 224845.201171875 134131.009765625 48408.370361328125 266897.98181152344 83571.418701171875 4941.769323348999 4523.7929744720459 28289.648727416992 12307.363567352295 5294.3188533782959 3763.5089912414551 3796.1193332672119 49518.100091934204 646029.13720703125 4056.9802494049072 5650.6351318359375 606123.01879882812 2111.5006713867188 3990.0147094726562 131105.30932617188 76896.324829101562 19731.891662597656 4532.80224609375 106270.16021728516 40679.414628982544 140515.73400878906 2105133.87890625 87447.68701171875 135369.07415771484 9323.806884765625 71231.408894062042 7036.4341125488281 7510.6134905815125 2242.1713733673096 14369.4462890625 2226.2595043182373 2712.6409435272217 24042.503967285156 15751.580383300781 49270.428512573242 2789.8559265136719 22333.898254394531 2683.5251159667969 2976807.2109375 5414.0380859375 3863.6883544921875 3862.1474609375 4382.8349304199219 9143.6431884765625 4714.6993408203125 8434.3691787719727 3336.536262512207 6411.6058588027954 161090.41724681854 85579.0146484375 13307.036070823669 3630.2650423049927 9182.1701316833496 4622.4922637939453 12526.984450936317 20587.56682240963 26255.926818847656 450795.86214697361
leaf_count=419617 73162 53031 19127 145597 27611 1344 1578 9521 3782 1407 884 827 17884 188596 1336 1673 224322 1230 957 53014 26573 10107 1883 39730 17858 58895 771520 37886 47582 3761 24284 2444 2543 1226 7246 995 1217 8966 9473 15257 1056 9074 1006 1079854 1223 1428 1328 1559 3008 1772 3362 944 2012 64761 26958 4470 966 2342 1279 5713 7216 9402 167443
internal_value=-1.86283e-06 -5.59717e-05 -3.56899e-05 -0.000323801 -0.00163919 -0.000219407 -0.000603893 -0.00204399 -0.00141997 -0.00478941 -0.00225304 -0.0094638 -0.000494696 -0.000370982 0.00292491 -0.00183486 0.000113842 0.000818791 0.00808926 3.73932e-05 0.000896657 0.00240174 0.00347748 5.10039e-06 0.000152185 -0.00097381 -0.00023684 -0.000913056 -0.00184406 -8.53898e-05 -0.00110642 -0.00225306 -0.0059759 -0.00298559 -0.00568489 -0.0157349 -0.00305211 0.000401014 0.00447594 0.000572057 0.000428006 0.00295822 0.00865587 0.000208711 0.000561424 0.00115716 -0.000111428 0.00290404 0.000803907 -0.00418769 0.00328538 0.00834167 0.000537941 0.000434497 0.00148562 0.00423998 0.00614967 0.00280703 0.00418329 0.00339708 0.00512268 0.00101359 0.00089705
internal_weight=1.01392e+07 9.0056e+06 8.87147e+06 1.79503e+06 131980 1.66305e+06 772161 107493 99172.9 21365.2 16070.9 8319.91 77807.7 664669 18639.4 9707.62 890884 284761 8931.78 7.07644e+06 256309 125204 81429.1 6.82013e+06 4.24154e+06 202746 2.57859e+06 473460 222817 250643 144373 85778.5 14547 62229.9 21550.5 4468.43 17082.1 43774.4 17863.1 58594.2 1.13356e+06 27807.3 5473.38 4.03879e+06 1.06199e+06 563261 498726 94742.9 468518 8578.39 89328.9 7719.37 273880 270018 108928 23348.9 16937.3 81609.5 46171.4 41548.9 29021.9 35438.1 459940
internal_count=3734122 3303369 3250338 657149 46738 610411 229789 35883 33478 6073 4666 2405 27405 193906 5310 3009 380622 156300 2301 2593189 100543 47529 28456 2492646 1547639 87437 945007 173487 85468 88019 48289 29271 4987 28542 10684 2221 8463 19073 10703 19018 430753 11136 2062 1460202 380348 206691 173657 33040 173651 3200 31817 2503 100495 99167 34406 7448 5436 29314 17570 16291 10578 11744 170451
cat_boundaries=0 2 3 5 7 8 10 12 14 16 18 20 22 23 25 26 28 29 31 33 34
cat_threshold=2564083736 69 167772169 2147496706 8 1091113474 2 2199388571 196084184 46 850443329 117 2721318561 40 3596016664 32 3366274017 27 18005010 4 1145455118 2 571506704 2632882296 64 8192 50405895 34 1645232132 2156267552 64 1125122432 17 570490881
is_linear=0
shrinkage=0.03


Tree=106
num_leaves=64
num_cat=14
split_feature=3 2 4 17 0 18 17 7 5 6 2 0 17 19 17 4 12 0 0 18 19 0 17 4 14 17 15 2 16 17 4 17 13 17 16 18 15 0 16 12 8 4 17 4 18 17 17 0 19 18 17 5 15 0 4 17 0 16 14 8 13 15 8
split_gain=259.459 246.006 352.669 293.907 252.165 278.659 247.754 229.632 185.364 178.655 169.174 623.196 165.106 178.886 164.359 158.499 302.549 235.803 157.699 156.14 153.403 181.15 288.908 253.121 223.703 286.445 226.422 184.948 280.32 368.235 284.573 176.834 180.852 171.322 250.552 217.731 390.54 196.573 190.971 240.16 190.263 409.473 405.226 368.447 822.689 301.375 264.753 250.575 266.683 217.018 247.814 207.859 186.531 178.018 458.913 514.665 293.775 194.669 315.354 180.876 177.037 168.853 289.507
threshold=1.4770151972770693 -1.8440827727317808 -0.13379042595624921 0 529.50000000000011 1.2956186532974245 1 -1.9914887547492979 0.50292018055915844 -0.52425202727317799 -1.3179268240928648 172.50000000000003 2 0.24361466616392138 3 -2.7422921657562251 -0.82210367918014515 887.50000000000011 82.500000000000014 -0.52886003255844105 0.077823251485824599 645.50000000000011 4 2.2173740267753606 0.83910587430000316 5 -0.46259239315986628 -0.72702601552009571 0.91046038269996654 6 -1.6296737790107725 7 -1.0590462088584898 8 0.058166939765214927 0.32990394532680517 0.10947708785533906 499.50000000000006 0.11208584532141687 -0.78893500566482533 0.34871199727058416 0.089645657688379302 9 2.2173740267753606 -1.1019436120986936 10 11 291.50000000000006 1.1229721903800967 -0.32432694733142847 12 -1.7908884882926939 -1.0000000180025095e-35 411.50000000000006 0.38342870771884924 13 529.50000000000011 -0.18695095926523206 -0.1849480792880058 1.0000000180025095e-35 0.65976771712303173 1.4209709763526919 1.2464484572410586
decision_type=2 2 2 1 2 2 1 2 2 2 2 2 1 2 1 2 2 2 2 2 2 2 1 2 2 1 2 2 2 1 2 1 2 1 2 2 2 2 2 2 2 2 1 2 2 1 1 2 2 2 1 2 2 2 2 1 2 2 2 2 2 2 2
left_child=7 2 3 -2 5 -5 -4 10 15 14 11 -1 13 -3 18 16 17 -9 -10 -13 21 27 23 -23 -24 26 -26 28 30 -30 -17 32 -32 34 -22 36 -36 -38 39 -37 41 45 47 61 -45 51 -46 48 -43 50 -49 -35 -40 54 55 -44 -55 58 -56 -59 -57 -42 -63
right_child=1 12 6 4 -6 -7 -8 8 9 -11 -12 19 -14 -15 -16 20 -18 -19 -20 -21 33 22 24 -25 25 -27 -28 -29 29 -31 31 -33 -34 40 35 38 37 -39 52 -41 43 42 53 44 46 -47 -48 49 -50 -51 -52 -53 -54 56 57 60 -58 59 -60 -61 -62 62 -64
leaf_value=0.014934155930440238 -0.014310832653368773 -0.00046677527825058425 0.0084741733499571776 -0.0021201623504553601 -0.00060141182174784733 -0.014994557630285966 -0.0035056459036564322 -0.002009946149042412 -0.0039456358433119978 -0.0003693999661547883 0.00059198199329790063 0.0051412131261464756 -0.00098370833463681156 0.0030927786358583985 -0.00010606263761832141 -0.0030866949439385732 0.00015685678016165186 -0.0086595699845394454 0.00083023206953521361 9.9117899822922086e-05 0.00020584198996405706 0.00029566319472622673 -0.00025290327256827423 0.0048513470698242581 -0.0097743081143831876 -0.00066169242774377429 -0.0029583858364216572 0.00027350390283431894 0.0012696264586730718 0.0098869154825444901 0.0069726223599962424 0.00058307449459302045 0.001937532411178084 0.010693088040676403 -0.0018937615553811448 -0.012599355998723584 -0.0037316286223359279 -0.011579787128514759 -0.00041140530149337242 -0.00071528199445161915 3.7842867210835233e-06 0.019460982190821648 0.021308908493292308 -0.018059446671146926 -0.0038436709897871047 -0.0012744205472171733 0.0062295574749878036 0.016626730932730927 0.0059186525239930156 0.00035080927590722068 0.0041792881312127219 0.0013544425839440344 0.0051513756398307636 -0.0070094532011825946 -0.0024097513468206802 -0.00035654639259317798 0.0010490988073181835 0.0025928937579812027 0.015467118759764071 -0.0030286282621452974 0.010212658923005477 -0.0040127994714169446 -0.00023687111300968547
leaf_weight=3449.8586263656616 3159.900520324707 34101.563575744629 2990.2800941467285 2935.0329642295837 7779.1584434509277 3122.3345947265625 3205.5258049964905 49197.9775390625 6358.6698608398438 1949206.77734375 271874.1494140625 7521.0605671405792 224080.1427230835 20246.936279296875 847658.40924072266 15177.855350971222 92803.794189453125 5314.263916015625 280783.9072265625 20817.039790868759 105331.96411132812 776465.87353515625 744185.28112792969 11128.90283203125 5174.4906921386719 72973.652954101562 28716.697174072266 2776657.8846588731 11204.389465332031 7416.6520385742188 7509.2125368118286 125061.96032619476 44161.055220127106 2265.3004150390625 63175.726350784302 2445.8202590942383 5424.0306224822998 6117.0206146240234 43719.12658727169 4076.932731628418 1140299.0411872864 2345.7004852294922 2209.2351989746094 3290.7083740234375 8643.7183694839478 82188.3994140625 3207.6710958480835 2060.2076416015625 2967.2788696289062 6637.6628608703613 4794.304027557373 38953.255599975586 6188.6365352869034 5062.1767272949219 1646.9031143188477 3234.5675773620605 20713.622131347656 9784.1281147003174 1919.4994335174561 10867.947723388672 2545.9792442321777 26066.039745330811 61114.600891113281
leaf_count=1233 920 12138 884 1027 2883 1061 1270 15074 2572 618469 107310 2555 95088 7202 388088 6222 36880 1558 114471 7812 42416 243802 309722 3758 1212 18377 5507 991641 2750 2259 3929 42564 14532 1233 26623 1230 1542 1689 18106 1779 440552 1369 728 1102 2337 46750 1468 826 1475 3517 2748 23296 1579 2715 1105 2078 10971 5460 1077 4553 1066 6601 11411
internal_value=-4.57135e-06 -0.000871264 -0.00383951 -0.00607263 -0.00417339 -0.0087633 0.00228635 2.19951e-05 -3.86576e-06 -0.000195179 0.000834137 0.0029048 -0.000623953 0.000859302 0.000104075 8.75742e-05 -0.000885143 -0.00265894 0.00072438 0.00143798 0.000110302 0.00019946 -5.4015e-05 0.000360062 -0.000437217 -0.00172071 -0.00399915 0.000338505 0.00119577 0.00470956 0.000854708 0.00119327 0.00266937 -0.000135294 -0.000883735 -0.00175888 -0.00282113 -0.00789455 -0.00035228 -0.00517766 -1.2615e-05 0.000845664 0.00256558 -0.000150893 -0.00480119 -0.000224601 -0.00111378 0.00639062 0.0119103 0.00421819 0.00796024 0.00186846 0.000278835 0.00132328 0.00281037 0.00904255 -0.000534594 0.000752899 0.00722007 -0.000365393 0.00429592 -9.35084e-05 -0.001366
internal_weight=1.01417e+07 301621 23192.2 16996.4 13836.5 6057.37 6195.81 9.84012e+06 9.53645e+06 3.08401e+06 303662 31788 278429 54348.5 1.1348e+06 6.45245e+06 147316 54512.2 287143 28338.1 6.30513e+06 4.62583e+06 1.63864e+06 787595 851050 106865 33891.2 2.98719e+06 210531 18621 191910 176732 51670.3 1.6793e+06 236479 131147 74716.8 11541.1 56430.5 6522.75 1.44282e+06 200196 76789.2 1.24262e+06 15142.1 123407 11851.4 18805.2 5312.98 13492.2 6854.51 41218.6 49907.8 57984.1 32208.3 7989.78 25775.8 24218.5 3566.4 20652.1 5780.55 1.22748e+06 87180.6
internal_count=3734172 122473 8045 5891 4971 2088 2154 3611699 3492789 1123600 118910 11600 114428 19340 505131 2369189 53512 16632 117043 10367 2315677 1646275 582378 247560 334818 25096 6719 1063897 72256 5009 67247 61025 18461 669402 94964 52548 29854 3231 22694 3009 574438 110967 39688 463471 4907 71279 3805 9935 2844 7091 3574 24529 19685 29753 16067 3872 13686 12195 2182 10013 3144 458564 18012
cat_boundaries=0 1 2 3 4 5 6 7 8 9 10 11 12 13 14
cat_threshold=50 17084770 8693313 56797316 41031946 33920 12600336 58755373 36047104 17831425 77893 4265472 1024 8388610
is_linear=0
shrinkage=0.03


Tree=107
num_leaves=64
num_cat=15
split_feature=3 1 10 15 18 10 1 7 19 1 15 13 10 1 1 6 15 4 11 10 1 18 1 11 15 11 11 6 6 19 1 18 6 9 10 10 1 10 1 13 2 1 18 15 1 12 15 4 9 6 19 18 1 9 12 18 1 4 12 1 10 2 11
split_gain=276.564 196.799 253.026 235.533 194.988 194.484 468.823 203.525 201.411 222.046 237.231 5656.56 232.68 988.143 192.839 177.428 262.938 248.309 176.387 169.632 260.581 250.298 301.899 246.351 167.255 1714.02 3600.67 830.404 183.245 153.723 433.94 453.234 296.031 282.324 230.45 177.06 163.142 200.568 160.124 152.127 149.537 228.848 198.854 177.161 221.175 203.695 216.015 190.087 147.042 162.502 143.781 142.479 166.592 142.15 141.962 170.499 137.524 137.402 136.031 210.538 232.76 135.829 134.478
threshold=0.8225919008255006 0 1.9644516110420229 0.51258745789527904 0.37184837460517889 1.5109481215476992 1 0.46132624149322515 -0.13611029833555219 2 1.3119027614593508 1.0947058796882632 -2.4594172239303584 3 4 -0.72545358538627613 -1.7491582036018369 0.78444683551788341 0.45532412827014929 -1.3084688186645506 5 0.4555495977401734 6 0.9988386631011964 -1.5161291956901548 -0.53359326720237721 -0.58883816003799427 0.63447225093841564 -0.80877134203910817 2.3734664916992192 7 1.2086064815521242 -0.65054005384445179 -0.77439677715301503 -0.42811138927936548 -0.42811138927936548 8 -0.91050890088081349 9 1.42017138004303 0.53936773538589489 10 2.4210708141326909 -1.5161291956901548 11 -0.89298856258392323 -1.163821220397949 -0.21171189099550244 -0.88391992449760426 -0.88341534137725819 1.6960514783859255 -2.0249447822570796 12 -0.52580562233924855 -1.0883173942565916 1.2956186532974245 13 0.92175588011741649 -1.0883173942565916 14 -0.17384537309408185 -1.8440827727317808 1.3072298765182497
decision_type=2 1 2 2 2 2 1 2 2 1 2 2 2 1 1 2 2 2 2 2 1 2 1 2 2 2 2 2 2 2 1 2 2 2 2 2 1 2 1 2 2 1 2 2 1 2 2 2 2 2 2 2 1 2 2 2 1 2 2 1 2 2 2
left_child=5 2 51 4 -4 7 15 8 9 10 62 -12 13 -11 24 16 -7 48 -13 20 23 -22 -23 57 25 26 -10 28 -27 -16 32 33 36 -32 -35 -33 -31 -38 -36 40 42 -42 43 47 45 -45 -47 56 -18 -50 -17 52 -2 -41 55 -21 -8 -3 59 60 -26 -60 -1
right_child=1 19 3 -5 -6 6 39 -9 14 12 11 18 -14 -15 29 50 17 -19 -20 54 21 22 -24 -25 58 27 -28 -29 -30 30 31 35 -34 34 38 -37 37 -39 -40 53 41 -43 -44 44 -46 46 -48 -49 49 -51 -52 -53 -54 -55 -56 -57 -58 -59 61 -61 -62 -63 -64
leaf_value=0.0005256884176670295 0.0074441398435546686 -0.0019054683725363902 0.011571449397085272 -0.0027708425412932714 0.00329297117576373 0.015379054153171241 0.0028552415869020601 -0.00022078210082833444 0.0030171137572536809 0.017374530706106658 0.040011690291028953 0.00080103118848065026 0.00013181138937612939 -0.0049721955462564494 0.0001174857316690435 0.0011656610080437906 0.0085239570556042924 0.011609577192034412 -0.0039612064557250325 -0.0013424103565936704 -0.0016994615645016364 -0.014108981330614308 -0.0042048342820856007 0.0073376068374423663 -0.016131439357706938 -0.002939946770682187 -0.040431686669206025 -0.015964740632090614 0.00076259271226480278 -0.01644564766659265 -0.0048823810470690074 -0.013766348886590406 -0.0020833484655546249 0.0069735097408101946 0.0055236541735077674 -0.0024229895249398034 -0.014287483030239372 -0.0020806212165302308 -0.0043526580524649661 0.0046085474475608757 0.0011164493299374977 -0.0049327187519131168 0.0063743568813902276 -0.0074739192011444629 0.00030869881712548489 -0.0066897416452733338 0.0009289767406211179 0.00063691207770319122 0.00010144973084057003 0.0092325904300240118 0.0084299786452430043 -0.000107284326435822 0.00060815038069024789 -0.0017457277768341405 -0.0004373891026564588 -0.0064147921954904857 0.011921558151277463 0.0049985588059266225 0.0044746742861217249 -0.00121072171050552 -0.0014751392015863514 -0.0002275382006294057 0.0028013735812898819
leaf_weight=747206.23706054688 4856.3711547851562 16934.78881072998 3804.4047927856445 3603.0257015228271 7830.8409900665283 2166.5882186889648 3164.1508712768555 2029605.4184570312 3921.0451965332031 3350.1688613891602 3368.7302093505859 18969.761795043945 3069495.2610473633 3774.7007675170898 1864092.9817472696 25139.331176757812 3330.9512335062027 3545.3749684095383 11087.006774902344 32762.377136230469 30313.345336914062 3482.2529907226562 13536.865783691406 3959.7477340698242 1848.5564193725586 14768.40892791748 3047.4434509277344 3009.9902954101562 64785.487617492676 2296.5213928222656 3546.4425468444824 2124.4719886779785 11232.574801445007 11126.048555374146 2494.5908355712891 2966.2213096618652 1965.9640884399414 3148.9707536697388 3577.4007587432861 12255.294292449951 9954.0590267181396 12931.600814819336 4694.7181396484375 6433.078857421875 102316.22082138062 4635.3572821617126 12035.625759601593 11244.784066438675 11509.055619955063 2064.5262973308563 2712.5887451171875 411439.87131118774 9423.4997215270996 4269.7458229064941 827995.52868652344 7287.5868530273438 2903.3132197856903 3058.6648712158203 5580.4766845703125 56939.668243408203 2060.3555068969727 544992.7473449707 24120.4716796875
leaf_count=286239 2072 6683 1464 1111 3140 1405 1572 748926 2053 883 1035 5769 1038993 1640 698791 9810 1118 1680 3394 10209 12915 1184 6051 1003 931 5645 1764 845 30926 1130 1345 960 4314 4714 1641 1485 1219 1760 1597 3419 4076 4993 1860 1859 35863 2748 4174 5921 6214 989 1131 168568 3526 960 327299 2098 1542 1060 1747 18560 1198 214540 10070
internal_value=2.81261e-06 -0.000391874 0.000130956 0.0039287 0.00600361 6.50181e-05 0.000912127 4.14245e-05 0.000123413 0.000260437 0.000704098 0.00317824 0.000144385 0.00555762 -8.03958e-05 0.00347728 0.00545172 0.00439645 -0.000955977 -0.000637305 -0.00204407 -0.00333388 -0.00624561 0.00050598 -0.000505937 -0.00171691 -0.0159992 -0.000510578 7.51106e-05 7.58942e-05 -0.00166698 0.000850838 -0.00515292 0.00281976 0.00440899 -0.00716572 -0.00980749 -0.00676857 -0.000291983 0.000218958 -4.77142e-05 -0.00230365 0.000302548 0.00010262 -0.000290097 -0.00294021 -0.00119077 0.00294696 0.00288066 0.00149317 0.00187454 -5.02294e-06 0.0029404 0.0029667 -0.000521774 -0.00226608 0.0072241 -0.000848282 -0.000328605 -0.00167457 -0.00839652 -0.000179838 0.00059687
internal_weight=1.01381e+07 1.38029e+06 440958 15238.3 11635.2 8.75781e+06 237306 8.5205e+06 6.4909e+06 3.88137e+06 804752 33425.5 3.07662e+06 7124.87 2.60953e+06 50468.4 22616.5 20449.9 30056.8 939331 71285.7 47332.5 17019.1 23953.2 700954 89532.4 6968.49 82563.9 79553.9 1.90857e+06 44479.2 25835.2 18644 20744.5 17198 5090.69 7411.46 5114.93 6071.99 186838 170313 22885.7 147427 142733 125420 23104.1 16671 17312.2 16904.5 13573.6 27851.9 425720 14279.9 16525 868045 40050 6067.46 19993.5 611422 60848.6 3908.91 550573 771327
internal_count=3733831 548383 179881 5715 4604 3185448 91334 3094114 2345188 1348023 306507 10198 1041516 2523 997165 22347 11406 10001 9163 368502 28896 20150 7235 8746 278209 41233 3817 37416 36571 718956 20165 11742 8423 9297 7952 2445 4109 2979 3238 68987 64608 9069 55539 53679 44644 8781 6922 9035 8321 7203 10941 174166 5598 4379 339606 12307 3114 7743 236976 20689 2129 216287 296309
cat_boundaries=0 2 3 5 7 9 11 13 15 17 19 21 23 25 27 29
cat_threshold=1610886524 36 2386968720 436503040 21 4796856 64 1510343176 22 319881219 66 4718592 16 2758887428 65 536870916 1 4336 40 1082762053 50 2631744 24 1128 4 1090519106 25 262144 2
is_linear=0
shrinkage=0.03


Tree=108
num_leaves=64
num_cat=18
split_feature=10 1 9 2 19 1 8 3 4 5 19 1 2 4 9 17 0 1 14 1 8 1 9 9 1 14 17 18 0 1 19 13 10 1 18 2 1 0 3 1 0 14 18 1 13 8 11 14 9 1 0 10 2 1 1 4 19 1 10 8 14 11 14
split_gain=264.865 392.106 292.119 273.192 311.184 311.162 244.858 236.202 214.218 286.449 210.171 672.4 270.907 252.982 200.375 190.958 206.629 188.188 170.045 249.576 157.36 156.223 156.207 196.287 1299.24 2746.37 443.405 183.025 396.864 386.933 231.18 244.945 278.769 243.298 203.049 306.433 394.053 269.042 358.591 314.009 303.035 254.958 243.717 213.923 203.289 267.367 974.008 1982.94 202.178 185.348 178.197 174.051 257.56 265.823 190.483 186.175 185.815 242.89 165.462 218.659 419.161 357.455 863.178
threshold=1.9644516110420229 0 0.26243089139461523 0.46665683388710028 1.6960514783859255 1 1.3661783337593081 0.4682947993278504 0.92175588011741649 -2.2323027849197383 2.3734664916992192 2 0.46665683388710028 -0.80504435300827015 -0.6566486358642577 3 499.50000000000006 4 0.12561362236738208 5 -0.25356876850128168 6 -0.22357788681983945 -0.31511975824832911 7 0.7580358386039735 8 2.4210708141326909 616.50000000000011 9 0.42878660559654241 0.27211296558380133 -0.25563614070415491 10 -0.3741172850131988 -1.0736950039863584 11 731.50000000000011 -1.3307987451553343 12 803.50000000000011 0.28698822855949407 -1.3812113404273985 13 -0.576708823442459 5.1909887790679941 -0.44955773651599878 0.20728760957717898 -0.91590857505798329 14 127.50000000000001 -0.91050890088081349 0.11539004743099214 15 16 1.5712455511093142 0.32682363688945776 17 -0.17384537309408185 1.7568544149398806 0.62470096349716198 0.50269123911857616 -0.17343234270811078
decision_type=2 1 2 2 2 1 2 2 2 2 2 1 2 2 2 1 2 1 2 1 2 1 2 2 1 2 1 2 2 1 2 2 2 1 2 2 1 2 2 1 2 2 2 1 2 2 2 2 2 1 2 2 2 1 1 2 2 1 2 2 2 2 2
left_child=7 3 8 4 6 -5 15 10 9 -3 22 12 18 -14 -6 -2 -17 -10 -12 -20 -13 -22 23 27 25 26 -25 34 29 30 31 32 -29 -32 35 36 42 38 39 -38 -39 -42 -1 44 45 48 47 -47 -36 -37 -46 52 53 55 -53 -50 -54 -58 59 60 61 -45 -63
right_child=1 2 -4 5 14 -7 -8 -9 17 -11 11 20 13 -15 -16 16 -18 -19 19 -21 21 -23 -24 24 -26 -27 -28 28 -30 -31 33 -33 -34 -35 43 49 37 40 -40 -41 41 -43 -44 58 50 46 -48 -49 51 -51 -52 54 56 -55 -56 -57 57 -59 -60 -61 -62 62 -64
leaf_value=0.01143435031086595 0.0041832840984008298 0.009645702599237466 -0.0078842704535739619 0.0058201338673427487 0.017097070974078532 -0.0065017425040957985 0.0049976381764998924 -0.00025911260875893468 -0.0053238804764409661 0.00085047865972431402 -0.00043354466256398432 0.007317390171069936 -0.017091628760230952 -0.0062182387930365349 0.0062211835139006555 0.0036479012793895673 -0.0067363178832743629 0.00016641701398225774 -0.0019549205427340402 -0.012500488027208401 -0.0030809448033059729 0.0013518438509049339 0.00055529129390631548 0.0023471351517491555 -0.00014690285176684298 -0.032578176574212261 -0.0076703633556765094 0.012676612953817763 -0.0094832665399904939 0.00029557988956550456 0.0026119293917659606 -0.001719774701654356 0.0020618223709869161 0.011980032672035566 -0.0050756656130717124 0.00052694550990183876 0.015792945077101835 -0.0080033978723855672 0.0015433162316809677 0.0031090930329402628 0.0015575896169608479 -0.00548558002634975 0.0031873874940181123 -1.5327038015130615e-05 0.0015168874007524505 0.0057266528778438415 -0.00064536027069054831 -0.032656560291334603 0.0016362660005003449 -2.3751745408298261e-05 -0.00022273468985099844 -0.0014413831728768633 -0.0026574448156585855 -0.0035244353402731307 6.5730813911587701e-06 0.012260934261013975 -0.015833854795137409 -0.0045686156375671378 -7.5788703372824733e-05 -7.8478521108003174e-06 0.004047330423821438 0.012424442664449321 0.0013630825966755636
leaf_weight=5792.9638061523438 5478.6545486450195 3489.3984222412109 3900.9292602539062 2964.8041839599609 2452.6543498039246 4829.8248977661133 24513.79670548439 2629061.7188720703 9340.3507232666016 72064.4276907444 11258.362337112427 3142.9231567382812 2515.8848943710327 8211.0133295059204 4042.2766804695129 2629.0897500514984 4993.5998115539551 14074.255475759506 5230.1011657714844 3291.3979778289795 9209.7475433349609 31884.994400024414 592531.86381882429 7443.8553466796875 226875.04510498047 3428.834716796875 8513.5553588867188 3344.7921314239502 2830.659487247467 46855.6162981987 4151.3236846923828 6927.0508766174316 6649.0582084655762 6327.5391082763672 9424.44384765625 979356.01373291016 3340.3657655715942 4338.1184844970703 26846.247116088867 3729.1842222213745 28442.857058048248 5518.8944067955017 7280.17578125 245071.78096008301 56558.882751464844 2150.2915344238281 16275.81591796875 2765.3276062011719 6715.817099571228 1254803.8765258789 839868.66625976562 117998.59149169922 15282.431213378906 8342.8003940582275 266248.01607322693 1901.2522668838501 2590.2852516174316 5190.125789642334 1817537.9834289551 476616.90234375 35662.279296875 6725.51123046875 112144.96562194824
leaf_count=1981 3498 1273 1750 1593 1088 1537 7987 1005950 3523 27911 4894 1898 1118 3609 1819 1104 2065 4767 2452 1288 4269 15977 243255 4001 76024 1020 2420 1381 991 17839 1900 1538 2674 1757 6104 376931 1137 1450 9254 1177 10002 1541 2661 112720 20433 1002 5689 1410 3709 425623 299601 38133 8825 5110 171664 904 1383 3380 591352 138680 9952 2393 23787
internal_value=4.04094e-06 0.00123555 0.000162726 0.00336086 0.00427636 -0.00181508 0.00322844 -1.50503e-05 0.000480304 0.00125729 7.21887e-05 -0.00151046 -0.00493562 -0.00877526 0.0103382 -8.25356e-05 -0.00315059 -0.0020266 -0.00285413 -0.00605 0.000852772 0.000357736 8.8438e-05 4.70754e-05 -0.000784147 -0.00823546 -0.00300144 7.88534e-05 0.00153183 0.00195235 0.00478311 0.00261504 0.005619 0.00828568 6.1254e-05 0.000285028 0.00204982 0.00118123 0.00312705 0.00913586 -0.000541743 0.000412413 0.00683952 -6.70582e-05 -0.000375083 -0.000891625 -0.00418154 -0.0158774 -0.000730825 0.000217652 -0.000112968 -0.000634253 -0.00251687 0.000289596 -0.000438131 0.0039816 -0.00458029 -0.00835305 8.74623e-05 0.000426092 0.000943655 0.000639478 0.00198941
internal_weight=1.0139e+07 154774 102869 51904.7 44110.1 7794.63 37615.1 9.98421e+06 98968.4 75553.8 7.35514e+06 74744.4 30506.8 10726.9 6494.93 13101.3 7622.69 23414.6 19779.9 8521.5 44237.7 41094.7 7.2804e+06 6.68787e+06 246261 19386.2 15957.4 6.44161e+06 77086 74255.4 27399.8 16920.9 9993.85 10478.9 6.36452e+06 2.31945e+06 85288.8 72215.7 33915.8 7069.55 38299.9 33961.8 13073.1 4.04507e+06 1.35131e+06 454885 21191.4 4915.62 433694 2.23416e+06 896428 424269 40022.7 16959.9 384247 8617.07 23062.8 7780.41 2.69376e+06 876221 399605 363942 118870
internal_count=3734158 59915 39224 20691 17561 3130 14654 3674243 37474 29184 2668293 35505 13361 4727 2907 6667 3169 8290 8634 3740 22144 20246 2632788 2389533 83465 7441 6421 2306068 28080 27089 9250 5593 4055 3657 2277988 831757 29203 24561 11568 2314 12993 11543 4642 1446231 567347 247313 8101 2412 239212 802554 320034 233108 23311 9723 209797 4613 13588 4763 878884 287532 148852 138900 26180
cat_boundaries=0 2 3 5 6 8 10 12 14 15 17 18 20 22 24 26 28 30 32
cat_threshold=3993387704 1 1141260944 3799599649 65 34226200 295746560 8 3222274592 64 277094404 16 1116209152 8 16777216 3494398516 3 2151694388 3221532720 16 378537741 32 339795668 50 1586830401 55 71319556 2 5268 16 4195348 2
is_linear=0
shrinkage=0.03


Tree=109
num_leaves=64
num_cat=13
split_feature=5 4 1 5 2 0 1 1 0 14 0 1 2 1 4 4 12 0 6 1 2 2 14 13 1 17 6 6 6 14 1 4 4 12 1 4 4 15 15 2 11 9 15 2 4 1 1 14 11 12 14 2 12 12 13 4 6 1 9 6 2 9 12
split_gain=253.627 204.873 187.309 175.882 328.049 559.588 330.697 325.309 283.947 161.401 145.646 490.558 400.919 419.743 380.627 459.997 306.422 294.696 811.642 485.108 458.522 426.662 383.821 418.246 379.633 277.479 276.023 273.38 271.32 280.359 264.668 264.071 247.697 231.048 447.005 223.78 370.976 274.452 229.449 214.774 211.049 289.981 236.887 201.037 230.032 311.232 222.881 199.215 197.068 196.795 230.199 204.519 191.194 231.439 213.475 214.048 206.592 205.681 185.549 179.496 177.709 192.141 179.967
threshold=0.75342088937759411 -1.9714598059654234 0 -2.2323027849197383 -0.8156110644340514 172.50000000000003 1 2 901.50000000000011 0.51214903593063366 127.50000000000001 3 0.36596243083477026 4 -1.1608449816703794 -0.21171189099550244 -1.1273197531700132 157.50000000000003 -0.88341534137725819 5 -0.028989185579121109 1.4215949177742007 0.68432936072349559 -0.31284992396831507 6 7 -0.032940823584794991 0.37988303601741796 -0.37335526943206782 0.39361193776130682 8 -1.0242686867713926 1.0704205036163332 -0.9414076805114745 9 -0.58848163485527027 -0.46439348161220545 -1.1200671195983884 -0.55491760373115528 0.33488288521766668 -0.11731613799929617 -0.76263108849525441 0.9874594807624818 0.11539004743099214 1.007509380578995 10 11 0.19009767472743991 1.0617897510528567 -0.66468688845634449 -0.10601930692791937 0.86651635169982921 -0.79699981212615956 -0.82960343360900868 1.42017138004303 0.32278256118297582 1.0000000180025095e-35 12 -0.46485877037048334 -0.49537664651870722 0.11539004743099214 -0.5539143681526183 -0.77205970883369435
decision_type=2 2 1 2 2 2 1 1 2 2 2 1 2 1 2 2 2 2 2 1 2 2 2 2 1 1 2 2 2 2 1 2 2 2 1 2 2 2 2 2 2 2 2 2 2 1 1 2 2 2 2 2 2 2 2 2 2 1 2 2 2 2 2
left_child=3 2 -2 4 5 -1 8 -7 -6 -10 11 16 25 14 -14 -16 -5 18 21 52 26 24 40 48 -12 -13 33 -18 -17 -30 47 39 -32 -21 -35 37 -37 -27 -39 -26 42 -42 49 44 46 -46 -38 60 -24 50 -22 -52 53 54 55 57 -54 -20 -40 -36 61 -29 -62
right_child=1 -3 -4 10 6 7 -8 -9 9 -11 17 12 13 -15 15 28 27 -19 19 20 22 -23 23 -25 31 35 -28 30 29 -31 32 -33 -34 34 59 36 43 38 58 -41 41 -43 -44 -45 45 -47 -48 -49 -50 -51 51 -53 56 -55 -56 -57 -58 -59 -60 -61 62 -63 -64
leaf_value=0.014033918206213757 -0.00063835822685670671 -0.00033038341518224455 0.0016449220560278057 0.0088069945355481131 -0.00049402223014086979 0.0070263944918351846 0.001607442890588747 0.00046373905725535336 -0.0030630579931283362 -0.011249793212938905 -0.00088848915930781044 -0.0021218783164794696 0.011209068159088655 -0.00017489151211555991 -0.0034558875635201888 0.0013871090171175533 0.002328183537361327 6.696849129505031e-05 -0.0012785505793426522 0.014504061942816074 0.0039574758191054677 -0.015076325198971115 -0.0040546337708684066 -0.011192467139799843 -0.0077894285184031548 -0.0071925013219095307 0.0016804205233139416 0.011117227465767968 0.0032752946272879831 0.012276290994557256 -0.0048936637978299188 -0.0047999237649826235 0.0041887303237619399 -0.00076842278084353973 0.017372665869672073 0.0088705132340264822 0.0064021507088600649 0.0070332793735465669 -0.00014618424330939986 -0.020932837673860193 0.010610283125204099 0.0016466699360028004 0.007800784656786932 -0.0017117594069562874 -0.0058361243595955329 0.0024906662089162527 0.0007868421803712642 -0.0036906940918096914 0.0049167614218704079 0.0035226864680555814 -0.0037542375780755663 -0.013579010578152211 -0.0020267565679221869 -0.0088693779163349796 0.0037698851652213064 -0.00028227366208072465 0.0021273249728255613 -0.0080720738479320535 -0.0072278315434149256 0.0067103222956342579 0.0045549068824236871 0.0023207179321882289 -0.0037803973955306907
leaf_weight=4040.8816547393799 49814.502075195312 2326442.01171875 92118.704956054688 5517.7333984375 44330.134368896484 9305.2033538818359 74877.662506103516 25144.913770675659 5449.1647644042969 3599.7270812988281 21102.554052710533 93878.778747558594 5476.0540466308594 57771.575225830078 8233.8460836410522 11210.680162906647 124179.10716068745 6811766.5700683594 6532.0069274902344 3168.8784408569336 2693.2413959503174 3226.5693817138672 5674.0249900817871 5212.6626129150391 2975.1525712013245 7070.434700012207 16542.084320068359 3845.7288041114807 6175.6698899269104 6288.0631713867188 14683.44896697998 17535.679167866707 3307.7485122680664 5546.3258419036865 2423.8283233642578 5074.6374282836914 12307.628051757812 3181.9985733032227 15880.031254708767 1798.7433128356934 3712.9444313049316 25735.159204483032 2347.7264575958252 24323.451309204102 7001.4802856445312 9510.2050366401672 13177.368449687958 5016.0659027099609 3595.9301338195801 4064.0744061470032 9349.2237477302551 2392.8920450210571 28304.3681640625 5726.6567993164062 4451.1490173339844 12412.102863311768 17390.771881103516 10447.826030731201 4208.5106688141823 3451.2555103302002 4390.9097800254822 5333.8618745803833 4958.6331624984741
leaf_count=1342 19508 846984 34042 1848 14500 2978 29063 8778 2014 891 8658 31939 2006 23444 3371 4490 50479 2518000 1789 1034 1440 1769 1772 1110 1823 4013 5521 1084 1650 1240 4900 10195 971 1978 1078 1914 5212 1689 4802 1228 1229 9568 703 8914 2178 3490 4509 1415 994 2099 3927 1013 9251 1765 979 3485 5722 3250 1224 1393 1187 1598 1547
internal_value=1.61817e-06 -0.000262875 0.000843633 8.67566e-05 0.00105041 0.00347918 0.000321408 0.00223929 -0.00148259 -0.00632423 6.53355e-05 0.000581327 -0.000168876 0.00142826 0.00390439 0.00265043 0.00185511 3.14709e-05 -0.00102991 -0.000121339 0.00134224 -0.00455899 -9.56973e-05 -0.00439824 -0.00377565 -0.000945824 0.00433417 0.00162349 0.00477446 0.00781948 -0.000483312 -0.00650248 -0.00322134 0.00734131 0.00534852 0.00013965 0.00105688 -0.00201845 -0.000445173 -0.0127584 0.00114354 0.00277845 -0.001166 0.000458382 0.00171533 -0.00104288 0.00350222 0.00160978 -0.000573744 -0.00230575 -0.00394732 -0.00576133 -0.00176758 -0.00329426 -0.00234971 -0.00327695 -0.000445726 -0.00546531 -0.00163121 0.0111013 0.00304616 0.00601 0.000134529
internal_weight=1.01367e+07 2.46838e+06 141933 7.66833e+06 166748 38491 128257 34450.1 53379 9048.89 7.50158e+06 462004 290770 95155.9 37384.3 31908.3 171233 7.03958e+06 227814 181175 95910.3 46638.7 64777.9 14482.6 43412.1 195615 31132.4 165716 23674.4 12463.7 41536.4 22309.6 17991.2 14590.3 11421.4 101736 71394.8 30341 23270.5 4773.9 50295.3 29448.1 20847.2 66320.1 41996.7 16511.7 25485 23545.2 9269.96 18499.4 14435.4 11742.1 85264.9 39569.7 33843.1 29391.9 45695.1 16979.8 20088.5 5875.08 18529.1 9179.59 9349.54
internal_count=3733987 900534 53550 2833453 59566 13098 46468 11756 17405 2905 2773887 171114 106085 36201 12757 10751 65029 2602773 84773 61100 34859 23673 23855 3876 21904 69884 11004 63181 7380 2890 12702 13246 5871 5483 4449 37945 26217 11728 7715 3051 19979 10797 9182 24303 15389 5668 9721 6831 2766 8479 6380 4940 26241 11268 9503 8524 14973 5039 6026 2471 5416 2682 2734
cat_boundaries=0 2 4 6 8 10 12 14 15 17 19 20 21 23
cat_threshold=1183993906 21 3309842740 65 2182144032 66 1350666775 46 2154324000 64 818502985 96 4035105052 74 46727198 8486913 8 1107468438 16 100926496 118489536 805310465 96
is_linear=0
shrinkage=0.03


Tree=110
num_leaves=64
num_cat=12
split_feature=3 8 0 1 0 14 8 4 19 19 9 1 16 2 0 10 1 1 10 1 0 1 12 15 9 12 19 4 19 9 15 4 9 15 4 8 9 17 0 18 1 19 1 0 9 12 2 19 1 4 14 12 10 1 4 4 0 0 12 0 10 1 9
split_gain=229.591 171.208 278.584 715.609 319.331 368.642 309.043 556.887 458.787 381.961 281.027 277.868 242.699 342.188 836.447 845.902 574.723 362.99 313.476 259.774 330.979 449.601 271.475 404.913 352.825 339.823 303.518 259.387 245.747 609.708 379.233 353.982 243.731 410.389 238.254 897.868 1153.68 439.976 267.447 253.819 307.536 241.589 315.913 236.754 276.422 390.845 606.243 417.371 306.759 236.23 231.8 231.241 227.756 1513.06 334.24 452.705 429.582 431.697 358.148 349.44 296.145 537.69 249.623
threshold=-0.7261860966682433 2.5948152542114262 929.50000000000011 0 817.50000000000011 0.83910587430000316 2.2560166120529179 0.60955399274826061 0.24361466616392138 -0.13611029833555219 -0.69092124700546254 1 -0.036234462633728974 -0.92766210436820973 217.50000000000003 -0.61918380856513966 2 3 -1.3084688186645506 4 157.50000000000003 5 -0.82210367918014515 -1.0000000180025095e-35 -0.71910142898559559 -0.68392628431320179 -0.24914781004190442 0.92175588011741649 -0.024582839570939537 -0.79619011282920826 0.30790780484676367 0.063367111608386054 -1.059655427932739 0.10947708785533906 1.5712455511093142 6.1005938053131112 -0.60693171620368946 6 351.50000000000006 -2.3239542245864864 7 0.42878660559654241 8 112.50000000000001 -0.76263108849525441 -0.64261594414710987 0.36596243083477026 0.2833652943372727 9 -0.13379042595624921 0.7580358386039735 -0.77205970883369435 -1.0178364515304563 10 -1.4865158200263975 -0.80504435300827015 411.50000000000006 688.50000000000011 -0.36316962540149683 587.50000000000011 -2.4594172239303584 11 -0.56465753912925709
decision_type=2 2 2 1 2 2 2 2 2 2 2 1 2 2 2 2 1 1 2 1 2 1 2 2 2 2 2 2 2 2 2 2 2 2 2 2 2 1 2 2 1 2 1 2 2 2 2 2 1 2 2 2 2 1 2 2 2 2 2 2 2 1 2
left_child=-1 2 4 -4 12 11 7 8 -7 -8 -9 50 43 14 15 -14 -17 -16 -19 20 21 28 23 -23 -24 -26 -27 49 -15 -30 31 -31 33 -22 39 37 -37 38 -36 40 -3 -39 -43 44 45 47 -47 -2 -49 -18 -6 -46 53 54 -21 56 -56 -58 59 -57 61 -55 -63
right_child=1 34 3 -5 5 6 9 10 -10 -11 -12 -13 13 19 17 16 27 18 -20 52 32 22 24 -25 25 26 -28 -29 29 30 -32 -33 -34 -35 35 36 -38 41 -40 -41 -42 42 -44 -45 51 46 -48 48 -50 -51 -52 -53 -54 60 55 58 57 -59 -60 -61 -62 62 -64
leaf_value=0.00032118123379014986 -0.00085774034189375729 0.0061931761795381282 0.002965783977679221 -0.00059085566628831602 0.00071326457453754777 -0.0052505319480692361 -0.0034564773712984719 -0.005830665822642583 -0.016211857115720953 0.0068884182681910383 0.0036364127331798349 -0.00070952920031758292 0.016431206714690224 0.0029683061161003151 0.0031192528937591464 0.011353575951975755 0.0007884129193512214 -0.0077808037279299318 0.00011071669119151794 -0.0030754907630581307 0.010989659688277569 -0.0072604985834942761 0.0093296141248943015 0.0015263138099204348 0.0055426947422657366 0.0036139940026454803 -0.0074438645935380717 -0.0035347191043842846 -0.001156742263562023 0.0011748187077294575 0.023793138842132383 0.017210179203868501 0.00031124206578376671 0.0014277511896689707 0.010340992344482217 -0.027730210272862515 0.00046782055848129992 -0.00090168138253761659 0.0014056041928173495 -0.00020309516614510576 0.00029761189990099181 0.0025677912385850396 -0.0062477074484130176 -0.00030470571573786145 -0.0021007450409871332 0.0015788869376564794 0.023697256970034452 0.0035705420754886231 0.01507072188296785 0.0086106019253230047 0.0085687468084767408 0.0015589602255578949 0.00011234251513591044 -0.012244581944813491 0.0013377458651248209 0.0018465045881105105 0.015129885636391751 0.0021106916450974508 0.0083628088404758046 -0.0028036365589579593 -0.0027788457271850316 -0.0052134590668778602 0.0059043773013525399
leaf_weight=1708278.265625 15867.622329711914 12267.81721496582 98434.7275390625 105442.9287109375 104366.56634521484 20877.687075376511 7636.6856994628906 4145.4228515625 4111.5062229633331 5536.9129333496094 8812.1592407226562 505591.31256103516 5528.8888854980469 9730.4780921936035 39059.118843078613 6654.6930961608887 10123.415154695511 4687.3328247070312 131174.54735565186 12491.354553222656 5044.1297607421875 7066.4573936462402 6336.3199653625488 14190.382556915283 8085.9833679199219 3798.7056016921997 5410.4577132463455 6866.4269065856934 3317.1504058837891 2395.8337125778198 2509.4355697631836 2562.681321144104 452660.85400390625 20216.597290039062 4424.1753845214844 2581.9532470703125 2636.5413818359375 172405.52722024918 9446.8144836425781 2675590.4399414062 22661.04069519043 4695.0738296508789 16493.466210842133 1513973.5078125 25463.378280639648 2422.977725982666 2062.6652946472168 7186.9507446289062 2942.5832214355469 5286.5935351848602 3488.9814453125 39850.147842407227 2062071.6662902832 8803.3862609863281 8329.7055053710938 53911.07751750946 6513.6636352539062 3538.1814575195312 5749.3307695388794 19911.632850646973 88738.7578125 5562.0580492019653 2693.8213148117065
leaf_count=666956 5976 3696 44357 34047 43688 5890 1809 917 1099 1381 2373 197890 1881 3414 16197 2849 2662 1423 35392 3517 1404 1844 1437 3037 1901 803 1777 1704 744 1314 651 1284 126794 4698 1213 1057 1500 56852 2644 862931 6880 1739 5327 731273 11942 1077 1105 2697 1504 1537 961 22283 715715 4307 2828 17193 1983 938 2463 6102 37629 2156 973
internal_value=4.03384e-06 -6.02153e-05 3.82517e-05 0.00112648 -3.5685e-06 -0.000618617 -0.00306612 -0.00444033 -0.0070569 0.000892485 0.0006066 -0.000414635 8.45078e-05 0.000242613 0.00141275 0.00568443 0.00362818 0.000571074 -0.000161811 0.00015578 0.000745218 0.00274671 0.00106377 -0.00139573 0.0032764 0.00105667 -0.0028831 0.00131264 0.00642418 0.00954525 0.0142965 0.00947127 0.000471303 0.0033389 -0.000245792 -0.00121266 -0.0134969 -0.000903347 0.00425519 -0.000169924 0.00237072 -0.00127321 -0.00429591 -0.000213187 0.00123312 0.00359175 0.0117648 0.00217956 0.00693547 0.00347383 0.000967675 0.000132122 1.52083e-05 -0.000911034 0.00154501 0.00213452 0.00637721 0.0105505 0.0011541 0.000592153 -0.00347473 -0.00709472 -0.00158251
internal_weight=1.01407e+07 8.43244e+06 5.50924e+06 203878 5.30536e+06 664567 51120.4 37946.8 24989.2 13173.6 12957.6 613447 4.64079e+06 3.03102e+06 209381 34460 28931.1 174921 135862 2.82164e+06 543325 65403.9 44888.3 21256.8 23631.5 17295.1 9209.16 22276.4 20515.6 10785.1 7467.95 4958.52 477922 25260.7 2.9232e+06 212684 5218.49 207465 13871 2.71052e+06 34928.9 193594 21188.5 1.60977e+06 95796.3 30482.8 4485.64 25997.2 10129.5 15410 107856 65313.5 2.27831e+06 216243 110445 97953.6 18381.6 10051.8 79572 73822.7 105798 17059.3 8255.88
internal_count=3733615 3066659 2122820 78404 2044416 256008 13469 10279 6989 3190 3290 242539 1788408 1010551 63645 10633 8752 53012 36815 946906 151102 18206 10799 4881 5918 4481 2580 5903 7407 3993 3249 2598 132896 6102 943839 70332 2557 67775 3857 873507 10576 63918 7066 777857 46584 12359 2182 10177 4201 4199 44649 34225 795804 80089 35024 31507 5749 2921 25758 23295 45065 7436 3129
cat_boundaries=0 2 4 6 8 10 12 13 15 17 19 21 23
cat_threshold=3689994250 52 545329848 2 3121643538 16 3816030368 32 270747173 10 2228740 10 1081354 1731201162 2 71315972 17 543294532 68 17316120 1 1817444352 16
is_linear=0
shrinkage=0.03


Tree=111
num_leaves=64
num_cat=16
split_feature=7 19 5 1 18 12 3 10 1 0 1 10 1 8 19 8 19 9 1 8 1 1 1 0 0 0 19 6 6 18 1 9 1 14 6 1 19 10 10 19 0 0 12 1 12 12 14 12 6 6 19 1 1 9 1 9 6 10 6 13 1 15 15
split_gain=237.847 227.521 234.796 226.048 224.703 210.93 207.41 292.942 548.031 227.891 251.65 200.891 1122.56 388.315 560.168 348.5 643.836 347.72 572.7 322.254 340.904 293.546 236.565 557.721 382.575 264.419 316.425 226.994 224.632 224.478 221.566 196.75 351.79 239.471 227.81 194.132 177.105 168.096 210.49 208.48 165.178 164.274 163.552 433.332 273.225 477.097 4888.14 11641 450.088 396.522 462.287 361.696 317.196 264.096 247.244 896.714 5349.5 236.281 271.657 257.01 225.659 217.13 288.072
threshold=0.92703896760940563 -0.36754131317138666 2.0197230577468877 0 1.6490134596824648 -0.68392628431320179 -1.7563155889511106 0.96084678173065197 1 499.50000000000006 2 -2.4594172239303584 3 1.7568544149398806 -0.024582839570939537 1.3661783337593081 0.37541826069355017 -0.50855025649070729 4 -0.43887607753276819 5 6 7 688.50000000000011 366.50000000000006 514.50000000000011 1.6960514783859255 -0.20806440711021421 -1.0000000180025095e-35 -0.82097086310386647 8 -0.75250649452209462 9 0.51214903593063366 -0.49537664651870722 10 0.62885972857475292 1.9644516110420229 -0.38850553333759302 0.82401347160339367 572.50000000000011 441.50000000000006 -0.7236138880252837 11 -0.59112650156021107 -0.60971888899803151 -0.17343234270811078 -0.60070893168449391 1.0277248024940493 -0.58523011207580555 0.62885972857475292 12 13 -0.84036657214164723 14 -0.27023659646511072 0.63447225093841564 -1.1444867849349973 -0.10190433636307715 1.6588903665542605 15 -1.5667805075645445 -1.5161291956901548
decision_type=2 2 2 1 2 2 2 2 1 2 1 2 1 2 2 2 2 2 1 2 1 1 1 2 2 2 2 2 2 2 1 2 1 2 2 1 2 2 2 2 2 2 2 1 2 2 2 2 2 2 2 1 1 2 1 2 2 2 2 2 1 2 2
left_child=6 2 -2 5 -4 37 7 -1 -9 -10 -11 12 31 15 -15 17 -17 19 -19 -14 29 -18 24 25 -16 26 -24 30 -20 -21 -22 32 -8 35 -34 -33 -32 38 -3 -39 -37 -35 54 44 45 48 47 -47 51 50 60 -44 -52 -53 55 57 -57 58 -13 -60 -48 -56 -63
right_child=1 3 4 -5 -6 -7 11 8 9 10 -12 42 13 14 22 16 21 18 28 20 27 -23 23 -25 -26 -27 -28 -29 -30 -31 36 33 34 41 -36 40 -38 39 -40 -41 -42 -43 43 -45 -46 46 49 -49 -50 -51 52 53 -54 -55 61 56 -58 -59 59 -61 -62 62 -64
leaf_value=0.00066070219361663248 -0.0008537943079236453 0.0030773326755920158 -0.002789431665475526 -0.00041043059299375142 -0.011444590145624142 -0.00062765652810798072 0.0081596966901268768 0.010641299581442568 0.0066151943617742846 -0.009479467950552746 0.0019489519770320091 -0.0041750352012070299 0.0090839838567430605 0.0073503179262808284 -0.013781854210913987 0.016721110163217607 0.0087205790178175313 0.014047040356755025 -0.0070749370224314195 0.00016790818614108118 0.010909601790652527 -0.0027082482408748959 0.0032545523928998476 -0.0098631899395711427 -0.0020876393304514545 0.0092025593731923858 -0.0076666966629896863 -0.0042057021235006502 0.0047579335273281592 -0.010300719073655797 0.0057353450678419389 -0.0069704273739072762 -0.010055540782066563 -0.015153286376656364 -7.0078688175142742e-05 -0.0053432624733709081 -0.0035882812556255568 0.0022611641287157559 0.00039463794066511111 0.011786390969620674 0.0027680299608645138 -0.0067243148904596872 0.001287901960425233 -0.00016519728369986775 0.0001626851937266959 0.077825921028360528 0.0053504003125242668 -0.00029316171736913464 0.0061508798161447964 4.1381970370804721e-05 0.01986008348872895 -0.0029238804280165773 0.0047390912749515355 0.00014537565125225001 0.0007432331755954847 -0.00027240119198116726 -0.041280872856869988 -0.00022915659840075093 -0.0011662561068065669 0.0076233055214638759 0.00023395132625615223 -0.0027231100493848082 3.7215778082411791e-06
leaf_weight=117658.55908203125 335576.0361328125 35178.821838378906 15271.373474121094 677546.556640625 3275.9214477539062 73259.158325195312 2510.4088745117188 7977.3757171630859 3381.1890602111816 2968.5912933349609 4134.3825035095215 30029.669048309326 2701.2964172363281 5357.4204597473145 4224.8645782470703 4058.8222503662109 3492.6342744827271 4338.7649841308594 2519.6364858150482 2782.225341796875 2632.8514175415039 4767.3342618942261 7033.9275999069214 4929.2031784057617 6225.7804641723633 3355.4070062637329 3608.3002624511719 5306.9101473093033 3367.9517891407013 5457.6964836120605 3448.1462577581406 14030.588882446289 3783.2189970016479 3932.9158353805542 4497.7162141799927 4558.2387819290161 3904.6776580810547 6877.9432067871094 104525.90948486328 2954.2169494628906 4471.1853256225586 4444.2278213500977 315938.95593261719 1498514.9381788969 936866.35546875 2567.966796875 13463.093994140625 5159.2598266601562 12954.4169921875 88877.859069824219 2458.551513671875 26855.474853515625 2572.9301147460938 415961.88269042969 366073.11706542969 19173.9111328125 3360.430419921875 921108.28771972656 21341.945453643799 3477.4788818359375 18296.377746582031 35179.120483398438 3881393.8630371094
leaf_count=46439 122109 16098 5260 239812 1120 39974 1162 3028 1310 975 1670 10252 1442 1368 1195 953 1193 1698 1081 1204 951 1293 1955 1616 1717 1008 1219 1743 1297 2490 1557 7897 2020 1432 1807 2825 1898 2731 45669 1357 2493 1614 100960 692630 349129 1133 3883 3482 2782 28924 788 10026 1354 158894 192592 6464 1311 270633 6216 1074 9180 18019 1286586
internal_value=-4.54802e-06 -0.000391232 -0.00103544 -0.000137847 -0.00432082 0.000691085 5.0057e-05 0.00121208 0.00472496 0.000209958 -0.0028413 3.19738e-05 -0.00115847 0.000857355 -0.0015666 0.00258359 0.00694498 0.00110925 0.00580022 -0.00072012 -0.00184722 0.00213393 -0.00319371 -0.00118976 -0.00681305 0.00186614 -0.000450213 0.000805003 -0.000307215 -0.00675981 0.00346953 -0.0051437 -0.00164885 -0.00634456 -0.00462975 -0.00476462 0.000783944 0.00133719 0.00107025 0.00512769 -0.00132594 -0.0106882 4.93365e-05 0.000213627 0.000521813 0.000893545 0.00255016 0.0257015 0.000607172 0.00112565 0.00374461 0.000512483 0.0121889 -4.0795e-05 -5.45827e-05 -0.000479692 -0.00639558 -0.00034307 -0.00225587 6.65472e-05 0.00240511 4.45321e-05 -2.07746e-05
internal_weight=1.0138e+07 1.25447e+06 354123 900343 18547.3 222796 8.88349e+06 136120 18461.5 10484.2 7102.97 8.74737e+06 125742 83513.9 34734.9 48778.9 12318.8 36460.2 10226.4 26233.8 23532.5 8259.97 29377.5 18926.8 10450.6 13997.6 10642.2 15292.6 5887.59 8239.92 9985.68 42228.5 10791.3 31437.2 8280.94 23060 7352.82 149537 139705 9832.16 9029.42 8377.14 8.62163e+06 3.34049e+06 1.84197e+06 905107 133396 7727.23 771711 125669 36791 758756 5031.48 442817 5.28114e+06 998492 22534.3 975957 54849.1 24819.4 31759.5 4.28265e+06 3.91657e+06
internal_count=3733992 474130 128489 345641 6380 105829 3259862 53422 6983 3955 2645 3206440 50128 28878 10078 18800 3439 15361 4076 11285 9843 2486 8710 5798 2912 4182 3174 6149 2378 3694 4406 21250 4989 16261 3827 13215 3455 65855 61767 4088 5318 3046 3156312 1363165 670535 321406 48744 4615 272662 44129 15205 269880 2142 168920 1793147 295950 7775 288175 17542 7290 13063 1497197 1304605
cat_boundaries=0 2 4 6 8 10 12 14 16 17 19 21 23 24 26 28 30
cat_threshold=1730150460 34 491693596 1 1073809666 108 3971351618 57 45316 4 16826656 68 21037232 64 33589648 64 2060 2290089984 32 2895119360 32 3626933696 85 1477053504 1073746176 1 1076402176 28 3221229824 16
is_linear=0
shrinkage=0.03


Tree=112
num_leaves=64
num_cat=17
split_feature=5 3 1 6 2 0 18 1 1 2 19 0 0 6 10 1 18 1 2 10 11 2 0 1 1 6 10 19 1 16 19 1 1 0 12 1 12 18 10 1 12 6 1 1 8 11 13 19 10 1 0 0 2 0 1 0 1 10 11 8 16 19 6
split_gain=215.527 165.685 190.722 165.158 181.186 821.533 444.845 894.518 262.016 250.328 241.205 215.628 199.648 335 206.472 457.638 197.139 192.798 261.215 215.156 319.528 367.585 194.634 196.36 177.209 172.475 173.207 163.449 311.1 163.506 161.93 230.16 165.34 201.211 298.222 272.54 258.603 193.606 155.51 154.751 152.546 403.014 198.911 146.432 157.83 264.86 541.056 186.094 170.617 227.005 157.887 158.53 151.334 143.258 492.454 278.969 348.573 262.993 249.556 233.527 227.704 279.568 189.428
threshold=0.75342088937759411 -1.029130160808563 0 -0.52425202727317799 -1.3179268240928648 127.50000000000001 2.070167183876038 1 2 0.058021802455186851 -0.75026962161064137 396.50000000000006 942.50000000000011 0.63447225093841564 -0.38850553333759302 3 -0.63981905579566944 4 0.43170821666717535 -1.3084688186645506 1.0617897510528567 0.46665683388710028 901.50000000000011 5 6 -0.23936424404382703 -0.91050890088081349 2.3734664916992192 7 1.0428450107574465 2.3734664916992192 8 9 157.50000000000003 -1.0623427629470823 10 -0.59112650156021107 0.93316233158111583 -1.8547923564910886 11 -0.70443242788314808 -2.105982661247253 12 13 3.0304007530212407 0.61875310540199291 0.54135122895240795 0.32682363688945776 -0.74728542566299427 14 172.50000000000003 261.50000000000006 0.92469099164009105 942.50000000000011 15 845.50000000000011 16 -0.74728542566299427 1.7481967806816103 1.8111107349395754 1.6058590412139895 -0.31768490374088282 -0.61498904228210438
decision_type=2 2 1 2 2 2 2 1 1 2 2 2 2 2 2 1 2 1 2 2 2 2 2 1 1 2 2 2 1 2 2 1 1 2 2 1 2 2 2 1 2 2 1 1 2 2 2 2 2 1 2 2 2 2 1 2 1 2 2 2 2 2 2
left_child=1 2 27 30 5 -5 8 11 -7 12 16 -8 14 24 15 -6 -10 19 25 20 21 -11 43 -24 -14 26 -19 29 -29 -1 32 -32 -2 34 -34 36 37 -36 -23 -16 41 -37 -43 -20 45 48 -47 50 49 -45 -46 -52 -51 55 62 -3 58 -56 -57 -60 -58 -62 -55
right_child=3 53 -4 4 9 6 7 -9 10 17 -12 -13 13 -15 39 -17 -18 18 22 -21 -22 38 23 -25 -26 -27 -28 28 -30 -31 31 -33 33 -35 35 40 -38 -39 -40 -41 -42 42 -44 44 47 46 -48 -49 -50 52 51 -53 -54 54 57 56 60 -59 59 -61 61 -63 -64
leaf_value=0.00012497718200562197 -0.00033098584674586554 7.2384126202633213e-05 0.00087009760591089612 0.010442398498863264 0.0047475556201750898 0.00031330549451648874 0.0034409470295336327 -0.0170151843039359 -0.0022776054313158839 -0.00052809828511750031 -0.0018427728757264554 -0.0059272798080183117 0.0043218101376859266 -0.011657262798016949 -0.00077534922014156757 0.00018123837146305499 -0.011181499640487492 0.0067120894095551043 -0.0011130737713753386 -0.0011231187478066569 0.0017553561926844398 -0.01527292316791001 -0.0018345845033694043 0.0037986077931342157 -0.0028527048312097223 -0.0016462089665813919 -7.8300980966318219e-05 -0.013749331235249424 0.0011642115167933564 -0.0035305396373866349 -0.010246518858845012 -0.0011104495839955862 -0.0084937137568925122 0.00070954162653577655 -0.00080033114562676221 -0.014781737887857268 -0.0039687149601608327 0.0074684285991704407 -0.0070253914571883763 0.00030965825947276541 3.2699016557631568e-05 0.0014944482514081682 -0.0049502443294159471 -0.0013033895892701033 -0.0040313962290874266 0.0018187408042533461 0.013818067699934086 -0.0036141243503334305 -0.00081829753136118482 0.0013737441791875765 0.0047272221541194911 -3.610657787215413e-05 0.0096583499677459946 0.0045292892024723754 0.0034018149938004789 0.0003091722934815923 -0.0010500655884527843 -0.0013479728046932224 -0.0059122788518454362 7.8249345721677769e-05 -0.00066793648641883246 -0.0084178624434751645 0.001426713801021402
leaf_weight=238382.14543533325 402761.38731765747 6082921.1696377993 461259.7509765625 4738.1797943115234 27201.55712890625 37633.399676799774 4264.7620093822479 5271.9715003967285 3853.3904037475586 5023.5399169921875 27508.027805805206 4581.9409897327423 4040.7860283851624 3251.849365234375 178907.74860095978 72048.809707641602 5343.7516479492188 3732.8399658203125 87994.823364257812 260846.5626373291 5323.3641967773438 3804.15625 7339.4878540039062 23005.559143066406 13123.421247005463 164116.07554626465 35390.819702148438 2252.5486450195312 2831.9826049804688 11540.668041229248 3122.495246887207 11921.206901550293 4586.2323608398438 437599.69886398315 3664.2638072967529 2573.9068450927734 3863.9630756378174 8357.4203186035156 4510.3190307617188 349196.59452342987 19160.030881881714 7781.0716552734375 9637.5375690460205 6753.1961669921875 7721.3020286560059 48132.663955688477 3632.8274383544922 15676.050415039062 61300.579524993896 3449.3128051757812 7116.4785461425781 53746.387397766113 4673.6863403320312 30542.462738037109 12301.622802734375 339307.5302734375 339796.47375488281 71133.3193359375 11611.985122680664 11810.930892944336 8192.8307952880859 8569.7120513916016 42164.505279541016
leaf_count=103993 172012 2228698 175943 1379 10097 11111 1096 1769 1240 2052 8497 1307 1449 874 59746 21730 1743 1265 24322 89686 1006 1640 2642 7206 4080 50242 10814 913 1810 3382 1352 6578 1598 200852 1263 1261 1777 3323 1989 107016 8993 2757 5842 2479 2237 13608 919 4823 21371 1278 2090 16581 1616 14082 4226 119747 134875 24163 1965 2087 1717 1702 14663
internal_value=-6.77319e-06 7.16649e-05 0.000506123 -0.000250561 -0.000438813 -0.00172128 -0.00237338 -0.00725412 -0.00144599 -0.000357004 -0.00324877 -0.00141012 8.29976e-05 -0.00283617 0.000178018 0.0014334 -0.00745424 -0.000707456 -0.000373178 -0.00134575 -0.00445728 -0.00693654 0.000147207 0.00243669 -0.00116206 -0.00121952 0.000570354 -0.00015227 -0.00547453 -4.38906e-05 6.92028e-05 -0.00301707 0.000120808 0.000486766 -0.00114808 -0.000535269 0.00277742 0.00494879 -0.0108058 -5.79262e-05 -0.00187976 -0.00371308 -0.00207371 -8.42593e-05 0.000342416 0.00100638 0.00266209 -0.00066572 -0.000118848 0.00276269 8.40144e-06 0.000521195 0.00613587 2.6943e-05 0.000925375 6.31924e-06 -0.000552378 -0.000647426 0.000102407 -0.0028922 -0.00121846 -0.00463135 0.00272988
internal_weight=1.01439e+07 7.67462e+06 716267 2.46929e+06 1.55426e+06 93195.4 88457.2 14118.7 74338.6 1.46106e+06 36705.2 8846.7 647771 20416.1 627355 99250.4 9197.14 813290 533782 279508 18661.4 13338 330542 30345 17164.2 203240 39123.7 255007 5084.53 249923 915029 15043.7 899986 497224 59624.4 55038.2 15885.6 12021.7 8314.48 528104 39152.5 19992.5 17418.6 300197 212202 127942 51765.5 84260.2 76176.8 14876.2 68584.2 60862.9 8123 6.95835e+06 156142 6.80221e+06 719289 83434.9 362730 23422.9 356559 16762.5 72707
internal_count=3734574 2833966 286041 900608 493000 28142 26763 4172 22591 464858 11480 2403 204992 6403 198589 31827 2983 259866 163493 96373 6687 5681 101172 9848 5529 62321 12079 110098 2723 107375 407608 7930 399678 227666 26814 25216 6363 4586 3629 166762 18853 9860 8599 91324 67002 41271 14527 25731 26744 5373 20908 18671 2894 2547925 57134 2490791 262093 28389 123799 4052 138294 3419 28745
cat_boundaries=0 2 4 6 8 10 12 14 16 17 19 21 23 25 27 29 31 33
cat_threshold=325208174 76 1213860132 84 2029978658 88 3591407628 17 4224491540 49 67109418 8 911343648 13 4212804 64 574628102 345164572 10 3221758114 36 2613205521 36 168034304 64 134144 64 82176 4 519622924 53 350079117 70
is_linear=0
shrinkage=0.03


Tree=113
num_leaves=64
num_cat=16
split_feature=7 10 0 3 1 10 0 0 2 1 1 4 1 4 2 16 12 1 14 1 10 15 1 12 4 2 16 2 11 1 4 4 8 0 1 1 10 12 15 10 12 1 18 18 8 1 14 9 12 10 14 1 0 2 18 0 1 4 18 1 8 2 1
split_gain=236.019 250.329 248.084 226.136 204.036 171.31 366.31 652.332 776.122 794.194 563.183 530.89 913.42 551.845 682.796 382.473 827.571 360.969 489.797 351.478 453.55 396.292 345.139 309.761 308.823 379.835 315.382 251.382 453.641 434.869 568.682 2403.13 6316.05 398.071 787.547 453.028 362.473 318.263 342.417 311.944 509.064 448.65 309.532 280.877 264.127 264.236 380.086 2554.43 6406.99 392.463 545.087 313.79 454.082 295.941 287.077 500.243 256.704 242.322 445.123 465.065 438.796 289.378 370.227
threshold=-1.9914887547492979 1.9644516110420229 202.50000000000003 1.7527557015419009 0 0.10113328322768213 157.50000000000003 127.50000000000001 1.1350423097610476 1 2 0.063367111608386054 3 -0.21171189099550244 -0.41985671222209925 0.46173781156539923 -0.84569817781448353 4 0.83910587430000316 5 1.2610026597976687 0.58592349290847789 6 -0.67444875836372364 -0.84932526946067799 -0.58239096403121937 0.46173781156539923 0.058021802455186851 -0.040299339219927781 7 0.55193653702735912 0.64131778478622448 3.0304007530212407 276.50000000000006 8 9 -2.4594172239303584 -0.20143771916627881 -1.2882952094078062 -0.67963284254074086 -0.53143897652626026 10 0.49830870330333715 -1.6429651975631712 2.4924867153167729 11 -0.17343234270811078 -0.77439677715301503 -0.60971888899803151 -1.0178364515304563 0.42714126408100134 12 202.50000000000003 1.1350423097610476 0.1662639454007149 456.50000000000006 13 -0.13379042595624921 2.070167183876038 14 0.34871199727058416 -0.72702601552009571 15
decision_type=2 2 2 2 1 2 2 2 2 1 1 2 1 2 2 2 2 1 2 1 2 2 1 2 2 2 2 2 2 1 2 2 2 2 1 1 2 2 2 2 2 1 2 2 2 1 2 2 2 2 2 1 2 2 2 2 1 2 2 1 2 2 1
left_child=1 -1 -3 5 -4 27 7 11 10 -10 15 12 24 -14 -15 -9 -17 -13 22 20 -8 23 -19 -22 26 -26 -7 33 29 30 -29 32 -32 34 42 36 -35 57 -39 40 41 -31 56 -38 45 -30 47 48 -47 50 51 52 -48 54 -52 -56 -2 58 -36 -60 -59 62 -62
right_child=3 2 4 -5 -6 6 19 8 9 -11 -12 17 13 14 -16 16 -18 18 -20 -21 21 -23 -24 -25 25 -27 -28 28 44 39 31 -33 -34 35 37 -37 43 38 -40 -41 -42 -43 -44 -45 -46 46 49 -49 -50 -51 53 -53 -54 -55 55 -57 -58 60 59 -61 61 -63 -64
leaf_value=0.00061731874776025752 0.0047829038567130944 0.011887744248246811 0.0080875711479496386 -0.0012006758999697454 -0.00035962141282723373 -0.0018297114933595942 0.00015093297431894339 -0.0030150646452010133 -0.00080513347241962152 -0.023567092013437155 -0.00048139543047709621 -0.0033342900445283655 0.0024732494182351824 0.022707020311146148 0.0051063289893013399 -0.017526155949490748 -0.0030348106617721256 -0.010558670848358223 0.0057698244894432973 -0.00028350952693037118 0.0030047897883039671 0.015168362909220709 -0.00061798977233013897 -0.00017333546464542505 0.0094777401205257787 -0.00073074019739012704 -0.0089112894048811748 -0.0005601454242167126 0.00011047821292520544 0.00035012072590224808 -0.00096830653600183043 -0.0013155856890787962 -0.053707695465403563 -0.0063289979174042778 -0.00050056152301069959 0.00050426935589953446 0.0024357058896370366 0.014541622101778407 0.00031635042879546253 -1.8178165275219496e-05 -0.0050011354394505587 -0.0017770761892426019 0.0038803124734907218 -0.0006239760958669674 -0.0001787456914569953 0.00088837206787105156 0.010878630605494348 -4.3677767312802132e-05 0.055362533522888141 0.00033838626614109807 0.0040543965405550808 -0.00070916732338453434 0.0011844540486663489 0.00083326902800264825 0.0044415529062847986 0.016316058336434815 0.00068974889344297998 0.0067564443557187473 0.0021655546338469906 -0.012027283648140897 0.0083149705094909057 -0.00034270610240820493 0.00036524122600667532
leaf_weight=302900.443359375 16817.10546875 3282.4244830012321 3898.4512779116631 145798.9736328125 7520.3527547121048 20075.070373535156 1150810.5268554688 40057.948845863342 2452.4802761077881 3160.6897068023682 69565.381232261658 55582.515380859375 59061.59912109375 2791.3787269592285 6840.6676597595215 5778.1827278137207 9178.407054901123 3307.0393676757812 10802.886596679688 2362019.2583007812 76202.857504844666 2041.4510736465454 58567.290222167969 43273.613296508789 3758.9964599609375 25522.939208984375 7879.5194702148438 68874.099880218506 730572.5166015625 174850.94000148773 6124.3608169555664 34684.553401947021 3062.3884887695312 9637.7890625 115436.12629699707 1044031.5522460938 28525.560119628906 2814.4978036880493 3312.1873769760132 918228.14709472656 27084.881103515625 182222.83148288727 92301.388916015625 504253.73138427734 905148.736328125 6245.7831115722656 5775.6240539550781 34745.508811950684 2815.9059524536133 421635.21508789062 15312.256278991699 44556.126739501953 17560.959045410156 10066.626953125 6656.1057548522949 6141.0168724060059 76373.220365941525 10352.775363922119 3114.5282669067383 6227.1929244995117 8567.8042602539062 102514.35614395142 13685.713691711426
leaf_count=118959 7791 1282 1647 57712 2922 8860 549283 17552 804 1585 24218 18201 22541 919 2597 1432 2397 1392 2987 721337 37321 615 23252 23375 1340 10240 2157 28367 202031 79474 2257 13475 1303 4478 40252 335474 11793 1085 1212 456360 17568 100063 36280 216019 257313 2561 1771 12489 1017 138980 4081 17078 5589 2571 1742 1518 28292 4600 1393 1879 2298 32664 4432
internal_value=-1.98824e-06 0.00080291 0.00462529 -2.80081e-05 0.00253335 -1.03432e-05 -0.00016013 -0.00104083 -0.00276765 -0.013675 -0.00227568 -0.000156338 0.00122728 0.00355909 0.0102162 -0.00454336 -0.00863724 -0.00151482 -0.000122709 -6.69817e-05 0.000334991 0.00207803 -0.00115191 0.00185373 -0.0015717 0.000581143 -0.00382702 9.60025e-05 -5.39554e-05 -0.000473237 -0.00226052 -0.0049301 -0.0185686 0.000362544 0.00114846 0.000138862 -0.000564462 0.000102173 0.00685773 -0.000318487 -0.00103629 -0.000735486 0.00264881 -0.000460136 0.000214861 0.000488477 0.000971656 0.00365669 0.0178373 0.000748745 0.00237987 0.00076708 0.00358397 0.00524761 0.00682806 0.010144 0.0014292 -5.72031e-05 -0.00101043 -0.00730732 0.000823068 0.000330487 0.00343104
internal_weight=1.01425e+07 317602 14701.2 9.82486e+06 11418.8 9.67906e+06 4.01873e+06 384383 130193 5613.17 124580 254190 125930 68693.6 9632.05 55014.5 14956.6 128260 72677.2 3.63435e+06 1.27233e+06 121518 61874.3 119476 57236.5 29281.9 27954.6 5.66033e+06 3.62236e+06 1.41513e+06 112745 43871.3 9186.75 2.03797e+06 451517 1.58645e+06 542417 266025 6126.69 1.30239e+06 384159 357074 185492 532779 2.20723e+06 1.30208e+06 571511 43807.2 9061.69 527704 106069 67892.7 23336.6 38176 28109.4 12797.1 93190.3 259898 124778 9341.72 135121 124768 22253.5
internal_count=3734477 124810 5851 3609667 4569 3551955 1474405 142474 47988 2389 45599 94486 48654 26057 3516 21381 3829 45832 27631 1331931 610594 61311 24644 60696 22597 11580 11017 2077550 1347608 698867 45402 17035 3560 729942 162178 567764 232290 89815 2297 653465 197105 179537 72363 227812 648741 391428 189397 16067 3578 173330 34350 24438 7360 9912 7341 3260 36083 87518 43524 3272 43994 39394 6730
cat_boundaries=0 2 4 6 8 10 12 13 15 17 19 21 23 24 25 27 29
cat_threshold=2762825881 16 676230281 6 927012315 33 2805084243 69 444082344 13 3211018456 25 1073746432 1073753856 10 1670432391 42 2829108433 53 453132314 49 1250511104 88 32775 553665536 2284130384 16 340263176 4
is_linear=0
shrinkage=0.03


Tree=114
num_leaves=64
num_cat=16
split_feature=7 5 19 16 1 8 8 0 9 0 3 0 8 0 2 1 2 18 1 1 0 1 8 1 12 0 1 1 18 2 8 14 8 1 8 18 2 9 1 1 19 1 12 8 1 19 8 9 0 0 17 19 0 14 11 12 16 19 0 11 1 12 1
split_gain=273.345 190.665 189.19 204.82 437.876 303.156 372.421 288.564 216.212 203.845 189.675 189.624 243.018 181.921 476.127 332.417 180.411 423.632 263.176 237.835 177.477 384.764 170.988 202.761 165.636 161.532 312.996 186.588 183.016 259.317 166.997 160.035 224.743 159.232 285.214 245.229 357.02 180.484 156.365 155.517 214.347 153.542 146.506 151.827 142.339 141.74 138.473 272.768 136.906 222.595 149.861 136.727 279.486 171.605 179.251 341.324 136.11 185.772 184.85 197.538 135.93 134.34 247.321
threshold=0.10569363832473756 -1.4421188831329343 0.024229395203292373 0.73209384083747875 0 1.9408048391342165 1.4957115650177004 276.50000000000006 -0.59720191359519947 845.50000000000011 -1.3307987451553343 789.50000000000011 0.97941589355468761 803.50000000000011 -0.72702601552009571 1 -0.64912247657775868 -1.2766487598419187 2 3 929.50000000000011 4 1.0863422751426699 5 -0.76450166106224049 366.50000000000006 6 7 -2.0249447822570796 -1.0736950039863584 1.617295026779175 1.3244776129722597 1.8111107349395754 8 0.34871199727058416 -0.88710606098175038 0.66508799791336071 -0.84036657214164723 9 10 -0.024582839570939537 11 -0.82210367918014515 2.7955322265625004 12 0.050372708588838584 2.4924867153167729 -0.76263108849525441 97.500000000000014 127.50000000000001 13 1.3482177257537844 172.50000000000003 0.62470096349716198 -0.11731613799929617 -0.82210367918014515 0.4248367846012116 -0.024582839570939537 942.50000000000011 1.7481967806816103 14 -0.57888829708099354 15
decision_type=2 2 2 2 1 2 2 2 2 2 2 2 2 2 2 1 2 2 1 1 2 1 2 1 2 2 1 1 2 2 2 2 2 1 2 2 2 2 1 1 2 1 2 2 1 2 2 2 2 2 1 2 2 2 2 2 2 2 2 2 1 2 1
left_child=2 -2 10 20 5 6 -5 8 -7 -9 16 12 -6 22 15 -15 17 18 -1 -19 33 24 23 -3 41 26 -12 -27 29 -29 -31 32 -13 34 35 36 -4 -37 -26 40 -16 -22 -34 -44 -18 -25 61 -48 -39 -50 -51 53 -53 -14 55 -55 58 -58 59 -17 -32 -23 -63
right_child=1 13 3 4 11 7 -8 9 -10 -11 25 31 51 14 39 56 44 19 -20 -21 21 46 -24 45 38 27 -28 28 -30 30 60 -33 42 -35 -36 37 -38 48 -40 -41 -42 -43 43 -45 -46 -47 47 -49 49 50 -52 52 -54 54 -56 -57 57 -59 -60 -61 -62 62 -64
leaf_value=0.0029302751087527876 0.00056363815838514993 0.0010600936626146168 0.013823530094549322 -0.0045283574090535491 0.0069785262472800711 -0.012122835864907259 0.0045143286406336015 -0.0012963950907932237 -0.0038870677401478841 -0.007865234996342705 -8.372872034421968e-05 -0.0059471393652738742 0.0052290450820111755 -0.00072381771683999857 -0.00041584220647867973 -0.0027806860379654737 -0.0011083078216127416 0.0041285450080302197 0.01224366025211669 -0.0023200013320765316 0.0047091499018592038 0.0017427163155243639 -5.3879426086494347e-06 -0.00035349636712169455 0.0077863219854145361 -0.00036974034093707818 0.00096699108635431806 0.010288950753912519 0.00017370930096107345 -0.00023833087043757367 0.0070381317682319091 -0.0050991624550832983 -0.0038857965679150973 -0.00033982478988620854 6.6188977400392986e-05 0.0084722620176449267 0.0020108007020386933 -0.0046793629053260687 0.0029123293464062361 -0.000635192812057766 0.0017094771444481794 -0.00079510079965921393 0.0068057790804368027 2.3540949230347917e-05 0.0012580593817694272 -0.0011963771443434508 -0.009970183081999524 -0.00083264717366654517 0.0087348915875224663 0.0023670813347950628 -0.0011436725858193584 -0.0092282037395602142 -0.00013291082788440854 -0.010084092526837875 0.00057235809625558859 0.00056411007795639171 -0.003555042163742275 -0.0091573146297753497 -0.0079053286313925733 0.0052778265944917009 0.0019274457408431245 -0.0096325705153536053 0.0019303180151717856
leaf_weight=5042.3311004638672 289677.57421875 69938.606201171875 3746.4861297607422 8346.8066964149475 4710.5678992271423 7137.212064743042 8044.8877258300781 16225.152137756348 4805.9259333610535 5757.8252563476562 440930.36804193258 5603.6503257751465 6274.369448184967 52154.356811523438 110297.12719726562 28287.036727905273 28922.541473388672 9757.193977355957 6008.5405426025391 10863.293022155762 7263.6973876953125 26356.329116821289 2399872.8811035156 563712.00646972656 10270.24772644043 624189.23022460938 605602.220703125 3127.9362182617188 2107082.7341308594 27256.349370241165 6083.4102809429169 11530.70361328125 4163.5152416229248 890143.82916259766 537724.73608398438 3058.8513946533203 5967.8911285400391 3578.0977210998535 14100.96760559082 453416.23120117188 69688.2392578125 12210.854858398438 4787.745153427124 7813.5881195068359 109278.3479309082 263482.46228027344 3501.9599151611328 18200.64079284668 3450.3319473266602 24971.614948272705 19458.891952514648 4174.3523635864258 11160.828071594238 4304.6658172607422 89626.463701725006 7294.611524105072 12823.746810913086 9121.2838897705078 5627.1282958984375 3026.3507843017578 20349.843681335449 2880.0423583984375 3912.0453948974609
leaf_count=1878 104990 42954 1658 3095 1752 1597 1809 3921 1230 1378 143714 1839 2129 21979 46842 10161 14146 3225 1813 4166 3123 9366 803112 245050 4602 272959 220003 1009 701444 10328 1970 2735 1359 378956 204726 1967 3333 1599 7427 154914 32901 4753 1212 2437 40847 126377 1174 6043 1559 14500 7368 1107 3035 1650 23056 2427 3334 2290 1854 559 5716 1190 1868
internal_value=5.40816e-07 -0.000179833 0.000135071 -0.000120153 -0.000996627 -0.00343973 -9.02698e-05 -0.00505881 -0.00881177 -0.00301832 0.000249956 -0.000234873 0.000295183 -0.000233123 -0.000656705 -0.0024687 0.0012309 0.003273 0.00801109 0.000732457 -3.47627e-06 0.00122855 -0.000137481 -0.000490833 0.00332302 0.000206499 0.000524307 8.72059e-05 0.000219016 0.00189909 0.00140938 -0.00222903 -0.000748699 -8.49742e-05 0.000291887 0.00218123 0.00657131 0.00139844 0.00497184 -0.000339033 0.000407059 0.00126059 0.000990135 0.00260206 0.000762817 -0.000621973 -0.000446357 -0.00230905 0.000977168 0.00140032 0.000829823 3.86123e-05 -0.00261092 0.000416679 0.000118146 -0.00339024 -0.00401312 -0.00588514 -0.00290147 -0.00200114 0.00310813 0.000773195 -0.00298749
internal_weight=1.01382e+07 4.33113e+06 5.80705e+06 1.80256e+06 211763 50317.8 16391.7 33926.1 11943.1 21983 4.00449e+06 161445 127546 4.04145e+06 744442 111040 169872 31671.4 11050.9 20620.5 1.5908e+06 98696.8 3.29701e+06 897133 43845.8 3.83462e+06 1.04653e+06 2.78809e+06 2.1639e+06 56817.5 53689.6 33899.2 22368.5 1.4921e+06 601957 64232.2 9714.38 54517.8 24371.2 633402 179985 19474.6 16764.8 12601.3 138201 827194 54851 21702.6 51458.9 47880.8 44430.5 122835 15335.2 107500 101226 11599.3 58885.5 21945 36940.5 31313.4 26433.3 33148.4 6792.09
internal_count=3733515 1597317 2136198 712980 57768 13030 4904 8126 2827 5299 1423218 44738 35156 1492327 274834 40177 66075 11082 3691 7391 655212 39546 1217493 414381 19905 1357143 363717 993426 720467 19023 18014 9582 6847 615666 236710 31984 4991 26993 12029 234657 79743 7876 5008 3649 54993 371427 19641 7217 25026 23427 21868 33404 4142 29262 27133 4077 18198 5624 12574 10720 7686 12424 3058
cat_boundaries=0 2 4 6 8 10 12 13 15 17 19 21 22 23 24 26 27
cat_threshold=570425378 18 1022805075 81 720572288 63 148284581 81 2499343456 62 587268363 33 417989883 3776979220 40 1627922839 58 69768256 2 916587596 36 2421186592 900900938 27267073 373555203 4 536939021
is_linear=0
shrinkage=0.03


Tree=115
num_leaves=64
num_cat=14
split_feature=7 10 1 11 8 1 4 1 8 11 1 4 8 0 4 6 8 1 12 15 14 1 5 4 15 14 5 8 14 1 0 6 1 4 8 8 0 12 13 8 1 4 0 0 1 9 10 6 8 1 0 1 4 9 14 4 9 9 1 16 12 1 10
split_gain=195.093 155.071 358.62 212.549 348.134 272.613 304.913 226.735 207.436 195.144 184.082 204.731 176.711 174.926 464.42 612.227 222.875 173.337 172.625 359.259 163.339 153.892 150.868 144.868 633.052 1497.87 192.173 140.667 173.149 132.026 130.087 129.617 278.031 128.607 152.283 230.844 170.462 138.326 129.536 128.591 254.038 170.538 198.039 130.058 218.062 153.866 128.039 125.411 124.841 295.386 190.442 285.117 186.86 124.748 132.487 123.859 300.782 163.71 123.18 143.818 122.951 217.212 122.809
threshold=-0.16436788439750669 -1.1444867849349973 0 0.19326592981815341 2.2560166120529179 1 -0.63914722204208363 2 3.5268174409866337 0.85838782787323009 3 -0.31081864237785334 4.5808494091033944 336.50000000000006 0.32278256118297582 -0.27016086876392359 1.2464484572410586 4 -0.56394532322883595 -1.1992393732070921 0.36331708729267126 5 1.4148116707801821 -0.17717035114765164 1.3119027614593508 -0.15898410975933072 -1.657455265522003 2.0280097723007207 0.62470096349716198 6 306.50000000000006 -1.2507771849632261 7 -1.3140000104904173 0.26972286403179174 0.59340763092041027 470.50000000000006 -0.73843973875045765 -0.53738322854042042 0.72863909602165233 8 -0.98101535439491261 112.50000000000001 942.50000000000011 9 -0.70134109258651722 -1.5296894907951353 -0.52425202727317799 1.617295026779175 10 157.50000000000003 11 -0.94474059343338002 -0.62202155590057362 0.12561362236738208 -0.092088464647531496 -0.68260473012924183 -0.66527718305587757 12 0.64911031723022472 -0.53143897652626026 13 -2.4594172239303584
decision_type=2 2 1 2 2 1 2 1 2 2 1 2 2 2 2 2 2 1 2 2 2 1 2 2 2 2 2 2 2 1 2 2 1 2 2 2 2 2 2 2 1 2 2 2 1 2 2 2 2 1 2 1 2 2 2 2 2 2 1 2 2 1 2
left_child=1 2 9 10 5 6 -5 8 -6 31 11 -4 60 14 20 -16 55 -18 -9 -20 29 23 -2 -3 26 -26 -25 28 53 -7 -14 32 -1 37 46 -36 -37 -33 -38 40 41 -23 -43 -42 45 -45 -35 48 -24 -50 51 52 -51 -8 -55 56 -15 -57 59 -49 -12 -62 -34
right_child=22 21 3 4 7 13 27 18 -10 -11 12 -13 30 16 15 -17 17 -19 19 -21 -22 39 47 24 25 -27 -28 -29 -30 -31 -32 33 62 34 35 36 38 -39 -40 -41 43 42 -44 44 -46 -47 -48 58 49 50 -52 -53 -54 54 -56 57 -58 -59 -60 -61 61 -63 -64
leaf_value=-0.012101192835278978 -6.2977266054765977e-05 0.00013476449469057797 -0.011214975221529587 -0.0017028411612291245 -0.0060105599610457815 0.00029540550022815403 0.0016690662474940436 0.0010310169756518751 0.00087838549088488068 -0.0071840408541126019 -0.00062819971487287343 -0.0011186907552175266 0.0089976400797216905 0.0054471769411742737 0.013218906863899222 -0.00068782067114552751 0.0040279427154626835 -0.0016417473348629811 0.0027206090381298857 -0.0082182253389059979 0.0039966001435936122 -0.00011507521640884309 -0.00064520181671227645 0.0024723897219104413 0.024511083448845668 0.001597434316916111 0.00051255317771255215 0.012158588376012917 -0.00050721530768943826 -0.0066662216549398957 0.00087954912559595842 -0.0022060570396043701 -0.0078812136060465617 -0.010230475538735115 0.0076357810709282636 -0.0041954969103922728 0.0016482970043596153 0.006229661341477389 -0.0056006115645493345 1.7518776361134737e-05 0.0001210950144833445 0.010974698160956208 0.0025837765286249128 0.0023372848215253358 -0.0018026246209134789 0.01289589750911271 -0.00042995179745657422 -0.0015433998038893396 0.0091123809088716201 -0.012528099757158068 0.000991147118636159 0.001849726612220342 -0.0026768158536259381 0.0042973075231767868 0.011744012397967045 -0.0082138422913951275 -0.0032290381090504068 -0.0013221832923607584 -0.00053955286119622295 -0.0081223197114494855 -0.00023623562210532136 -0.010064725301124325 -0.0006321051375571382
leaf_weight=3185.8559265136719 5398606.0589860082 433936.3994140625 3180.2325286865234 5338.3479194641113 12338.873779296875 5519.3984375 2985.8867402076721 39189.430294513702 5772.2869567871094 6938.5941543579102 115543.829621315 4182.2806549072266 2768.5935859680176 5729.5607957839966 6802.8143713474274 4898.7469155788422 14952.897399902344 7174.6805419921875 4957.3271331787109 5929.7653079032898 4678.0733032226562 22380.477478027344 122317.86645507812 49889.409942626953 3391.1600952148438 10527.676818847656 461867.4880065918 3190.1981811523438 3617.5638427734375 4399.8331832885742 4945.2079811096191 3038.6492509841919 2672.0521850585938 3191.3875732421875 2570.1414026021957 13549.824779272079 12919.481135606766 4112.0548357963562 2673.4428355693817 2408075.4816894531 313343.92663574219 2648.9762268066406 55134.588531494141 2351.1412754058838 3560.9907531738281 2634.7987575531006 1921.3468586206436 111473.19319152832 3675.0480041503906 3091.6154541969299 83750.093327760696 6110.2965724468231 3943.0132918357849 3604.809672832489 5355.3705081939697 5023.1363544464111 9638.5107884407043 8105.3454518318176 260801.75280761719 3068.3044891357422 4775.6188354492188 3503.9877996444702 9818.7164256572723
leaf_count=1298 1987972 180405 1283 1447 2507 1406 844 10470 1234 2953 51052 1576 895 1544 1872 1207 3246 1762 2191 1560 992 14448 60737 19530 1028 3160 183555 814 1096 1445 1987 1584 2197 1848 1568 6458 6502 2119 1138 800498 146141 1646 33753 1117 1792 1176 1139 37679 966 967 31332 2443 1393 1528 1848 1291 2980 2321 78385 746 2762 2146 7833
internal_value=-3.68033e-06 0.000154599 -0.000427462 4.0715e-06 0.000717983 0.00183597 0.00461977 -0.000938245 -0.00381321 -0.00242355 -0.000865585 -0.00547699 -0.000606811 0.000963118 0.00294785 0.00739918 -6.79369e-05 0.00219072 0.000102561 -0.00323838 -0.000621751 0.000212453 -0.000113068 0.000540461 0.000875363 0.00718687 0.000703633 0.00642196 0.00524255 -0.00280076 0.00379719 -0.00186968 -0.00421144 -0.00103451 -0.00174942 -0.000974325 -0.00173484 0.00264592 0.000404058 0.000100441 0.000597093 0.00210802 0.00296936 0.000220712 0.00387087 0.00790842 -0.00655149 -0.000565093 -1.42167e-06 0.000781566 0.000464152 -0.00289224 -0.00700219 0.0069832 0.00875216 -0.00182186 6.36851e-06 -0.00396115 -0.00089981 -0.00171983 -0.000881357 -0.00441172 -0.00218364
internal_weight=1.01413e+07 4.14444e+06 374694 308103 169203 101015 24092.2 68187.7 18111.2 66591.5 138900 7362.51 131537 76923 26298.9 11701.6 50624.1 22127.6 50076.5 10887.1 14597.3 3.76974e+06 5.99684e+06 959612 525676 13918.8 511757 18753.8 15563.6 9919.23 7713.8 59653 15676.6 43976.3 36825.6 31712.9 29142.7 7150.7 15592.9 2.81013e+06 402055 80164 57783.6 321891 8546.93 4985.94 5112.73 598231 222888 100570 96895 13144.9 7034.63 11946.1 8960.18 28496.6 15368.1 13128.5 375343 114541 123823 8279.61 12490.8
internal_count=3734812 1532192 143943 107306 45605 27643 7577 17962 3741 36637 61701 2859 58842 20066 6922 3079 13144 5008 14221 3751 3843 1388249 2202620 387678 207273 4188 203085 6130 5316 2851 2882 33684 11328 22356 18653 15666 14098 3703 7640 1000571 200073 49847 35399 150226 4085 2293 2987 214648 97838 37101 36135 4803 2360 4220 3376 8136 4524 3612 116810 38425 55960 4908 10030
cat_boundaries=0 2 3 5 7 9 11 12 13 15 16 17 19 21 23
cat_threshold=3828383808 16 70407 533792 64 8992 74 134742176 4 2349131776 28 8915968 537952256 1661010587 34 281546816 1073774756 578556224 17 2599338004 36 276841496 1
is_linear=0
shrinkage=0.03


Tree=116
num_leaves=64
num_cat=15
split_feature=5 10 17 4 17 10 4 17 0 0 0 17 7 8 0 10 12 5 14 10 4 17 17 19 8 17 10 17 10 17 9 17 17 4 4 0 16 13 0 13 17 13 0 17 19 19 15 15 15 8 16 6 17 9 8 14 12 17 11 0 14 11 0
split_gain=198.753 276.95 331.369 199.203 304.83 335.95 198.398 242.05 486.022 229.755 219.081 195.423 194.068 195.544 210.39 242.582 188.868 188.631 183.597 181.867 236.274 240.427 229.316 176.37 185.336 311.242 438.148 306.984 254.924 804.013 289.993 336.882 305.924 295.287 285.099 247.896 271.83 244.888 371.53 339.526 717.206 2440.2 329.028 739.549 266.504 259.819 257.906 236.668 480.515 215.86 333.864 217.973 278.122 198.475 196.149 195.895 181.027 334.317 4834.61 214.758 178.75 181.533 171.841
threshold=-1.2658628225326536 1.5109481215476992 0 -0.3884622305631637 1 -0.51546403765678395 0.65452042222023021 2 127.50000000000001 187.50000000000003 142.50000000000003 3 0.46132624149322515 0.59340763092041027 859.50000000000011 -2.4594172239303584 -0.60971888899803151 -1.657455265522003 0.17054196447134021 1.5109481215476992 -0.98101535439491261 4 5 0.050372708588838584 0.26972286403179174 6 -2.4594172239303584 7 -2.4594172239303584 8 -0.60693171620368946 9 10 0.32278256118297582 0.063367111608386054 659.50000000000011 0.20704916119575503 -1.0965672731399534 157.50000000000003 -0.88972625136375416 11 -0.93878838419914235 97.500000000000014 12 0.20558138936758044 1.6960514783859255 -1.4190838932991026 -1.8840259313583372 -1.9759711027145384 3.4074031114578252 0.15748301148414615 -0.20806440711021421 13 -0.43685242533683771 1.5520311594009402 0.83910587430000316 -0.63114520907402027 14 0.61875310540199291 202.50000000000003 0.26401430368423467 0.40592746436595922 97.500000000000014
decision_type=2 2 1 2 1 2 2 1 2 2 2 1 2 2 2 2 2 2 2 2 2 1 1 2 2 1 2 1 2 1 2 1 1 2 2 2 2 2 2 2 1 2 2 1 2 2 2 2 2 2 2 2 1 2 2 2 2 1 2 2 2 2 2
left_child=1 3 -3 4 5 -1 7 8 11 10 -10 -5 23 -14 19 -16 -6 -13 -8 -15 21 -21 -22 56 25 26 27 -25 29 35 32 53 33 54 -33 36 -26 38 45 40 41 46 43 -41 -45 -30 -39 48 -44 51 -51 52 -46 -32 -31 -55 -2 58 59 -58 61 -53 -9
right_child=12 2 -4 6 16 -7 18 62 9 -11 -12 17 13 14 15 -17 -18 -19 -20 20 22 -23 -24 24 28 -27 -28 -29 37 30 31 34 -34 -35 -36 -37 -38 39 -40 42 -42 -43 47 44 49 -47 -48 -49 -50 50 -52 60 -54 55 -56 -57 57 -59 -60 -61 -62 -63 -64
leaf_value=-0.0036315190907316502 2.3735619266598706e-05 0.0066761376383651051 0.0011484604883633671 0.0012330499243590125 0.00065503471502290154 -0.00049001478789806124 0.00073138313063695714 -0.0032988332172202628 0.0031114190366590467 0.0017435214090103569 -0.0059837845574599695 0.013326626394813598 -0.00087783697283165584 -0.00010054127200196544 -0.0080104080398750652 -0.00082221246833723283 -0.0011066581401631389 0.0047869736742427241 -0.00058247388997206611 0.011266277607026365 -0.0016042604366128964 0.0021271352092123667 0.0021255170275106634 0.017750330091062128 -0.0084351381320766205 -0.00010849357996017626 0.0016382757781046662 0.0028786308155692992 -0.0010712562068076646 0.0075079237242569302 -0.0066280954288272693 0.00082987707714654579 -0.0077623509114983164 -0.00753975043640782 0.010023590934898801 -0.0037662114016624362 -0.021090704071911413 0.0017022725524431577 0.0008492836754042932 -0.0028497273791651579 -0.0011973407432210364 -0.036219380329314717 -0.00071236803710691076 -8.6255467423751079e-05 0.012730229253125664 -0.0074719344616269124 -0.008290557772918589 -0.00038211861114375109 -0.015467796707986122 0.016090433024698703 0.003412642747728162 -0.00033705283984708528 0.0024936399844590635 0.0041467490117233791 -0.0012963687843477326 -0.0050809022157703061 0.0067420334314445343 0.00035211018240776797 0.035733647921197653 -0.0005188805079915852 -0.0047766713044153182 0.0084320492145547599 0.000579792975138495
leaf_weight=41238.228271484375 3502044.2265625 12669.357086181641 42417.183929443359 3346.8169326782227 266157.06103515625 119138.32269287109 185640.22983932495 10744.024066925049 3633.8787841796875 139506.59362792969 6908.3046875 5464.9676513671875 416311.705078125 1551627.953125 4288.97802734375 264671.46923828125 68955.149169921875 4067.3010673522949 197612.85595703125 4040.5003890991211 23969.470230102539 7225.2680130004883 38885.116836547852 2685.846435546875 3737.6446814537048 161625.78610992432 58410.502464294434 2355.519287109375 50009.24983215332 3971.17473757267 4857.5483894348145 6549.7724322080612 8285.459056854248 3709.6806449890137 5654.688493847847 3601.154541015625 2592.367250919342 5821.0969467163086 302393.75219726562 19431.183933258057 94618.172500610352 2370.3087158203125 6600.9649658203125 9232.491512298584 4732.7595672607422 6438.505615234375 3863.2719497680664 1037759.0034179688 2836.59912109375 3982.6319551467896 3525.9052429199219 4639.0824711918831 4848.0966426730156 5854.0393106937408 5327.6650642156601 3197.2692639827728 4029.9377870559692 1077551.4800908566 3720.3511962890625 40106.722735404968 3048.2481684684753 3914.3871583938599 235887.85020065308
leaf_count=15327 1187970 4837 15069 1444 98538 42373 76676 3716 1183 49421 2374 1721 205269 537126 1496 91979 31552 1310 56377 1619 9206 2971 12401 906 1825 91380 27319 1310 24221 1610 2077 2214 3485 1289 2222 1526 957 2763 149294 6050 46187 1356 3311 2948 1450 3270 1676 344776 1213 1546 1046 1772 2050 2297 1577 762 1358 439527 1156 14147 858 1210 84443
internal_value=-1.16433e-06 0.000338693 0.00242168 0.000249618 -0.000222258 -0.00129781 0.000544528 0.0010036 0.00190086 0.0014208 -0.00284869 0.00749262 -5.30998e-05 -0.000289128 -0.000159772 -0.000936986 0.000292516 0.00967714 5.39338e-05 -3.11894e-05 0.00142053 0.00542034 0.000703242 3.10779e-05 -0.000216289 0.000590576 0.00237077 0.0108523 -0.000327884 -0.00229258 -0.000664939 0.00145362 -0.00326303 -0.000389146 0.00508779 -0.0100472 -0.0136306 -0.000256127 0.000432215 -0.000460058 -0.00207628 -0.00896335 -0.000303962 0.00190839 0.004346 -0.00180192 -0.00228627 -0.000425141 -0.00515317 0.00577354 0.0101434 0.00422255 0.0075702 -0.0017383 0.00246562 0.000886183 0.000130105 0.000461104 0.00291425 0.000144772 0.00145595 0.0036786 0.000410748
internal_weight=1.01343e+07 1.34339e+06 55086.5 1.2883e+06 495489 160377 792813 409560 162928 150049 10542.2 12879.1 8.79096e+06 2.31102e+06 1.89471e+06 268960 335112 9532.27 383253 1.62575e+06 74120.4 11265.8 62854.6 6.47993e+06 1.85248e+06 225078 63451.9 5041.37 1.6274e+06 57338.5 47407.3 26113.3 21294 13008.5 12204.5 9931.17 6330.01 1.57007e+06 358842 1.21122e+06 106673 12054.7 1.10455e+06 57354.8 37923.6 56447.8 9684.37 1.0472e+06 9437.56 28691.1 7508.54 21182.6 9580.86 13908.9 9298.84 9051.31 4.62745e+06 1.12541e+06 47857 44136.7 11601.7 8553.47 246632
internal_count=3732339 486361 19906 466455 187790 57700 278665 145612 57453 52978 3557 4475 3245978 862067 656798 93475 130090 3031 133053 563323 26197 4590 21607 2383911 739753 120915 29535 2216 618838 21841 17533 9572 7961 4476 4436 4308 2782 596997 176785 420212 51982 5795 368230 18930 12880 27491 4439 349300 4524 9932 2592 7340 3500 5136 3187 3059 1644158 456188 16661 15505 3840 2982 88159
cat_boundaries=0 1 2 3 4 5 6 7 8 9 10 11 12 13 14 15
cat_threshold=37781817 49840277 11439465 2754624 38818232 14885700 62916099 12583426 3173696 38080516 496146 6656 46858643 18137612 8192
is_linear=0
shrinkage=0.03


Tree=117
num_leaves=64
num_cat=16
split_feature=3 1 2 18 18 9 9 9 9 1 15 1 1 18 1 8 19 1 4 1 4 18 16 19 4 4 1 1 3 1 2 1 19 1 16 4 6 4 15 17 1 4 8 15 8 6 1 15 8 15 19 14 6 13 1 19 15 19 6 18 8 2 18
split_gain=209.611 166.402 170.937 158.988 156.005 147.536 193.396 147.494 184.814 1505.92 3982.3 407.385 171.326 171.103 354.379 196.244 179.85 347.299 298.852 221.604 185.263 176.702 250.951 232.809 195.019 187.394 309.16 186.638 180.634 293.761 195.742 233.619 193.19 172.651 159.501 395.864 183.023 202.769 152.761 152.242 146.351 145.961 168.325 155.655 151.864 247.627 161.645 172.073 166.986 149.119 145.599 228.293 223.07 462.101 219.26 178.788 140.492 170.995 166.603 183.944 160.186 153.716 166.425
threshold=0.88042959570884716 0 -1.8440827727317808 -1.8091298937797544 2.4210708141326909 -0.64710167050361622 -0.5438500940799712 -0.22357788681983945 -0.31511975824832911 1 -1.6671278476715086 2 3 2.4210708141326909 4 4.5808494091033944 0.42878660559654241 5 0.29658980667591101 6 0.72527927160263073 -0.32432694733142847 1.6058590412139895 0.42878660559654241 -0.58848163485527027 -2.1839371919631954 7 8 -1.7563155889511106 9 0.14304283261299136 10 -0.70776975154876698 11 1.0428450107574465 -0.13379042595624921 -0.067132420837879167 1.0704205036163332 -1.5161291956901548 12 13 -1.7580090165138242 1.1849012374877932 -0.89398837089538563 0.42825689911842352 -0.032940823584794991 14 -1.0779896378517149 4.1368329524993905 -1.3321349024772642 0.024229395203292373 0.36331708729267126 -1.2507771849632261 -1.4118369817733762 15 0.55204156041145336 0.58592349290847789 0.37541826069355017 0.038491683080792434 1.8264871239662173 3.9791573286056523 0.2244791463017464 1.8264871239662173
decision_type=2 1 2 2 2 2 2 2 2 1 2 1 1 2 1 2 2 1 2 1 2 2 2 2 2 2 1 1 2 1 2 1 2 1 2 2 2 2 2 1 1 2 2 2 2 2 1 2 2 2 2 2 2 2 1 2 2 2 2 2 2 2 2
left_child=7 3 4 40 5 -3 -7 8 13 10 -10 -12 -11 21 16 -16 19 20 -19 -15 -18 22 25 24 -24 26 39 -23 29 32 31 -31 -27 34 -30 -36 -37 -38 -29 -1 -2 42 -9 -44 45 -43 47 48 -46 -47 -4 -52 53 -53 55 -54 57 58 61 -60 -58 62 -5
right_child=1 2 50 56 -6 6 -8 41 9 12 11 -13 -14 14 15 -17 17 18 -20 -21 -22 27 23 -25 -26 28 -28 38 33 30 -32 -33 -34 -35 35 36 37 -39 -40 -41 -42 44 43 -45 46 49 -48 -49 -50 -51 51 52 54 -55 -56 -57 60 -59 59 -61 -62 -63 -64
leaf_value=-0.0068772654753412659 0.0087145385718055777 -0.004377312376731923 -0.00023814046050585092 0.00089001841647063805 -0.0093261167946542423 0.006883234234929171 -0.0022039907653219112 -0.0034683869476105343 -0.0365428925332325 0.0012151619114151304 0.001649328590943702 -0.0068998027116819703 -0.00052269238210385827 0.0038801597272102653 -0.00020145247974468392 -0.0086183559318812313 -0.00090461918956232532 0.013910923165440093 0.0038374261764764959 -0.0009044042877276602 0.0082676872250287449 -0.00035688588464303145 -0.0054709759981150076 -0.0077147323663603095 -0.0004054739864192005 0.005673592681515678 0.00036591442794789365 0.00076270149796465059 0.00050848077429020905 0.011502881657180162 0.0014198136627315372 0.0037253442886540874 -0.0024003707689640541 7.7737587162657448e-05 0.0076209581608963368 -0.0024441197544243926 0.0056581991208196738 -0.0025585092823612338 -2.2327719592493917e-05 -0.0020333086500044398 0.0016078698855140497 0.0005427616757762917 -0.0013647186048830428 0.0014542139221944996 0.0023967403443554509 0.0091869303300221809 0.00033930854256230983 0.0012376813769935319 0.012064850384322326 0.003179064211807559 -0.00051510996530326389 0.0084402915702295241 -0.0027752092606308297 -0.0025414152573498662 -0.0012588767996846628 -0.006798618739743122 -0.0010349072835117656 0.0014512748400884712 -0.00074945980737109246 -0.0054079276596807066 -0.0079110359630798956 -0.00053139773123577459 0.0056701601840203897
leaf_weight=6693.0047302246094 3023.0634765625 12279.239433288574 485187.38850402832 80711.442764282227 3126.2802734375 3008.9580192565918 7005.860164642334 16142.718444824219 3701.812255859375 66955.610229492188 9869.94384765625 10180.903198242188 214822.279296875 17590.729797363281 44927.971069335938 2634.56201171875 8411.4458057880402 5298.8651263713837 5308.9142925739288 17242.076965332031 2587.4432322978973 1637609.4766235352 7982.5257687568665 5292.8920593261719 47631.242328166962 3212.7943420410156 73118.03759765625 241002.11889648438 920007.56491088867 4815.6214904785156 17864.984161376953 12563.204849243164 15585.184097290039 1709796.6070861816 9975.2247924804688 10528.676330566406 8196.9978637695312 4028.1181030273438 3001184.4025268555 45539.819000244141 18577.44921875 45416.38330078125 38528.692749023438 32491.906188964844 3313.4378662109375 4445.7950439453125 546732.70541381836 15098.580718994141 3124.17626953125 22674.02581179142 196814.28141784668 4999.8783493041992 22982.822845458984 11085.516548156738 34459.617218017578 17527.4189453125 51895.751708984375 75699.936126708984 90435.859985351562 8326.65185546875 3234.7078552246094 81365.246505737305 7129.9256591796875
leaf_count=1416 832 4114 181150 41941 1106 1235 2480 8975 1200 30234 5002 2874 64895 6362 18760 771 3447 1815 1473 4973 916 697124 1698 1009 9129 1019 26236 134039 388932 1629 7264 5324 5468 572838 2259 2511 2453 1095 925677 16455 7795 23616 18194 9221 1725 2317 220607 5267 1127 9700 89847 1758 6769 3272 11704 4768 16036 34678 28222 2504 1109 42280 3179
internal_value=-1.15292e-05 -0.000380537 -0.000634875 0.000102548 -0.00305525 -0.002174 0.000528344 3.88935e-05 2.5287e-06 -0.000721414 -0.00797318 -0.00269479 -0.000109704 3.05749e-05 0.00123932 -0.000668394 0.00284652 0.00499699 0.00886523 0.00151289 0.00125476 1.44212e-05 0.000199761 -0.00170553 -0.00113298 0.000240597 -0.000893451 -9.58314e-05 0.000292927 0.00200993 0.00362452 0.00589193 -0.00101875 0.000258073 0.000581696 0.00263955 0.000454514 0.00295089 3.6027e-05 -0.0026558 0.00260904 0.00044812 -0.000703659 -7.50461e-05 0.000604791 0.00189741 0.000439781 0.00298823 0.0070944 0.00416546 -0.000555275 -0.00108977 -0.0023318 0.000873628 -0.00301957 -0.00451551 -3.3241e-05 0.00019229 -0.000163387 -0.00114247 -0.00143904 0.0004081 0.00127831
internal_weight=1.0139e+07 1.21888e+06 798477 420400 25420.3 22294.1 10014.8 8.92013e+06 8.19216e+06 305531 23752.7 20050.8 281778 7.88663e+06 104002 47562.5 56439.5 21606.7 10607.8 34832.8 10998.9 7.78263e+06 2.90283e+06 60906.7 55613.8 2.84193e+06 125351 4.8798e+06 2.71657e+06 54041.8 35243.8 17378.8 18798 2.66253e+06 952737 32729 22753.8 12225.1 3.24219e+06 52232.8 21600.5 727968 87163.3 71020.6 640805 72536.2 568269 21536.2 6437.61 27119.8 773057 287870 91055.3 16085.4 74969.9 40510.2 398800 343669 267969 98762.5 55130.5 169207 87841.4
internal_count=3733825 486779 308203 178576 8935 7829 3715 3247046 2946297 104205 9076 7876 95129 2842092 38517 19531 18986 7651 3288 11335 4363 2803575 1046735 11836 10827 1034899 44107 1756840 990792 20704 14217 6953 6487 970088 397250 8318 6059 3548 1059716 17871 8627 300749 36390 27415 264359 35633 228726 8119 2852 12017 299268 118118 28271 5030 23241 11537 169949 152804 118126 30726 17145 87400 45120
cat_boundaries=0 2 4 5 7 9 10 11 13 15 17 19 21 22 24 25 27
cat_threshold=1612983548 36 1116209152 8 1073741824 538984512 19 3495906228 3 3225567668 3225439028 1851351144 64 349183700 49 57678002 69 3221266445 16 1322276929 53 33587200 32 4 2138112 34672643 17
is_linear=0
shrinkage=0.03


Tree=118
num_leaves=64
num_cat=16
split_feature=10 12 1 19 1 1 0 15 3 6 1 12 4 17 0 1 17 4 14 15 19 1 6 6 1 12 0 10 15 1 2 0 10 1 12 1 1 15 9 14 11 2 0 14 10 6 8 1 14 8 4 0 6 0 0 1 8 0 1 12 10 9 0
split_gain=238.551 405.185 402.649 291.83 628.462 274.958 249.143 247.656 211.607 208.088 204.841 182.286 230.44 224.508 195.917 248.597 235.163 278.153 180.045 283.325 171.463 599.926 469.567 329.97 237.635 206.201 197.18 194.476 182.44 172.751 161.948 285.402 238.536 172.645 155.496 378.807 302.01 366.34 7311.1 295.046 2341.27 9259.36 266.051 218.052 216.12 324.091 331.702 223.507 210.291 335.048 266.489 218.317 206.464 523.091 204.859 235.366 352.579 197.442 601.078 521.72 451.196 587.895 177.97
threshold=1.9644516110420229 -0.20143771916627881 0 1.6960514783859255 1 2 873.50000000000011 1.791857182979584 0.72144043445587169 -0.43310168385505671 3 -0.59112650156021107 -1.7580090165138242 4 602.50000000000011 5 6 -1.0000000180025095e-35 0.46288070082664495 0.17308335751295092 2.3734664916992192 7 -0.58523011207580555 -0.75956422090530384 8 -0.9295423924922942 157.50000000000003 -0.67963284254074086 -1.4190838932991026 9 -1.8440827727317808 157.50000000000003 -1.0178364515304563 10 -0.7236138880252837 11 12 -1.8840259313583372 -0.27023659646511072 -0.17343234270811078 0.61875310540199291 0.39770589768886572 127.50000000000001 -0.11510797217488287 -1.1444867849349973 -0.43310168385505671 2.0280097723007207 13 0.28698822855949407 2.4924867153167729 1.6692219376564028 572.50000000000011 1.0277248024940493 351.50000000000006 411.50000000000006 14 6.1005938053131112 929.50000000000011 15 -0.40829387307167048 -0.2863446176052093 -0.5438500940799712 659.50000000000011
decision_type=2 2 1 2 1 1 2 2 2 2 1 2 2 1 2 1 1 2 2 2 2 1 2 2 1 2 2 2 2 1 2 2 2 1 2 1 1 2 2 2 2 2 2 2 2 2 2 1 2 2 2 2 2 2 2 1 2 2 1 2 2 2 2
left_child=8 2 18 7 -5 -3 9 10 20 -6 -4 12 -12 -13 16 -16 17 -14 19 -2 34 23 24 27 -23 -25 -26 28 -22 -30 31 -10 -33 -34 36 39 37 38 42 40 -36 62 -1 -41 45 46 -39 -47 50 -50 -49 -51 54 -54 55 56 -37 -45 59 60 61 -59 -42
right_child=1 5 3 4 6 -7 -8 -9 30 -11 11 13 14 -15 15 -17 -18 -19 -20 -21 21 22 -24 25 26 -27 -28 -29 29 -31 -32 32 33 -35 35 52 -38 44 -40 43 41 -43 -44 57 -46 47 -48 48 49 51 -52 -53 53 -55 -56 -57 -58 58 -60 -61 -62 -63 -64
leaf_value=-0.010804330496649568 0.0017085323253111513 -0.014195020961124669 -0.0010965376208562348 0.015032299145698501 -0.00056900214110211446 -0.00076558444269434259 -0.0073422297062204194 0.0093119299754559227 0.006382554288791681 0.0082653571232813219 -0.0050258292804757207 0.0065751008518115878 -0.0085048744741088658 -0.0041952647076113009 0.010920376383857814 0.0031315121643094622 0.0031509734952259749 0.0024478604948104839 0.011657379229092718 0.013046786115588583 -0.015201352230061894 -0.014600176641789728 -0.0017025143258939798 0.0082837632401724561 -0.013635558372254592 0.0016990249694551071 -0.0032664587555845167 0.00017614537095941041 -0.009990192270445012 0.0018730838296771746 -0.00027814983287082704 -0.010422133842145026 0.00018677963430634268 -0.0041753964197271684 -1.190601332871865e-06 -0.00032048842069708959 0.00012912055228882455 -0.0028545779596258892 -0.055720312966816933 -0.00064262422484334225 -0.0023214573509964605 0.059645862721675602 0.0013158611303093939 0.00046293436732350616 -0.00021161736477110044 0.0057477543917295697 -0.011580566640172565 -0.00076235934534912809 -0.011007372639993207 -0.0057790569045209133 0.0064917898816723579 0.0036453456391584392 -0.011822128579680079 9.8819404927125187e-05 -0.00040548101898466287 0.00083526771001906654 -0.0090290318288805682 0.0053230858176380319 -0.00064682645414542003 -0.0040525954142525203 0.0040020731963118748 0.020842663223927992 0.0060043274922359901
leaf_weight=1733.4227094650269 9096.3307688236237 2472.223876953125 55780.178562164307 3987.489185333252 5265.6002194881439 3077.2874755859375 2395.1806182861328 2747.981517791748 3186.2261962890625 4402.8010218143463 3633.0157070159912 2159.9416885375977 4204.1052579879761 8755.6304068565369 4845.1700439453125 15454.793670654297 15797.197407245636 4135.2539720535278 3863.5247039794922 2532.372020483017 1664.7834129333496 4182.5065994262695 25477.225189208984 5132.1793565750122 2204.9603977203369 25682.460841178894 6540.3673229217529 9084.6262664794922 2020.8707675933838 2411.1009006500244 1608081.7541503906 3493.8127021789551 15043.359762191772 17854.07399559021 68138.982666015625 165780.68615722656 3302150.0424804688 29561.992621421814 2239.6693420410156 156151.21826171875 7200.1694760322571 3047.859872341156 26134.009022712708 1506216.1970214844 1656794.7487487793 4807.10205078125 4516.4574213027954 55564.246831893921 4481.5060601234436 4304.6784443855286 4959.9628849029541 4540.5627183914185 4798.4210739135742 10675.211738586426 825047.38220977783 327586.56778162718 4287.5120849609375 4913.2174530029297 33500.605773925781 4733.029052734375 17892.275989532471 3975.1976585388184 3396.5709934234619
leaf_count=983 4081 1150 19793 1663 3076 1345 960 512 1170 1642 1741 1307 1460 3984 2172 5403 5869 1685 1227 794 1257 2084 10069 1950 1087 12081 3261 5791 929 1484 633927 1191 6076 5511 35283 92922 1139617 13535 1107 76564 2749 1238 15170 495666 520093 1292 1255 17516 1154 1042 1704 1082 1269 2787 393466 142355 1639 1684 11982 1389 5258 1013 1263
internal_value=3.9533e-06 0.00117333 0.00146975 0.000938257 0.00473198 -0.00678252 0.00130896 0.000419975 -1.41606e-05 0.00345619 0.000206667 0.00143899 0.00223393 -0.00205984 0.00282797 0.0049997 0.00100079 -0.00307183 0.00604565 0.0041822 4.72602e-05 -0.00129801 -0.00406513 0.00101329 -0.00872187 0.00279688 -0.0058804 -0.00260604 -0.00674845 -0.00355974 -0.000324814 -0.00222055 -0.00297456 -0.00218214 6.10251e-05 0.000226856 -4.12776e-05 -0.000353939 -0.00363511 0.000509912 0.00227057 0.0136112 0.000560153 0.000426549 -0.000298104 -0.00156906 -0.00401257 -0.000510231 -0.000918591 -0.00432954 -0.000167394 -0.000941865 -0.000155829 -0.00360053 -0.000115519 0.0003652 -0.000540263 0.000532807 0.00215142 0.00512431 0.00674854 0.0122718 0.000348778
internal_weight=1.01358e+07 154606 149057 133564 16051.1 5549.51 12063.6 117513 9.98119e+06 9668.4 114765 58985.1 48069.5 10915.6 44436.5 20300 24136.6 8339.36 15492.2 11628.7 8.33353e+06 84401.1 38405.1 45996 12927.8 30814.6 8745.33 15181.4 6096.76 4431.97 1.64766e+06 39577.5 36391.2 32897.4 8.24913e+06 3.14734e+06 5.10179e+06 1.79964e+06 30107.1 1.80917e+06 81783.6 13644.6 27867.4 1.72738e+06 1.76953e+06 112737 34078.5 78658.1 73851 13326.7 60524.2 8845.24 1.33818e+06 15473.6 1.3227e+06 497655 170068 1.57123e+06 65014.3 31513.7 26780.7 8888.42 10596.7
internal_count=3731809 59864 57369 51267 7341 2495 5678 43926 3671945 4718 43414 23621 18330 5291 16589 7575 9014 3145 6102 4875 3024070 39993 16501 23492 6432 14031 4348 9461 3670 2413 647875 13948 12778 11587 2984077 1268527 1715550 575933 17260 634089 40533 5250 16153 593556 558673 38580 14790 23790 22498 3278 19220 2124 634438 4056 630382 236916 94561 516992 21326 9344 7955 2697 4012
cat_boundaries=0 2 4 6 8 9 11 12 14 16 18 20 22 24 25 27 29
cat_threshold=134480528 11 2487889952 4 4608 3 280575298 4 196634 587218952 16 725016 495366616 62 1614807046 1 67379464 2 4210120264 72 2083102080 85 1344855488 28 256 20972152 32 472421376 64
is_linear=0
shrinkage=0.03


Tree=119
num_leaves=64
num_cat=17
split_feature=0 16 19 1 6 10 1 0 8 8 1 4 8 15 0 14 4 16 9 12 0 10 15 17 19 10 0 19 1 12 1 1 0 1 8 1 4 1 9 8 8 6 12 0 15 8 0 12 1 1 1 12 1 17 17 0 9 14 6 8 18 1 4
split_gain=203.067 399.476 701.102 611.357 321.98 282.699 625.566 282.57 306.152 268.317 259.707 343.904 410.666 577.453 241.402 232.612 232.412 228.407 382.903 227.536 361.504 315.666 248.555 289.779 234.528 227.458 417.822 343.548 529.666 313.884 517.07 410.526 275.094 763.697 302.886 289.601 272.558 297.741 299.221 361.413 258.69 372.188 297.206 288.182 388.629 450.019 347.797 291.836 386.882 279.172 273.671 271.177 411.617 263.738 263.163 266.457 296.977 272.261 250.692 266.099 249.204 416.706 279
threshold=775.50000000000011 0.81742417812347423 0.48429609835147863 0 1.0277248024940493 1.5109481215476992 1 942.50000000000011 2.1798427104949956 2.7955322265625004 2 -1.0000000180025095e-35 2.1798427104949956 -1.2399296164512632 745.50000000000011 1.6000010967254641 -0.21171189099550244 1.0428450107574465 0.12152811884880067 -0.96653699874877919 887.50000000000011 0.10113328322768213 -0.13259854167699811 3 -0.24914781004190442 0.16448456048965457 202.50000000000003 1.1229721903800967 4 -0.64261594414710987 5 6 142.50000000000003 7 0.191217876970768 8 1.007509380578995 9 -0.63794851303100575 2.2560166120529179 1.8111107349395754 1.0277248024940493 -1.0362799763679502 127.50000000000001 -1.163821220397949 2.1003625392913823 202.50000000000003 -0.78030541539192189 10 11 12 -0.54749682545661915 13 14 15 306.50000000000006 -0.5438500940799712 0.081397533416748061 0.37988303601741796 3.4074031114578252 -2.3239542245864864 16 -0.13379042595624921
decision_type=2 2 2 1 2 2 1 2 2 2 1 2 2 2 2 2 2 2 2 2 2 2 2 1 2 2 2 2 1 2 1 1 2 1 2 1 2 1 2 2 2 2 2 2 2 2 2 2 1 1 1 2 1 1 1 2 2 2 2 2 2 1 2
left_child=5 -2 4 -4 10 25 17 8 -5 -10 11 15 13 -13 -8 16 -3 18 -7 20 -12 22 23 -21 -22 27 29 32 -29 31 -31 36 33 34 -1 -35 -27 38 39 -38 42 43 -30 47 45 -45 -47 50 -49 -44 -42 54 -53 -48 55 57 -57 -51 -36 -60 61 -34 -63
right_child=1 2 3 7 -6 6 14 -9 9 -11 19 12 -14 -15 -16 -17 -18 -19 -20 21 24 -23 -24 -25 -26 26 -28 28 40 30 -32 -33 60 35 58 -37 37 -39 -40 -41 41 -43 49 44 -46 46 53 48 -50 51 -52 52 -54 -55 -56 56 -58 -59 59 -61 -62 62 -64
leaf_value=-0.0020993616229911232 -0.00010752337521240106 0.00028682200152648369 -0.015364653290282757 -0.0076889413455114341 -0.0082300957403994828 -0.00054035575178297481 0.002423331426399695 -0.010501528487837985 0.0066052175371776626 -0.0027517176154339003 -0.0012745285412196462 0.0011120692379239265 0.00044171218714062697 0.012627467025634975 0.0089588797773845746 -0.0061784044468511492 -0.0056221757574823348 0.0057858462242800857 -0.012369991809167509 -0.0083051058633697317 -0.004291887639530409 0.00050511708910732202 0.0032654134694937546 -0.0022365167516753873 -0.013103890453053451 0.00072828321080450919 -6.1898227307105663e-06 -0.0030033377416681653 -0.0084125054934620688 -0.0021051949607182032 0.0017213446587495524 -0.0020691779681524624 -0.0011772381837881517 -0.0011311471916987707 0.0037025604392901144 0.00072373500548418557 -0.0026402418670990612 0.00093334399240347277 0.00018633594822653609 -0.01472421059228686 0.0048913890903512572 0.0050847157723836103 0.0089330299433982175 -0.0093115329557273904 -0.0026339567719069661 0.012402985709904444 0.0063235860727392755 -0.0040144214297703614 -0.019045620881709659 0.0033284147429743401 -0.0073791824881405408 -0.0072105035330336884 0.0014609492820031539 -0.0014271029673244 0.0010697514270094665 -0.0043127234006200962 0.010163026802991419 0.015118122655503434 -0.001965582455259858 0.0045766247001700457 0.00010324536696978313 0.001471941278125022 0.0070094093904882575
leaf_weight=10938.493291318417 1872454.58984375 39330.849731445312 5001.5738220214844 5791.8693306446075 5181.75537109375 94903.446838378906 101920.3232421875 4451.9495544433594 4387.9515681266785 7407.0508663654327 17319.418090820312 9289.5834045410156 48781.512170791626 6775.8099851608276 5349.666015625 7907.46337890625 7061.965106010437 4902.39013671875 2523.1932983398438 9210.4151000976562 6097.9222259521484 58763.664978027344 5308.010009765625 30627.392761230469 4910.4245758056641 99402.753509521484 2076460.73828125 77248.241577148438 2807.9029541015625 50863.975219726562 84659.974487304688 260956.35638427734 20604.410766601562 113927.6044921875 109922.31221365929 226018.4462890625 4249.9186563491821 10881.670623779297 4998.1079473495483 4682.1962966918945 3157.6284484863281 7797.6015625 4299.2463684082031 2662.6040712594986 43329.654069304466 3488.5550112724304 6995.6593286991119 3613.4801268577576 2700.7770266532898 3207.2501339912415 3363.6049766540527 7916.6841354370117 12996.496065020561 9047.7186119556427 43508.363153100014 3459.9218760728836 2013.6563709974289 3919.1162414550781 15834.421825647354 8646.8945007324219 4388469.4379882812 16220.302757501602 16540.208961248398
leaf_count=5509 720614 11223 1652 1646 883 40698 37507 1182 1097 2014 3664 3878 12202 1849 1897 2200 1898 1229 1132 2301 1345 14820 991 8463 976 40488 769479 38639 1194 24470 33241 84884 8026 47910 44094 68075 1465 5006 1692 1503 1099 1959 2064 1250 14328 1465 2682 1312 1073 2066 1150 3651 6528 3759 18017 1975 1007 1573 4984 2731 1594535 5754 5657
internal_value=-8.11256e-06 -0.000266449 -0.0013157 -0.00590984 -0.000831402 6.16733e-05 0.00114886 -0.00375246 -0.00204363 0.000730553 -0.000678733 0.000337142 0.00181198 0.00597127 0.00274941 -0.00142409 -0.000613161 -0.000529241 -0.000847343 -0.00159393 -0.00397719 -0.0009442 -0.00283054 -0.00364307 -0.00822677 3.2352e-05 -0.000196736 0.000147331 -0.000943228 -0.000956599 0.000285139 -0.00139351 0.000202121 0.0008803 0.00270025 0.000102078 2.61638e-05 -0.00278627 -0.00568776 -0.00897933 -8.44499e-06 -0.00116385 0.00117482 -0.00178593 -0.000980502 0.00224735 0.00382504 -0.00589562 -0.0104901 0.00150636 -0.0014423 0.00108995 -0.00182532 0.00195653 0.00217682 0.00599205 0.00101713 0.00981817 0.00309114 0.000345613 0.000128026 0.00216566 0.00426705
internal_weight=1.01375e+07 2.15606e+06 283607 27040.4 256566 7.98141e+06 209599 22038.8 17586.9 11795 251384 119147 64846.9 16065.4 107270 54300.3 46392.8 102329 97426.6 132237 28327.8 103909 45145.8 39837.8 11008.3 7.77181e+06 2.59716e+06 5.17466e+06 247534 520695 135524 385171 4.92712e+06 485288 145342 339946 124215 24811.9 13930.2 8932.11 170286 86157.3 84128.6 78359.7 65524.2 22194.5 19531.9 12835.5 6314.26 81320.7 6521.23 77021.5 20913.2 16043.4 56108.3 12599.9 5473.58 7126.37 134404 24481.3 4.44183e+06 53364.9 32760.5
internal_count=3733655 794898 74284 7591 66693 2938757 82463 5939 4757 3111 65810 33250 17929 5727 39404 15321 13121 43059 41830 32560 5985 26575 11755 10764 2321 2856294 962228 1894066 106791 192749 57711 135038 1787275 173303 57318 115985 50154 9666 4660 2968 68152 30077 38075 28118 23484 9156 7906 4634 2385 36881 2249 34817 10179 6441 24638 6621 2982 3639 51809 7715 1613972 19437 11411
cat_boundaries=0 2 4 6 7 9 11 13 15 17 18 20 21 23 25 26 27 29
cat_threshold=1073741856 25 313646147 52 2181042818 16 574464 3054781985 40 884089802 112 3400944136 40 1098942997 46 744902664 16 168036872 729474 81 98304 1208029448 70 1093142722 64 4210817 17044672 1057014068 89
is_linear=0
shrinkage=0.03


Tree=120
num_leaves=64
num_cat=21
split_feature=3 2 1 4 1 2 5 19 4 1 1 0 0 16 0 6 0 14 8 12 1 2 0 2 1 1 1 6 1 4 8 15 1 2 0 4 4 1 0 4 6 1 1 0 18 1 1 6 0 2 1 1 0 1 8 4 1 1 4 16 4 1 8
split_gain=204.246 219.267 256.787 209.018 197.103 179.527 384.928 373.837 554.137 673.452 480.612 462.308 415.755 330.957 392.122 313.501 602.461 350.703 281.5 279.966 264.053 493.523 260.967 634.758 678.229 370.625 320.62 319.682 370.442 249.659 880.646 1356.37 311.082 247.502 243.943 241.964 335.381 428.99 305.263 287.201 538.598 568.436 489.496 464.906 376.004 309.147 273.011 264.973 238.209 627.392 257.597 245.775 236.897 965.877 305.75 284.252 328.131 287.364 480.531 785.558 394.219 248.179 245.92
threshold=1.0976481437683108 -1.8440827727317808 0 -0.13379042595624921 1 0.058021802455186851 -1.7908884882926939 0.95626643300056469 1.123882591724396 2 3 172.50000000000003 276.50000000000006 1.0428450107574465 426.50000000000006 -0.58523011207580555 261.50000000000006 0.39361193776130682 3.6757609844207768 -0.53143897652626026 4 0.33488288521766668 873.50000000000011 -0.11170041933655737 5 6 7 -1.0177602171897886 8 1.5712455511093142 6.1005938053131112 -1.0000000180025095e-35 9 1.3117887377738955 396.50000000000006 0.92175588011741649 1.5712455511093142 10 929.50000000000011 -0.13379042595624921 -0.61498904228210438 11 12 887.50000000000011 1.2956186532974245 13 14 -0.20806440711021421 172.50000000000003 -1.3179268240928648 15 16 247.50000000000003 17 1.3005556464195254 -0.51254457235336293 18 19 -0.84932526946067799 0.73209384083747875 -0.94474059343338002 20 1.6825375556945803
decision_type=2 2 1 2 1 2 2 2 2 1 1 2 2 2 2 2 2 2 2 2 1 2 2 2 1 1 1 2 1 2 2 2 1 2 2 2 2 1 2 2 2 1 1 2 2 1 1 2 2 2 1 1 2 1 2 2 1 1 2 2 2 1 2
left_child=5 2 -2 4 -4 6 48 -7 10 11 15 -10 -11 18 -15 16 17 33 20 -14 21 -12 26 24 -24 27 -8 28 -25 52 32 -32 34 -9 -31 39 46 38 -38 45 41 -41 -42 -43 -44 -26 -37 -40 49 -1 -50 -51 53 -28 61 57 62 58 59 -56 -59 -55 -57
right_child=1 -3 3 -5 -6 7 22 8 9 12 13 -13 19 14 -16 -17 -18 -19 -20 -21 -22 -23 23 25 35 -27 29 -29 -30 30 31 -33 -34 -35 -36 36 37 -39 47 40 42 43 44 -45 -46 -47 -48 -49 50 51 -52 -53 -54 54 55 56 -58 60 -60 -61 -62 -63 -64
leaf_value=0.015596374313863366 -0.00014456306264588531 -0.00036832768948289569 -0.013570624751150772 -0.00074632105520544914 -0.0050772846496404201 -1.4924488117867004e-05 -0.00044173332878145321 -0.0044879103110280335 -0.022590878988203868 0.0051312562122610254 0.015932642320866563 -0.0073913613193399095 -0.0014041110222166805 -0.0090982058446226061 0.00047753431817960159 -0.00091672901759108584 -0.001110796402508638 -0.016691150503245482 -0.0018980076529098141 -0.012771954953584262 0.00087810791591731252 0.0022750687001317715 0.0015472078123686067 0.02078157136825225 -0.0037070410994985677 -4.8438054387117734e-06 -0.00051705090311038044 0.0028357781723053919 0.0047665922960344609 -0.0023490848468475096 -0.030785906107401496 0.00054532260056499486 0.00053744279046996364 -0.013439320692977576 -0.0001441647947701431 0.0031328921236046083 -0.0026970463341755894 -0.0063011768185108749 0.010669241054579058 -0.020342389488072907 0.0037833630942164264 -0.017017277624215798 -0.0029116896953327613 -0.0035943143207336804 -0.013014071102145544 -0.00044171354653237333 -0.001666241147759725 -0.00023545733503966946 0.0025365813033732258 0.0057098397726183404 0.0001338824066056082 -0.00038094587746871292 0.00029080058489299213 0.0027409993536616889 -0.0018024532362784127 -0.0021382129723031694 0.0017521976684270874 0.0021524653470760772 0.0093251861387365024 -0.019601723686718607 -0.0026155246261119836 0.0072094635262939105 0.005987575350087951
leaf_weight=3668.9005126953125 16526.84733581543 717443.703125 3550.1089324951172 5885.2682304382324 8127.7442512512207 4965093.4365234375 581277.93212890625 16682.109119415283 2739.8073327541351 5111.7888166904449 3037.9768152236938 5261.9048540592194 5100.5744073390961 7002.4033145904541 8537.2738647460938 91976.545046806335 32068.071411132812 3188.909348487854 29461.769664764404 3152.8512516021729 115156.86380195618 10960.639984130859 64328.630981445312 2044.3899765014648 40967.363835334778 45981.760437011719 220958.38134765625 29363.911712646484 3591.614631652832 80872.471801757812 2155.0347900390625 2930.5474853515625 231112.23132324219 3333.8732709884644 102255.78637695312 26610.391693115234 12690.052307128906 16266.621276855469 3697.7001495361328 3029.8671875 9198.5706787109375 2856.6319580078125 30628.291926383972 12345.084930419922 3714.2502746582031 71865.9853515625 17790.305694580078 4374.7273406982422 65009.849792480469 10605.383943557739 105036.21960449219 13598.778959274292 1944218.102722168 34469.566223144531 12651.503496170044 3762.8644027709961 115576.28379821777 76384.014799118042 2460.5826244354248 2704.8740844726562 19609.295213699341 16590.75880163908 30528.010108947754
leaf_count=1259 5776 292906 981 2190 2982 1829922 197302 9646 979 2305 1436 1984 2095 1585 1850 35377 17081 1071 11888 1193 51502 4989 30483 771 14907 15752 71789 9710 2260 26446 1172 1276 79647 1987 33003 7291 3636 5375 1072 723 3212 1248 8574 5772 1020 24106 6805 1244 23040 3504 36219 4478 707064 21317 5674 1711 38980 26281 1127 703 6435 8898 11206
internal_value=-4.15592e-06 -0.000480038 -0.00283066 -0.00535437 -0.00767995 3.39414e-05 0.000183582 -8.10768e-05 -0.00103928 -0.00571696 -0.00072823 -0.0125908 -0.00158781 0.000338515 -0.00383897 -0.00198976 -0.00377545 -0.00745684 0.000747912 -0.00575179 0.00135152 0.00523992 0.000117782 -0.000606576 -0.00120642 0.00176633 0.00020131 0.00409175 0.0106344 0.000330237 -0.000346768 -0.0127486 -0.00019436 -0.00598185 -0.00111787 -0.00189827 -0.000547827 -0.0026559 0.000203808 -0.00252813 -0.00417248 -0.00850089 -0.00235931 -0.00611743 -0.00400486 -0.00162776 0.00121035 0.00476312 0.0014741 0.00404455 0.00105266 0.00229064 0.000444713 0.0010033 0.0020706 0.00165914 0.00251749 0.000528788 -0.00296877 -0.00494298 0.00117826 0.00419543 0.00509424
internal_weight=1.01392e+07 751534 34090 17563.1 11677.9 9.38765e+06 4.07978e+06 5.30787e+06 342773 21366.9 321406 8001.71 13365.2 174157 15539.7 147250 55273 23204.9 158617 8253.43 129155 13998.6 3.88186e+06 401346 320364 80981.7 3.48052e+06 34999.9 5636 2.89924e+06 419326 5085.58 414240 20016 183128 256036 81429.8 37029.1 20762.5 174606 61772.7 18231.6 43541.1 15201.7 34342.5 112833 44400.7 8072.43 197919 27873.1 170046 24204.2 2.47991e+06 535696 314738 263677 149867 113810 17817 15356.4 95993.3 51060.3 34290.9
internal_count=3734217 304835 11929 6153 3963 3429382 1452492 1976890 146968 8556 138412 2963 5593 73250 3435 65162 29785 12704 69815 3288 57927 6425 1383992 143961 115468 28493 1240031 12741 3031 1042729 141544 2448 139096 11633 59449 84985 25423 11327 5952 59562 20549 7743 12806 7020 9594 39013 14096 2316 68500 9241 59259 7982 901185 194121 122332 92117 51897 40220 7504 6377 32716 30215 12917
cat_boundaries=0 2 3 5 7 8 10 12 14 16 17 19 20 22 24 26 28 30 32 34 35 37
cat_threshold=1785826528 108 2416443416 146588037 24 668487204 99 1073778688 484458520 4 103133773 54 268442624 36 67146240 2 2740527315 1109040326 72 12548 570732800 56 3808437793 16 1075592101 80 2256328848 4 2501104437 2 149594216 64 571474432 2 655360000 85278740 16
is_linear=0
shrinkage=0.03


Tree=121
num_leaves=64
num_cat=20
split_feature=3 0 0 1 6 1 10 1 1 19 11 6 14 18 4 2 1 2 1 6 1 2 19 1 0 8 1 0 4 1 11 11 1 11 1 10 1 8 14 4 13 13 1 8 1 13 1 2 19 4 0 1 4 0 1 1 16 8 11 10 10 2 1
split_gain=195.166 174.268 214.75 604.582 288.005 261.178 293.471 594.857 382.232 257.081 248.83 227.237 255.507 205.032 202.026 195.29 191.993 190.586 291.398 194.45 280.852 190.186 264.286 459.765 222.048 329.179 316.05 257.407 248.59 246.492 255.028 321.246 213.02 211.831 210.836 295.627 361.139 257.021 266.486 232.226 354.487 824.828 230.885 281.901 215.478 313.277 211.648 407.15 206.377 296.671 344.719 291.446 199.832 210.878 552.499 449.38 268.762 322.905 209.669 197.322 190.34 189.253 218.725
threshold=-0.43408909440040583 645.50000000000011 929.50000000000011 0 -0.37335526943206782 1 -0.91050890088081349 2 3 -0.024582839570939537 0.56661278009414684 0.81279775500297557 0.19009767472743991 1.1321002840995791 0.98860594630241405 0.50335416197776806 4 -0.58239096403121937 5 -0.75956422090530384 6 0.028961143456399444 0.95626643300056469 7 157.50000000000003 0.34871199727058416 8 112.50000000000001 1.0704205036163332 9 -0.50421506166458119 -0.74005985260009755 10 1.1375255584716799 11 -2.4594172239303584 12 2.4137189388275151 1.0290583372116091 1.5712455511093142 -1.0590462088584898 -1.1369868516921995 13 1.6825375556945803 14 0.3388784527778626 15 -1.3179268240928648 1.1229721903800967 -0.94474059343338002 217.50000000000003 16 0.38342870771884924 202.50000000000003 17 18 0.24348878115415576 0.97941589355468761 0.30199488997459417 -0.14989652484655377 -1.3084688186645506 -0.1680435240268707 19
decision_type=2 2 2 1 2 1 2 1 1 2 2 2 2 2 2 2 1 2 1 2 1 2 2 1 2 2 1 2 2 1 2 2 1 2 1 2 1 2 2 2 2 2 1 2 1 2 1 2 2 2 2 1 2 2 1 1 2 2 2 2 2 2 1
left_child=-1 21 5 4 -4 -3 7 9 10 -7 -9 14 -13 -10 61 16 -16 18 19 20 -8 34 32 33 25 26 -25 -28 29 30 31 -26 -23 52 35 36 -2 38 46 44 41 -41 43 -40 45 -39 47 -36 -48 50 -50 -51 53 55 -55 56 57 -24 -56 -59 -46 62 -5
right_child=1 2 3 11 -6 6 17 8 13 -11 -12 12 -14 -15 15 -17 -18 -19 -20 -21 -22 22 23 24 28 -27 27 -29 -30 -31 -32 -33 -34 -35 37 -37 -38 39 42 40 -42 -43 -44 -45 60 -47 48 -49 49 51 -52 -53 -54 54 58 -57 -58 59 -60 -61 -62 -63 -64
leaf_value=0.00021691319401537554 0.00063738781724860267 -5.3839165443277029e-05 0.0033813864856823291 0.0012961210962974606 0.00054070041682944701 -0.002790776719380677 -0.01272018113013423 0.010682336125536146 -0.0011404278655986093 -0.0082609135380101711 -0.00040328330114475187 0.00045648622740183622 -0.0095651516041306561 -0.0099009998727631783 0.0059987900409786488 0.0075897014295689081 -0.00094871660993201467 -0.00034552810199731755 -0.00023362773656810025 -0.0019132239482871829 -0.003520303287737574 0.00031765760475255532 0.011324032769670275 -0.0076447708499279296 -0.0021911884422575289 -0.0061592065853566481 -6.8514875159846449e-05 0.017130873938079414 -0.0070732220529701661 -0.00031429533464787373 -0.0023504474493070034 -0.022417668109437787 -0.00025433716440314679 -0.0029500690694461824 0.010761365609880615 -6.1373790187253488e-07 -0.013397466300099829 0.001302357106250832 0.011785379192010953 -0.0025137063667777407 -0.00068802966569579021 -0.023282380614119309 0.0014300834952513098 0.0026707062570670279 -0.0064697221448077836 -0.0094312589325078883 0.00041634800197175829 0.0016873979178682053 0.015410854186681951 0.0092200762882166908 0.0028802758377742925 -0.00059362442833850524 -0.0013668209802890868 -0.0042030722353227582 0.0021493695540097668 -0.00055386212257701876 0.016204718184609036 -0.0028302855719753005 0.010435774355763906 0.0076331439305192894 -0.00030389779595666941 -0.00027385537120623604 -0.0045842943207526068
leaf_weight=2867759.921875 3310.6063995361328 1153207.6689453125 66306.578063964844 7591.8631591796875 62304.065734863281 14597.22265625 3713.1086883544922 4076.3167695999146 66219.328155517578 16455.301513671875 3291.7511014938354 3937.8522524833679 5463.8765072822571 2490.0854187011719 4630.7208862304688 4441.6867294311523 15593.221939086914 826021.59191894531 92173.064086914062 70741.964698791504 15211.853858947754 913528.38598632812 4980.5035710334778 1808.9202013015747 1315.6399936676025 25066.567300796509 1653.7865152359009 1482.4803771972656 6942.9337348937988 54257.961372375488 6713.3195207118988 1524.8848803043365 1634196.5808105469 14871.6875 4700.136474609375 1035542.7569046021 3280.3252410888672 142441.37072753906 5688.9049072265625 8499.9664306640625 49385.055740356445 2153.4646301269531 16147.531494140625 6594.9884033203125 4638.3607177734375 2485.0886840820312 453090.56116867065 82305.987548828125 3268.4488677978516 3259.7818908691406 4992.2690200805664 16175.229091644287 23270.509667396545 13559.899963378906 11392.308936834335 11275.441992759705 2584.9153339862823 4134.7395730018616 3618.5627062320709 2662.3255307674408 152328.11396789551 69801.348709106445 22720.082893371582
leaf_count=1088455 744 405492 29057 3447 21147 4394 1040 1377 29181 5520 892 1103 1367 1149 1346 1682 5164 310356 33554 25946 6731 311668 2295 1215 1168 10669 1138 1039 3024 22405 3742 991 620989 3675 1948 324590 1621 57831 1111 4501 15493 696 4399 1108 1420 954 193555 37563 1439 2348 2193 7628 10188 5037 5920 5175 886 1569 1033 1029 47736 24489 7218
internal_value=7.32532e-06 -7.53257e-05 -0.000276325 0.000535521 0.00200516 -0.000370385 -0.000697773 -0.00219058 -0.000761697 -0.00568853 0.00572506 -0.000873222 -0.00536964 -0.0014584 -0.000534298 0.0018974 0.000645655 -0.000539092 -0.00141834 -0.00263576 -0.0053368 3.19752e-05 -0.000130345 -0.00120033 -0.00260146 -0.00476388 0.00230794 0.00805016 -0.00168434 -0.0010975 -0.00553685 -0.0130697 -4.92386e-05 0.000328797 0.00025439 -4.09393e-05 -0.006372 0.000575597 0.000958422 -5.50334e-05 -0.00175898 -0.0067208 0.0037925 0.00688936 0.000283859 0.00111791 0.000816477 0.00217792 0.000570024 0.00308378 0.00784447 0.00105879 0.000958349 0.00195652 0.000183912 0.00393149 0.00744694 0.00552506 0.00414696 0.00127071 -0.000486267 -0.00113348 -0.00311261
internal_weight=1.01399e+07 7.27212e+06 2.53099e+06 262791 128611 2.2682e+06 1.11499e+06 107130 76077.5 31052.5 7368.07 134181 9401.73 68709.4 124779 24665.6 20223.9 1.00786e+06 181840 89666.9 18925 4.74113e+06 2.74084e+06 193117 100766 30011.8 4945.19 3136.27 70754.7 63811.8 9553.84 2840.52 2.54772e+06 92350.9 2.00029e+06 1.04213e+06 6590.93 958155 596224 361931 60038.5 10653.4 28431.4 12283.9 301893 144926 567792 87006.1 480786 27695.7 8260.72 19435 77479.2 54208.7 28570.8 25637.9 14362.5 11777.6 15010.9 6797.07 156966 100113 30311.9
internal_count=3733840 2645385 921652 96020 50204 825632 420140 42513 32599 9914 2269 45816 2470 30330 43346 8192 6510 377627 67271 33717 7771 1723733 1014855 82198 45391 14061 3392 2177 31330 28306 5901 2159 932657 36807 708878 326955 2365 381923 253292 128631 20690 5197 6618 2219 107941 58785 246674 39511 207163 13608 3632 9976 33132 22944 11990 10954 5779 4893 6953 2598 49156 35154 10665
cat_boundaries=0 2 4 6 7 8 10 11 13 15 16 18 20 22 23 25 26 27 29 31 32
cat_threshold=469294088 62 649004251 97 268449792 16 256 54 1074844420 6 1073742084 2035255450 68 11550977 32 2157969920 2650814497 44 2617982145 29 604288 4 33554464 554992148 2 570425874 23330816 1342638082 4 1476788362 4 2751725840
is_linear=0
shrinkage=0.03


Tree=122
num_leaves=64
num_cat=18
split_feature=10 1 12 12 19 1 0 1 8 2 7 19 0 1 1 10 2 1 19 1 10 1 8 0 1 1 0 1 1 8 19 12 4 1 1 15 0 8 1 16 0 4 1 16 4 15 15 2 11 9 9 1 2 0 1 9 15 10 19 0 11 5 9
split_gain=221.092 470.059 264.742 233.853 221.956 517.435 208.599 354.345 203.446 201.857 195.836 192.181 215.025 356.92 224.446 280.729 206.1 231.642 183.011 176.998 169.282 620.682 473.1 433.908 424.515 364.218 428.636 486.962 377.262 350.187 367.657 298.521 257.997 284.39 232.496 209.606 193.146 343.211 190.371 315.498 272.155 231.166 448.449 191.043 305.27 289.491 252.442 250.098 250.108 387.329 3060.65 295.44 213.39 197.725 273.512 235.83 256.217 207.827 177.372 176.941 166.833 166.546 170.046
threshold=1.5109481215476992 0 -0.36316962540149683 1.0000000180025095e-35 1.6960514783859255 1 157.50000000000003 2 3.8216054439544682 0.2244791463017464 0.64996933937072765 0.024229395203292373 366.50000000000006 3 4 -0.67963284254074086 -0.58239096403121937 5 0.20558138936758044 6 -2.4594172239303584 7 1.7568544149398806 127.50000000000001 8 9 187.50000000000003 10 11 1.0000000180025095e-35 0.42878660559654241 -0.53143897652626026 -0.17717035114765164 12 13 -0.69968736171722401 630.50000000000011 1.3005556464195254 14 1.0428450107574465 845.50000000000011 1.9444987177848818 15 0.097482826560735716 1.5712455511093142 0.51258745789527904 -1.3321349024772642 -1.8440827727317808 0.40592746436595922 -0.42049902677536005 -0.36612948775291437 16 1.9044222235679629 97.500000000000014 17 -0.63794851303100575 -0.31920856237411493 -0.35213841497898096 0.7162228822708131 702.50000000000011 -0.77372732758522023 -1.7908884882926939 -0.70134109258651722
decision_type=2 1 2 2 2 1 2 1 2 2 2 2 2 1 1 2 2 1 2 1 2 1 2 2 1 1 2 1 1 2 2 2 2 1 1 2 2 2 1 2 2 2 1 2 2 2 2 2 2 2 2 1 2 2 1 2 2 2 2 2 2 2 2
left_child=10 2 4 61 6 9 7 -2 -8 19 11 12 13 16 15 -14 17 -1 -9 -6 21 -13 25 -24 58 29 27 -27 59 -23 -31 60 33 -26 -34 -29 37 -32 39 43 -41 -40 -43 53 45 47 -46 -45 49 51 -51 -49 -53 54 -22 56 -56 -58 -25 -28 -30 -3 -63
right_child=1 3 -4 -5 5 -7 8 18 -10 -11 -12 20 14 -15 -16 -17 -18 -19 -20 -21 38 22 23 24 32 26 28 35 31 30 36 -33 34 -35 -36 -37 -38 -39 41 40 -42 42 -44 44 46 -47 -48 48 -50 50 -52 52 -54 -55 55 -57 57 -59 -60 -61 -62 62 -64
leaf_value=0.0045766151228665789 0.005346682119378326 0.0029086379172554 -0.0055680873311999054 -0.0072977555800730941 -0.0016172615907175971 0.014483378777797139 0.0020694569084866881 0.001350270662607903 0.0062705055335835072 -0.0067134986352428471 -0.00031320196246762739 -0.0076185738556784595 -0.0020190941412244583 0.00085662903290108629 0.00013274272038197229 -0.00022909772899583052 -0.0002222687184654864 0.00049391681754470224 -0.0072571423073279698 0.011270679367029187 0.0072777268551830329 0.014205704596725786 -0.013279877881545096 -0.0023723371766627113 0.0073135043943861472 -0.0057535478628445696 -0.01684034148742632 0.018756821533514319 -0.0057137214132975686 0.011530501927351697 -0.0024471862280497753 -0.008056610254515097 -0.0084069751556796173 -0.0010541836579706237 0.00057303350120232652 0.0060395098102442261 -0.003937855552540088 0.01057084310328856 0.00016526388142589694 -0.0025686676684578899 -0.011790845338037759 -0.010110242959483531 -0.00050789193865628357 0.008137375640074735 -0.01127506416173992 -0.0030011965964845881 -0.0028408706780030085 -2.443524794205095e-05 0.00061192898404132062 -0.037441375320374129 -0.00030189620320221537 -0.0038561917141353335 0.0041547027087834119 -0.00018177884644637014 -0.0053374472933350944 -0.0029526196894210386 0.0091300585965759656 0.001755365806990571 -0.010235290647955132 -0.0041594058566278057 0.0023696532679756757 -0.0016644730631430616 0.00038230551638632345
leaf_weight=16824.053588867188 4965.4966430664062 16061.695519447327 3799.0194091796875 4043.3416137695312 1887.6834716796875 4373.3400573730469 82260.406737804413 3305.0718197822571 11869.452213287354 2054.269567489624 1776290.3427734375 12591.9814453125 87430.995361328125 826309.2001953125 3248430.5017089844 803442.02465820312 646540.78319460154 48660.105590820312 6777.9320831298828 1933.6573429107666 7343.7244262695312 2945.4198322296143 3358.6047029495239 4369.1530103683472 6558.2526321411133 2182.2075653076172 2109.0612487792969 1994.3847558498383 2756.2907506227493 3501.7736797332764 3883.5277061462402 4069.351652264595 4725.8282608985901 8233.0790219306946 5735.6692218780518 2817.729207277298 5115.9108467102051 3427.2606353759766 1234443.5431518555 17743.024993896484 3434.2479553222656 5737.6372528076172 18330.177871704102 3072.1141624450684 3972.754508972168 43150.485168457031 16238.613410949707 122738.73072624207 117247.83875417709 2321.7483520507812 14093.243934869766 32563.868992090225 3291.3715209960938 599994.435546875 2891.4682266712189 9857.9422302246094 5373.4027099609375 9547.3795211315155 6320.7551879882812 1871.0771331787109 13691.96275305748 54416.741477966309 111123.20454311371
leaf_count=5249 2190 5419 1947 2013 1209 2101 34630 1099 3951 1011 665588 6759 38171 308589 1107602 329805 206317 15694 2435 899 3480 1474 1213 1372 1980 903 1198 1368 1796 989 1492 1912 1439 2825 2304 1071 1670 936 506706 5389 1095 1652 6639 1087 1960 8280 4645 49672 34430 1172 6105 10482 1184 241940 1534 3934 1713 3113 2036 1039 5574 19007 41514
internal_value=-3.24692e-06 0.000787062 0.0022234 -0.000166488 0.00247166 0.00669192 0.0020752 -0.00120411 0.0025995 0.000859105 -2.80809e-05 3.48076e-05 0.000129605 0.000432449 1.70555e-05 -0.000404775 -5.98275e-05 0.00154388 -0.00443208 0.00493567 -0.000191752 -0.00138577 -0.000509213 -0.00297594 -0.00201139 0.00141562 -0.000559947 0.00598748 -0.00243036 0.00470902 0.00295199 -0.000786342 0.000111518 0.00266137 -0.00349312 0.0113007 0.000530944 0.00365865 -0.000138041 -0.000443745 -0.00406663 0.000108485 -0.00280308 -0.00036652 -0.000919978 -0.000706079 -0.00450108 -0.000370695 -0.000460267 -0.00117858 -0.00556473 -0.000724443 -0.00311948 -5.38896e-05 0.00213732 0.000769068 0.00282947 0.00441337 -0.00701761 -0.0108644 0.00101377 -7.52394e-06 -0.000290547
internal_weight=1.01384e+07 308871 123226 185645 119427 10249 109178 15048.5 94129.9 5875.61 9.82958e+06 8.05328e+06 5.67764e+06 1.53833e+06 4.1393e+06 890873 712025 65484.2 10083 3821.34 2.37565e+06 102259 89667.3 39301.3 35942.7 50366 31492.1 6994.32 24497.7 18873.9 15928.5 20517.6 25252.8 14791.3 10461.5 4812.11 12426.7 7310.79 2.27339e+06 1.01488e+06 21177.3 1.25851e+06 24067.8 993699 358691 338479 20211.4 295329 292257 175009 16415 158594 35855.2 635008 35013.9 27670.2 17812.3 14920.8 10689.9 3980.14 16448.3 181602 165540
internal_count=3734002 119425 51472 67953 49525 5220 44305 5724 38581 3119 3614577 2948989 2011427 535849 1475578 367976 227260 20943 3534 2108 937562 41350 34591 13169 11956 21422 14861 3342 11519 6561 5087 9282 8548 4805 3743 2439 4098 2428 896212 381215 6484 514997 8291 374731 119017 112412 6605 104132 103045 68615 7277 61338 11666 255714 13774 10294 6360 4826 3408 2237 7370 65940 60521
cat_boundaries=0 2 4 6 7 9 10 12 14 16 18 20 22 24 26 28 30 31 33
cat_threshold=4266541720 33 977289224 33 1208107024 33 417993979 3774882068 40 268435512 536887296 32 1141900352 16 537567506 96 34156950 64 683689984 4 2298871808 2 134299812 10 151064741 8 446155304 70 2098306 9 34603528 268517376 2
is_linear=0
shrinkage=0.03


Tree=123
num_leaves=64
num_cat=22
split_feature=10 12 1 1 14 15 19 1 3 12 4 1 10 19 1 6 12 1 1 10 2 9 10 1 4 10 17 4 1 12 1 6 2 1 1 12 16 5 1 2 6 1 18 1 14 16 9 1 18 12 1 1 18 2 1 4 1 1 14 9 4 6 12
split_gain=216.76 405.294 435.567 391.598 294.99 358.74 255.26 523.972 205.872 192.842 271.307 234.36 219.794 156.594 715.445 401.167 261.059 338.037 254.727 234.422 219.769 206.484 286.35 244.768 206.894 201.71 193.892 185.02 180.973 155.41 463.262 368.78 208.697 243.245 237.544 235.019 324.7 211.109 200.354 150.526 280.891 228.815 202.851 255.466 180.379 145.151 143.847 224.309 159.036 190.967 159.668 143.404 138.701 291.546 433.049 204.546 257.923 213.769 218.373 303.172 321.048 360.667 158.316
threshold=1.9644516110420229 -0.36316962540149683 0 1 0.46288070082664495 0.2304830998182297 1.6960514783859255 2 0.62887448072433483 -0.29911231994628901 -1.7580090165138242 3 -1.8547923564910886 2.3734664916992192 4 -0.58523011207580555 -0.90526095032691944 5 6 -0.081393532454967485 0.39770589768886572 -0.48906326293945307 -1.5296894907951353 7 -0.21171189099550244 -0.42811138927936548 8 -0.41986200213432306 9 -0.57888829708099354 10 -0.92392066121101368 0.46665683388710028 11 12 -0.96653699874877919 0.39342825114727026 -0.18351384997367856 13 -1.8440827727317808 0.14920666813850406 14 -1.1860061883926389 15 0.26401430368423467 0.33465480804443365 -0.81076189875602711 16 1.3959189653396609 -0.95321357250213612 17 18 -0.47680154442787165 -1.3179268240928648 19 -2.1839371919631954 20 21 0.7580358386039735 -0.56465753912925709 0.17685678601264956 -1.4732853174209593 -0.75503861904144276
decision_type=2 2 1 1 2 2 2 1 2 2 2 1 2 2 1 2 2 1 1 2 2 2 2 1 2 2 1 2 1 2 1 2 2 1 1 2 2 2 1 2 2 1 2 1 2 2 2 1 2 2 1 1 2 2 1 2 1 1 2 2 2 2 2
left_child=8 3 -3 4 5 -2 29 -8 9 13 -11 12 -12 52 15 20 17 -16 25 -17 -15 22 23 -20 -24 27 -22 -18 -23 32 -31 -32 34 -34 45 37 -37 -36 -38 40 41 44 -42 -44 -10 -5 47 48 -41 -50 -51 -26 53 54 -1 56 -55 58 -57 60 61 -60 -56
right_child=1 2 -4 6 -6 -7 7 -9 39 10 11 -13 -14 14 16 19 18 -19 21 -21 26 28 24 -25 51 -27 -28 -29 -30 30 31 -33 33 -35 35 36 38 -39 -40 46 42 -43 43 -45 -46 -47 -48 -49 49 50 -52 -53 -54 55 62 57 -58 -59 59 -61 -62 -63 -64
leaf_value=0.012296657764028615 0.001604470720482222 -0.012176632338624866 0.0009992025058842024 0.00046307108609590836 0.012199367954413199 0.014771451872670462 0.01278676899326938 0.00071471951383111671 0.00070707047804930367 -0.0019697321754075293 0.010848850022283828 0.000774242090021016 0.0026584987665503033 -0.0052559845187962577 0.015310825818399662 -0.0045406038515042671 0.01535238116639237 0.00229739701783707 -0.017444466038586411 0.0019573485507337154 -0.018389947532666828 -0.0021398834621500023 -0.0061544969940560265 -0.003025006891983656 -0.0014911258532212361 0.0001170497445404002 -0.0069155198352400969 0.002934650046389728 0.0056631421306403791 0.0074656926589402022 -0.015230729284794561 -0.0024254685825313986 0.0022488868422094774 -0.0059414829547948965 0.0041278865812221389 0.0020020979017064885 0.0050546867130125701 -0.0047127038711558423 0.013204532497198138 0.0012122810791615783 0.00080751910900423124 -0.0022055761484528888 -0.013063757851738854 -0.0036954162034492722 0.0095781858059701217 -0.0048011342933301053 -0.00034529790239962269 -0.00020843008120417122 -0.00073422927629452793 0.014201089433457117 0.004649654464680365 0.008403822101513787 -4.5393909530470305e-05 0.00071013412567595127 0.0029645090765055941 0.00043680972532700112 -0.0020798041821360413 -1.4750688245972626e-05 0.0030202396128810073 0.0011024882367029821 0.0012477886872062139 0.014863787071420878 -0.0005970289868752266
leaf_weight=3711.8289489746094 13297.180433988571 4142.5778656005859 4944.8629302978516 31983.577663183212 4468.1559295654297 2160.9324033260345 4741.0996246337891 10143.491928100586 6694.3029496669769 27454.132446289062 3227.0068359375 199877.96562838554 33765.543273925781 6432.515193939209 2405.3126831054688 13680.908996582031 2094.276576757431 7026.038330078125 2190.3518371582031 7866.5396881103516 3092.5126767158508 5703.8000195026398 4164.6411678791046 2073.4576110839844 3071.9720687866211 5007.3940277099609 2401.7681956291199 2229.8907358646393 5014.3489561080933 3427.3967590332031 2511.2721555829048 10362.830934226513 5509.3549885749817 7974.1542663574219 4129.1213035583496 21601.357776641846 7031.6387939453125 5896.4240875244141 4469.1583669185638 71628.82536315918 3534.2174072265625 19433.131121635437 4375.1488325595856 6579.0169847011566 2977.2725479602814 5523.8805389404297 1684515.1085510254 164286.64128112793 3309.5098876953125 2432.3078804016113 4545.8489799499512 2291.4265084266663 5194940.6436767578 48675.298522949219 31271.37256860733 936805.46313476562 76965.989501953125 1276196.7693481445 4327.4320983886719 65785.415710449219 8314.0384216308594 4976.78515625 17525.88441991806
leaf_count=1350 6502 1822 2255 11816 1454 664 1946 4676 2366 14492 1314 96281 14747 2974 1024 5580 1043 2924 1163 3092 1139 2672 2186 977 1438 2799 1346 1141 2066 1538 1462 3745 1976 2917 1275 9714 1866 1789 1193 27660 1024 7760 1153 2105 958 1213 663626 57919 1050 1073 1927 1345 1856617 18726 9831 383976 26099 419174 1038 16923 2137 1252 6727
internal_value=5.97153e-06 0.00112171 -0.00502279 0.00150635 0.00541122 0.0034493 0.000884694 0.00457203 -1.12731e-05 5.63546e-05 0.000853181 0.0011804 0.00337343 2.91641e-05 -0.00131918 -0.00461135 0.00122853 0.00564127 -1.55187e-06 -0.00216843 -0.00902594 -0.00160761 -0.00403506 -0.0104921 -0.00114154 0.0042127 -0.0134309 0.00895958 0.00151489 0.000387539 -0.00231635 -0.00492443 0.000855955 -0.00259805 0.00143365 0.00295163 0.00417094 -0.00107138 0.00824191 -0.000285665 -0.00202885 -0.000329536 -0.00544121 -0.00745672 0.00343792 -0.000312664 -0.000246301 0.000431026 0.00171323 0.00520052 0.00801368 0.0027531 4.26576e-05 0.000227507 0.00243897 0.000179559 -0.000999064 0.000244046 0.000567772 0.00203872 0.00553323 0.00935988 0.00168508
internal_weight=1.01392e+07 154318 9087.44 145231 19926.3 15458.1 125305 14884.6 9.98488e+06 8.01057e+06 264325 236871 36992.6 7.74624e+06 76747.2 33474.2 43272.9 9431.35 33841.6 21547.4 11926.8 24510 13791.8 4263.81 9528.04 9331.56 5494.28 4324.17 10718.1 110420 16301.5 12874.1 94118.7 13483.5 80635.2 43127.7 33102.2 10025.5 11500.8 1.97431e+06 43593.1 29104.7 14488.4 10954.2 9671.58 37507.5 1.93072e+06 246203 81916.5 10287.7 6978.16 5363.4 7.6695e+06 2.47456e+06 52509.1 2.42205e+06 125641 2.29641e+06 1.02021e+06 83403.7 17618.3 9304.22 48797.3
internal_count=3734037 59823 4077 55746 8620 7166 47126 6622 3674214 2905593 126834 112342 16061 2778759 34909 14131 20778 3948 16830 8672 5459 11847 7109 2140 4969 4983 2485 2184 4738 40504 6745 5207 33759 4893 28866 15837 12773 3064 3059 768621 15366 11084 4282 3258 3324 13029 753255 89629 31710 4050 3000 2783 2743850 887233 17908 869325 44825 824500 405326 21350 4427 2290 16558
cat_boundaries=0 2 4 6 7 9 11 13 15 16 18 20 22 24 25 27 29 30 31 33 34 36 38
cat_threshold=528928 11 134496912 27 3595186208 4 2214660480 3796979236 89 84017169 32 411078728 4 67502354 32 27803648 16777233 2 2717921384 32 1145768015 96 281229379 100 1140850976 3796929580 4 572448 10 195045455 142606346 139536 32 1074040832 295996829 42 1053908033 53
is_linear=0
shrinkage=0.03


Tree=124
num_leaves=64
num_cat=0
split_feature=3 9 10 8 2 0 4 19 14 15 9 0 0 6 2 11 4 4 14 0 14 10 0 11 14 15 11 10 10 2 4 4 0 5 0 4 9 0 4 10 10 8 2 19 9 11 14 4 14 15 0 14 0 0 10 14 9 12 10 10 2 8 9
split_gain=185.407 165.619 177.263 239.962 156.419 360.593 154.717 144.869 151.543 312.582 227.393 143.569 206.95 401.457 248.091 409.965 259.147 275.172 253.256 232.37 268.623 372.415 190.833 189.128 185.386 183.314 182.045 181.866 175.841 172.622 303.923 395.172 556.031 634.09 534.093 408.035 294.484 279.989 218 181.097 171.894 188.149 171.298 277.053 330.759 543.534 549.493 294.784 215.874 282.571 430.073 209.75 198.262 688.002 637.59 422.677 365.744 626.101 328.818 262.394 230.891 208.241 331.539
threshold=-0.47158424556255335 -0.22357788681983945 1.2610026597976687 4.1368329524993905 -1.3179268240928648 247.50000000000003 -0.17717035114765164 0.077823251485824599 0.62470096349716198 -0.69968736171722401 -0.84036657214164723 645.50000000000011 929.50000000000011 0.81279775500297557 -0.11170041933655737 -0.88081803917884816 0.38342870771884924 0.063367111608386054 0.11405207589268686 901.50000000000011 0.027078252285718921 -1.8547923564910886 942.50000000000011 -0.53359326720237721 0.17054196447134021 0.10947708785533906 0.45532412827014929 -0.22716146707534787 -0.82187929749488819 -1.0736950039863584 -0.17717035114765164 0.063367111608386054 789.50000000000011 -1.3486290574073789 688.50000000000011 0.92175588011741649 -0.64710167050361622 859.50000000000011 -1.7580090165138242 -0.25563614070415491 -0.51546403765678395 3.5268174409866337 0.028961143456399444 0.82401347160339367 -0.46485877037048334 -0.56275513768196095 0.05781757831573487 0.78444683551788341 0.22598183900117877 -1.0344052314758299 172.50000000000003 0.62470096349716198 112.50000000000001 172.50000000000003 0.63974043726921093 0.56028988957405101 -0.73129647970199574 -0.66468688845634449 -1.1444867849349973 -0.14989652484655377 1.0600784420967104 1.5520311594009402 -0.88391992449760426
decision_type=2 2 2 2 2 2 2 2 2 2 2 2 2 2 2 2 2 2 2 2 2 2 2 2 2 2 2 2 2 2 2 2 2 2 2 2 2 2 2 2 2 2 2 2 2 2 2 2 2 2 2 2 2 2 2 2 2 2 2 2 2 2 2
left_child=1 2 7 4 5 -4 -5 -1 -9 -10 -11 42 19 14 15 18 17 26 -14 29 25 -22 27 -24 -15 -21 -17 -18 -27 30 38 32 34 -34 -32 39 -36 -35 -13 -33 -40 -42 -2 52 47 46 -46 -45 -47 -50 -51 -52 56 54 61 60 57 58 -44 -59 -56 -54 -63
right_child=11 -3 3 6 -6 -7 -8 8 9 10 -12 12 13 24 -16 16 22 -19 -20 20 21 -23 23 -25 -26 28 -28 -29 -30 -31 31 35 33 37 36 -37 -38 -39 40 -41 41 -43 43 44 45 48 -48 -49 49 50 51 -53 53 -55 55 -57 -58 59 -60 -61 -62 62 -64
leaf_value=0.00021621676757925504 0.00022537552975702768 0.00085735620823485458 0.013320469190078075 0.0094989825250215779 0.00021700139004927422 0.0016103806923601751 0.0024438850949275231 -0.0001410486991054816 7.1574952218935364e-05 -0.0090948255291837862 -0.0025980506213404992 -0.0052915425185410953 0.002214799709361906 -0.00021590669759437376 0.0014642009576405531 6.4467953752295556e-05 0.0043740503188555444 -0.0083128776788127523 0.013639310829444598 -0.0017757855345340223 -0.0096706708365239431 -0.001769238844691702 -0.0038651225721755889 0.00358252002881428 -0.0081692128260860176 0.0056256345999253126 -0.003968271539241377 -0.0037917219402077507 0.00049245832037269829 -0.00018055807985629621 -0.010158692557861643 -0.0044028094274947051 4.8528906407217735e-05 -0.010180956587872231 -0.0034926657389894662 -0.0030005446681071247 0.005846195379361931 -0.021377772301003038 -0.0050975987633174631 0.0026166311821089437 0.001100600451860637 0.0075397179252469802 0.0091108089448869965 3.1983950280900426e-05 -0.0034729776295669003 -0.00014066137721644118 -0.025081575980910979 -0.0033546674637939125 -0.0014690372694923291 -0.014980635559625484 -0.0076302591634495294 0.0019887496388489375 -0.0022852401033421278 5.1863617100142072e-05 -0.0031271073719735332 -0.014965150032457315 5.5139723668849429e-05 0.015758712845293503 0.00075522139350470835 0.005123576270489618 -0.013016129269342683 0.005021118794697744 -0.00081056609281441531
leaf_weight=1638789.3146972656 2043260.3059171438 314554.91015625 2711.5956878662109 4798.4893188476562 80647.009765625 18390.089920043945 6710.7655029296875 553236.65258789062 46283.044525146484 5848.9051055908203 28286.707107543945 5059.8194046020508 5096.195499420166 4327.2846298217773 165281.50025177002 23824.38362121582 3156.126091003418 6425.6802444458008 2653.6974449157715 29341.681762695312 5592.647216796875 131388.69677734375 3621.587646484375 19967.583251953125 6751.6470108032227 6984.4221801757812 17450.633171081543 10985.251449584961 42698.286437988281 1956039.6499023438 4752.6745512485504 3798.1053924560547 3881.9066467285156 5120.933837890625 5483.2596969604492 38415.842427968979 6805.0654373168945 3324.6255798339844 3529.4734992980957 25414.759489059448 38435.419294834137 4565.0117144584656 4705.6102600097656 153001.05721855164 2311.2241696119308 23900.356366276741 1953.0041103363037 27246.656282424927 17245.311189413071 4369.8687517642975 4570.5733795166016 3679.0793914794922 86858.547348022461 2132411.4482421875 15800.741068840027 4245.6483306884766 139210.84741210938 4221.3434677124023 42335.283843994141 4140.5263442993164 2451.3238573074341 9438.0299682617188 123807.31391906738
leaf_count=597300 724293 132067 1007 1643 33250 6791 2227 232964 14645 1206 5947 2352 3529 1288 61280 9957 1063 2176 1177 18951 1823 41606 1756 6077 1740 2342 4663 3666 13933 712489 1897 1527 1388 1733 2066 12696 2544 977 1433 9278 13628 1601 1713 63907 1882 11447 979 11733 7290 1213 1413 872 36653 780559 6416 1162 51671 1603 13744 1630 1113 2694 39567
internal_value=-2.62092e-06 0.000210317 0.000125004 0.00128331 0.000818752 0.00311794 0.00538818 6.72712e-05 -0.000317938 -0.00153475 -0.0037124 -7.98905e-05 -0.000260227 0.000526594 0.000766338 -0.000471519 -0.00107097 -0.00254037 0.00613302 -0.000351617 -0.00128866 -0.00209218 0.000786789 0.00243852 -0.00506426 0.000104216 -0.00164081 -0.00196835 0.00121458 -0.000255443 -0.00124121 -0.00223067 -0.00513612 -0.00998813 -0.00162428 -0.000968654 0.00167931 -0.0145987 0.000619174 0.0017034 0.00126242 0.00178499 1.63966e-05 -0.000135674 -0.00111426 -0.00308407 -0.0133874 -0.000480029 -0.00226572 -0.00396607 -0.00737647 -0.00334188 -4.49289e-05 -0.000120362 -0.00163416 -0.0064441 0.000875619 0.00293705 0.00159193 0.0104987 -0.00445844 -0.00114238 -0.000397323
internal_weight=1.01416e+07 2.70026e+06 2.3857e+06 113258 101749 21101.7 11509.3 2.27244e+06 633655 80418.7 34135.6 7.44134e+06 2.59017e+06 269542 258463 93181.1 85431.2 47700.7 7749.89 2.32063e+06 216006 136981 37730.5 23589.2 11078.9 79024.4 41275 14141.4 49682.7 2.10463e+06 148587 96997.2 29368.5 12327.5 17041 67628.7 12288.3 8445.56 51589.7 29212.9 46529.9 43000.4 4.85116e+06 2.8079e+06 238277 58029.4 4264.23 180248 53765.2 29864.8 12619.5 8249.65 2.56963e+06 2.37501e+06 242602 22497.7 194614 55402.8 47040.9 8361.87 18252.1 220104 133245
internal_count=3735237 1029047 896980 44918 41048 7798 3870 852062 254762 21798 7153 2706190 942636 98372 95344 34064 29358 16796 4706 844264 78655 43429 12562 7833 3028 35226 14620 4729 16275 765609 53120 34106 10605 4098 6507 23501 4610 2710 19014 10805 16662 15229 1763554 1039261 100736 25096 2861 75640 22235 10788 3498 2285 938525 868164 87605 8691 70361 18690 15457 3233 7529 78914 42261
is_linear=0
shrinkage=0.03


Tree=125
num_leaves=64
num_cat=17
split_feature=7 0 1 14 0 14 4 4 1 0 6 6 15 9 1 10 0 0 1 4 18 6 1 14 18 13 15 0 1 16 1 14 4 0 18 1 10 19 10 13 6 1 0 4 4 1 6 1 1 14 4 4 18 1 0 18 1 4 1 1 19 1 4
split_gain=180.738 182.818 227.111 301.531 203.753 328.077 191.66 424.292 409.664 406.172 457.769 335.961 330.695 255.241 368.472 388.512 363.857 445.769 304.782 240.642 260.076 232.064 344.523 195.353 257.388 271.38 214.269 225.513 212.848 193.168 184.183 181.724 174.834 352.633 211.458 271.873 173.71 168.823 157.648 157.597 166.311 155.324 154.927 167.708 154.188 150.846 150.572 165.118 150.111 147.787 145.125 239.988 379.358 349.28 241.291 360.891 471.462 260.949 405.717 218.143 200.269 219.349 199.912
threshold=-1.0342245697975156 803.50000000000011 0 0.90187019109725963 929.50000000000011 0.56028988957405101 0.92175588011741649 1.5712455511093142 1 873.50000000000011 0.63447225093841564 -1.3238521218299864 -0.80220010876655568 -0.70134109258651722 2 -0.22716146707534787 873.50000000000011 929.50000000000011 3 1.7814109921455386 -1.2766487598419187 -0.13557609915733335 4 0.90187019109725963 -1.1860061883926389 0.3388784527778626 -1.4190838932991026 901.50000000000011 5 1.172494173049927 6 -0.057898173108696931 0.84922775626182567 901.50000000000011 -2.3239542245864864 7 -0.82187929749488819 -0.19476144760847089 -0.35213841497898096 -1.8121142387390134 -0.40271238982677454 8 873.50000000000011 1.6692219376564028 1.9444987177848818 9 0.81279775500297557 10 11 0.30951140820980078 -0.17717035114765164 0.64131778478622448 -1.1019436120986936 12 441.50000000000006 1.8264871239662173 13 -0.092088464647531496 14 15 -0.70776975154876698 16 -0.13379042595624921
decision_type=2 2 1 2 2 2 2 2 1 2 2 2 2 2 1 2 2 2 1 2 2 2 1 2 2 2 2 2 1 2 1 2 2 2 2 1 2 2 2 2 2 1 2 2 2 1 2 1 1 2 2 2 2 1 2 2 1 2 1 1 2 1 2
left_child=50 -2 3 4 -3 -6 23 11 9 -9 44 12 41 18 15 16 -15 -18 31 20 -10 30 -23 32 26 36 29 38 -29 -25 -21 -13 34 48 35 -4 -26 -24 -28 40 -38 -8 -22 -44 45 -11 -36 49 -34 -48 -1 52 53 62 55 59 -57 58 -56 -54 61 -55 -52
right_child=1 2 6 -5 5 -7 7 8 19 10 -12 13 -14 14 -16 -17 17 -19 -20 21 42 22 37 24 25 -27 27 28 -30 -31 -32 -33 33 -35 46 -37 39 -39 -40 -41 -42 -43 43 -45 -46 -47 47 -49 -50 -51 51 -53 54 60 57 56 -58 -59 -60 -61 -62 -63 -64
leaf_value=-4.7719418965440278e-05 1.3318294198415001e-05 -0.00017499432021683703 0.0080801065427626162 0.0077481649798893243 0.00195756815621498 -0.007878038840865376 0.0078388333813531209 -0.00041551776975764859 0.0040897091869065323 -0.0014311083797078896 -0.016573617798956067 -0.00261748958131236 0.012937310142787836 0.00040302376427623797 0.00016142858080641867 0.0016404976489464746 0.017527077234655807 0.0045242998513353519 -0.0030554726369121606 0.011179175112357267 -0.0012128352731845414 0.0078574402793618985 -0.00063770422347626625 0.0059203479732928745 -0.0056728518229386127 -0.0073569837598932535 -0.007187138960651776 -0.011096464638260256 -0.0030855073691223611 -0.0047222531785074007 0.0027742309526673334 0.0041702501719856587 -0.0042045569259220672 -0.0096391805965528772 -0.00048957091665267384 0.0001334574219143279 0.0062184817598613046 -0.0083686550992401413 -0.0007917882656569181 -0.00080670555736625873 -0.00077994914372814749 -0.000868600537533164 -0.0023578645963906156 -0.010786077355080925 0.00055562040415139187 -0.0092153956261659883 -0.0030632865029998485 -0.00076299502449157731 0.0039247027103625053 -0.0098524005550619468 0.013133291945667718 0.00011188100341265652 -0.0010202937120660392 0.012349941633129189 0.0010746953411408186 0.010110135611162252 0.0008243618672768492 0.00055354879073724679 -0.0065952759617448889 0.0022770527461414497 0.00095792299181478432 0.0017469042773676055 0.0053155315637853041
leaf_weight=473411.61767578125 7452482.9079084396 262513.95141601562 5764.6055908203125 4860.8955078125 75894.786193847656 3175.2457885742188 2888.8008117675781 13413.707153320312 4524.6185302734375 3344.9078216552734 3790.715576171875 5187.9768676757812 3944.4857406616211 4207.856201171875 83441.796524047852 29665.862464904785 4725.2286987304688 4770.915283203125 30206.00456237793 3200.6615905761719 8928.7308807373047 3503.2630615234375 9351.2480659484863 3364.9854888916016 5751.543924331665 5715.5700340270996 4988.4795913696289 7905.25439453125 4840.9290771484375 2813.9208984375 8790.2640228271484 11217.932342529297 3856.6782989501953 5683.467529296875 741975.84939575195 11768.951538085938 6369.9374465942383 3486.8181419372559 11367.584846496582 75148.397814273834 5868.2280268669128 5048.768798828125 3978.7823028564453 4563.81298828125 3575.853759765625 6877.8177642822266 10021.464881896973 19715.503959655762 4316.4927215576172 4052.2523193359375 3778.14453125 356627.27978515625 29638.577438354492 3171.8579711914062 12256.159255981445 9999.3527374267578 9694.9475555419922 126950.32222366333 12558.702072143555 46175.543697357178 33459.754302978516 3942.6384582519531 13347.430419921875
leaf_count=187123 2733368 134493 2204 1018 39710 822 1563 4337 1185 1318 929 1695 1268 1181 28012 8061 1296 1263 8245 968 2481 1125 2789 1317 1470 1214 1219 1691 1269 876 2871 3160 920 1560 256916 3633 1843 984 2632 20088 1363 2007 1026 1414 1439 2088 3025 5562 1377 1016 1400 129505 11478 1072 4571 4186 3176 48122 4280 17145 13115 1268 4755
internal_value=-3.45079e-06 -4.84082e-05 -0.000344357 0.000332758 0.000227131 0.00156212 -0.000538558 0.000171452 -0.00163487 -0.00434661 -0.00734599 0.000964273 0.00584331 0.000629829 0.00132759 0.00357008 0.00774766 0.0110002 -0.00126841 3.67353e-05 -0.00231731 0.00186442 -0.000461498 -0.000739687 -0.00179984 -0.00101465 -0.0039994 -0.00507651 -0.00806747 0.00107373 0.00503307 0.00202241 -0.000563497 -0.00390365 -0.00050513 0.00275236 -0.000625071 -0.00273774 -0.00274392 -0.000292535 0.00286377 0.0023121 -0.00397726 -0.00686425 -0.00480592 -0.00668071 -0.000578772 -0.00253718 8.81773e-05 -0.00501732 0.000353306 0.000640259 0.00125812 0.00344838 0.000746974 0.00192825 0.00554593 3.53619e-06 -0.00280982 0.00098818 0.00192977 0.00649921 0.00703946
internal_weight=1.01419e+07 9.00685e+06 1.55437e+06 346445 341584 79070 1.20793e+06 266637 81331.2 31003 17589.3 185306 11882.1 173424 126812 43369.9 13704 9496.14 46611.9 50328.2 21995.9 28332.3 16341.3 941290 134135 98853.7 35281.2 29102.2 12746.2 6178.91 11990.9 16405.9 807155 13856.6 793299 17533.6 93138.1 12838.1 16356.1 87386.6 12238.2 7937.57 17471.3 8542.6 13798.6 10222.7 775765 33789.2 8173.17 14073.7 1.13501e+06 661601 304973 57699.8 247274 95508.4 19694.3 151765 24814.9 75814.1 40574.3 7114.5 17125.6
internal_count=3734507 3303311 569943 176043 175025 40532 393900 82705 24954 10111 5774 57751 4838 52913 39813 11801 3740 2559 13100 14843 6106 8737 4898 311195 34982 25978 9004 6811 2960 2193 3839 4855 276213 3857 272356 5837 24764 3773 3851 23294 3206 3570 4921 2440 4845 3406 266519 9603 2297 4041 431196 244073 114568 21610 92958 35985 7362 56973 8851 28623 15455 2340 6155
cat_boundaries=0 2 4 6 7 8 9 11 13 14 16 17 19 21 23 25 27 29
cat_threshold=384860232 36 2164597507 3 273809 64 1627522054 1073745924 1073754240 542752 8 553674404 2 2164265472 2147549186 3 2147504257 537529348 67 369134370 18 4132629068 36 433382459 69 3217690632 33 3222429780 76
is_linear=0
shrinkage=0.03


Tree=126
num_leaves=64
num_cat=17
split_feature=10 1 4 1 15 19 14 1 0 4 16 1 1 0 19 1 1 7 19 4 1 14 4 0 1 1 8 8 0 1 19 5 4 18 1 0 10 1 4 8 15 10 14 19 16 1 11 10 11 11 4 1 1 17 16 15 0 13 14 11 10 0 13
split_gain=228.272 273.795 245.14 359.526 322.825 224.168 379.508 410.154 215.279 232.796 251.865 219.292 210.826 208.682 203.805 200.67 200.424 194.298 182.303 279.22 583.043 405.151 746.689 609.089 415.465 287.773 213.012 225.412 238.995 216.494 168.237 164.209 163.35 209.994 263.116 163.417 197.298 158.889 176.207 163.331 157.507 224.142 191.457 389.09 396.283 231.604 232.821 200.41 324.517 254.895 303.86 246.348 240.01 224.678 208.882 208.283 197.408 322.862 516.625 200.752 228.879 184.448 181.935
threshold=1.9644516110420229 0 -0.31081864237785334 1 1.3119027614593508 1.6960514783859255 0.62470096349716198 2 942.50000000000011 1.0000000180025095e-35 0.26229472458362585 3 4 688.50000000000011 0.077823251485824599 5 6 0.84490093588829052 0.7162228822708131 0.55193653702735912 7 0.20728760957717898 0.60955399274826061 887.50000000000011 8 9 4.3684914112091073 1.6825375556945803 291.50000000000006 10 0.62885972857475292 -0.97945782542228688 1.195036828517914 0.58375281095504772 11 97.500000000000014 -2.4594172239303584 12 -0.25480918586254114 1.3005556464195254 1.1007310152053835 -1.1444867849349973 0.90187019109725963 1.6960514783859255 1.6058590412139895 13 1.1375255584716799 -0.91050890088081349 0.099978305399417891 0.68397516012191784 -0.28588008880615229 14 15 16 0.28067632019519811 -0.84890663623809803 217.50000000000003 -0.62160265445709217 0.12561362236738208 0.40592746436595922 -1.1444867849349973 261.50000000000006 -0.576708823442459
decision_type=2 1 2 1 2 2 2 1 2 2 2 1 1 2 2 1 1 2 2 2 1 2 2 2 1 1 2 2 2 1 2 2 2 2 1 2 2 1 2 2 2 2 2 2 2 1 2 2 2 2 2 1 1 1 2 2 2 2 2 2 2 2 2
left_child=17 5 3 -3 15 8 7 -7 9 12 11 -11 -2 37 -12 31 -15 18 -1 25 -21 24 -23 26 -22 -20 27 28 -24 -29 -18 -4 35 -34 -35 -26 -37 38 -14 -39 42 -42 45 44 -44 46 56 48 51 53 52 54 -51 -50 55 -47 57 -27 -59 -58 -61 -43 -57
right_child=1 2 4 -5 -6 6 -8 -9 -10 10 14 -13 13 16 -16 -17 30 -19 19 20 21 22 23 -25 32 40 -28 29 -30 -31 -32 -33 33 34 -36 36 -38 39 -40 -41 41 61 43 -45 -46 47 -48 -49 49 50 -52 -53 -54 -55 -56 62 59 58 -60 60 -62 -63 -64
leaf_value=7.7919181014460972e-05 0.0058735052438700945 0.0076411828765115385 0.00086640057751151845 1.4196211806849613e-05 0.0047967493774848345 0.012720197720838733 0.017386365779094168 -0.0014117091380230688 -0.0051770150066931791 -0.0068209465014220224 0.0015128982668761919 0.0033847141740386008 -0.0024608366124262262 0.007878188682840976 0.0098154864906059899 -0.00081650832107249723 -0.0046759275468668668 -0.00035137774931577771 0.0009304423929591256 0.00053979396932138423 0.007287227456083927 -0.018487137942132883 0.002954752784012821 -0.013313092075846581 0.0059344836441131707 -0.00088389139853231298 0.00036818014075131486 -0.011616524515000866 -0.0047207141365017613 -0.0042251023035348011 0.0049198512381084638 -0.0071439523434237316 -0.0019013703523970071 -0.016273644040267234 -0.0023391429013354271 -0.0089589368691067039 -0.00088310942674241146 -0.0051889998265185764 -0.012534094517699639 0.0037970962849076958 -0.0079705745831930505 -0.0042131491628986809 -0.0032851881864691362 -0.007714872780064933 0.0042803967252560676 0.00040595612982821178 -0.0036654243059496914 9.1588435860199622e-05 0.0093868678843504888 0.0060682792751731015 -0.0097112820334332734 -0.0016890426938639413 -0.0027604794443554068 0.00054862160920251418 -0.013166100587910257 -0.013913840856727127 -0.00075236207767125389 0.0043310726182411675 0.019651039469646539 0.010119357139133082 0.0013444305029107091 0.00066547194455748176 -0.0043813288983842206
leaf_weight=7878496.6783794165 5455.4863204956055 8244.7861328125 3054.1319885253906 17043.752014160156 7555.3006744384766 2836.5092239379883 2290.9765243530273 5251.9424743652344 3685.7135925292969 2379.1836128234863 3768.0819396972656 9079.9355930089951 3929.9588150978088 3940.0627288818359 9067.8865051269531 41177.799667358398 3896.0888862609863 1352914.7028808594 181261.43200683594 89875.196044921875 4937.781494140625 3228.3066692352295 6889.8049840927124 5290.0799102783203 2925.3483982086182 5381.2868497371674 15054.566444396973 4731.1929330825806 7756.1470794677734 14606.747711181641 2837.6667175292969 9350.2001037597656 9115.6549072265625 2537.591438293457 2364.0251693725586 2887.88818359375 46301.340019226074 3176.3034334182739 2593.2883925437927 4250.5227838754654 5584.0972900390625 12093.634977340698 17380.803207397461 9194.33935546875 9706.845947265625 4656.5168271064758 6523.7713623046875 158361.85804748535 4584.1681365966797 4447.080322265625 3299.4957394599915 27138.773223876953 7298.9580035209656 5939.1747207641602 3253.7178688049316 2696.7280869483948 20874.245205640793 7988.1785871982574 2631.3667850494385 3862.3161926269531 8685.099848985672 16465.581270217896 5434.0262308120728
leaf_count=2846014 2408 4136 1420 6178 1778 1384 635 2647 1248 1430 1044 4067 1630 1797 2956 14329 1473 510415 70688 37402 2752 1257 2594 1936 1465 2310 5760 1771 3228 4550 1103 4422 3763 1170 936 1419 23770 1530 884 1494 2150 3825 5193 2424 1878 3183 1973 76375 1357 1404 1070 16212 2698 2188 1037 1332 9363 3286 1196 1465 3238 5571 2436
internal_value=6.23665e-07 0.00114356 2.08771e-05 0.00250486 -0.0010067 0.0025608 0.00662098 0.00356293 0.0018349 0.00231063 0.00449448 0.00126073 0.000546274 -0.000637067 0.00737975 -0.00182538 0.00251929 -1.71042e-05 3.52891e-05 -0.000410594 -0.00131417 -0.0026094 -0.00448044 -0.00364651 -0.00109428 -4.13746e-05 -0.00260246 -0.00391829 -0.00111022 -0.0060442 -0.000630592 -0.00516796 -0.00172143 -0.00459602 -0.00960027 -0.000948217 -0.0013581 -0.00305263 -0.00646205 -4.69177e-05 -0.000539728 -0.00247629 -0.000332655 -0.00238424 -0.000573775 -6.96474e-05 0.00165908 -0.000495579 -0.00184809 0.000830324 -0.00167461 -0.00343403 0.000586086 0.0044108 -0.00637979 -0.00465353 0.00236255 0.00510223 0.0081346 0.00105034 0.00404846 -0.0014008 -0.00754959
internal_weight=1.01395e+07 154866 86426 25288.5 61137.4 68439.6 10379.4 8088.45 58060.2 54374.5 24295.1 11459.1 30079.4 24623.9 12836 53582.1 10673.8 9.98466e+06 8.63174e+06 753245 218502 128626 57556.8 54328.5 71069.6 534743 49038.5 33983.9 14646 19337.9 6733.76 12404.3 66131.8 14017.3 4901.62 52114.6 49189.2 13950.1 6523.25 7426.83 353482 34143.3 319339 36282 27087.6 283057 55946.3 227110 68748.6 25568.9 15045.5 43179.8 11746 10523.3 16041 12787.3 49422.5 16000.8 10619.5 33421.7 12547.4 28559.2 8130.75
internal_count=3734047 59993 32263 10314 21949 27730 4666 4031 23064 21816 9497 5497 12319 9911 4000 20171 4373 3674054 3163639 317625 93773 56371 21096 19839 35275 223852 17903 12143 5822 6321 2576 5842 32523 5869 2106 26654 25189 5538 2514 3024 153164 11546 141618 9495 7071 132123 22831 109292 32917 8717 5172 24200 4102 3545 7988 6951 20858 6792 4482 14066 4703 9396 3768
cat_boundaries=0 2 4 5 7 9 11 13 15 17 19 21 23 25 27 28 29 30
cat_threshold=4278608568 19 2102596 40 2483429520 2231369856 18 150995600 1 10489920 4 2718187520 16 2238331932 65 768 16 135823827 18 570425345 16 143949856 4 637534240 16 1073881600 68 105119780 69632 344704
is_linear=0
shrinkage=0.03


Tree=127
num_leaves=64
num_cat=21
split_feature=18 1 2 0 4 4 17 17 1 12 17 4 0 19 1 0 2 1 18 1 10 1 0 0 2 4 9 4 4 1 3 4 6 0 3 1 1 19 1 9 17 0 1 9 12 17 17 19 10 9 1 2 10 1 11 18 6 0 19 1 1 9 12
split_gain=188.946 341.093 340.423 345.787 299.553 576.323 453.075 448.789 218.1 216.478 214.779 202.429 299.671 210.535 192.802 186.819 467.236 613.004 317.035 315.821 297.111 756.376 229.673 342.012 488.448 358.813 313.003 403.766 229.639 386.994 401.364 271.48 238.67 327.289 228.031 247.619 218.413 214.768 319.521 387.758 461.621 248.144 408.83 275.239 658.17 2851.81 326.985 367.5 249.392 458.663 332.013 346.463 242.387 1019 486.339 253.438 282.281 239.493 329.515 600.5 331.656 314.561 275.817
threshold=-2.3239542245864864 0 -0.72702601552009571 261.50000000000006 0.92175588011741649 1.0704205036163332 1 2 3 -0.98102644085884083 4 0.84922775626182567 172.50000000000003 1.0000000180025095e-35 5 789.50000000000011 -0.8156110644340514 6 2.4210708141326909 7 1.2610026597976687 8 172.50000000000003 127.50000000000001 0.33488288521766668 -0.58848163485527027 -0.49871024489402765 0.92175588011741649 0.98860594630241405 9 -1.3307987451553343 1.4799789190292361 0.81279775500297557 942.50000000000011 -1.7563155889511106 10 11 0.024229395203292373 12 -1.059655427932739 13 291.50000000000006 14 -0.75250649452209462 -0.63114520907402027 15 16 -0.15646456927061078 -1.1444867849349973 -0.27023659646511072 17 -0.37577416002750391 -2.4594172239303584 18 -0.19779366254806516 0.28855094313621527 -0.27016086876392359 112.50000000000001 0.48429609835147863 19 20 -0.6566486358642577 -0.81361308693885792
decision_type=2 1 2 2 2 2 1 1 1 2 1 2 2 2 1 2 2 1 2 1 2 1 2 2 2 2 2 2 2 1 2 2 2 2 2 1 1 2 1 2 1 2 1 2 2 1 1 2 2 2 1 2 2 1 2 2 2 2 2 1 1 2 2
left_child=1 9 3 -3 8 6 -6 -7 -4 14 -5 12 13 -10 -1 20 17 -17 -19 -18 37 22 23 25 36 -22 27 -27 32 30 -30 -32 -21 -34 35 -23 -25 41 39 40 -39 42 43 44 46 -46 47 -2 49 50 -44 -52 53 -40 -55 56 -56 58 60 61 -54 -60 -61
right_child=15 2 4 10 5 7 -8 -9 11 -11 -12 -13 -14 -15 -16 16 19 18 -20 28 21 34 -24 24 -26 26 -28 -29 29 -31 31 -33 33 -35 -36 -37 -38 38 52 -41 -42 -43 48 -45 45 -47 -48 -49 -50 -51 51 -53 57 54 55 -57 -58 -59 59 62 -62 -63 -64
leaf_value=0.011671299022456501 0.0056059743019452584 -0.0031623845367932399 0.0013321400297287055 0.013067573023755694 0.015880315672435884 0.0062658192537817575 0.0027446649252404862 -0.0037221571854397354 -0.0032927190965097702 0.0021412503608537387 0.0031392627034038966 -0.0075883399336261681 -0.0003939655798569986 -0.011701740038882595 0.0018915257947432519 0.00034027087666866056 0.00071056657402854013 -0.002528145821596349 -0.01207017155241938 -0.00039296438486257132 -0.0072180519044794528 0.0016846157749213764 -5.7459728692539597e-05 -0.0073582365268676439 -0.016522732637827213 0.0070566276293036762 0.013140885462902421 -0.0065244370022249504 0.011353832892373244 -0.00036091663187470428 0.0030449948379562466 -0.00036511274071775418 -0.0015189815908150648 -0.0083540438446524541 0.0020122094787908221 0.012798716594816382 0.00029351439584531202 0.011141003045260446 -0.009979183968125473 8.7664231352413958e-05 -0.0036708157454488225 1.2523384090918762e-05 -0.0066201203857435094 0.00089404716541539517 0.035639255439809572 0.001287965683876302 -0.00087728868467714641 -0.00011485950322674733 0.00024413797385375627 0.0071093936385392201 0.0081269374417251294 -0.0024798772301254613 0.0025574491361403497 -0.0035663443374731483 0.013449294967174738 0.00030453423760125282 0.0016039418421150233 -0.00064591231623998971 0.001980078053953969 0.0019235853002927184 -0.0020607163435615514 -0.0053932743886060128 0.0077885414850475286
leaf_weight=4346.9206161499023 25813.240570068359 3312.2124396562576 17126.226821899414 4152.0389152765274 3865.1485900878906 5589.5338935852051 6088.9808601140976 14574.103935241699 9130.1453354358673 52389.274017333984 3753.1430542469025 6342.1568050384521 33840.419144034386 3791.6300735473633 3135.5186233520508 97121.033447265625 346985.35791015625 142007.1044921875 3199.928466796875 1026753.4100532532 3955.135517001152 3503.498420715332 113298.77783203125 6485.479061126709 3151.8714332580566 4125.4202445745468 2302.5689034461975 3762.0412895679474 4005.9217529296875 165699.01147460938 51240.386203765869 35610.381629943848 48051.934539794922 7253.013916015625 174732.54467773438 3735.293571472168 6949.8238220214844 5942.96484375 12567.294921875 1071791.7393798828 2771.1845703125 4297680.2634277344 15330.771797180176 295697.69018554688 2821.9634399414062 9341.7352294921875 26581.636337280273 16605.922714233398 779187.02983474731 4278.68408203125 3287.6589965820312 17509.942497253418 20344.739868164062 15927.377696990967 3910.2741088867188 8308.5907592773438 3371.1265754699707 979862.98544311523 11836.642196655273 12343.967231750488 44763.484649658203 9290.1640777587891 17383.063407897949
leaf_count=1434 8049 987 7056 1231 962 1896 2043 5389 2774 20705 1334 1730 11666 1231 1145 40444 130037 45255 1071 389833 1936 1082 49147 2133 1538 1987 975 1575 1415 63359 14940 10031 12987 2008 62733 1455 3333 2230 6186 432173 1149 1537629 5031 125604 1012 3948 12221 5151 246845 1289 1115 5786 8122 7753 1225 2577 993 382253 4500 4580 14670 3986 7471
internal_value=9.15146e-06 0.000996631 1.61941e-05 0.00497149 -0.000537949 0.00196481 0.0078693 -0.000951276 -0.0016113 0.00282296 0.00837936 -0.00256037 -0.00187825 -0.00576375 0.0075952 -7.83165e-06 -0.000273056 -0.00150478 -0.00273864 -9.59747e-05 5.57628e-05 0.000942876 -0.000681381 -0.00298139 -0.00590326 0.000445793 0.0034225 0.000578909 -0.000305045 0.000501903 0.00207521 0.00164685 -0.000496377 -0.00241605 0.00222838 0.00744448 -0.00340675 1.82745e-05 -0.000230716 0.000138922 0.00643986 0.000118902 0.000501014 0.0013188 0.00286627 0.00929914 0.00173167 0.00336588 0.00012496 -0.00217292 -0.00327306 -0.00080123 -0.000581086 -0.00276203 0.00012001 0.00388616 0.00797002 -0.000493341 0.00079584 0.00260521 -0.00061749 -0.00126214 0.00535209
internal_weight=1.01399e+07 171437 111566 11217.4 100348 30117.8 9954.13 20163.6 70230.6 59871.7 7905.18 53104.4 46762.2 12921.8 7482.44 9.96848e+06 1.92793e+06 242328 145207 1.6856e+06 8.04055e+06 326002 144031 30732.3 16587.2 14145.2 10190 7887.46 1.33861e+06 256556 90856.7 86850.8 1.08206e+06 55304.9 181971 7238.79 13435.3 7.71455e+06 2.22042e+06 1.08051e+06 8714.15 5.49414e+06 1.19646e+06 376862 81164.5 12163.7 69000.8 42419.2 819594 40407.1 36128.4 20797.6 1.13991e+06 44084.7 31517.4 15590 7281.4 1.09583e+06 115962 50853.8 65108.2 21126.8 29727
internal_count=3734405 61583 38299 3552 34747 10290 3005 7285 24457 23284 2565 17401 15671 4005 2579 3672822 711380 86770 46326 624610 2961442 127894 62624 13477 7004 6473 4537 3562 494573 89745 26386 24971 404828 14995 65270 2537 5466 2833548 879868 435552 3379 1953680 416051 155985 30381 4960 25421 13200 260066 13221 11932 6901 444316 18734 12548 4795 2218 425582 43329 20537 22792 8486 12051
cat_boundaries=0 2 3 4 6 7 9 11 13 15 17 19 21 23 24 26 27 28 30 32 34 36
cat_threshold=17991371 54 17481730 37750791 346097664 8 29524533 17958082 4 1022678032 69 78120968 36 380673089 52 134620305 64 2684961198 1 33557569 4 3911219439 9 33282 3809771780 62 532480 17434128 276969666 65 68420864 16 47187216 64 12650256 2
is_linear=0
shrinkage=0.03


Tree=128
num_leaves=64
num_cat=15
split_feature=7 10 1 0 2 1 0 1 1 0 16 2 14 0 19 9 19 1 16 14 19 18 18 2 19 1 10 15 1 1 2 10 1 1 11 1 11 13 9 15 2 14 9 9 1 0 12 16 15 1 12 11 1 10 2 16 12 10 10 1 0 6 2
split_gain=193.313 232.428 188.172 165.465 285.353 396.58 305.434 257.759 235.684 229.691 200.914 524.135 277.458 393.697 316.736 246.445 194.192 227.059 261.587 284.328 188.281 185.336 184.82 182.682 182.502 342.425 223.685 177.144 174.737 165.68 164.051 446.301 780.545 304.306 284.197 499.893 1095.49 3440.67 1074.37 3210.97 335.142 327.487 4197.55 9311.21 341.844 358.767 465.745 396.907 366.584 319.282 270.53 277.882 257.711 257.525 255.844 251.759 241.553 331.909 238.23 813.971 587.385 326.948 255.508
threshold=-1.9914887547492979 1.2610026597976687 0 775.50000000000011 -1.3179268240928648 1 915.50000000000011 2 3 942.50000000000011 0.54089811444282543 0.46665683388710028 0.36331708729267126 901.50000000000011 -0.072572529315948472 -0.91590857505798329 1.0000000180025095e-35 4 0.39342825114727026 0.22598183900117877 1.6960514783859255 -0.18211176991462705 -2.0249447822570796 0.92469099164009105 0.42878660559654241 5 1.2610026597976687 -0.98337891697883595 6 7 0.028961143456399444 -2.4594172239303584 8 9 -0.040299339219927781 10 -0.56275513768196095 -0.88972625136375416 -0.31511975824832911 -1.8840259313583372 0.30607146024703985 -0.17343234270811078 -0.78547245264053334 -0.81076189875602711 11 127.50000000000001 -0.9295423924922942 0.64911031723022472 -0.89398837089538563 12 -0.54749682545661915 1.7481967806816103 13 -1.0178364515304563 0.66508799791336071 -0.14729993790388105 -0.53143897652626026 -0.74728542566299427 -1.8547923564910886 14 247.50000000000003 -0.43310168385505671 1.0600784420967104
decision_type=2 2 1 2 2 1 2 1 1 2 2 2 2 2 2 2 2 1 2 2 2 2 2 2 2 1 2 2 1 1 2 2 1 1 2 1 2 2 2 2 2 2 2 2 1 2 2 2 2 1 2 2 1 2 2 2 2 2 2 1 2 2 2
left_child=1 -1 -3 30 5 6 27 -8 9 10 12 15 16 23 -15 -12 -6 20 19 -19 -18 -21 -7 -14 29 -26 -27 -5 -29 -24 31 32 55 -33 35 36 37 -32 53 -40 49 42 43 -42 45 46 54 50 -49 -36 51 -48 -52 -38 -43 -2 -37 -58 59 60 -46 -61 -62
right_child=3 2 -4 4 8 22 7 -9 -10 -11 11 -13 13 14 -16 -17 17 18 -20 21 -22 -23 24 -25 25 26 -28 28 -30 -31 34 33 -34 -35 40 56 38 -39 39 -41 41 44 -44 -45 58 -47 47 48 -50 -51 52 -53 -54 -55 -56 -57 57 -59 -60 61 62 -63 -64
leaf_value=0.0004469110499841682 0.011596745276571533 0.0061447158917221287 0.0014848132348165089 -0.0046741504015210917 -0.00023209519627947505 0.0019024854456965079 -0.00054109609058226957 0.0080071274988354826 -0.00041486814071935808 0.0017282536145802484 -0.0058971838519225805 0.009557755124411673 0.00050975262024938108 -0.0031121018875668728 -0.013241005149984508 0.0023775415505134507 0.00018931985745584227 0.00177953702857488 -0.0083316044960742245 0.012178903296061789 -0.00728805463564624 0.0034856783042667735 -0.0025972277728877322 -0.004188092702749063 -0.0068423826780342669 -0.00086663569944803284 0.0095341092347281005 0.0064785664193634986 -0.00091123081335270145 -0.0062150726491828181 -0.047265382255428548 -0.00032472895635720484 -0.0068889403754307296 0.00039286492801937552 0.0023158411322806941 -8.918390768734639e-05 -0.0041113265719956091 -0.0018132870508956287 -0.03789568171149043 -0.0023276079180757497 0.00027613127635171028 0.00060359724281094278 -0.00010167089369882006 0.069113743193512878 -0.002164432882617516 -0.00033851664860703871 0.0020493791543575324 0.002615757151562243 0.014672835503796094 -0.0005160331978894385 -0.0082583392115175014 0.0096755510681438821 0.0019143382832769041 -0.00021498909789504161 -0.0090240035990230023 0.00054968404900348361 -0.0051232257834507933 -0.00080959854096343401 0.00055966462940710497 -0.0096572219521827481 0.014707303338433366 0.00077130029695540812 0.0054045506747015465
leaf_weight=283289.505859375 2641.3856582641602 11664.250442504883 23556.040573120117 9113.2616958618164 347790.38320732117 5709.849853515625 5577.4941253662109 7362.6789703369141 1272157.884765625 85977.33203125 4833.0694913864136 7135.5775604248047 28864.894866943359 7325.9123802185059 4475.5102272033691 9797.9070024490356 77681.31591796875 70544.046815872192 2086.5295333862305 4072.57568359375 3148.7939453125 4824.3948059082031 20497.048633575439 10035.909851074219 4752.0158081054688 4543.9495124816895 3146.0394897460938 3466.8777923583984 16640.988288879395 25815.506767272949 1951.6230010986328 673760.32228088379 19507.520843505859 2525143.7936475873 37553.561904907227 1528831.4944610596 17058.796287536621 6409.5333213806152 2810.3743896484375 12114.415458679199 5409.3760986328125 5267.3266127109528 70517.22705078125 2622.4803466796875 3707.5539398193359 806728.30859375 29825.56764793396 4401.7805786132812 4685.8739547729492 775325.35020446777 4067.03515625 5020.6734237670898 4963.9632816314697 144975.74533462524 4695.5010850429535 6223.5642013549805 18869.856567382812 107429.77275085449 908974.50311279297 3170.4860939979553 7759.8383066654205 18283.928334712982 4052.314662694931
leaf_count=111135 1345 5298 8561 4799 146946 1647 1998 3582 438690 35505 1134 1740 7408 1795 1084 2469 34917 36366 397 1081 1717 1261 7011 1956 1630 1548 932 1530 5978 7129 1145 237319 8151 906207 14170 753822 7674 3466 1087 5828 2168 1165 28750 938 1217 201555 7624 1273 965 229043 1178 800 1960 60293 958 2271 12204 68060 284007 1217 2243 5832 1187
internal_value=5.31491e-06 0.000732687 0.0030309 -1.82725e-05 -0.00025822 -0.00176919 0.000493356 0.00432964 -0.000175202 0.000280822 6.72148e-05 0.00289477 -4.25473e-05 -0.002159 -0.00695732 -0.00035694 0.00016782 0.00102447 0.00214137 0.00241722 -0.000102387 0.0074696 -0.00324845 -0.000702614 -0.0037497 -0.000523634 0.00338743 -0.00120577 0.000366936 -0.00461624 4.49144e-05 0.000208496 -0.00353718 0.000241724 -7.1177e-05 -0.000358804 -0.00183632 -0.0124444 -0.00133487 -0.00903561 0.000124374 0.000343047 0.00223948 0.0227813 0.000260995 -0.000168329 0.00201328 0.00313265 0.00883741 -0.00038517 0.00195024 0.00314939 -0.0026759 -0.000625305 -0.00393616 0.0038416 -0.000193353 -0.00145426 0.000655687 0.00301608 0.00824555 -0.000771335 0.0115195
internal_weight=1.01406e+07 318510 35220.3 9.82214e+06 2.04738e+06 106626 42161.3 12940.2 1.94075e+06 668594 582617 21766.6 560850 50702.2 11801.4 14631 510148 162358 81527.5 79441 80830.1 8896.97 64464.4 38900.8 58754.6 12442 7689.99 29221.1 20107.9 46312.6 7.77476e+06 3.22728e+06 28372.5 3.1989e+06 4.54748e+06 1.84045e+06 185320 8361.16 176959 14924.8 2.70703e+06 1.89415e+06 78549.1 8031.86 1.8156e+06 869656 62927.7 52964.9 9087.65 812879 43877.2 34846.2 9031 162035 9962.83 8864.95 1.65513e+06 126300 945949 36974.1 15519.7 21454.4 11812.2
internal_count=3734366 124994 13859 3609372 752250 37784 17887 5580 714466 275776 240271 5343 234928 12243 2879 3603 222685 75739 39105 38708 36634 2342 19897 9364 18250 4110 2480 12307 7508 14140 2857122 1155293 11767 1143526 1701829 913579 79493 4611 74882 6915 788250 545037 31856 3106 513181 217478 15923 13800 2238 243213 11562 8424 3138 67967 2123 3616 834086 80264 295703 11696 4647 7049 3430
cat_boundaries=0 2 4 6 8 9 11 13 15 17 19 21 23 24 26 28
cat_threshold=2925682841 16 3639922704 108 277090304 96 385354840 36 307235904 142276 2 1208254480 32 587336772 16 42029580 102 270670848 36 1082132224 2 59648032 84 1124122628 524320 64 102656 3
is_linear=0
shrinkage=0.03


Tree=129
num_leaves=64
num_cat=14
split_feature=5 4 3 4 17 18 2 17 17 17 9 17 17 8 17 8 0 17 12 17 2 3 14 4 4 17 0 14 12 19 2 4 11 17 0 4 8 8 8 12 12 12 4 4 0 0 18 2 18 19 4 18 8 2 4 4 12 17 0 19 17 0 17
split_gain=188.808 196.19 143.472 174.259 281.517 159.083 324.858 242.416 165.305 150.953 143.232 199.667 148.671 140.272 225.219 189.554 324.604 262.961 194.767 268.276 205.157 202.332 188.616 168.438 167.686 218.257 287.204 164.924 239.313 191.05 316.789 150.645 147.029 146.288 221.073 243.563 212.419 228.603 177.418 147.882 689.456 146.283 210.667 171.842 145.479 210.741 180.792 151.216 144.402 140.098 139.215 136.563 131.263 130.701 124.587 123.828 188.212 221.244 198.566 186.5 207.441 239.853 183.467
threshold=0.75342088937759411 -1.9714598059654234 -0.89146319031715382 -0.72139084339141835 0 -1.8091298937797544 -0.58239096403121937 1 2 3 -0.70976075530052174 4 5 1.0863422751426699 6 2.8997081518173222 142.50000000000003 7 -0.88369300961494435 8 0.028961143456399444 1.3157522082328799 0.51214903593063366 1.5712455511093142 0.98860594630241405 9 232.50000000000003 1.3244776129722597 -0.99703246355056752 -0.049103723838925355 0.66508799791336071 -0.84932526946067799 1.7481967806816103 10 127.50000000000001 0.98860594630241405 2.3285217285156254 1.9408048391342165 1.6825375556945803 -0.60971888899803151 -0.60070893168449391 -0.84569817781448353 0.32278256118297582 1.123882591724396 929.50000000000011 602.50000000000011 0.49830870330333715 0.66508799791336071 -2.3239542245864864 0.024229395203292373 -0.17717035114765164 1.0606358051300051 4.1368329524993905 -0.64912247657775868 -2.7422921657562251 -0.46439348161220545 -1.0883173942565916 11 529.50000000000011 0.7162228822708131 12 217.50000000000003 13
decision_type=2 2 2 2 1 2 2 1 1 1 2 1 1 2 1 2 2 1 2 1 2 2 2 2 2 1 2 2 2 2 2 2 2 1 2 2 2 2 2 2 2 2 2 2 2 2 2 2 2 2 2 2 2 2 2 2 2 1 2 2 1 2 1
left_child=2 10 3 4 -1 6 7 -5 -8 -7 12 -12 51 14 -3 27 17 22 19 -19 -21 41 -17 24 32 26 -26 33 -29 -30 31 -31 55 34 35 36 37 38 -15 -36 -41 -20 50 52 45 -16 48 -48 -47 -22 -43 -2 -44 -46 -14 62 57 -57 -59 -58 -61 -62 -18
right_child=1 13 -4 5 -6 9 8 -9 -10 -11 11 -13 54 15 44 16 23 18 21 20 49 -23 -24 -25 25 -27 -28 28 29 30 -32 -33 -34 -35 39 -37 -38 -39 -40 40 -42 42 43 -45 53 46 47 -49 -50 -51 -52 -53 -54 -55 -56 56 59 58 -60 60 61 -63 -64
leaf_value=-0.0012627088516824776 0.0033921169739521868 0.00012082807163848212 2.5174140529504418e-05 0.0015705350297796211 0.00051367432495057913 -0.00028292526957836739 0.0038723158264781306 0.0095474843627762641 -0.00027859886640915028 0.00084993760638130687 0.0012868974383693354 -0.0014378918235586216 -0.001191657832554963 0.0036783865152623628 -0.00065342724503461016 -0.0041673337484331788 0.0017292202675185365 -0.0054092615234733257 -0.0070829988886157956 0.0068261428956415586 -0.0042638535475754092 -0.0083754886482369038 -0.013373175226453865 -0.0022626432616734524 0.011160057465039442 5.8292609818694819e-06 0.0020183322198598697 -0.0032820381270056349 0.0011681359724781207 0.012725623648635227 -0.00094102371363674587 0.0052624826920889744 0.0019336812462226391 -0.00021737694222859457 6.2815665883549717e-05 -0.002380559962927499 0.013154509541244887 -0.0036621287600026517 0.012596252398811453 0.017583635762575791 0.0010289216365198348 -0.00091353354165875107 -0.0084417805677817429 0.0007679125614694503 -0.0036067188635576413 0.0058987456293424856 -0.0024359428781603547 -0.0057937381938419213 -0.0014623997367060008 0.0035589517859192774 0.0048266807992458534 0.012996117912864924 -0.0017884554116874857 0.0026858441708095134 0.0028453436212739392 0.00051089343106565214 -0.00043704899754548387 -0.0099697428884876326 -0.0025879954893969349 -0.0091831745896377593 -0.0079539819393566434 -0.0004033121833894878 -0.00044472268234744026
leaf_weight=124758.54321289062 3700.8031539916992 204900.20782470703 6702160.8301401138 5953.2831687927246 225212.18920898438 141248.439453125 12123.210338592529 8126.1597023010254 29913.768665313721 422471.83984375 65123.936233520508 38500.502914428711 9835.072998046875 8979.133162021637 227037.77612304688 6059.2344360351562 45625.182113647461 4761.6363677978516 4665.9630851745605 6362.9079535007477 4107.6220757961273 5240.3350067138672 2992.8738327026367 37582.387268066406 3508.6205444335938 66421.497711181641 25870.900634765625 7008.16845703125 25832.789417266846 4297.2829203605652 4721.3663291931152 5635.4677052497864 23001.274353027344 675280.56384277344 227706.39956665039 4947.3551712036133 2550.3724370002747 2960.3520512580872 2583.9946980476379 2414.3740234375 35304.601165771484 12771.996226549149 7071.872403383255 4943.1974792480469 3683.9091949462891 2459.429931640625 42628.946716308594 16842.77294921875 89740.144104003906 4124.0373420715332 5408.8618769645691 2081.883430480957 4289.6920776367188 15261.832748413086 22876.44580078125 7296.8773651123047 242925.2496213913 6101.3099060058594 7095.3869476318359 4181.812349319458 4746.1588077545166 18648.019288063049 148990.56723022461
leaf_count=40502 1888 110255 2450462 2224 97646 66439 5428 2387 10662 157695 24915 14565 2801 3887 92691 2505 17767 1769 1392 1840 1141 1922 759 12227 1083 22559 7766 1481 6230 978 1062 1335 6492 207399 95567 2026 1085 1296 1149 1150 17630 4289 2052 1464 1444 980 17245 7005 37218 1279 1625 1098 1617 6336 8275 2739 77251 1584 1804 1089 1809 7061 46686
internal_value=1.0823e-06 -0.000227061 7.45243e-05 0.000415572 -0.000119606 0.000717742 0.00224096 0.0061842 0.000919673 0.000566092 0.000855012 0.000274497 0.00241749 -0.000293133 -0.000687182 -0.000155488 -0.000529346 -0.00242776 -0.00174695 0.000763878 0.0027809 -0.0028421 -0.00720878 -0.000314055 -0.000192874 0.000958454 0.00311073 0.000109041 0.00183471 0.0027207 0.0054563 0.0084961 -0.000409743 2.38975e-05 0.00059069 0.00347879 0.00517681 0.00377185 0.00567583 0.000351038 0.00209077 -0.00210049 -0.00142542 -0.00390088 -0.0011035 -0.00123187 -0.0020977 -0.0033873 -0.00126573 -0.00034487 0.000795056 0.00684616 -0.00593163 0.00146166 0.00163108 -0.000520759 -0.000912525 -0.00368409 -0.00599878 -0.000702483 -0.00304027 -0.00193572 6.50279e-05
internal_weight=1.01417e+07 2.46969e+06 7.67197e+06 969807 349971 619837 56116.4 14079.4 42037 563720 142119 103624 38494.2 2.32757e+06 602555 1.72502e+06 714795 72800.2 63748.1 19356.2 14594.6 44391.9 9052.11 641995 604413 95801 29379.5 1.01022e+06 47495.1 40486.9 14654.1 9932.75 508612 962727 287447 22021.2 17073.9 14523.5 11563.1 265425 37719 39151.6 34485.6 16304.8 397655 378709 151671 59471.7 92199.6 8231.66 18180.9 5782.69 11361.6 18945.7 32711.5 485611 290995 20493.6 13196.7 270501 27576 23394.2 194616
internal_count=3734007 900562 2833445 382983 138148 244835 20701 4611 16090 224134 53542 39480 14062 847020 273174 573846 231571 23654 20390 6029 4260 14361 3264 207917 195690 31408 8849 342275 11086 9605 3375 2313 164282 331189 123790 9443 7417 6332 5036 114347 18780 12439 11047 5133 162919 155139 62448 24250 38198 2420 5914 2986 3669 7780 11076 157790 93337 6127 3388 87210 9959 8870 64453
cat_boundaries=0 1 2 3 4 5 6 7 8 9 10 11 12 13 14
cat_threshold=49457152 36385160 7366853 1901270 36116718 17302105 6968527 721584 54542337 25857408 53420080 42207505 31458816 52446271
is_linear=0
shrinkage=0.03


Tree=130
num_leaves=64
num_cat=13
split_feature=7 10 1 3 2 8 1 1 10 10 18 10 2 1 19 1 1 4 4 6 10 6 8 6 6 19 1 6 6 13 3 4 2 6 1 18 1 19 18 1 1 10 1 13 6 10 13 10 8 4 4 6 18 18 6 8 8 16 1 10 6 12 12
split_gain=185.42 184.696 171.655 149.621 166.911 277.161 227.007 193.903 207.478 176.794 162.056 148.429 223.948 321.89 322.046 382.917 320.599 279.1 863.216 233.578 231.228 230.288 221.302 239.939 331.563 225.464 248.481 215.952 1332 4582.13 272.956 244.086 220.107 264.733 214.88 212.684 500.223 370.837 218.993 362.84 207.045 206.966 206.771 298.927 386.622 326.042 264.211 479.961 257.273 214.408 286.465 575.426 206.742 203.754 595.02 437.665 203.588 296.737 242.128 232.281 203.406 208.218 201.732
threshold=-1.9914887547492979 1.2610026597976687 0 1.4770151972770693 -1.3179268240928648 0.97941589355468761 1 2 -1.5296894907951353 -0.42811138927936548 0.32990394532680517 0.040275949984788902 0.058021802455186851 3 1.3482177257537844 4 5 0.65452042222023021 0.38342870771884924 -0.65054005384445179 -2.4594172239303584 -1.3860352635383604 2.4924867153167729 -0.84777697920799244 -0.5549393594264983 -0.072572529315948472 6 0.26413233578205114 0.29994329810142523 0.97912776470184337 -1.1118985414505003 0.92175588011741649 0.81044286489486705 0.70420897006988536 7 1.2956186532974245 8 -0.40083795785903925 2.070167183876038 9 10 1.2610026597976687 11 1.5608298778533938 -0.10190433636307715 -0.82187929749488819 0.97912776470184337 -0.91050890088081349 2.1798427104949956 -2.1839371919631954 -0.94474059343338002 -0.68754494190216053 2.4210708141326909 -1.6429651975631712 0.81279775500297557 4.8341884613037118 1.617295026779175 0.91046038269996654 12 -1.1444867849349973 -0.75956422090530384 -0.68392628431320179 -0.54749682545661915
decision_type=2 2 1 2 2 2 1 1 2 2 2 2 2 1 2 1 1 2 2 2 2 2 2 2 2 2 1 2 2 2 2 2 2 2 1 2 1 2 2 1 1 2 1 2 2 2 2 2 2 2 2 2 2 2 2 2 2 2 1 2 2 2 2
left_child=1 -1 -3 11 5 -5 9 8 -6 -7 -11 12 16 14 -14 62 20 18 19 21 -2 -17 27 -24 25 -25 -27 42 29 -29 31 -30 -32 40 -13 53 52 -38 -39 -40 -34 -36 -15 46 49 -46 -44 60 -49 -45 51 -51 -37 54 55 -18 57 -55 59 -58 -48 -62 -16
right_child=3 2 -4 4 7 6 -8 -9 -10 10 -12 34 13 22 15 17 35 -19 -20 -21 -22 -23 23 24 -26 26 -28 28 30 -31 32 -33 33 -35 41 36 37 38 39 -41 -42 -43 43 44 45 -47 47 48 -50 50 -52 -53 -54 56 -56 -57 58 -59 -60 -61 61 -63 -64
leaf_value=0.00046795686671025543 -0.0049032924831924739 0.005760596943782113 0.0012920649475808934 0.003225706916994019 0.006381120116358433 -0.012252015787948826 -0.00070864407885202975 -0.00087327224735889045 0.00049061607995649838 0.00027883053947169067 -0.0070170376399308716 -0.00030138999161903683 -0.00033468400552611393 -0.0012514094654357802 0.00094307670472291787 -0.0028181278790756418 0.00036196463932906933 -0.00025171726148831791 -0.026758450176250448 -0.0014447420217572869 -0.00021703172080095274 -0.012851258283359849 0.0012644108675418672 -0.001747104024962967 -0.00024697456683020659 -0.003466119466658655 -0.013376875128951271 0.0013497001597557162 0.0022406172513187292 0.038953379403961527 -0.00075558207829920585 0.011107692822715225 0.006451347496083365 0.0046198300848564831 2.0925413955462594e-05 -0.00010311496052954525 -0.0010653732008835438 0.0030645430215797812 0.001983478853921979 0.010581293288187991 -0.00038898958978302435 0.0011055074303076195 0.00047528793101952457 -0.0043741855308216159 0.011225251009996828 0.0030108666477118825 -0.0092704696833991514 -0.0004409798089348292 0.0035392266913201525 0.014038416078671734 0.00041818400266323703 -0.00048437878985927688 -0.0066248462430070132 0.00081697493077484017 0.010859337288303796 0.0074774776729986331 -0.003153575811000427 0.0058901126781192364 0.00063907459109759101 -0.00022208718420172382 -0.0050153941092773756 0.00017708698950487478 -0.0062373592299570339
leaf_weight=283364.849609375 9685.3671875 11600.359420776367 23243.040969848633 5843.92156457901 6009.047607421875 3486.8278522491455 11234.115893125534 197833.61853027344 51184.181518554688 4093.8465688228607 8278.3047227859497 2539101.7524414062 1058487.5756835938 76127.290893554688 21718.563656330109 3561.149920463562 65642.574537754059 6819.8850879669189 1850.7966561317444 7876.2506903409958 428584.607421875 4887.2187925577164 87510.772644042969 27652.331665039062 671232.00842285156 6415.9760131835938 3539.6296997070312 13976.078002929688 11757.144260168076 3680.6014404296875 93329.57642364502 3661.5151560306549 4412.29248046875 17957.457275390625 1726314.19921875 37407.526977539062 15385.547790527344 49742.28271484375 7723.0247802734375 10367.905578613281 39626.236572265625 174335.9296875 833554.61715698242 6101.744140625 6679.6396484375 12460.954040527344 5441.4668483734131 162505.91928863525 16055.308097839355 4511.3863906860352 38360.374671936035 5380.2515716552734 4949.04296875 370499.80426383018 6221.548095703125 8820.9803938865662 26083.91064453125 10670.938232421875 390769.0307559967 360123.28156089783 17475.631499767303 11537.449747562408 4197.6547274589539
leaf_count=111227 4554 4778 9006 2623 1889 1127 3875 85713 17701 1257 2565 753291 518598 28082 11538 2166 21244 4069 1033 4148 195504 2988 32641 8677 187334 2661 970 4928 3893 1260 28183 1010 1391 4970 783161 10509 5136 17743 2054 4034 13829 84185 295305 976 1171 2307 1437 34981 2790 1451 9836 1611 1311 143216 1727 2765 8144 3069 121069 104886 3250 2499 2687
internal_value=8.71113e-06 0.000721426 0.0027824 -1.43824e-05 -0.000688106 -0.00269771 -0.00397574 -0.000428516 0.00110982 -0.00628471 -0.00460376 5.96968e-06 0.000116495 -3.07515e-05 -0.000446786 -0.00277729 0.000385257 -0.00542511 -0.00736868 -0.00516285 -0.000320641 -0.00862627 0.000180878 -0.000217595 -0.000400566 -0.00314149 -0.00701166 0.000410062 0.00135411 0.00919714 0.000542811 0.00434923 0.000164833 0.00155039 -0.000120819 0.000612001 0.00178843 0.00313898 0.00409305 0.00691939 0.000298386 0.00012041 0.000261369 0.000364201 0.00221357 0.00587969 0.000234325 -0.000708581 -8.3011e-05 0.000922136 0.00159227 0.00614294 -0.000865617 0.00049275 0.00195036 0.00120532 0.000391194 0.000959074 0.000112598 -0.000420103 -0.00395013 -0.00295086 -0.000220833
internal_weight=1.01389e+07 318208 34843.4 9.82074e+06 287964 32937 27093.1 255027 57193.2 15859 12372.2 9.53277e+06 5.09302e+06 3.29034e+06 1.1094e+06 50911.5 1.80268e+06 24995.3 18175.4 16324.6 438270 8448.37 2.18094e+06 796351 708840 37607.9 9955.61 1.38459e+06 188401 17656.7 170744 15418.7 155326 61996 4.43975e+06 1.36441e+06 125575 83218.8 67833.2 18090.9 44038.5 1.90065e+06 1.19619e+06 1.12006e+06 73494.4 19140.6 1.04657e+06 213016 178561 54353.8 48252 9891.64 42356.6 1.23883e+06 80685.1 74463.6 1.15815e+06 381171 776976 386207 34454.5 29013.1 25916.2
internal_count=3734033 125011 13784 3609022 116750 11447 8824 105303 19590 4949 3822 3492272 1871635 1224670 547227 28629 646965 14404 10335 9302 200058 5154 677443 232283 199642 12308 3631 445160 59464 6188 53276 4903 48373 20190 1620637 446907 40787 28967 23831 6088 15220 867346 385696 357614 17352 3478 340262 44957 37771 13874 12898 3062 11820 406120 25736 24009 380384 146285 234099 113030 7186 5749 14225
cat_boundaries=0 2 4 6 8 10 12 14 16 17 19 20 22 24
cat_threshold=2938249401 16 2522509749 19 8923636 4 4157915732 2 1367375956 2 3089106008 21 136323074 8 26951461 76 17185056 1075331200 64 65568 65536 12 1092096643 98
is_linear=0
shrinkage=0.03


Tree=131
num_leaves=64
num_cat=17
split_feature=5 3 1 10 1 3 14 3 1 1 13 10 14 0 1 4 0 1 16 6 16 1 14 8 2 1 14 14 14 10 1 1 1 10 10 12 5 6 4 1 10 4 2 0 1 10 6 1 0 13 10 14 1 4 10 8 2 1 13 15 4 4 1
split_gain=212.728 185.862 203.994 171.241 327.955 175.659 170.813 162.806 181.394 153.802 146.571 144.322 139.418 135.235 565.137 549.655 397.215 831.61 258.335 249.169 397.894 371.43 362.649 241.111 238.942 385.248 260.565 214.206 219.432 196.191 245.193 186.943 186.841 243.207 178.83 176.251 152.686 256.544 194.7 292.672 289.83 229.419 418.101 252.78 192.91 157.716 154.842 151.157 209.758 148.807 148.306 239.535 146.975 200.854 187.744 172.73 166.443 242.999 151.062 188.024 145.897 172.03 141.903
threshold=1.5125752091407778 -1.2094883322715757 0 1.0887004733085635 1 -1.7563155889511106 1.3244776129722597 1.4770151972770693 2 3 0.97912776470184337 -0.38850553333759302 0.7580358386039735 929.50000000000011 4 -1.9714598059654234 901.50000000000011 5 1.172494173049927 -0.45893903076648707 0.39342825114727026 6 0.36331708729267126 2.6862729787826543 0.75945702195167553 7 0.22598183900117877 0.26401430368423467 0.22598183900117877 -1.1444867849349973 8 9 10 -0.74728542566299427 -1.8547923564910886 -0.81361308693885792 -1.9655067920684812 0.70420897006988536 -0.13379042595624921 11 -1.1444867849349973 0.55193653702735912 -0.92766210436820973 470.50000000000006 12 -0.51546403765678395 -1.124759793281555 13 261.50000000000006 -0.80810230970382679 -0.51546403765678395 0.017260844819247726 14 1.6692219376564028 1.5109481215476992 0.72863909602165233 -0.13914056867361066 15 -1.219213545322418 -1.6180694103240965 -1.1608449816703794 0.29658980667591101 16
decision_type=2 2 1 2 1 2 2 2 1 1 2 2 2 2 1 2 2 1 2 2 2 1 2 2 2 1 2 2 2 2 1 1 1 2 2 2 2 2 2 1 2 2 2 2 1 2 2 1 2 2 2 2 1 2 2 2 2 1 2 2 2 2 1
left_child=1 2 10 -4 5 -5 7 9 -9 -2 -1 -10 -13 16 15 62 36 29 -17 21 22 -16 27 -22 32 26 -26 28 31 30 -18 50 33 -19 -34 -32 37 38 39 -3 -41 42 43 -40 46 -39 -43 48 -44 -20 51 -21 55 54 56 -23 57 -54 59 -57 -59 -62 -15
right_child=6 13 3 4 -6 -7 -8 8 11 -11 -12 12 -14 14 19 18 17 24 49 20 23 52 -24 -25 25 -27 -28 -29 -30 -31 35 -33 34 -35 -36 -37 -38 45 41 40 -42 44 47 -45 -46 -47 -48 -49 -50 -51 -52 -53 53 -55 -56 58 -58 60 -60 -61 61 -63 -64
leaf_value=0.00018210356310521011 5.4829821246827616e-05 0.0013581266741728101 0.00082867629127110108 0.013110282227500126 0.00097893211353582794 0.0043878526660613955 0.0013410795093114186 -7.0432566708354742e-05 -0.0072077754823053472 -0.00092664226804883593 -0.0019678619349042213 -0.0017451960314453826 -0.0090379664251853831 -0.0036075116453246768 -0.0058437454150777083 6.0251242973314743e-05 -0.013200290500621601 0.011632616940507864 -0.0018983645010672238 0.0025643214036154896 -0.0072280937937085838 0.0058843260322043621 0.011872069723114064 -0.0005262144661194242 0.0033570364439662447 -0.00055278613387274133 0.011684187132141664 -0.0046707917417861894 0.0090140361768902225 -0.0028409883485367941 0.0017257848053867995 -0.0015189844941815727 -0.0081586431998238416 0.00099170391368414096 -0.00078787075320076291 -0.0087293059734862011 -1.5658477527096043e-06 0.0082092772383699619 0.014646254682402165 -0.0073115581399820582 -0.0010632378299078251 -0.004248681430165227 0.0096965517344291489 0.0042210028418269022 -0.0010801948950198603 0.0020829823431022616 0.0025445919006473741 0.00018424268263626608 0.0017636725247655537 -0.0089621596877396559 0.0012029368502879225 0.011804328852637089 0.0075160758772911968 0.012547081103634367 0.011632416048727633 0.0100734531778853 0.0043607462568991838 0.0039401677285189176 -0.0016889902979089863 -0.0017462290089496361 -0.0076291323878182821 0.0011041269552858461 -0.011141947464710337
leaf_weight=170528.326171875 261294.20260620117 42940.414672851562 323630.892578125 3705.4375 16990.255920410156 4740.9682006835938 42089.86328125 21733.129486083984 7665.4928741455078 319279.02517700195 34268.98583984375 22590.066516876221 2630.0638084411621 3998.2903137207031 4211.6064453125 121664.97222900391 3840.8588562011719 2230.3177490234375 6784.0954418182373 10458.390184402466 7798.3039627075195 5683.5472602844238 2970.6513671875 12687.51195526123 15967.354237556458 23000.367736816406 4288.4206037521362 5213.7425079345703 3437.0468902587891 93582.800537109375 2946.2314789295197 16709.088439941406 3054.5350341796875 14308.656372070312 93483.653442382812 2852.1144988536835 8070997.0469646454 6138.7785034179688 3847.2287547588348 7774.95556640625 47330.364240169525 3326.1045150756836 4195.0762866735458 4596.8795826435089 42560.287221908569 9851.0681762695312 32349.940156936646 24651.411680340767 10508.409099578857 4440.0168018341064 41246.891466140747 3325.5277061462402 3512.2645874023438 2414.0712814331055 2572.2717990875244 2546.5308685302734 39584.464460372925 3188.1452980041504 13794.815984725952 2303.5851726531982 4419.0421619415283 3749.2135791778564 5249.0798034667969
leaf_count=80053 112504 17189 123658 1310 6746 1677 9911 7682 2870 100120 10808 8970 768 1440 1403 40484 1252 1060 1407 3847 1961 3554 717 3526 5585 10743 1406 1360 988 32767 957 8243 1123 7032 31983 1236 2962510 1626 1377 2870 17267 1589 1392 1791 15121 2725 10571 9239 3538 1150 13884 939 2412 984 1060 1546 17168 1110 6662 1397 1743 1499 1680
internal_value=3.98619e-06 4.07637e-05 0.000573987 0.00101496 0.00338486 0.00821016 -0.00050962 -0.000632262 -0.00219808 -0.000484937 -0.000177683 -0.00360284 -0.00250736 7.59693e-06 0.000599858 -0.00083379 -1.54815e-05 -0.00117116 -0.000341583 0.00166209 0.00066693 0.00283681 0.0015875 -0.00307855 0.000208772 0.00210495 0.00511993 0.00120674 0.00161465 -0.00326073 -0.00733559 0.00125955 -0.000516625 0.00242827 -0.00102139 -0.00341412 2.06111e-05 0.000766168 0.000504148 -0.000498451 -0.00194506 0.00128408 0.00292148 0.00897672 0.00028358 0.0044368 0.00191021 0.00162127 0.0040268 -0.0046954 0.00210315 0.00479705 0.00327388 0.00407805 0.00371917 0.00130782 0.00334433 0.000637788 -8.77401e-05 0.00446362 -0.00149717 -0.00362236 -0.00790393
internal_weight=1.01357e+07 9.45845e+06 553865 349068 25436.7 8446.41 677282 635192 54618.8 580573 204797 32885.6 25220.1 8.90459e+06 333963 142136 8.57062e+06 259555 132889 191827 103847 87979.6 83361.3 20485.8 156333 43256.1 20255.8 80390.7 75176.9 103222 9639.2 71739.9 113077 16539 96538.2 5798.35 8.31107e+06 240071 224081 98045.7 55105.3 126035 47799 8444.11 78236.3 15989.8 35676 39354.9 14703.5 11224.1 55030.8 13783.9 83768 59439.5 57025.4 24328.5 54453.1 14868.7 18644.9 4850.12 11356.4 8168.26 9247.37
internal_count=3733190 3490365 224252 133391 9733 2987 242825 232914 20290 212624 90861 12608 9738 3266113 122164 46161 3143949 95144 43041 76003 35465 40538 29978 5487 58932 17734 6991 29261 27901 36212 3445 26913 41198 8092 33106 2193 3048805 86295 81944 37326 20137 44618 17337 3168 27281 4351 12160 14169 4930 2557 18670 4786 39135 25976 24992 13159 23932 6764 9605 2943 4352 3242 3120
cat_boundaries=0 2 3 5 7 9 11 13 15 17 19 21 23 25 27 29 31 33
cat_threshold=866273402 76 135046656 1614581617 4 1677018312 115 1678189235 65 3410494262 17 2052 4 604177537 70 1208484368 16 4754692 52 8650816 12 103043050 108 1281264153 22 2417353011 64 2306867264 2 7356416 8 537337872 1
is_linear=0
shrinkage=0.03


end of trees

feature_importances:
symbol_id=1858
time_id=756
feature_58=642
feature_61=544
feature_08=486
feature_70=483
feature_11=369
feature_20=324
feature_24=311
feature_36=305
feature_30=296
feature_01=284
feature_29=253
feature_31=252
feature_21=247
feature_04=240
feature_27=186
feature_23=176
feature_06=170
feature_28=134

parameters:
[boosting: gbdt]
[objective: regression]
[metric: rmse]
[tree_learner: serial]
[device_type: gpu]
[data_sample_strategy: bagging]
[data: ]
[valid: ]
[num_iterations: 2000]
[learning_rate: 0.03]
[num_leaves: 64]
[num_threads: 0]
[seed: 42]
[deterministic: 0]
[force_col_wise: 1]
[force_row_wise: 0]
[histogram_pool_size: -1]
[max_depth: -1]
[min_data_in_leaf: 1000]
[min_sum_hessian_in_leaf: 0.001]
[bagging_fraction: 0.8]
[pos_bagging_fraction: 1]
[neg_bagging_fraction: 1]
[bagging_freq: 1]
[bagging_seed: 400]
[bagging_by_query: 0]
[feature_fraction: 0.8]
[feature_fraction_bynode: 1]
[feature_fraction_seed: 30056]
[extra_trees: 0]
[extra_seed: 12879]
[early_stopping_round: 0]
[early_stopping_min_delta: 0]
[first_metric_only: 0]
[max_delta_step: 0]
[lambda_l1: 0]
[lambda_l2: 5]
[linear_lambda: 0]
[min_gain_to_split: 0]
[drop_rate: 0.1]
[max_drop: 50]
[skip_drop: 0.5]
[xgboost_dart_mode: 0]
[uniform_drop: 0]
[drop_seed: 17869]
[top_rate: 0.2]
[other_rate: 0.1]
[min_data_per_group: 100]
[max_cat_threshold: 32]
[cat_l2: 10]
[cat_smooth: 10]
[max_cat_to_onehot: 4]
[top_k: 20]
[monotone_constraints: ]
[monotone_constraints_method: basic]
[monotone_penalty: 0]
[feature_contri: ]
[forcedsplits_filename: ]
[refit_decay_rate: 0.9]
[cegb_tradeoff: 1]
[cegb_penalty_split: 0]
[cegb_penalty_feature_lazy: ]
[cegb_penalty_feature_coupled: ]
[path_smooth: 0]
[interaction_constraints: ]
[verbosity: -1]
[saved_feature_importance_type: 0]
[use_quantized_grad: 0]
[num_grad_quant_bins: 4]
[quant_train_renew_leaf: 0]
[stochastic_rounding: 1]
[linear_tree: 0]
[max_bin: 63]
[max_bin_by_feature: ]
[min_data_in_bin: 3]
[bin_construct_sample_cnt: 200000]
[data_random_seed: 175]
[is_enable_sparse: 1]
[enable_bundle: 1]
[use_missing: 1]
[zero_as_missing: 0]
[feature_pre_filter: 0]
[pre_partition: 0]
[two_round: 0]
[header: 0]
[label_column: ]
[weight_column: ]
[group_column: ]
[ignore_column: ]
[categorical_feature: 1,17]
[forcedbins_filename: ]
[precise_float_parser: 0]
[parser_config_file: ]
[objective_seed: 16083]
[num_class: 1]
[is_unbalance: 0]
[scale_pos_weight: 1]
[sigmoid: 1]
[boost_from_average: 1]
[reg_sqrt: 0]
[alpha: 0.9]
[fair_c: 1]
[poisson_max_delta_step: 0.7]
[tweedie_variance_power: 1.5]
[lambdarank_truncation_level: 30]
[lambdarank_norm: 1]
[label_gain: ]
[lambdarank_position_bias_regularization: 0]
[eval_at: ]
[multi_error_top_k: 1]
[auc_mu_weights: ]
[num_machines: 1]
[local_listen_port: 12400]
[time_out: 120]
[machine_list_filename: ]
[machines: ]
[gpu_platform_id: -1]
[gpu_device_id: -1]
[gpu_device_id_list: ]
[gpu_use_dp: 0]
[num_gpu: 1]

end of parameters

pandas_categorical:[[0, 1, 2, 3, 4, 5, 6, 7, 8, 9, 10, 11, 12, 13, 14, 15, 16, 17, 18, 19, 20, 21, 22, 23, 24, 25, 26, 27, 28, 29, 30, 31, 32, 33, 34, 35, 36, 37, 38], [9, 11, 13, 16, 24, 25, 34, 40, 50, 59, 62, 66, 76, 150, 158, 171, 214, 230, 261, 336, 376, 388, 410, 522, 534, 539]]
