tree
version=v4
num_class=1
num_tree_per_iteration=1
label_index=0
max_feature_idx=19
objective=regression
feature_names=time_id symbol_id feature_08 feature_36 feature_61 feature_04 feature_20 feature_06 feature_24 feature_29 feature_58 feature_23 feature_30 feature_28 feature_31 feature_27 feature_21 feature_11 feature_01 feature_70
feature_infos=[68:967] -1:26:20:30:34:28:3:22:24:12:7:11:23:36:38:14:32:17:21:5:10:6:8:2:16:19:37:1:15:13:25:0:18:4:29:31:9:33:35:27 [-6.1726241111755371:10.536098480224609] [-3.6331501007080078:3.9081733226776123] [-3.0402381420135498:2.5774424076080322] [-3.6992583274841309:3.4615104198455811] [-3.5648505687713623:2.0042605400085449] [-15.321038246154785:21.620344161987305] [-1.4127810001373291:10.744451522827148] [-1.5957297086715698:2.7339985370635986] [-14.244846343994141:22.735517501831055] [-1.9807209968566895:2.7033905982971191] [-1.4726793766021729:0.8173288106918335] [-3.0834453105926514:2.4178903102874756] [-0.40096586942672729:4.1158304214477539] [-3.3220875263214111:2.6435503959655762] [-0.38646817207336426:3.4403641223907471] -1:12:16:14:13:1:5:23:8:24:2:7:22:18:21:3:20:15:6:10:9:17:11:0:19:4:25 [-3.5904271602630615:6.0791192054748535] [-1.5614051818847656:38.477703094482422]
tree_sizes=7349 7316 7279 7348 7298 7349 7313 7322 7322 7314 7373 7280 7311 7308 7345 7348 7307 7343 7323 7312 7315 7295 7274 7357 7350 7332 7331 7331 7278 7310 7314 7306 7380 7347 7317 7306 7271 7285 7340 7331 7301 7266 7278 7303 7339 7293 7360 7323 7280 7331 7275 7330 7300 7312 7323 7258 7361 7313 7304 7283 7346 7298 7296 7288 7284 7355 7285 7265 7309 7317 7241 7280 7336 7284 7253

Tree=0
num_leaves=64
num_cat=16
split_feature=5 10 7 7 5 0 1 0 17 5 19 1 1 1 5 19 0 1 0 1 19 16 10 14 7 1 0 8 1 19 1 14 11 10 19 8 1 11 14 16 7 10 10 6 16 10 12 1 9 18 11 1 1 18 6 10 19 1 1 14 18 11 0
split_gain=6819.1 4118.18 3044.04 2176.12 1698.04 1504.51 1221.55 1074.24 1169 953.13 1100.38 838.157 764.391 670.214 653.404 1071.68 660.553 644.048 626.453 593.247 543.084 443.476 439.082 438.894 431.771 430.931 386.149 376.387 366.499 460.382 416.015 358.328 1091.18 358.154 332.282 377.182 339.835 820.747 647.194 324.676 323.02 321.904 315.834 308.796 307.862 300.604 277.461 424.704 1731.81 274.624 267.634 438.135 266.028 270.027 264.891 330.637 259.936 259.252 255.541 253.652 248.747 248.502 237.927
threshold=-1.0000000180025095e-35 2.0446702241897587 0.2925232350826264 -0.16895765066146848 -1.9876974821090696 731.50000000000011 0 760.50000000000011 1 -2.2509361505508418 -0.7596001625061034 2 3 4 2.0535342693328862 -0.48005665838718409 515.50000000000011 5 775.50000000000011 6 1.0000000180025095e-35 0.37747050821781164 0.10259702429175378 0.20356910675764087 -0.69131106138229359 7 775.50000000000011 1.3884760737419131 8 0.79499089717865001 9 -0.16810990124940869 0.63976013660430919 -0.063276264816522584 0.05331165902316571 2.8425709009170537 10 -0.080687671899795518 0.22192367911338809 0.94121596217155468 -0.48774343729019159 0.55740725994110119 0.4288236945867539 -0.46366593241691584 0.63852643966674816 0.27008704841136938 -0.63220345973968495 11 -0.74177575111389149 1.6733871102333071 -0.042745362967252724 12 13 2.4603563547134404 0.87857258319854747 -1.1542026996612547 0.60009330511093151 14 15 1.1931485533714297 -0.82670938968658436 -0.56653755903244007 112.50000000000001
decision_type=2 2 2 2 2 2 1 2 1 2 2 1 1 1 2 2 2 1 2 1 2 2 2 2 2 1 2 2 1 2 1 2 2 2 2 2 1 2 2 2 2 2 2 2 2 2 2 1 2 2 2 1 1 2 2 2 2 1 1 2 2 2 2
left_child=1 3 12 9 13 14 27 22 45 10 19 31 24 -3 25 16 42 -7 34 -1 26 41 28 -22 -2 -4 62 -6 54 -30 61 32 -11 -27 -14 58 37 38 -37 -28 -15 57 -16 -29 -20 59 -26 48 -48 -19 51 -25 53 -17 -5 -56 -46 -12 -36 -9 -10 -31 -13
right_child=2 4 5 7 6 17 -8 8 60 11 21 20 18 40 15 52 -18 49 44 -21 23 -23 -24 50 46 33 39 43 29 30 -32 -33 -34 -35 35 36 -38 -39 -40 -41 -42 -43 -44 -45 56 -47 47 -49 -50 -51 -52 -53 -54 -55 55 -57 -58 -59 -60 -61 -62 -63 -64
leaf_value=0.0182378680585734 -0.0032760331460047728 0.0050682251401850623 -0.0063202637881380353 -0.0034607402137888316 0.004572774512654823 -0.0064127516306863013 -0.0016157492949658977 -0.0058849559415610079 -0.0032412999680344967 -0.0017010483938355086 -0.0030650847290442035 -0.00027227650827635168 -0.0046793803738402967 0.028629396437530812 -0.016944628549028257 -0.0076563823516578814 -0.0098264604249531928 -0.0084936742852823929 -0.0061414721556457622 0.0030833745048461708 -0.0038195172568623063 -0.0044081062689038646 -0.0047980110543923626 -0.017232128493472287 -0.0049252628250318602 -0.0043669317276835082 -0.0041481560316606698 0.020611831783295287 -0.0041301481898114905 -0.022731889129497466 -0.0059510123463717398 -0.0029337917943711958 0.014126627870867955 -0.0057789398610530581 -0.0031174161782301819 -0.0091062586154841817 -0.0061296370317869388 -0.0072433278539158338 -0.02683312244061372 -0.0077089335359688139 0.014810923625959939 0.0057469885647806907 -0.030241614180297055 0.0079180764907298938 -0.0081391255608982173 -0.0083616427085927633 0.021104603625916485 -0.0040321353874020506 -0.0066942877333077853 -0.014009284329773072 -0.0049946470910008749 -0.0067635494050938454 -0.004654498361666955 -0.016974658319460687 0.0060534586536661553 -0.0019957115717414895 -0.016030859447110728 0.0014358952120957945 -0.0056066784027435628 -0.0091489962367544281 -0.0050876111064906207 -0.010525643015150021 -0.0032281836945619274
leaf_weight=3951.7440185546875 296223.884765625 3589.8897857666016 597382.22515869141 515083.11846923828 10042.835914611816 186839.7392578125 32622.495887756348 158805.36279296875 115910.9033203125 104379.94454193115 22452.392862319946 25632.564575195312 849375.89971876144 2982.901985168457 3323.8919219970703 13652.193183898926 6408.0273818969727 302570.73352050781 206294.49658203125 5726.6478271484375 183450.94439697266 28493.060190200806 668288.068359375 3784.7235107421875 671272.87475585938 269708.10076904297 144268.55102539062 3149.6764707565308 483666.95635986328 2003.4840009212494 32634.457946777344 882494.02655029297 4068.3943252563477 403604.04125976562 45396.9853515625 3466.8942413330078 68186.711013793945 24781.317451477051 3985.9439926147461 27422.779541015625 3174.6288833618164 8055.662109375 3141.7673416137695 3851.0788850784302 43014.969299316406 101247.10595703125 3017.9082336425781 299063.94262695312 6058.6747741699219 8346.4022216796875 117580.25756835938 68384.867553710938 23515.959770202637 3517.488525390625 5323.9432373046875 33307.027465820312 4112.3886108398438 23694.594554901123 203188.9345703125 24766.21923828125 151513.70129394531 5979.4887163639069 556853.81237792969
leaf_count=1184 113490 1417 210595 164381 4506 92732 12450 54466 47116 57324 9182 9218 285915 1039 1127 5265 2163 88393 76816 1932 91393 8011 244503 1539 246151 103946 57295 1047 198253 1363 15582 278065 1543 152903 20776 1531 20629 7462 1575 6743 1051 3128 987 1236 11195 31393 1084 122310 2013 2355 36711 26901 7815 1368 1219 8106 1091 9259 80618 6010 60722 2672 210735
internal_value=-0.00462752 -0.00380883 -0.00544966 -0.00391222 0.00403757 -0.0063991 0.00178947 -0.00455855 -0.00571184 -0.00324022 -0.000257286 -0.00337031 -0.0048154 0.0154832 -0.00587057 -0.00911629 -0.0166586 -0.00780521 -0.00528617 0.00931126 -0.0039298 -0.00137793 -0.00419384 -0.00486582 -0.00427962 -0.00573375 -0.00346662 0.00829511 -0.00381929 -0.00438778 -0.00745529 -0.00273381 -0.00110644 -0.00521333 -0.0049996 -0.0057789 -0.00733055 -0.00986819 -0.0185955 -0.00471696 0.0214842 0.000214798 -0.0234206 0.013643 -0.00664131 -0.00704923 -0.00458315 -0.00383789 0.00254984 -0.00864176 -0.00587738 -0.00731542 -0.00672857 -0.00956555 -0.00328104 -0.000885172 -0.0088289 -0.000751951 -0.00515204 -0.00632543 -0.00428736 -0.0135872 -0.00309807
internal_weight=9.11809e+06 4.56864e+06 4.54945e+06 4.50922e+06 59413.5 1.82201e+06 49666.1 2.29853e+06 552243 2.21069e+06 92374.1 2.11832e+06 2.72744e+06 9747.42 1.32425e+06 53559.3 12873.7 497757 1.4518e+06 9678.39 1.12738e+06 82695.7 1.74629e+06 373201 1.27564e+06 1.27069e+06 754178 17043.6 1.078e+06 524284 40617.4 990942 108448 673312 1.19838e+06 349007 100421 32234.2 7452.84 171691 6157.53 54202.6 6465.66 7000.76 253422 284819 979413 308141 9076.58 310917 189750 72169.6 40685.6 17169.7 553714 38631 47127.4 46147 248586 183572 267425 7982.97 582486
internal_count=3331000 1668695 1662305 1645949 22746 669649 19239 835786 199707 810163 32696 777467 992656 3507 486169 18725 4277 183480 507608 3116 440535 29580 636079 156544 485048 467444 283991 6789 391576 217870 19617 336932 58867 256849 418506 132591 31197 10568 3106 64038 2090 21569 2114 2283 89102 91869 371558 125407 3097 90748 65151 28440 14448 6633 173706 9325 12286 18441 101394 60476 107838 4035 219953
cat_boundaries=0 2 3 5 7 9 11 13 15 17 19 21 23 24 26 28 30
cat_threshold=2618213016 4 32020048 210623633 44 2402032744 61 1101083459 121 934593624 53 2516770854 70 2496196289 72 302496949 12 135266816 48 1073824260 64 0 4 768 284247055 118 2808808060 73 1073808016 2
is_linear=0
shrinkage=1


Tree=1
num_leaves=64
num_cat=21
split_feature=5 3 10 7 3 2 3 2 0 7 2 1 1 3 1 0 1 4 1 7 1 1 1 5 3 3 5 0 10 1 5 0 1 0 1 2 1 0 1 1 2 5 1 16 0 2 5 1 2 10 1 3 0 10 1 1 4 1 15 6 0 18 1
split_gain=6561.91 3780.5 3428.86 2911.56 1898.22 1861.51 1834.26 1724.55 1442.68 1425.15 1275.87 1169.33 1033.86 993.832 846.389 840.432 904.851 839.975 712.844 709.159 697.012 543.994 522.191 515.981 508.236 506.897 506.885 493.623 486.338 458.463 425.811 423.58 559.064 422.611 577.775 414.977 395.764 387.739 384.634 369.128 368.811 363.482 345.192 353.488 339.86 336.011 317.033 274.951 257.634 256.886 284.549 254.057 251.911 251.651 301.85 250.074 249.377 412.961 247.498 527.058 237.501 236.712 232.325
threshold=-0.18968721479177472 1.8029391169548037 2.0446702241897587 0.2925232350826264 -1.7904666066169737 -1.3648050427436826 -1.5114245414733884 -0.95707347989082325 644.50000000000011 -0.16895765066146848 -1.3648050427436826 0 1 -0.098669108003377901 2 775.50000000000011 3 -0.13379042595624921 4 0.19725037366151812 5 6 7 -1.2087602019309995 0.57078379392623912 0.38659913837909704 -2.2509361505508418 789.50000000000011 -1.1542026996612547 8 2.0535342693328862 789.50000000000011 9 745.50000000000011 10 -1.1162397265434263 11 775.50000000000011 12 13 -0.42960354685783381 -1.9876974821090696 14 0.94121596217155468 929.50000000000011 -1.3648050427436826 -2.2509361505508418 15 -0.95707347989082325 0.061080347746610648 16 0.15513776242733004 929.50000000000011 2.0446702241897587 17 18 1.0205355882644656 19 1.2796644568443301 0.080198992043733611 803.50000000000011 0.94544395804405224 20
decision_type=2 2 2 2 2 2 2 2 2 2 2 1 1 2 1 2 1 2 1 2 1 1 1 2 2 2 2 2 2 1 2 2 1 2 1 2 1 2 1 1 2 2 1 2 2 2 2 1 2 2 1 2 2 2 1 1 2 1 2 2 2 2 1
left_child=2 3 4 13 7 17 12 20 24 14 31 23 -4 18 41 25 52 19 58 -3 26 60 -7 48 36 49 -1 28 39 -9 -21 38 -33 62 -35 46 -5 53 -10 -16 -18 45 44 -44 -29 -6 -30 -39 -8 50 -11 -43 -17 55 -55 -20 -24 -58 -2 -60 -12 -13 -15
right_child=1 5 6 8 9 22 11 29 10 15 21 61 -14 33 27 16 40 -19 37 30 -22 -23 56 -25 -26 -27 -28 42 35 -31 -32 32 -34 34 -36 -37 -38 47 -40 -41 -42 51 43 -45 -46 -47 -48 -49 -50 -51 -52 -53 -54 54 -56 -57 57 -59 59 -61 -62 -63 -64
leaf_value=0.028171556961136057 0.0018002713569034942 -0.011277475223577436 0.038063511310040966 0.0003747289694284292 0.0097563834001529893 0.0027143361201518766 0.022121265068963551 0.0054242698030279451 0.00093229571071110128 0.0017709550230735787 -0.0023634144727560954 0.00078708938228888071 0.011618278561746975 0.00027988987160813144 -0.0036399441337993002 0.00010468678557241877 -0.0044449971681012682 -0.0039516190570206763 -0.00023263419147417154 -0.016877724556822914 0.008250339168448563 -0.0015286899046198707 -0.0049737699919893408 0.0071331742633707462 -0.0019117908937579854 -0.00037669919282504606 0.012989235940963814 8.4222718853937064e-05 0.014383706904387207 -0.00017849229550388071 -0.031359398353153677 -0.016572627564934637 -0.0069880238736803159 -0.0029228220657422626 -0.00042368131042956598 0.0011841728559180134 -0.0009510171177292715 0.00036101378241348874 -0.0077191738901020634 0.00067380668828850398 -0.0015741061188901831 0.0021921777351923064 -0.00063504317133601738 -0.0043304293186632635 0.0047035397601202849 0.0032769964083643245 0.003905148107388966 -0.0019187594622216177 0.01265329297791214 0.00028014780792318751 0.00046994277257463685 0.0010837566951107363 0.0029662641338959886 0.012983217399384291 7.8460148516058329e-05 0.0008326470572539165 -0.017893494142869809 -0.0034797236453686163 0.0016242188112477725 0.015795348010989071 -0.0041008438145385823 0.0076851670747452644 -0.00053749821695492372
leaf_weight=3956.7626953125 254222.96838378906 5449.6488661766052 2706.4719047546387 303961.86669921875 8033.9248046875 7468.6558227539062 4163.9129638671875 31412.787231445312 8019.2365875244141 367182.84045410156 140354.52699279785 20597.644050598145 2674.8270454406738 472710.40374755859 32443.216918945312 137708.58447265625 49702.437744140625 4075.3226265907288 299785.41664123535 3108.274356842041 8819.9555358886719 407917.44273376465 51318.692580103874 11444.124156951904 312046.3203125 428780.60986328125 3986.5642395019531 70894.7333984375 2968.472412109375 22601.748168945312 4510.762939453125 7970.0054702758789 17701.625755310059 139591.47998046875 206304.22241210938 710631.25140380859 608009.36437988281 82157.205322265625 10914.798202514648 39671.266967773438 212256.37036132812 524710.08642578125 122555.3889465332 28760.542724609375 17962.6640625 69458.9658203125 20687.218719482422 113213.58520507812 6912.7799072265625 427123.34033203125 257378.96923828125 288424.14471435547 34649.78515625 3174.8838043212891 3349.3276214599609 585984.97593688965 3702.6894359588623 3486.9377471208572 6854.6979370117188 3600.0328979492188 142968.7861328125 5716.1852836608887 925969.44599747658
leaf_count=1232 101896 1796 1017 112522 2521 2225 1401 13323 2536 113819 42681 7787 1073 159298 14681 55117 16142 1352 119094 1082 3080 168747 21486 4486 116634 160112 1319 31088 1086 8530 1444 2361 6769 45374 80806 272170 220942 35326 4218 13895 71343 176289 45926 7128 7964 23579 7754 34275 2464 153755 109176 103474 14063 1237 1491 197152 1468 1621 1996 1056 43570 2397 348071
internal_value=1.07047e-05 -0.000697261 0.000925689 -0.000592944 0.000822124 -0.00704307 0.00841828 0.00569042 -0.00149784 0.000732665 -0.0025476 0.00658496 0.0250339 -2.02864e-05 0.00130636 0.000152251 -0.00100814 -0.015849 0.000590112 -0.0195562 0.0140949 -0.00223024 -0.00475383 0.0116003 -0.00086674 0.000492672 0.020539 0.000727861 0.00108343 0.00308103 -0.0254664 -0.00746493 -0.00997548 -0.00049345 -0.00143237 0.00131432 -0.00050915 0.000250325 -0.00405927 -0.00126741 -0.0021188 0.00198612 -0.000465968 -0.00133745 0.00101812 0.00394932 0.00522283 -0.000960166 0.0162208 0.000847122 0.00123486 0.00179902 0.000679989 0.000515372 0.00638345 0.000472114 -0.00570679 -0.0109399 0.00198632 0.00650919 -0.00324009 0.00228587 -0.000261248
internal_weight=9.11688e+06 5.1399e+06 3.97698e+06 5.05678e+06 3.92276e+06 83121 54215.9 70777.8 1.95986e+06 3.85198e+06 735846 48834.6 5381.3 3.09692e+06 1.9372e+06 1.91478e+06 434317 17144 1.35234e+06 13068.7 16763.3 691241 65977 22520.8 1.22402e+06 1.48047e+06 7943.33 1.04657e+06 806401 54014.5 7619.04 44605.7 25671.6 1.74458e+06 345896 734287 911971 1.08767e+06 18934 72114.5 261959 890627 240173 151316 88857.4 77492.9 23655.7 195371 11076.7 1.05169e+06 624562 813134 172358 892295 6524.21 885770 58508.3 7189.63 264678 10454.7 283323 26313.8 1.39868e+06
internal_count=3329717 1880526 1449191 1848052 1428566 32474 20625 27484 720980 1401082 270882 18535 2090 1127072 707555 693527 156665 5674 493523 4322 5631 254998 26800 8351 450098 536862 2551 401692 309586 21853 2526 15884 9130 633549 126180 281010 333464 388575 6754 28576 87485 305863 92106 53054 39052 26100 8840 69601 3865 376750 222995 279763 69180 318974 2728 316246 24575 3089 104948 3052 86251 10184 507369
cat_boundaries=0 2 4 6 8 10 12 14 16 18 20 22 24 26 28 30 32 34 36 38 39 41
cat_threshold=2651832504 36 2658052252 66 411946137 44 536382488 36 201592832 29 2521489453 33 3355458339 74 526640 36 3431843589 41 3758111652 9 3825218470 66 707006630 59 2790066344 97 3828482144 16 124915712 16 871943240 32 306429351 28 2479514804 2 1355825693 64 512196618 2199656488 36
is_linear=0
shrinkage=0.03


Tree=2
num_leaves=64
num_cat=18
split_feature=5 10 3 7 7 3 3 0 5 0 17 19 17 17 3 19 4 3 5 7 16 9 3 17 17 17 10 0 19 16 14 11 0 0 17 17 17 10 10 0 17 10 3 3 17 19 17 17 10 12 10 17 19 17 3 14 8 17 13 13 17 17 10
split_gain=6073.52 3382.39 3200.59 2416.11 1868.52 1943.09 1668.86 1264.69 1198.87 1062.93 1107.25 961.024 895.1 832.297 795.925 726.584 722.149 664.572 634.434 611.878 537.568 526.316 488.716 473.811 469.366 441.873 424.788 418.906 415.91 378.694 368.043 1815.98 348.3 333.594 433.254 324.753 321.372 320.415 312.089 307.922 381.986 306.482 301.39 293.354 282.473 274.988 273.4 249.015 247.934 246.662 242.252 241.769 241.656 250.166 243.499 233.128 230.036 234.506 224.516 270.966 498.068 223.615 223.464
threshold=-1.0000000180025095e-35 2.0446702241897587 1.8029391169548037 0.2925232350826264 -0.19918341934680936 -1.7904666066169737 -1.5114245414733884 716.50000000000011 2.0535342693328862 775.50000000000011 0 -0.65170550346374501 1 2 -0.066661357879638658 1.0000000180025095e-35 -0.13379042595624921 -0.066661357879638658 -1.5661572217941282 0.2925232350826264 0.43152049183845526 -0.16046284139156339 0.57078379392623912 3 4 5 2.0446702241897587 775.50000000000011 1.0966395139694216 0.94121596217155468 -0.16810990124940869 0.63976013660430919 929.50000000000011 745.50000000000011 6 7 8 0.10259702429175378 0.16963379830121997 929.50000000000011 9 0.66419869661331188 -0.23420412838459012 0.74549677968025219 10 0.05331165902316571 11 12 0.73040485382080089 -0.35152915120124811 0.16963379830121997 13 0.92727679014205944 14 -1.0212610363960264 1.1931485533714297 2.8425709009170537 15 -1.6344477534294126 -0.50576525926589955 16 17 1.5670744776725771
decision_type=2 2 2 2 2 2 2 2 2 2 1 2 1 1 2 2 2 2 2 2 2 2 2 1 1 1 2 2 2 2 2 2 2 2 1 1 1 2 2 2 1 2 2 2 1 2 1 1 2 2 2 1 2 1 2 2 2 1 2 2 1 1 2
left_child=1 4 3 14 5 11 12 22 -4 17 38 23 -3 18 21 24 19 52 -8 -10 39 28 26 -1 30 43 37 42 35 -29 31 -7 -12 45 -35 -2 -30 44 55 -17 -41 -13 -26 -9 -5 -16 -22 -18 -21 58 -19 -34 54 -54 -6 -11 -47 -58 -15 60 -60 -28 -38
right_child=2 6 8 7 9 15 13 25 16 10 32 41 -14 49 33 20 47 50 -20 48 46 -23 -24 -25 27 -27 61 29 36 -31 -32 -33 51 34 -36 -37 62 -39 -40 40 -42 -43 -44 -45 -46 56 -48 -49 -50 -51 -52 -53 53 -55 -56 -57 57 -59 59 -61 -62 -63 -64
leaf_value=0.025602102675313994 -4.8600996450255081e-05 0.035865712636776279 -0.0048507301300234774 0.00094778824117643925 0.002256734521735481 0.0037832126248316775 0.019359148837659261 -0.0030786215079568833 -0.0095921690858452851 -0.0010928785814857435 -0.00025021468237833143 0.0040576572307211714 0.011797376034484133 -0.0025500029505285148 -5.4205068994427095e-05 0.00066754921637075598 0.00022032104087337735 0.00024104603828864588 0.0076445656273245169 -0.018797077086346568 -0.00014272318310781839 0.002569464192302261 -0.002008678972763427 0.011206998261586736 0.0022748916215951862 -0.0017974345731984235 -0.00081392745555926641 0.00064040068953557735 0.00085139420151518399 -0.002886973271878192 0.0022131996072618006 0.033112035621678471 0.0048110293991150887 -0.0025805134406354478 -0.00028183577499666718 0.0010134979605752579 -0.0046406786643839017 -0.0013483588656999 -0.0036478893701763892 0.00025997408568101345 0.0065648489742542509 0.012298598043243675 0.0011137380977243871 -0.0054930084839177277 -0.00066308191832150016 -0.00062920546680291043 -0.0026877024081439858 -0.011453363907695378 -0.030817862412270552 -0.0052392049649216833 -0.00075300381086372244 0.00067189420419045515 -0.0062678320966107239 -0.00013281402297201918 0.00091936637069562125 -0.0045619134207757362 3.2203882275568938e-05 -0.0035239297519334442 0.016602086276198528 0.0022308893294935845 0.004081019647858712 0.0068390739650697457 0.0035173492142612024
leaf_weight=3318.802125453949 590172.00436019897 2696.1378288269043 61232.888671875 134542.87411499023 149707.57861328125 34534.188446044922 5909.1954345703125 233221.71484375 3906.1065443754196 128860.30029296875 206497.77178955078 25036.119247436523 2941.3421516418457 3935.668309211731 844282.4922323823 483284.43838500977 3000.9966236352921 643183.3671875 14080.480180740356 3170.329761505127 98528.892974853516 98694.4990234375 326893.248046875 5594.7968735694885 346422.39990234375 235652.07373046875 5169.2030334472656 212903.7448425293 19771.58772277832 31431.908203125 308117.87014770508 2005.8508605957031 22815.337219238281 152729.54638671875 142796.41381835938 461858.04825210571 33182.607467651367 424725.0927734375 113969.70458984375 16373.532043457031 18333.127624511719 4845.9262847900391 479901.15512084961 56218.85205078125 360310.22610473633 254791.10021972656 61822.684173583984 3635.779510974884 3082.4926376342773 2743.5467948913574 335856.76904296875 28656.076843261719 6885.8391723632812 44939.703796386719 674920.55755615234 20159.166015625 23708.013561248779 56412.951038360596 4281.330005645752 14031.617803812027 8630.4939906597137 10244.955169677734 3321.007080078125
leaf_count=950 211641 961 24623 57688 59541 18818 1924 71404 1344 42590 85279 10014 1239 1900 294830 203722 930 233329 5006 1048 28264 42252 121547 2099 121393 103533 2434 79155 9967 7933 101764 568 10847 46869 61170 161965 12432 155130 34077 6258 8078 1867 172633 18495 121981 105978 18352 1354 1028 1227 121086 10711 3353 18722 239460 4876 8398 18038 1977 3921 4504 3651 1227
internal_value=5.49027e-07 0.000773131 -0.000775674 -0.000670493 0.000679549 0.00132425 0.00789406 -0.00152504 -0.006799 0.00010104 -0.00109635 0.00797639 0.0234142 0.00626004 -0.00010106 0.00120097 -0.0138983 0.000437227 0.011106 -0.018925 0.000393702 0.000470222 -0.0010102 0.0166194 0.00158787 -0.00276225 -0.000661106 0.00127785 0.000283274 0.000186581 0.00255079 0.00539752 0.00030014 -0.000568632 -0.00146993 0.000417689 -0.00222935 -0.000743904 -0.00246608 0.000863583 0.00359284 0.00539591 0.00160054 -0.00354754 -0.0002251 -0.000342748 -0.00112416 -0.00619551 -0.0247429 0.00337347 -9.99619e-05 0.00250797 0.00103729 -0.000949709 0.00116217 -0.0015623 -0.00107013 -0.00247216 0.00414051 0.00511809 0.00825361 0.00427708 -0.00389703
internal_weight=9.11488e+06 4.56816e+06 4.54673e+06 4.4687e+06 4.50891e+06 2.13246e+06 59249.8 1.78698e+06 78028.6 2.37645e+06 520958 38795.6 5637.48 53612.3 2.68172e+06 2.09366e+06 16795.7 1.85549e+06 19989.7 10158.9 678343 1.207e+06 1.26189e+06 8913.6 1.41532e+06 525093 934992 1.07066e+06 1.10831e+06 244336 344658 36540 257969 1.47472e+06 295526 1.05203e+06 56275.2 919578 262989 517991 34706.7 29882 826324 289441 494853 1.17919e+06 160352 6636.78 6252.82 33622.7 979040 51471.4 876454 51825.5 824628 149019 334912 80121 30879.1 26943.4 12911.8 15414.2 36503.6
internal_count=3329355 1668398 1660957 1630630 1645739 781868 22659 655863 30327 863871 188380 14930 2200 20459 974767 766938 5704 675491 6930 3420 264674 439484 462431 3049 502264 193432 340884 381114 397232 87088 121150 19386 106837 535283 108039 373606 23626 334799 81543 218058 14336 11881 294026 89899 179669 427244 46616 2284 2076 13529 354415 21558 321076 22075 299001 47466 132414 26436 12302 10402 6481 6085 13659
cat_boundaries=0 1 2 3 4 5 6 7 8 9 10 11 12 13 14 15 16 17 18
cat_threshold=32019984 43403831 34646075 9617982 38021160 64263760 30184976 26546989 51711953 60299801 6538112 12588049 29673735 205100 36307208 45140017 10637824 336224
is_linear=0
shrinkage=0.03


Tree=3
num_leaves=64
num_cat=21
split_feature=5 10 3 7 7 3 3 2 2 1 3 3 1 7 5 2 3 1 1 1 1 3 19 10 10 19 1 1 2 1 10 14 19 1 6 1 1 19 2 1 1 11 1 19 1 1 2 14 2 10 5 10 5 1 1 12 1 15 10 12 6 1 18
split_gain=5873.67 3446.08 2936.08 2374.05 1814.07 1812.44 1700.48 1579.39 1280.17 1094.29 1010.61 816.982 759.953 697.03 649.213 648.299 631.926 620.664 555.843 505.926 496.881 489.894 477.512 412.095 409.735 398.233 613.033 397.902 350.397 338.618 316.912 304.787 299.575 401.477 292.195 306.046 284.441 270.675 269.293 267.604 263.45 259.406 254.651 253.658 351.081 248.252 241.577 283.606 241.265 235.206 218.4 206.129 204.752 199.861 198.531 249.207 197.806 194.469 214.755 206.404 193.636 189.295 185.539
threshold=-1.0000000180025095e-35 2.0446702241897587 1.8029391169548037 0.02624323591589928 -0.16895765066146848 -1.7904666066169737 -1.7904666066169737 -1.3648050427436826 -0.95707347989082325 0 0.65383484959602367 0.38659913837909704 1 1.0000000180025095e-35 -1.4649283885955808 -1.3648050427436826 -0.066661357879638658 2 3 4 5 0.093868259340524687 1.0000000180025095e-35 0.10259702429175378 0.10259702429175378 0.79499089717865001 6 7 -1.901797831058502 8 2.0446702241897587 0.60507917404174816 1.320500433444977 9 0.038077691569924361 10 11 0.79499089717865001 -1.3648050427436826 12 13 0.87435781955719005 14 0.92727679014205944 15 16 0.41501186788082128 0.34782990813255316 -1.3648050427436826 -0.13103542476892469 -2.2509361505508418 2.0446702241897587 2.0535342693328862 17 18 -1.0106252431869505 19 1.2796644568443301 -2.4664380550384517 -0.75590264797210682 -0.46366593241691584 20 0.68720510601997387
decision_type=2 2 2 2 2 2 2 2 2 1 2 2 1 2 2 2 2 1 1 1 1 2 2 2 2 2 1 1 2 1 2 2 2 1 2 1 1 2 2 1 1 2 1 2 1 1 2 2 2 2 2 2 2 1 1 2 1 2 2 2 2 1 2
left_child=1 4 3 16 6 -3 8 13 17 14 18 24 21 56 37 34 19 -1 51 57 -15 28 38 32 25 45 -27 53 -8 -13 48 -24 61 -34 35 -12 -10 -7 50 -26 -32 -35 -18 -21 -45 -6 47 -16 -25 -30 -14 -5 -29 -9 62 -56 -4 58 -2 -59 -42 -20 -33
right_child=2 5 7 10 11 9 12 27 36 -11 15 29 22 20 46 -17 42 -19 23 43 -22 -23 31 30 39 26 -28 52 49 -31 40 54 33 41 -36 -37 -38 -39 -40 -41 60 -43 -44 44 -46 -47 -48 -49 -50 -51 -52 -53 -54 -55 55 -57 -58 59 -60 -61 -62 -63 -64
leaf_value=0.023347732772320804 -0.0064721484951556834 0.02739257086955104 -0.011809367858802117 -3.8281322600766381e-05 0.0014067726708743352 0.013318342573087456 0.0087054448254753492 0.0034884124751562258 0.0063657995782779699 0.0024385233223724076 0.00024231708718532269 -0.0017657391531874652 0.011125476916498574 -0.025226181626077218 0.0068418120390866472 -0.0022198987443529084 0.0003632854943664868 0.0088284227932797395 5.4687008532918241e-05 0.00047118606113536507 -0.011720912703620325 0.000928129526443862 0.00021322203222021518 -0.0043373074957477799 0.00099942563284010993 -0.0050674415740017149 0.00075987231763839267 -0.0056989154623813352 0.0027904102357875706 -0.00033139097627032932 0.0050772596861300787 -0.001616826075389575 -0.010332787534252168 -0.00027528090785227717 -0.012651371113947618 -0.0083099078662724011 0.00018335775741019152 0.024005810252336928 0.00096932185316719909 -0.00048772235535578419 -0.0064350697483513677 -0.0076731824897248637 -0.00067004139448026997 -0.0048067910879253427 0.00027888991041948952 0.00041997969652720761 0.0003450555296319263 0.016735717930764275 -0.0017294383291757516 0.0016242717702296412 0.0029993234843693007 0.0057995512593715702 -0.012943472985169433 -0.002932135742831605 -0.0080510849726081433 -0.0021709215019446015 -0.0014762321415303255 0.0019674235683252495 0.0019625991302362226 0.012096750675399625 0.0011369743692578118 -0.00095343566108023925 0.0027761187515677158
leaf_weight=5468.2924709320068 2751.5025177001953 4016.154541015625 3673.1106872558594 384137.79028320312 518607.0124206543 5604.9891357421875 7523.2333984375 5311.8361206054688 18709.704881668091 28503.438671112061 5925.8233995437622 226197.01513671875 3708.55810546875 5906.6490440368652 10723.082839012146 512000.4423828125 295971.4990234375 5231.5175266265869 241763.45333862305 657497.24279785156 4324.0401401519775 398666.6953125 293247.44613647461 33490.686767578125 139021.41064453125 25638.9462890625 44307.649658203125 27723.56485748291 304362.06093215942 429204.50695800781 10896.200302124023 31645.887634277344 6398.4309692382812 19317.629467487335 6686.4184112548828 10340.862681388855 10439.512464523315 3470.5438232421875 745941.11697387695 502400.61376953125 4290.8952980041504 5469.9832644462585 781034.16669923067 20119.833190917969 31068.737487792969 411566.75119018555 3396.1461391448975 3447.371413230896 683119.77197265625 318686.79606246948 15035.826171875 5516.74658203125 4020.64794921875 24168.852928161621 8060.6873168945312 33171.702819824219 3067.7201480865479 3763.3252410888672 189289.40342712402 3488.2287750244141 10388.937602996826 546699.60684204102 11903.735412597656
leaf_count=1731 1250 1566 1245 168738 167086 1877 2279 1410 7607 11038 2277 90256 1371 1819 4740 193465 111293 1814 83257 224033 1577 137111 136423 11098 70815 11795 17698 10956 100144 154956 4315 8847 2751 8425 1945 3930 4242 1277 284594 159821 1802 1706 282738 7752 12784 162747 1290 866 233441 103507 5523 2605 1471 10968 2050 10022 976 1084 82520 1030 3288 183573 3289
internal_value=-6.07999e-06 0.000753837 -0.000769051 -0.000668264 0.000659444 0.00794691 0.00127267 -0.00653185 0.00741344 0.00652836 -0.0012859 6.89459e-05 0.00115999 -0.0146286 0.0108976 -0.00244107 0.000105402 0.0162862 -0.000969229 0.000688372 -0.0195627 0.00175128 0.000627394 -0.00122212 0.000426449 0.000806018 -0.00137696 -0.00428641 0.00227171 -0.000826466 -0.00173423 -0.000244813 -0.000758409 -0.00364202 -0.0073731 -0.00520024 0.00415427 0.0174163 0.00105858 -0.000165386 0.00154694 -0.00190825 -0.000386076 0.000312813 -0.00172121 0.000970178 0.0075321 0.00925384 -0.00185135 0.00219395 0.00460961 4.44432e-05 -0.0066163 -0.00177409 -0.001829 -0.00332049 -0.00713108 0.0020237 0.00184158 0.00684493 -0.00107703 -0.000644332 -0.000415794
internal_weight=9.11753e+06 4.56791e+06 4.54962e+06 4.47143e+06 4.50875e+06 59161.7 2.2118e+06 78196.4 39849 55145.6 2.48644e+06 2.29694e+06 2.17195e+06 16971.5 26642.1 534954 1.98498e+06 10699.8 1.95149e+06 907978 10230.7 1.02924e+06 1.14271e+06 1.56184e+06 1.64154e+06 1.00012e+06 69946.6 61224.9 630572 655402 742186 378029 819649 31186 22953.1 16266.7 29149.2 9075.53 764686 641422 25576 24787.6 1.07701e+06 708686 51188.6 930174 17566.6 14170.5 716610 623049 18744.4 389655 31744.2 29480.7 84782 41232.4 6740.83 199292 192041 7251.55 14679.8 788463 43549.6
internal_count=3329904 1668382 1661522 1631100 1645728 22654 810554 30422 15394 21088 906616 835174 795160 5617 10050 201617 724484 3545 704999 330453 3396 343041 452119 533656 589962 359326 29493 24805 205930 245212 253944 160631 279712 12882 8152 6207 11849 3154 291488 230636 9405 10131 394031 244569 20536 329833 6896 5606 244539 203651 6894 171343 12427 12378 24208 12072 2221 85884 83770 2114 5090 266830 12136
cat_boundaries=0 2 4 6 8 10 12 14 16 18 19 21 23 25 27 29 31 33 35 36 38 40
cat_threshold=2651766972 38 411950225 44 2521751725 33 186912776 49 2349076544 29 2450257282 115 1848920578 112 3244042740 109 3893375808 25 604504609 1801224248 41 3465390853 25 741654608 5 2764751024 8 53217288 60 845710881 64 370515119 76 526384 4 2214601474 2462771078 19 605159461 12
is_linear=0
shrinkage=0.03


Tree=4
num_leaves=64
num_cat=14
split_feature=7 3 3 5 2 5 3 0 2 5 10 0 17 2 10 10 19 7 3 3 17 17 10 17 17 10 5 3 10 10 0 0 17 2 15 6 0 17 19 17 10 16 19 5 5 19 17 2 2 16 17 19 4 17 2 8 11 17 0 9 17 10 17
split_gain=5481.68 3025.21 2643.48 2189.66 2020.41 1656.96 1474.13 1390.21 1174.94 1127.57 1030.85 802.381 855.584 767.815 709.514 651.184 789.613 640.698 590.817 586.778 526.206 522.695 522.287 500.076 480.212 449.403 472.501 413.426 397.159 433.61 370.349 366.055 450.606 355.864 345.408 743.591 344.534 354.617 341.44 336.941 477.827 414.381 355.678 332.361 324.318 310.599 335.397 309.625 301.501 291.523 285.902 269.058 252.428 251.378 246.445 246.105 297.36 814.808 253.378 293.47 238.019 236.198 233.579
threshold=-0.02698943484574556 -1.7904666066169737 1.8029391169548037 0.091814380139112486 -0.95707347989082325 2.0535342693328862 -0.066661357879638658 716.50000000000011 -1.1162397265434263 -1.9876974821090696 2.0446702241897587 775.50000000000011 0 -1.901797831058502 0.89262145757675182 2.0446702241897587 0.025464545935392383 -0.81874781847000111 1.5147508978843691 0.61164435744285595 1 2 1.5670744776725771 3 4 2.0446702241897587 -1.4649283885955808 -1.0000000180025095e-35 2.0446702241897587 0.10259702429175378 775.50000000000011 745.50000000000011 5 -0.42960354685783381 1.2796644568443301 0.16565608978271487 789.50000000000011 6 1.0966395139694216 7 -1.8589775562286375 -0.025791938416659829 2.3243991136550908 -1.2087602019309995 -0.69347921013832081 1.320500433444977 8 -1.3648050427436826 -1.3648050427436826 0.37747050821781164 9 0.05331165902316571 -2.066596150398254 10 -1.1162397265434263 3.1577376127243046 -0.53948548436164845 11 929.50000000000011 -0.47100153565406794 12 0.10259702429175378 13
decision_type=2 2 2 2 2 2 2 2 2 2 2 2 1 2 2 2 2 2 2 2 1 1 2 1 1 2 2 2 2 2 2 2 1 2 2 2 2 1 2 1 2 2 2 2 2 2 1 2 2 2 1 2 2 1 2 2 2 1 2 2 1 2 1
left_child=1 4 3 10 9 -4 15 19 36 14 11 27 33 -7 -1 16 23 25 31 28 -10 -12 38 34 -17 53 -27 54 29 45 44 51 -33 -13 -3 -36 50 -38 -6 40 41 -18 -42 -23 48 46 47 -5 -25 -32 -9 -19 -35 -8 -2 58 57 -57 59 -41 -30 -15 -28
right_child=2 6 5 7 22 13 17 8 20 -11 21 12 -14 61 -16 24 39 18 -20 -21 -22 43 -24 30 -26 26 62 -29 60 -31 49 32 -34 52 35 -37 37 -39 -40 55 42 -43 -44 -45 -46 -47 -48 -49 -50 -51 -52 -53 -54 -55 -56 56 -58 -59 -60 -61 -62 -63 -64
leaf_value=0.017201730928326182 0.0036799553451831685 0.0022202629238117235 -0.0045318054616565956 0.010539467465926202 0.0042108761002470551 -0.027504471991287516 0.0013391618706966916 0.003556122133842478 -0.0028899064028730477 0.0078876276141169096 0.0013881076126050433 -0.0048026745370735998 0.00018423066276221738 -0.017712247438291438 0.035107714040195317 0.011909638017172612 0.0041088729983872526 0.00041166857395565109 -0.0028757525260566449 -0.0017917447792435124 -0.0011345021172689117 0.013995140901733056 0.017344692817905519 0.0086327125828666758 0.002495892631513303 0.015985697260572442 -0.0049726722984799708 -0.00017502072817950916 0.0086303679430087283 -0.0011817227638538578 0.00082953657715419788 0.00051107676651269431 -0.0019030409724509879 -0.0065051315951700842 0.0026751348909806781 0.018630546082756508 -0.0042841924501994021 -0.010317458430556124 -0.0039049520998334394 0.00039859899230474327 -5.9154503191428551e-05 -0.0081190592757544294 -0.0072857760127775844 0.0055085452418100374 0.0010260404422833868 -0.0032104155079356891 -0.00032333784670524876 0.0010310814035967035 0.0021341376833848577 -0.0015304734604803046 -0.0055649928783994386 -0.00060268529400601598 -0.0015596792573576497 0.00019067716740416512 0.00070063468438977836 -0.021365997391792957 -0.00012314960795122538 -0.00026667067010475428 0.0040263052030325187 0.0025287164016167475 0.0013207981732182652 -0.0065646008560480903 0.0053382715801657734
leaf_weight=5845.4531555175781 25820.060546875 447989.33076477051 55884.20703125 3138.005126953125 44132.013214111328 4103.689453125 336824.32848358154 4464.4853324890137 318294.17974853516 8169.434326171875 15799.69010925293 44617.276611328125 231628.75268554688 2919.2238330841064 3034.0922546386719 8668.1319274902344 3093.6156311035156 877161.73156738281 72089.095703125 421277.94140625 297286.03912353516 6985.1732177734375 2519.4376220703125 6574.606201171875 11175.438385009766 3309.9226989746094 2492.5096435546875 777955.91524845362 6327.6058502197266 593939.74981689453 144906.77320861816 109003.45227050781 192403.76550292969 9800.5638122558594 9299.9289093017578 3660.9268035888672 13642.526031494141 24837.459320068359 5212.9366149902344 263891.93716907501 172918.40112304688 12811.533782958984 6349.817626953125 10262.226516723633 529542.9289855957 27968.918212890625 590778.612159729 159619.92818450928 275127.45526123047 69791.132568359375 10000.435565948486 321642.13781738281 176564.02310180664 349509.90467071533 771080.85531616211 2262.4040985107422 82001.338363647461 5965.6122741699219 24520.478149414062 74680.271265983582 10939.205673217773 4146.0749950408936 9390.1282043457031
leaf_count=1876 9107 145817 22683 1168 17917 1331 129832 1282 98853 2983 6033 13320 95934 1009 1073 3558 1294 306773 29582 157365 127040 2417 1014 2210 4267 1271 746 282211 2452 215501 57345 43757 65063 2808 2818 1051 6580 7128 2197 109140 63712 4612 2676 3888 191497 11962 205039 61121 97976 19432 3907 126395 55439 132693 283924 1233 26915 2528 9760 29254 4419 1437 4114
internal_value=-2.16361e-06 0.000743329 -0.000727952 -0.000640863 0.00698037 -0.00664096 0.000646277 -0.00124169 -0.00241112 0.0159382 7.95239e-05 -5.73389e-06 -0.00110417 -0.0171874 0.0233364 0.00120844 0.00115816 0.000113429 -0.000222946 -0.00081071 -0.00204224 0.00533517 0.00403447 0.00153915 0.00661726 0.000867328 0.00597 0.000316933 -0.000513954 -0.000570722 0.00117032 -9.54623e-05 -0.00103003 -0.00239607 0.00235995 0.00718735 -0.00669939 -0.00818308 0.00335319 0.000284635 -0.000757501 -0.00574013 -0.000315323 0.00894348 0.00146355 -0.000106361 8.87272e-06 0.00121465 0.00228596 6.23582e-05 -0.00275096 0.000139513 -0.00181992 0.000754334 0.000797189 0.00073332 -0.000668846 -0.00610394 0.00108179 0.000868478 0.00400695 -0.0111798 0.00317457
internal_weight=9.11806e+06 4.49797e+06 4.62008e+06 4.55303e+06 68913.4 67053.2 4.42906e+06 2.48252e+06 668525 17049 2.07051e+06 2.03747e+06 462611 11169 8879.55 2.15523e+06 2.13539e+06 2.27383e+06 1.5723e+06 1.81399e+06 615580 33047.1 51864.4 1.48689e+06 19843.6 701527 15192.6 1.57486e+06 1.39271e+06 1.37545e+06 1.02594e+06 1.50021e+06 301407 230982 460950 12960.9 52944.9 38480 49344.9 648495 195173 15905.1 179268 17247.4 811245 781505 753537 162758 281702 214698 14464.9 1.1988e+06 186365 686334 796901 453322 90229.4 8228.02 363093 338572 17266.8 7065.3 11882.6
internal_count=3329739 1644381 1685358 1658898 27060 26460 1617321 903817 244790 5932 755081 742743 167501 3777 2949 777095 769270 840226 571570 659027 225893 12338 21128 518146 7825 268656 6131 575242 501662 494791 368460 541988 108820 71567 149686 3869 18897 13708 20114 251124 72294 5906 66388 6305 291683 279290 267328 62289 100186 76777 5189 433168 58247 262525 293031 178830 30676 3761 148154 138394 6871 2446 4860
cat_boundaries=0 1 2 3 4 5 6 7 8 9 10 11 12 13 14
cat_threshold=32019984 30447376 31790528 40298496 36857919 35858727 33761773 61508352 6996352 953366 34056491 20512 45238935 4465664
is_linear=0
shrinkage=0.03


Tree=5
num_leaves=64
num_cat=18
split_feature=5 10 3 0 3 3 3 5 1 19 3 1 9 5 1 0 1 10 1 16 19 0 10 19 1 0 1 1 19 19 1 10 19 10 10 1 1 5 3 1 1 10 1 15 9 15 9 13 1 1 14 10 19 1 5 6 10 16 1 11 13 11 12
split_gain=5270.34 3040.46 2683.31 1862.4 1696.39 1553.38 1268.49 1155.15 1119.08 1068.88 1023.46 983.018 779.133 731.123 672.449 695.703 613.366 570.6 554.279 550.702 659.726 525.97 525.17 555.986 1109.79 509.681 482.17 467.395 435.469 428.219 460.49 415.804 409.61 379.145 375.417 635.49 358.891 342.208 326.255 316.598 315.267 358.062 619.71 356.943 1205.19 312.878 308.328 303.609 296.939 293.379 292.623 292.08 290.545 271.084 266.759 265.332 504.498 268.248 265.818 432.909 754.245 264.21 263.558
threshold=-0.14152416586875913 2.0446702241897587 1.8029391169548037 775.50000000000011 -1.7904666066169737 -1.5114245414733884 -0.098669108003377901 2.0535342693328862 0 -0.65170550346374501 0.28408241271972662 1 -0.23888704180717465 -2.2509361505508418 2 775.50000000000011 3 0.10259702429175378 4 0.63852643966674816 0.34667599201202398 929.50000000000011 2.0446702241897587 1.0966395139694216 5 789.50000000000011 6 7 0.025464545935392383 0.6901068687438966 8 -0.26281349360942835 -0.11680612713098525 0.10259702429175378 2.0446702241897587 9 10 -1.2087602019309995 0.65383484959602367 11 12 -1.8589775562286375 13 1.2796644568443301 -0.74177575111389149 1.2796644568443301 -0.6438932716846465 1.5262878537178042 14 15 0.22192367911338809 -1.8589775562286375 1.6550678610801699 16 -1.9876974821090696 -0.55541878938674916 -1.314770460128784 0.43152049183845526 17 -0.53948548436164845 -1.2431303858757017 -0.12783293426036832 -0.88874357938766468
decision_type=2 2 2 2 2 2 2 2 1 2 2 1 2 2 1 2 1 2 1 2 2 2 2 2 1 2 1 1 2 2 1 2 2 2 2 1 1 2 2 1 1 2 1 2 2 2 2 2 1 1 2 2 2 1 2 2 2 2 1 2 2 2 2
left_child=1 5 3 6 -3 9 12 -4 38 13 14 37 22 26 31 28 32 40 25 -17 -21 -10 23 33 50 52 -1 -24 -16 48 -31 61 -9 36 -19 -36 45 -6 49 55 43 42 -42 -8 -45 -2 -47 -44 -11 -5 -25 -27 -12 -22 -13 56 -30 -58 59 60 -57 -7 -52
right_child=2 4 7 8 11 10 17 16 21 29 18 54 -14 -15 15 19 -18 34 -20 20 53 -23 27 24 -26 51 -28 -29 39 30 -32 -33 -34 -35 35 -37 -38 -39 -40 -41 41 -43 47 44 -46 46 -48 -49 -50 -51 62 -53 -54 -55 -56 58 57 -59 -60 -61 -62 -63 -64
leaf_value=0.025879593895397755 0.0016266129026586288 0.026688108881762498 -0.0042306817171924686 -0.0016091884837679624 0.016043126530660073 0.0007350565167725811 0.00033254468874272479 -0.012983429756402065 -0.001168815686383646 0.0048006106956358287 -0.00033931436771068781 0.0096205873512015382 0.002305106654342005 0.0062249845170641062 0.001243428503415271 3.3170892443899145e-05 -0.018838615706508351 -0.0013633967705311491 0.00030640204812417229 -0.0017927492789596531 -0.016362173138081228 0.001460023031513609 0.0012240666975694581 -0.0049372635890216942 0.00034412384437566775 -0.011345177635278857 0.0099393097366859123 0.01136147491105503 -0.0085333459824845602 0.0039536514882202826 -0.0053840731797198914 0.0010351456975114016 0.00033023140331465479 -0.00040068214471044114 0.0073958689414674022 -0.0018765198343487924 0.00032027798662603082 0.0079083082349376103 -0.0042617575476513918 0.00073939714226740698 -0.0079952998645905909 -0.00045031310025050271 -0.0016869052139834042 0.019742218935649865 -0.0013963111882031773 0.014125992374181877 0.0018629396218188929 0.0080619510466588655 0.0014243374928520672 -0.0032362332035404577 -0.0047019312523652202 -0.0027768180860854017 -0.0055922844547155928 -0.0059043337528829976 0.002038746619418295 -0.0012862970366859232 -0.0003895178103168287 -0.0049266633207930791 0.0031989530790943518 0.00029200185952487956 -0.023325270229122567 0.0026176525131589631 -0.015003766372656447
leaf_weight=3371.2543907165527 144164.79347229004 3958.19384765625 64871.609375 218891.74566650391 8953.92822265625 84193.833358764648 290989.93124389648 4920.9871406555176 353237.6552734375 57214.071083068848 304193.01965332031 4910.6420288085938 166162.5927734375 17289.74560546875 836116.78753662109 281390.18237304688 8322.0664367675781 985127.7177734375 867713.00268554688 79857.392608642578 3821.653076171875 84970.8125 9976.1969089508057 16446.32014465332 45454.969909667969 3750.9677734375 3558.8881874084473 6939.4348049163818 10020.878051757812 8191.1535034179688 11284.392150878906 695693.37072753906 3599.1065788269043 549612.71722412109 11912.73592376709 15032.90079498291 678193.05924987793 9726.6215305328369 100538.9072265625 205816.73382568359 15688.042694091797 971221.03498625755 27593.543731689453 3702.5123901367188 7028.9634399414062 3664.7062377929688 3715.1075439453125 3204.45458984375 39771.057090759277 183384.04931640625 3412.6859803199768 76973.6982421875 9776.2244873046875 5453.4372253417969 27809.223745346069 4544.5061736106873 55855.670627593994 14839.871150970459 20178.023223876953 37143.212738037109 2013.6397919654846 330414.36390686035 6506.0944609642029
leaf_count=878 62572 1517 26176 63674 3217 42974 108919 1469 157903 22026 121829 1753 66552 6508 317158 120720 3015 355324 317933 21083 932 37705 4052 7800 19530 1626 1295 2931 4868 4169 4061 211297 1221 204983 4647 6074 231806 3872 31143 84462 7133 346009 10206 1099 2073 1104 1079 684 16762 54502 1093 31263 4686 1686 10727 2399 28681 5219 7863 13336 1096 87211 2243
internal_value=-1.19924e-06 0.000792049 -0.000657267 -0.000567475 0.0077751 0.000697069 -0.000282767 -0.00604876 -0.00176731 0.00379447 0.000586181 0.00631621 0.000358089 0.00952807 0.000919249 0.000517 -0.0130482 -0.000731971 -0.000117563 -0.000617775 -0.00267269 -0.000659045 0.000137713 7.6443e-05 -0.00249687 -0.0010496 0.0177584 0.00539238 0.000871367 0.00260172 -0.00145748 0.00148333 -0.00735388 0.000210439 -0.00126784 0.00222549 0.000615242 0.0118044 -0.00273309 -1.64111e-05 -0.00032093 -0.000573426 -0.00314538 0.000530734 0.00590258 0.00193506 0.00795803 -0.000671199 0.00341688 -0.00235106 -0.00739137 -0.00317564 -0.000502965 -0.0102438 0.00317696 -0.00109219 -0.00223545 -0.0013422 0.000352301 -0.000962797 -0.00806585 0.00223537 -0.0114634
internal_weight=9.11429e+06 4.1258e+06 4.98849e+06 4.90677e+06 55358.6 4.07044e+06 3.96575e+06 81713.8 941023 140681 3.92976e+06 51400.4 1.63425e+06 24219.9 2.66735e+06 1.55705e+06 16842.2 2.3315e+06 1.26241e+06 370523 89132.5 438208 1.46809e+06 1.45117e+06 71820.1 394694 6930.14 16915.6 1.18653e+06 116461 19475.5 1.1103e+06 8520.09 1.37935e+06 1.01207e+06 26945.6 829738 18680.5 502815 350413 1.31943e+06 1.01771e+06 46486 301721 10731.5 151545 7379.81 30798 96985.1 402276 26365.1 80724.7 313969 9275.09 32719.9 144596 80716.4 70695.5 63879.4 43701.4 6558.15 414608 9918.78
internal_count=3329828 1505107 1824721 1792840 21086 1484021 1447913 31881 344927 55699 1428322 19569 605745 8681 950985 609503 5705 842168 477337 144421 23701 195608 539193 532210 30666 159404 2173 6983 465082 47018 8230 341482 2690 501544 366045 10721 296561 7089 149319 147924 476123 364032 18023 112091 3172 64755 2183 10890 38788 118176 11136 32889 126515 2618 12480 63462 38768 33900 24694 16831 3495 130185 3336
cat_boundaries=0 2 4 6 8 10 12 14 16 18 20 22 24 26 28 30 32 34 36
cat_threshold=3758308263 66 2651766936 4 9297041 12 1830591220 72 3825218240 25 643847713 85 2517295150 68 817470795 100 2242881348 45 4014891705 2 589299744 37 772801032 114 185602088 36 1690600640 16 3433025669 35 2684557317 64 1107296290 1 202375680 66
is_linear=0
shrinkage=0.03


Tree=6
num_leaves=64
num_cat=14
split_feature=5 10 7 3 3 3 7 0 3 5 5 17 0 17 17 19 5 9 14 17 19 3 19 19 3 3 17 0 14 11 17 17 0 17 17 10 10 15 6 3 10 17 3 17 10 17 19 10 14 3 19 0 17 10 18 19 7 8 17 10 7 19 18
split_gain=4934.14 3008.36 2393.84 1811.05 1730.11 1549.71 1226.43 1108.45 1036.6 973.686 908.934 739.793 727.907 781.004 652.716 610.732 563.9 547.985 531.047 486.479 455.095 453.717 443.075 409.462 402.394 395.171 391.327 431.014 380.377 1507.57 360.656 358.897 325.204 321.555 318.698 296.241 303.092 268.294 713.609 263.291 261.455 255.876 249.059 236.969 231.81 225.186 222.894 216.474 212.152 198.49 195.531 225.832 192.808 191.498 190.794 189.671 189.294 187.631 205.706 187.095 185.089 186.905 180.294
threshold=-0.14152416586875913 2.0446702241897587 0.2925232350826264 1.8029391169548037 -1.7904666066169737 -1.7904666066169737 -0.19918341934680936 716.50000000000011 0.35258246958255773 -2.2509361505508418 2.0535342693328862 0 760.50000000000011 1 2 -1.0000000180025095e-35 -1.6821901202201841 -0.16046284139156339 0.72120228409767162 3 -0.48005665838718409 0.21928988397121432 0.92727679014205944 0.92727679014205944 0.61164435744285595 1.8029391169548037 4 789.50000000000011 -0.16810990124940869 0.63976013660430919 5 6 775.50000000000011 7 8 2.0446702241897587 0.12369984015822412 -1.8659238815307615 0.63358229398727428 0.65383484959602367 2.0446702241897587 9 -0.23420412838459012 10 -1.5311909317970274 11 2.3243991136550908 0.2980180978775025 1.3563383817672732 -1.3334827423095701 0.52390769124031078 775.50000000000011 12 0.040951244533061988 0.88939473032951366 -0.19481515884399411 -0.48774343729019159 2.9967306852340703 13 -1.1542026996612547 -0.36735923588275904 -0.65170550346374501 -0.82670938968658436
decision_type=2 2 2 2 2 2 2 2 2 2 2 1 2 1 1 2 2 2 2 1 2 2 2 2 2 2 1 2 2 2 1 1 2 1 1 2 2 2 2 2 2 1 2 1 2 1 2 2 2 2 2 2 1 2 2 2 2 2 1 2 2 2 2
left_child=1 5 8 7 -3 9 15 24 17 11 52 -1 21 47 16 26 -6 22 43 -9 -12 53 31 60 35 56 28 42 29 -7 -24 49 37 -25 -20 36 41 38 -33 -21 46 55 -28 44 45 -17 -32 -14 -29 -2 -36 -52 -5 -8 -16 -4 -10 58 -37 -44 61 -11 -13
right_child=2 4 3 10 14 6 12 19 25 23 20 62 13 -15 54 18 -18 -19 34 39 -22 -23 30 33 -26 -27 27 48 -30 -31 40 32 -34 -35 50 57 -38 -39 -40 -41 -42 -43 59 -45 -46 -47 -48 -49 -50 -51 51 -53 -54 -55 -56 -57 -58 -59 -60 -61 -62 -63 -64
leaf_value=0.020957782514313458 0.0029864150822602 0.026792045293741382 -5.2118878691237769e-06 0.0018580999797687355 0.018385760934378794 0.0036885005029099181 0.0011631265966010017 -0.0014134282297393165 -0.00012937558535204238 0.01237645776993552 -0.023560030783453222 0.010135725296053704 -0.0014283395330789163 0.00032167670502226302 0.0021336841225238577 0.00021196663180882806 0.0073140504624729279 0.002082868058005889 -0.007021187330778552 -0.0027374243690135667 -0.01051108964394868 -0.00024854548448679126 0.00067002910141300619 -0.0089294898582533127 -0.0017854167047129477 -0.0036094308286584182 0.0021743532442329719 7.8793742656935083e-05 0.0019561505136822875 0.030924165973376719 -0.0024967831815570587 -0.0010420513389347386 -0.0012250782628835848 0.0049108042044508143 -8.6003548335612548e-05 -0.0017884156231465337 -0.0012155980617157853 0.00024119911219350044 -0.017606061687285894 -0.004776721025974871 0.0054205475855807561 -0.00050490896684532069 -0.0019003955666197585 0.0011215550628852547 0.00015683468461015891 -0.0064826473459808987 -0.006915889491246871 -0.0032621422052452206 -0.0039577609147054861 0.00067848932337538517 -0.0017921593919214011 -0.0086559657630941415 -0.0060964966103709524 0.00031370545225373924 0.007722491414464891 0.0023964475308216296 -0.0010390670121539962 0.010524438872589246 0.0055074045328968148 0.0011268146813085233 0.0027719926542568007 0.0050446587526672085 0.0012851793442978897
leaf_weight=5301.4301071166992 35299.916015625 3964.876220703125 66993.713500976562 3110.0939540863037 5684.525390625 31632.954772949219 568576.87750244141 236731.22695922852 297703.79309082031 3880.7724304199219 4036.5194931030273 5405.9901695251465 172740.34228515625 243271.68420410156 23463.984148979187 8316.249267578125 15256.870892524719 142372.74635452032 9591.597297668457 249093.14697265625 5981.7803115844727 586551.80187988281 39057.550231933594 4056.0306987762451 322499.6064453125 45829.86328125 264415.15405273438 161199.26318359375 459446.95068359375 1936.5823364257812 58710.648986816406 17540.798278808594 184088.47052001953 2392.0808124542236 47494.29549407959 6740.591094493866 452356.5549621582 862504.00553131104 2696.47412109375 73894.37939453125 3253.605224609375 445763.96458435059 19393.643432617188 381713.41291046143 145695.44799041748 9906.623291015625 12449.67041015625 87179.30126953125 12632.05078125 670362.60774993896 18305.281921386719 5641.1026306152344 23098.141397476196 411932.41687011719 7177.5050659179688 53010.301223754883 667382.97253417969 2765.3905296325684 7161.8079266548157 348288.56481933594 31214.998954772949 16171.444984436035 3359.0631217956543
leaf_count=1689 15180 1531 23348 1341 1826 17210 203332 105503 115850 1393 1273 1941 56720 97854 9262 2862 5389 60885 2335 76658 2102 216298 19072 1657 120567 18114 101061 64447 131696 550 21857 9362 64194 1086 13185 3075 165327 297630 1057 24061 1254 162298 7842 149467 64004 5435 4962 26923 2867 231924 5040 1647 9244 149394 3154 19999 246036 855 2658 135031 12408 6469 1187
internal_value=4.73887e-06 0.000772761 -0.000629555 -0.00144899 0.00770683 0.00067806 0.000599573 -0.0013234 -0.000102926 0.00504682 -0.00809373 0.012123 9.26874e-05 -0.00090002 0.00623741 0.00114453 0.0103182 0.000288214 0.000375327 -0.00244676 -0.0157778 0.000411453 0.000152729 0.00332131 -0.000860146 -0.00088772 0.00151563 0.0011083 0.00218139 0.00526406 -0.00166459 0.000269075 -7.81168e-05 -0.0038015 -0.00189076 -0.000571772 -0.000636725 0.000161077 -0.00325289 -0.00320395 -0.00288963 -0.000173884 0.00147214 0.00071188 -0.000242181 -0.00343169 -0.00327035 -0.00204339 -0.000214642 0.00079395 -0.00120036 -0.00341055 -0.00515398 0.00080627 0.00344274 0.00105566 -0.000758453 0.00339479 0.00197332 0.000967119 0.00421746 0.00646634 0.00673888
internal_weight=9.11568e+06 4.12319e+06 4.99249e+06 1.95324e+06 55547.8 4.06764e+06 3.99586e+06 1.91701e+06 3.03925e+06 71781.8 36226.5 14066.5 2.07025e+06 503191 51582.9 1.92561e+06 20941.4 2.02834e+06 626664 559719 10018.3 1.56706e+06 1.88596e+06 57715.3 1.35729e+06 1.01092e+06 1.29895e+06 805929 493016 33569.5 113471 1.77249e+06 1.06683e+06 6448.11 81032.3 1.03479e+06 1.01812e+06 882741 20237.3 322988 74413.9 565768 632097 545632 163918 18222.9 71160.3 259920 173831 705663 71440.7 23946.4 26208.2 980509 30641.5 120004 965087 16667.8 13902.4 367682 51267.2 20052.2 8765.05
internal_count=3329878 1504192 1825686 718309 21162 1483030 1455200 704349 1107377 27830 13960 4817 750521 181497 19631 704679 7215 727377 243975 206222 3375 569024 666492 23013 498127 380000 460704 311248 149456 17760 47145 619347 372243 2743 22207 377560 370972 308049 10419 100719 28073 205645 243934 221768 72301 8297 26819 83643 67314 247104 19872 6687 10585 352726 12416 43347 361886 6588 5733 142873 20270 7862 3128
cat_boundaries=0 1 2 3 4 5 6 7 8 9 10 11 12 13 14
cat_threshold=9585210 32020048 34646587 2320875 38053930 34933979 40560850 56889774 573440 6472448 45762896 42993664 311425 21735776
is_linear=0
shrinkage=0.03


Tree=7
num_leaves=64
num_cat=16
split_feature=7 3 3 0 2 2 1 3 2 1 3 1 1 4 0 18 1 18 0 15 9 9 1 6 18 18 1 14 6 0 8 0 2 1 2 1 2 1 8 6 9 12 0 8 18 2 14 19 2 18 1 2 1 1 19 8 1 18 19 9 1 0 1
split_gain=4580.33 2867.44 2505.09 2116.23 1794.73 1725.76 1547.65 1368.17 1011.52 875.909 735.682 605.614 605.291 569.642 487.128 488.166 444.115 412.717 403.269 394.341 2059.76 411.155 387.906 450.455 385.546 381.927 371.06 344.776 607.325 463.013 438.879 344.65 357.045 344.138 324.973 322.966 293.749 292.827 290.208 289.403 277.166 273.181 329.51 420.057 266.212 345.886 251.695 362.286 245.087 328.814 333.34 239.651 235.497 230.964 217.926 221.792 388.777 217.703 215.026 218.361 211.009 209.663 225.366
threshold=-0.33144003152847284 1.8029391169548037 -1.7904666066169737 775.50000000000011 -1.3648050427436826 -0.95707347989082325 0 0.21928988397121432 -0.74895048141479481 1 -0.066661357879638658 2 3 -0.13379042595624921 929.50000000000011 -1.0364525914192197 4 -2.0651226043701167 544.50000000000011 1.2796644568443301 -0.78595551848411549 -0.23888704180717465 5 -0.46366593241691584 1.5325387120246889 -0.37130455672740931 6 0.72120228409767162 0.46874660253524786 845.50000000000011 3.1577376127243046 775.50000000000011 -1.3648050427436826 7 -1.1162397265434263 8 -1.3648050427436826 9 2.7201130390167241 -1.7492431998252866 -0.84132489562034596 -0.96297535300254811 859.50000000000011 2.2439718246459965 -0.47572813928127283 -1.3648050427436826 0.72120228409767162 0.1786586940288544 -1.3648050427436826 -1.5294928550720213 10 -1.901797831058502 11 12 -0.15733292698860166 0.74719053506851207 13 -2.0651226043701167 0.52390769124031078 -0.84132489562034596 14 929.50000000000011 15
decision_type=2 2 2 2 2 2 1 2 2 1 2 1 1 2 2 2 1 2 2 2 2 2 1 2 2 2 1 2 2 2 2 2 2 1 2 1 2 1 2 2 2 2 2 2 2 2 2 2 2 2 1 2 1 1 2 2 1 2 2 2 1 2 1
left_child=2 3 5 7 13 9 8 11 17 18 12 19 51 24 15 -8 57 -5 -1 21 -21 44 23 -19 -3 53 -16 -10 41 -30 -31 32 -14 -7 60 -6 -17 -27 -24 -37 -39 42 -29 -44 45 -2 -33 52 49 -13 -51 -4 -48 -9 -34 56 -56 -12 59 -43 -28 -53 -63
right_child=1 4 10 6 35 33 14 25 27 -11 16 48 31 -15 26 36 -18 22 -20 20 -22 -23 38 -25 -26 37 34 28 29 30 -32 46 54 -35 -36 39 -38 40 -40 -41 -42 58 43 -45 -46 -47 47 -49 -50 50 -52 61 -54 -55 55 -57 -58 -59 -60 -61 -62 62 -64
leaf_value=0.030589673611276312 0.010862002581901878 -0.014547465703938268 0.00644875962832851 0.0034417550668755358 -0.00086425618983572807 0.0075286858961154746 0.00069162941108979613 0.00048688105496723518 -0.0016312285541884104 0.0082275269800071698 0.0042414571532648319 0.011704415617617715 0.0056111674400393446 -0.0038737609343431761 0.0041777275283366002 -0.0047146867328963097 -4.163029166082187e-05 -0.017894124758455861 0.016977934376975222 0.02449997324806821 0.0012113581896243987 0.0019833003073713553 -0.0034402468459531531 -0.0074377019030079823 -0.026079889901784309 -0.0016041238944417928 0.0011444400838633872 -0.0016110507380573888 -0.0022108648468849561 -0.016491399340353607 -0.0055709782169053807 0.00021471711215531044 0.0015608135859271001 0.0014814618223963998 0.00085100670070565644 -0.013935818592451535 -0.0012291802752543654 0.00072036669175818964 -0.0086062154354370583 -0.0046417273894625586 -0.0008688073844296618 0.0040895747953490821 -0.016768651505374016 -0.0045774075277766049 0.00018663180640485403 0.0011271358812618079 0.0036373211508378303 -0.0087170263752027327 -0.00014516563623551623 0.0057707188438506146 -0.00024908196417500498 0.0018152792387675749 -0.0025471742690088852 -0.00077592186750624756 0.0057556710969112928 -6.1056836383452194e-05 0.00036355393567728995 0.00091898208887293521 -0.0063726613147320737 -0.0020405703801421302 -0.0082098349520842162 0.0064614525201642584 0.0012692227039284593
leaf_weight=3545.0371160507202 3316.3653564453125 8285.8567086458206 10759.083984375 3800.2867431640625 21825.640930175781 14648.734731674194 129150.95288085938 312137.8916015625 334409.71130371094 6659.4068737030029 18308.1044921875 2996.9042358398438 15618.99462890625 3149.660289645195 28429.696533203125 23115.80322265625 872303.64764404297 5193.5054845809937 4437.4256391525269 3898.6864013671875 27476.448120117188 192293.3580031991 28734.790311574936 12986.96312046051 3828.6104431152344 458288.48828125 3326.2450714111328 8676.9025268554688 7714.9415283203125 7169.1578979492188 6166.6589965820312 153592.796875 305421.30481719971 20098.040170669556 90113.154052734375 3230.2094974517822 370357.57202148438 112149.19091796875 14847.487543344498 44707.908849716187 827946.77197265625 5480.7329320907593 4263.6971130371094 6307.8924865722656 784119.17926025391 299460.72784423828 7171.1426696777344 6914.8121337890625 1562904.7445678711 11441.204357147217 29851.926074981689 622434.7730255127 24212.193634033203 223798.1474609375 17588.552696228027 209781.46606445312 38061.420074462891 577081.04473876953 9830.2831192016602 112235.69543552399 6235.5605926513672 18387.9345703125 12761.364669799805
leaf_count=1115 1041 2835 3506 1050 8497 6534 53965 100004 108257 2445 6469 977 5471 1071 15689 9182 335587 1565 1508 1179 7137 70525 7850 4165 1297 194424 1379 2018 1813 1691 1425 62743 110926 7681 34327 1488 155035 35565 4161 18558 280483 1214 932 1558 253763 96698 2289 1863 610278 3474 11497 213634 5440 95075 9809 75080 20954 207504 2999 30249 2084 5933 4763
internal_value=6.29932e-06 -0.00046001 0.000976111 -0.000383378 -0.00593086 0.00767562 -0.00150108 -0.000102676 -0.0026456 0.0163128 0.000862409 0.000307495 0.00134349 -0.0152472 -0.00050233 -0.000908716 0.000389516 -0.00615013 0.0230095 0.00078612 0.00410865 0.000704618 -0.00674055 -0.0104231 -0.0182014 -0.000721385 0.00115552 -0.00218813 -0.00329759 -0.00806249 -0.0114456 0.000775747 0.00113685 0.00403419 0.000292897 -0.00389152 -0.001434 -0.000982354 -0.00519977 -0.00526828 -0.000679216 -0.00261404 -0.0059451 -0.00949994 0.000478385 0.00123394 -0.000327848 -0.00250352 -8.27982e-05 0.00211777 0.00142068 0.00200862 -0.00113331 -4.04526e-05 0.00101438 0.000385607 0.00206923 0.00102117 -0.00211113 -0.001755 -0.00496427 0.00193551 0.00433731
internal_weight=9.11544e+06 6.15566e+06 2.95979e+06 6.07063e+06 85027.9 49388.6 1.21855e+06 4.85208e+06 567819 14641.9 2.9104e+06 2.91776e+06 1.44271e+06 15264.1 650729 522624 1.46769e+06 65563 7982.46 1.31056e+06 31375.1 1.27919e+06 61762.7 18180.5 12114.5 1.93432e+06 128105 502256 167846 21050.8 13335.8 778363 586472 34746.8 99675 69763.8 393473 1.39838e+06 43582.3 47938.1 940096 146795 19248.5 10571.6 1.0869e+06 302777 191891 38298.1 1.60719e+06 44290 41293.1 664343 31383.3 535936 570853 265431 55650 595389 127547 117716 9561.81 653584 31149.3
internal_count=3329728 2238474 1091254 2204728 33746 19283 442608 1762120 170947 5068 1071971 1056569 522411 5203 271661 218182 549560 18791 2623 430343 8316 422027 17741 5730 4132 705551 53479 152156 43899 4929 3116 294575 222240 14215 37790 28543 164217 510472 12011 20046 316048 38970 4508 2490 351502 97739 72335 9592 626226 15948 14971 227836 7729 195079 216769 105843 30763 213973 34462 31463 3463 224330 10696
cat_boundaries=0 2 4 6 8 10 12 14 16 18 20 22 23 25 27 29 31
cat_threshold=3221304231 74 2655707183 19 2919567779 13 210623616 61 169659448 44 1073750784 2 7389184 36 1275888129 45 2152212980 110 1421921856 89 4751364 16 2717909504 839851259 37 1090528007 2 209846296 1 201889792 37
is_linear=0
shrinkage=0.03


Tree=8
num_leaves=64
num_cat=17
split_feature=7 3 3 2 2 0 10 3 1 4 1 1 10 1 4 2 18 0 0 14 11 14 1 18 2 0 7 1 19 15 11 1 10 18 10 18 19 1 11 10 19 1 10 1 8 1 0 18 2 19 1 0 2 1 1 4 1 8 1 14 0 1 0
split_gain=4517.8 2554.71 2075.22 1802.13 1746.86 1308.84 1210.17 1149.79 1030.78 964.273 869.583 809.263 778.549 768.113 750.597 619.817 585.555 559.586 511.076 495.963 2439.71 466.746 456.512 454.17 439.124 438.575 425.651 420.52 399.733 389.705 1355.82 385.854 376.855 353.81 372.512 349.095 336.1 375.132 334.997 388.496 326.925 352.827 320.387 564.043 318.201 311.683 306.639 301.241 395.244 297.521 315.893 281.762 311.006 278.655 273.42 263.927 259.933 255.841 254.362 246.835 245.898 498.036 244.422
threshold=-0.02698943484574556 -1.7904666066169737 0.74549677968025219 -1.3648050427436826 -0.84132790565490712 775.50000000000011 2.0446702241897587 0.35258246958255773 0 -0.13379042595624921 1 2 0.10259702429175378 3 -0.17717035114765164 -0.74895048141479481 1.312424421310425 382.50000000000006 775.50000000000011 -0.16810990124940869 0.63976013660430919 0.22192367911338809 4 -1.8438284397125242 -1.1162397265434263 803.50000000000011 -0.98193383216857899 5 0.34667599201202398 1.2796644568443301 0.63976013660430919 6 1.3058599829673769 -1.0364525914192197 2.0446702241897587 -0.89262008666992176 0.6901068687438966 7 1.9463328719139101 -1.0245386958122251 0.79499089717865001 8 -1.5311909317970274 9 0.66989099979400646 10 929.50000000000011 -0.58510729670524586 -1.3648050427436826 1.320500433444977 11 929.50000000000011 -1.3648050427436826 12 13 0.93011432886123668 14 2.6118419170379643 15 0.86274191737174999 157.50000000000003 16 873.50000000000011
decision_type=2 2 2 2 2 2 2 2 1 2 1 1 2 1 2 2 2 2 2 2 2 2 1 2 2 2 2 1 2 2 2 1 2 2 2 2 2 1 2 2 2 1 2 1 2 1 2 2 2 2 1 2 2 1 1 2 1 2 1 2 2 1 2
left_child=1 4 5 9 10 6 12 13 15 14 -1 -8 22 19 -4 23 -16 -11 24 20 -3 -20 29 -7 55 -5 51 -27 -23 38 -31 -9 40 -10 46 -12 -26 -38 -2 -40 58 -42 43 -33 -39 62 -35 48 -14 -24 -51 52 -21 -37 -30 -15 -49 -47 -6 -45 61 -50 -25
right_child=2 7 3 25 32 8 11 31 33 17 35 -13 47 18 16 -17 -18 -19 21 26 -22 28 49 45 36 27 -28 -29 54 30 -32 42 -34 34 -36 53 37 44 39 -41 41 -43 -44 59 -46 57 -48 56 60 50 -52 -53 -54 -55 -56 -57 -58 -59 -60 -61 -62 -63 -64
leaf_value=0.024080760728163113 0.00056748976488065568 0.0024977065968903533 -0.0045420916876081248 -0.0013729801641306019 0.0054701730320266097 0.0027142146858697824 0.010984661653035847 0.00051377708312276614 0.0012895276991652415 0.0079304568817397929 0.015858021716270203 0.0019862326543254004 0.0078789771344894219 0.0049065510543587201 -0.012191880376758476 -0.0019619878773795979 -0.024989886391406074 -0.0054698559198021615 0.00050912547034728784 0.0064671240939508942 0.025239618053328104 -0.00092451895643229983 -9.1031208081654314e-05 -0.0058281302375285948 0.00083596138733055129 -0.0010314943807057681 0.00096433740952613415 -0.0045071261534805679 -0.00068377682600832964 0.00075172595850519 0.020114265318711712 0.00047051895109655526 0.01315575093471867 -0.0014975776840033604 0.0056842589373971332 0.012947670628989716 -0.0025651115706079148 0.004499312669870738 0.012874816766128448 0.0025046662694970263 -0.0082117841780416662 0.0054441929157259183 -0.0004072080885828567 -0.004776938692809719 -0.00029105309199199957 -0.0037207180189390661 0.0012140228872091234 -0.00022337179410298599 -0.0091695221859407379 -0.0057384936091755432 0.00017293762054803859 0.0061033609098796616 0.0018373832557745363 0.0010256419623612544 -0.0067481164277659504 -0.00032868681348961255 -0.0012743718598757115 -0.0087360263224571365 0.00028556945911966416 -0.012871983541712801 0.00039176692003390734 -2.8423013994028408e-06 -0.016245417752375448
leaf_weight=5684.7921752929688 759402.63007044792 83204.160568237305 7631.2048785686493 619601.32983398438 28022.684882164001 5797.0352783203125 13808.80696105957 485637.078125 98499.7294921875 3362.2822887897491 5227.7600936889648 25801.85710144043 5938.498291015625 35543.927588939667 10664.489410400391 392979.41357421875 4617.9666442871094 16790.998184204102 218451.99719238281 13699.866577148438 4468.8877716064453 154016.18676757812 896057.91494750977 3718.5429992675781 1290950.5311279297 49015.050903320312 832168.58483886719 86939.775512695312 10096.534103393555 14684.270141601562 4176.76806640625 22329.980529785156 3413.6873168945312 210188.59429931641 7693.6824951171875 2899.3425674438477 57700.314575195312 15223.907649993896 3829.644287109375 21401.556884765625 4476.1647396087646 2730.8210391998291 783504.99609375 20126.934356689453 69129.395572662354 32288.652975082397 45688.658752441406 304738.94604492188 7582.8539355993271 17568.182495117188 15149.293334960938 16341.4267578125 277380.13806152344 4494.0056762695312 19898.79475402832 11459.990623950958 694454.54077148438 12780.790048599243 12246.225884437561 4075.7101135253906 202798.79694330692 17915.360107421875 4473.8219604492188
leaf_count=1917 246313 49094 2983 238604 11078 1452 5032 176672 45512 1237 1759 10396 1985 12903 3564 110938 1521 6000 93757 4408 1455 44807 348031 1024 470261 22472 266616 30722 3707 4118 996 8192 1392 96853 3456 1244 23086 9266 1009 6062 1711 1301 309398 9682 26778 8087 21262 124523 2266 7602 8165 5265 90106 1409 6123 4007 237905 3502 5300 1257 73742 6411 1279
internal_value=-2.09527e-06 0.000674993 -0.000661086 -0.00205184 0.00639463 -0.000370283 -8.12384e-05 0.000585554 -0.00143729 -0.00802055 0.0143409 0.00512747 -0.000150816 0.000900087 -0.0122299 -0.00239263 -0.016066 -0.0032328 0.00051938 0.00148402 0.00365828 -0.000428526 0.000259341 -0.00525814 0.000777152 -0.00171157 0.00131675 -0.00325457 -0.00154166 0.000782938 0.00504375 -0.000157878 0.00353507 -0.000244479 -0.000817779 0.00991918 0.000683555 -0.00070146 0.000680495 0.00408091 0.002842 -0.00304101 -0.000550849 -0.00296926 0.00057365 -0.00612603 -0.00101339 -0.000726853 0.000241465 -0.000193637 -0.00300339 0.00227066 0.00205539 0.00572541 -0.00470977 0.00363025 -0.00095385 -0.00514263 0.00389514 -0.00613998 4.26285e-05 -0.00273376 -0.0115094
internal_weight=9.11265e+06 4.4946e+06 4.61804e+06 798623 69195.5 3.81942e+06 3.00531e+06 4.42541e+06 814109 43066.9 18305.9 39610.7 2.9657e+06 3.10973e+06 22913.7 452038 15282.5 20153.3 1.88247e+06 1.22726e+06 87673 402464 1.73227e+06 59058.8 1.48001e+06 755556 1.13959e+06 135955 184012 803495 18861 1.31567e+06 50889.6 362071 263571 12621.1 1.433e+06 142054 784634 25231.2 47475.9 7206.99 830038 46532.6 84353.3 53261.8 255877 1.23343e+06 234236 928775 32717.5 307421 291080 7393.35 29995.3 47003.9 999193 45069.4 40268.9 24202.6 228297 25498.2 8192.36
internal_count=3328975 1643951 1685024 307103 27111 1377921 1084556 1616840 293365 15305 6329 15428 1069128 1111639 8068 126282 5085 7237 694695 416944 50549 148394 622296 15344 546301 291798 366395 53194 54637 258498 5114 505201 20782 167083 121571 4412 529391 59130 253384 7071 19390 3012 328529 19131 36044 13892 118115 446832 84404 363798 15767 99779 94514 2653 9830 16910 362428 11589 16378 10939 82419 8677 2303
cat_boundaries=0 2 3 5 7 9 11 13 15 17 19 20 22 24 26 28 30 32
cat_threshold=3221959591 74 2487934988 2400060092 10 202169472 61 34943399 45 367578460 36 302828604 36 853541409 64 1765298351 83 23147267 66 8960 3154660864 80 162530464 51 2685468936 2 2821046426 3 3357398149 57 2147559139 2
is_linear=0
shrinkage=0.03


Tree=9
num_leaves=64
num_cat=15
split_feature=5 10 3 0 3 2 3 2 2 3 1 1 1 0 1 1 9 4 18 0 10 1 10 0 16 9 5 0 1 2 0 17 5 2 1 15 8 10 2 3 1 5 10 1 10 1 1 1 6 10 3 8 4 2 18 1 8 15 9 14 10 10 13
split_gain=4589.25 2468.14 2220.5 1687.4 1467.2 1444.72 1226.27 1491.63 1139.83 1002.04 973.624 946.483 895.408 919.816 809.916 804.971 701.303 686.17 663.884 580.917 507.454 579.041 474.046 462.256 455.966 452.745 430.831 386.318 376.728 370.698 575.637 399.71 360.593 352.251 340.933 412.241 1139.08 334.073 321.628 321.32 316.475 316.316 427.586 318.773 313.119 558.008 311.419 305.903 344.883 287.736 286.345 272.21 324.154 267.567 258.657 257.822 383.416 364.599 1275.6 415.286 553.366 315.914 531.966
threshold=-0.2834745049476623 2.0446702241897587 1.5147508978843691 775.50000000000011 -1.5114245414733884 -1.901797831058502 -1.5114245414733884 -1.1162397265434263 -1.3648050427436826 -0.066661357879638658 0 1 2 789.50000000000011 3 4 -0.23888704180717465 -0.13379042595624921 -1.4067004919052122 731.50000000000011 2.0446702241897587 5 0.10259702429175378 529.50000000000011 0.70798438787460338 -0.60418492555618275 -1.819243788719177 929.50000000000011 6 -0.74895048141479481 172.50000000000003 7 -1.6821901202201841 -1.3648050427436826 8 1.2796644568443301 1.0691260099411013 -1.5311909317970274 -0.66950801014900196 -0.066661357879638658 9 2.0535342693328862 -0.68695411086082447 10 2.0446702241897587 11 12 13 -0.27576021850109095 -0.041806276887655251 0.18708706647157672 2.1537300348281865 0.089645657688379302 -0.22820197045803067 -0.6997048258781432 14 1.9346206784248354 1.2796644568443301 -0.74177575111389149 0.47087781131267553 -1.5311909317970274 -1.5311909317970274 1.5262878537178042
decision_type=2 2 2 2 2 2 2 2 2 2 1 1 1 2 1 1 2 2 2 2 2 1 2 2 2 2 2 2 1 2 2 1 2 2 1 2 2 2 2 2 1 2 2 1 2 1 1 1 2 2 2 2 2 2 2 1 2 2 2 2 2 2 2
left_child=1 6 3 9 10 17 7 18 14 16 -3 -10 13 29 -5 32 20 23 19 -1 34 -22 55 -4 -15 38 33 -13 -20 30 31 -8 -6 47 35 -2 -37 -27 -26 -31 -9 -7 -43 -44 -24 -46 -29 48 -14 53 -28 52 -39 -18 -40 56 57 59 -59 -11 -61 62 -57
right_child=2 4 5 8 15 41 12 40 11 22 -12 27 26 24 -16 -17 49 -19 28 -21 21 -23 44 -25 25 37 50 46 -30 39 -32 -33 -34 -35 -36 36 -38 51 54 -41 -42 42 43 -45 45 -47 -48 -49 -50 -51 -52 -53 -54 -55 -56 61 -58 58 -60 60 -62 -63 -64
leaf_value=0.025671969182272453 0.00057077840134372798 0.035076950946739474 -0.023450530925103245 -0.012085359335271549 0.016336572485662441 -0.0026148196090571771 0.016714973608216083 0.0033949006719769686 -0.0024186079101598764 8.0682581765228789e-05 0.0092062614498052038 -0.00089213262956708761 0.016247828175139593 -0.00050399597276677417 -0.0035453570775141482 0.0020766528418017329 0.0069641936933307275 -0.0026583158374855519 -0.0026415850217987101 0.010309919379386443 0.012951604445326751 0.001511827313745956 -0.0011581831593992788 -0.011022613581069115 -0.012820987088609693 -0.01011965933510681 0.0011770798132471759 -0.0013325009952091685 0.0094667664777783826 0.00084551791327698393 0.0014090767126478394 0.0046990655809598311 0.0075396304762632991 0.0019314541588275 -0.00020880919248981265 0.00091807424333958118 0.02065838748418353 -0.0021327511031450658 -0.0070455864167611286 -0.00018093389401903465 6.5322364586661218e-05 -0.017480627824162456 -0.00030527898359857816 -0.010001303425209357 -0.0024237685925389361 0.006492861219286908 0.0022413441951904646 0.0028103166851367965 0.0038330408600458074 0.00093158669194102876 0.00038122383715192713 -0.0021795696651927018 0.0053244416444490541 0.0025704247574497414 -0.0019200786320053103 -0.0033076084047599244 -0.00052055725548309708 0.021336988507624131 -0.00051438773395893263 0.012150122993573076 0.0022222995550342005 -0.00032893438006455369 0.0060686746768925121
leaf_weight=3955.4233444929123 529375.52024078369 2651.9259033203125 5035.1327018737793 14125.453536987305 5847.667724609375 137660.94140625 3702.2557678222656 70679.008983612061 406674.76956176758 117816.31624054909 2629.0799560546875 442504.65512084961 4442.5367609262466 224048.91796875 34220.376541137695 25765.146141052246 14920.809020996094 4322.531289100647 3146.2637403011322 5054.9928542375565 5769.7189331054688 12814.931457519531 1004224.3817138672 5822.7363996505737 4641.6388549804688 3812.7151489257812 1112095.2643432617 31633.33740234375 8692.517082452774 535638.26098632812 77452.292602539062 7661.3363952636719 14871.020118713379 201845.20727539062 1123872.5246810913 10767.471038818359 3476.6285705566406 9795.4732112884521 17329.979377746582 562933.43414306641 40372.210010528564 2921.1191711425781 6718.074474811554 5586.0856509208679 12117.978042602539 13168.080551147461 71577.698974609375 10253.451110839844 3687.6586126089096 95132.86083984375 641634.18872070312 52148.965219497681 11285.817077636719 76031.971740722656 18138.100563049316 60704.280029296875 181157.63842773438 3600.4757080078125 7216.677490234375 5616.0361328125 50046.138671875 928256.68151855469 5977.912353515625
leaf_count=1244 204669 994 1600 4605 2055 57174 1249 28158 125450 53270 1055 180940 1687 92646 12574 9738 5635 1453 1176 1648 2417 5233 361793 2006 1059 1126 398672 11387 2861 192303 27098 2618 5830 72574 401139 2989 1175 3123 4373 207375 16806 989 2127 2259 4954 5097 30688 3498 985 38458 239110 13620 3292 30478 4289 25496 49585 1076 2131 1388 12087 344062 1454
internal_value=3.47812e-06 0.000820452 -0.000551045 -0.000442639 0.0073247 -0.00394552 0.000727803 0.00356739 -0.00155123 -0.00018234 0.0223022 -0.00132309 0.000620864 7.57751e-05 -0.00604476 0.00562089 0.000337382 -0.0127711 0.0109293 0.0170641 0.000144485 0.00507369 -0.000589472 -0.016794 -0.00129704 -0.00281362 0.00104296 -0.000506632 0.00625487 0.000470266 0.00233446 0.00863831 0.010021 0.00229365 8.95328e-05 0.000706308 0.00574175 -0.00146781 -0.00539816 0.000319542 0.00218482 -0.00306882 -0.0071715 -0.00471792 -0.00107516 0.00222167 0.00114607 0.00626879 0.0106096 0.00208513 0.000885903 -0.00101669 0.00185975 0.00329157 -0.00442508 -0.000221914 0.000459522 0.00142293 0.00676531 0.00108962 0.00322497 -0.000472214 -0.00246665
internal_weight=9.11708e+06 3.68621e+06 5.43087e+06 5.2628e+06 51764.8 168067 3.63445e+06 131900 1.00074e+06 4.26207e+06 5281.01 952390 3.50255e+06 1.52859e+06 48345.8 46483.8 1.87216e+06 15180.4 20849.2 9010.42 1.68608e+06 18584.7 2.3899e+06 10857.9 341202 117153 1.97396e+06 545716 11838.8 1.18739e+06 88815.9 11363.6 20718.7 220229 1.66749e+06 543620 14244.1 77043 40109.7 1.09857e+06 111051 152886 15225.3 12304.2 1.02951e+06 25286.1 103211 18383.6 8130.2 186086 1.75373e+06 73230.3 21081.3 90952.8 35468.1 1.36039e+06 365453 184296 10817.2 173478 55662.2 994939 66682.2
internal_count=3330100 1342262 1987838 1920230 19672 67608 1322590 51893 365644 1554586 2049 348465 1270697 554171 17179 17623 692193 5059 6929 2892 617622 7650 862393 3606 123528 30882 716526 223015 4037 430643 30965 3867 7885 78744 609972 208833 4164 21161 9721 399678 44964 62549 5375 4386 371844 10051 42075 6170 2672 74571 637782 20035 6415 36113 8662 490549 119537 69952 3207 66745 13475 371012 26950
cat_boundaries=0 2 4 6 8 10 12 14 15 17 19 21 23 25 27 29
cat_threshold=2666178716 66 3758175143 2 3777114978 83 3221236708 11 2618212540 36 2403738288 19 4043314962 12 2131088 2854486306 39 3433932677 11 1077518321 77 313637954 108 42336272 72 5818376 32 34607401 36
is_linear=0
shrinkage=0.03


Tree=10
num_leaves=64
num_cat=17
split_feature=5 7 3 2 3 2 7 3 1 2 1 5 1 3 5 1 3 2 1 3 1 7 1 1 1 5 14 11 1 11 6 13 19 2 1 9 2 3 9 5 7 1 18 14 11 19 4 19 14 1 12 1 1 3 1 4 4 19 16 4 2 1 4
split_gain=4271.86 2394.43 1950.95 1947.1 1609.35 1139.62 1006.44 967.237 827.178 769.016 640.12 617.341 604.506 570.972 549.319 462.605 460.952 434.644 398.55 398.17 354.1 354.091 332.608 326.323 323.888 304.77 270.348 2372.2 265.158 1772.68 615.75 596.442 244.479 240.725 259.693 223.156 217.512 211.863 233.876 210.213 207.724 200.498 197.931 206.417 1347.45 193.383 215.175 189 240.429 188.95 186.579 185.753 182.696 175.201 173.43 172.495 170.967 168.613 226.167 201.748 184.246 168.623 170.239
threshold=-0.33140484988689417 0.39938059449195867 -1.7904666066169737 -0.95707347989082325 1.8029391169548037 -1.1162397265434263 -0.81874781847000111 0.35258246958255773 0 -1.3648050427436826 1 -1.9876974821090696 2 0.79618617892265331 -2.2509361505508418 3 1.5147508978843691 -1.3648050427436826 4 -0.23420412838459012 5 -0.63473242521286 6 7 8 -2.2509361505508418 -0.16810990124940869 0.63976013660430919 9 -0.53948548436164845 0.63358229398727428 -0.76755958795547474 0.21624313294887546 -1.901797831058502 10 -0.29193235933780665 -1.1162397265434263 0.57078379392623912 -0.16046284139156339 -2.2509361505508418 -0.53390479087829579 11 2.4603563547134404 -0.16810990124940869 0.63976013660430919 0.40057253837585455 2.2173740267753606 0.05331165902316571 0.65615862607955944 12 -0.28054265677928919 13 14 0.69849473237991344 15 -2.066596150398254 -0.25480918586254114 0.52390769124031078 0.70798438787460338 1.8258113861083987 -1.1162397265434263 16 0.32278256118297582
decision_type=2 2 2 2 2 2 2 2 1 2 1 2 1 2 2 1 2 2 1 2 1 2 1 1 1 2 2 2 1 2 2 2 2 2 1 2 2 2 2 2 2 1 2 2 2 2 2 2 2 1 2 1 1 2 1 2 2 2 2 2 2 1 2
left_child=2 7 3 8 13 15 9 12 14 11 19 20 26 23 -1 -6 40 41 56 -8 -4 50 32 -3 -11 -12 27 -2 29 -23 -31 -32 -7 34 -18 -28 49 38 42 -10 -9 -15 43 44 -27 52 -47 -26 -49 -25 -14 -35 55 -21 -13 -30 -5 -45 59 60 -59 -62 -63
right_child=1 4 6 18 5 22 10 16 39 24 25 54 21 17 -16 -17 33 -19 -20 53 -22 28 -24 36 47 37 35 -29 45 30 31 -33 -34 51 -36 -37 -38 -39 -40 -41 -42 -43 -44 57 -46 46 -48 48 -50 -51 -52 -53 -54 -55 -56 -57 -58 58 -60 -61 61 62 -64
leaf_value=0.027339685804803528 0.0015836402621433132 -0.00034397667744328031 0.015552586991997665 -0.0037442855810415356 -0.0091129018422031575 -0.0040151857891502774 0.00057726228681026189 8.9610765455483507e-05 0.012135380288557854 0.0020852342710277181 0.0032590166256973368 -0.00021706095670409443 0.00067048249023381862 -0.0035218624376546531 0.012701686552475852 -0.021608994599320495 -0.013204565320538679 -0.002214959888666317 0.0045484563080666228 -0.00026416548114104586 0.0055626369729644531 -0.024619393768529996 -0.0069344674948205254 -0.0066939937879140826 0.0013116670343530086 0.0015142918272273674 0.00041065076491611247 0.028564851179398266 0.0044138866268465093 -0.00022889713840054118 -0.018438615411249297 -0.0012985642172321393 0.0059481524442879683 -0.00049190605669262842 -0.0016991515488490982 0.0018485868828516242 -0.0012097294262841533 1.4231625433321669e-05 0.0048443322544960534 0.0031724537259761603 -0.00083507165372575414 -0.010121082289648994 0.0054971560443264154 0.00085375297748082604 0.021014468143914035 -0.00082026530161739657 -0.008187008377854868 0.00059459205990852911 -0.0025267078130200796 -0.0022880289263117744 0.0054978282531315242 -0.0032294154906033377 -0.00011178898524456358 -0.0013354622276621313 0.0050295693535002701 0.0006396015899294568 0.0024429872151770179 0.0057782963612827212 -0.0077405218621831766 -0.0074392202201526356 -0.0024770110898290933 0.0016464747403537102 -0.0013881665783640287
leaf_weight=4890.568359375 42556.009498596191 423956.1183013916 7238.9277801513672 9414.7794151306152 5011.7692565917969 4969.8417510986328 452874.984375 296374.40942382812 4825.6630859375 368320.44602966309 45175.7587890625 9193.4874725341797 484396.59155273438 7536.2994842529297 4394.051628112793 5848.7064514160156 3882.0332279205322 272775.06640625 35474.271430969238 472623.47076416016 5789.2397003173828 2946.9080657958984 14430.325012207031 10119.6728515625 256914.49641418457 98045.940074920654 233944.21389007568 3144.8503646850586 11491.26806640625 80766.252212524414 3423.5032501220703 3913.9199676513672 3992.7247161865234 34189.433084487915 3253.5785884857178 166098.60007476807 1000010.4062347412 280461.19003295898 13565.119750976562 4604.7341384887695 833685.40893554688 9312.8880157470703 8309.1167411804199 1007326.3301620483 3291.4490051269531 194780.96569824219 3630.158935546875 100361.78619384766 28517.24072265625 65155.966674804688 7309.824951171875 64270.861349105835 1066390.3656098247 193696.6962890625 14798.81379699707 209517.1201171875 7006.338191986084 4883.0153522491455 3649.7170257568359 3296.2963485717773 22221.130485534668 44651.682936906815 26511.913756132126
leaf_count=1504 21339 181233 2049 3400 1616 1666 173032 115343 1655 131614 15219 3220 173616 2391 1443 2056 1298 105632 15062 172328 2428 1637 6490 3861 96591 53688 87320 1097 4530 32253 1088 1129 1334 15984 1071 65286 342426 102109 5316 1770 305903 3657 2908 322713 1067 76778 1215 45265 8028 21364 4010 24659 347348 80366 5365 83482 2421 1758 754 1108 9662 16109 9172
internal_value=1.78135e-06 -0.00051599 0.000816382 0.00575292 -0.00140781 -0.0078487 0.000715971 -8.24105e-05 0.0140473 0.00165619 0.000438475 0.00587737 0.000255353 -0.00128446 0.0204007 -0.0158776 -0.00076969 -0.00250389 0.00276067 -0.000109097 0.0111335 3.94156e-05 -0.0041186 -0.00104889 0.00144893 0.000830967 0.00125742 0.00344324 -0.000179764 -0.00175114 -0.00098508 -0.0093029 0.000423741 -0.00266516 -0.00798425 0.0010077 -0.00132679 0.000758618 0.00092756 0.00775469 -0.000592561 -0.0071794 0.000884068 0.000852468 0.00214867 -8.34524e-05 -0.000955251 0.000841357 -9.61335e-05 -0.00288194 0.000742302 -0.00227929 5.09098e-05 -0.000575595 0.00302152 0.000835902 -0.00110377 0.000734393 -0.000408359 -0.000144509 0.000100551 -0.000196627 0.000515832
internal_weight=9.11541e+06 5.57309e+06 3.54233e+06 70610.4 1.82312e+06 34253.4 3.47172e+06 3.74997e+06 18715 791134 2.68058e+06 37020.5 2.51431e+06 1.78887e+06 9284.62 10860.5 1.23566e+06 289624 51895.4 1.1192e+06 13028.2 2.06857e+06 23392.9 1.49924e+06 754114 1.56139e+06 445744 45700.9 1.57686e+06 91050.6 88103.7 7337.42 8962.57 105596 7135.61 400043 1.07529e+06 1.51621e+06 1.23575e+06 9430.4 1.13006e+06 16849.2 1.22219e+06 1.21388e+06 101337 1.48581e+06 198411 385794 128879 75275.6 491706 98460.3 1.2874e+06 666320 23992.3 221008 16421.1 1.11254e+06 105214 101564 98267.7 93384.7 71163.6
internal_count=3329236 2040112 1289124 27255 673726 13162 1261869 1366386 6372 294560 967309 13062 902128 660564 2947 3672 464258 111680 20883 425726 4477 727086 9490 548884 281498 541583 175042 22436 549460 36107 34470 2217 3000 43012 2369 152606 367651 526364 424255 3425 421246 6048 418939 416031 54755 513353 77993 149884 53293 25225 177626 40643 435360 252694 8585 88012 5821 361276 38563 37809 36701 34943 25281
cat_boundaries=0 2 4 6 8 10 12 14 16 18 19 21 23 25 27 29 31 33
cat_threshold=517644349 3 3777114946 91 201592832 29 1832716925 10 826413226 118 3927627936 100 336116656 71 723849244 49 212716937 44 1073742336 2454383435 11 1801258000 101 8897 10 2702977108 108 572555296 32 295775074 66 143673352 32
is_linear=0
shrinkage=0.03


Tree=11
num_leaves=64
num_cat=14
split_feature=5 10 7 7 5 2 2 0 17 5 17 6 0 17 19 5 0 4 0 7 10 2 0 19 17 17 17 17 2 8 2 8 19 0 6 2 16 19 17 16 0 17 0 0 18 7 17 4 10 19 17 10 16 18 17 17 15 14 5 0 10 17 2
split_gain=4066.39 2232.85 1733.59 1493.45 1296.95 1239.09 1110.02 1065.81 1149.31 980.646 849.716 761.615 831.293 750.46 697.414 658.277 631.73 552.122 523.11 523.028 511.01 490.197 484.639 436.349 400.774 399.731 398.396 396.229 395.997 432.061 379.604 361.605 352.741 350.918 348.256 413.367 337.09 552.532 333.476 330.522 329.411 335.152 323.749 308.073 288.826 284.933 281.86 268.277 260.553 279.597 262.046 285.077 668.777 258.279 257.784 254.876 352.635 847.114 254.571 247.974 244.034 429.434 230.118
threshold=0.091814380139112486 2.0446702241897587 0.2925232350826264 -0.75082522630691517 -2.2509361505508418 -1.3648050427436826 -1.3648050427436826 760.50000000000011 0 -1.9876974821090696 1 0.038077691569924361 789.50000000000011 2 0.025464545935392383 2.0535342693328862 702.50000000000011 -2.066596150398254 716.50000000000011 -0.63473242521286 2.0446702241897587 -1.1162397265434263 775.50000000000011 -1.0000000180025095e-35 3 4 5 6 0.35280406475067144 1.5127465128898623 -0.42960354685783381 1.3327828645706179 0.05331165902316571 529.50000000000011 0.72002345323562633 0.44667378067970281 0.70798438787460338 0.52390769124031078 7 0.37747050821781164 127.50000000000001 8 929.50000000000011 471.50000000000006 -2.0651226043701167 0.02624323591589928 9 0.37287023663520819 0.21773372590541842 1.320500433444977 10 -1.314770460128784 0.58054399490356456 -0.52952462434768666 11 12 1.2796644568443301 -0.15128716081380841 -0.63998132944107045 873.50000000000011 -0.83188164234161366 13 -1.3648050427436826
decision_type=2 2 2 2 2 2 2 2 1 2 1 2 2 1 2 2 2 2 2 2 2 2 2 2 1 1 1 1 2 2 2 2 2 2 2 2 2 2 1 2 2 1 2 2 2 2 1 2 2 2 1 2 2 2 1 1 2 2 2 2 2 1 2
left_child=1 3 19 6 21 11 9 14 17 16 31 12 13 43 40 -13 25 26 20 -2 48 -3 32 -8 -14 -1 -9 -20 54 -30 44 -6 55 -17 -16 47 -32 -38 -24 -25 41 -5 -10 -4 -19 -42 -22 -36 49 50 51 52 -7 62 58 56 -21 -58 -12 -46 61 -41 -47
right_child=2 4 5 7 10 18 23 8 42 -11 28 15 24 -15 34 33 -18 30 27 22 46 -23 38 39 -26 -27 -28 -29 29 -31 36 -33 -34 -35 35 -37 37 -39 -40 60 45 -43 -44 -45 59 53 -48 -49 -50 -51 -52 -53 -54 -55 -56 -57 57 -59 -60 -61 -62 -63 -64
leaf_value=0.026064071718720626 0.00056525655348469794 0.028632229645314498 0.011656940827753223 0.0051933967471333425 0.0066883554351157525 0.00022997542399111261 0.0017540574181077729 0.0036144607152518798 7.4341300200431298e-05 0.0026922049801006791 0.011265049566937326 -0.0057899325272748742 -0.0028459237672609169 -0.0030514003276757139 -0.00042474178086160158 -0.021869344862368963 0.0060450974682763588 0.0035130398037024769 -0.0029261274469384309 0.00051839172991880031 -0.0015279934240129364 0.011158480536626117 -0.00028376760212382653 0.00098214867571598074 -0.011606303704356457 0.012452386031896074 -0.0073345986441545564 -0.0011976873384677109 0.0042242097966791892 -0.0084789211546877751 -0.00042795599985435246 0.018900935849630904 -0.00096938680586527558 -0.010002940066656899 0.0032475042332614323 0.0051924542355461139 -0.0017428140096729695 -0.0089770788492432169 -0.0023380731113001848 0.00038400046305397847 0.0010510133698050225 0.0014242004977155116 0.002302137203229312 0.0014755008710722582 -0.0021743447529531702 0.0069188579064727975 0.0062306538918680161 -0.0020560646130472347 -0.0015543347611793022 -0.0035043772697099388 -0.00085766733496021896 0.00011526903291237337 0.013980466063624719 -4.7121101330702508e-05 0.0029158904178298033 -0.00028327553231397788 0.018398105696229003 -0.00126345324734997 0.0019670536545906641 -0.0057514405393931699 -0.00018813546603479333 -0.0077088574074372241 0.0008814456506575411
leaf_weight=3145.541307926178 624770.4140625 2845.5650024414062 5047.5507187843323 28267.090533971786 3981.2103309631348 10421.520324707031 656247.37496948242 3428.6371307373047 326221.33297729492 29080.50244140625 8169.4724426269531 17969.493896484375 7924.1919555664062 28273.440171718597 743572.59014892578 4339.253586769104 8667.6525158882141 5051.0009765625 242055.95922851562 401395.31134033203 6054.7220153808594 2951.5419311523438 116090.5908203125 271206.26931762695 11632.488922119141 5309.3584222793579 23165.477127075195 235608.0458984375 4776.3998478651047 4853.6682991981506 241974.59917831421 4845.5444831848145 424377.86328125 4669.556960105896 14009.166173815727 22294.422592163086 103941.46154785156 10453.559936523438 183620.5234375 11609.853302001953 1013061.845199585 85314.585998535156 71587.712890625 5686.9495697021484 35895.865474700928 5774.01513671875 13835.973297119141 22148.536234021187 437147.56909179688 29080.724975585938 498842.50443267822 168665.71883392334 4578.5470581054688 602916.36312866211 25337.6690107584 766357.25244140625 3345.1255950927734 4793.4737091064453 3925.1317768096924 33939.471138000488 67496.248291015625 11992.087860107422 338490.08154296875
leaf_count=947 233760 1035 1609 12359 1382 5025 238064 1334 128925 10405 3123 5310 3885 11361 299950 1257 2975 1562 73335 152405 2903 1064 50652 116542 3493 1796 6892 103126 2362 1480 87722 1522 167145 1341 3714 6086 27914 2958 57881 3433 355564 26275 28629 1957 11616 1952 4915 5890 161091 12476 175416 65925 1117 213466 10063 253603 989 1458 1618 11095 19754 3411 120996
internal_value=-1.22114e-05 0.000580936 -0.000689157 0.000507992 0.006252 -0.00142016 0.00149901 0.000225211 -0.00070429 0.00604675 0.00484997 -0.00494037 -0.00301867 -0.000487623 0.000501769 -0.00911069 0.0117416 -0.00172912 -0.00123723 -0.00018773 -0.000895334 0.0197529 -0.000435335 0.00129269 -0.0080657 0.0175744 -0.00592398 -0.00207368 0.00324452 -0.0021794 -0.00147041 0.0133843 -0.00022798 -0.0157276 -0.000249464 0.0019801 -0.00106237 -0.00240425 -0.00154246 0.000456995 0.000792299 0.00236301 0.000475256 0.00626036 -0.00341199 0.000701282 0.0038715 -1.05186e-06 -0.000977889 -0.000623755 -0.000500991 0.000467771 0.00443037 0.000327221 0.00464089 3.95965e-05 0.000643772 0.00682417 0.00824276 -0.00391307 -0.0011064 -0.00373183 0.000982804
internal_weight=9.11453e+06 4.85795e+06 4.25658e+06 4.79626e+06 61686.2 1.73183e+06 1.06475e+06 3.73151e+06 855659 46203.1 55889.1 85542.9 58564.6 39007.9 2.87585e+06 26978.3 17122.6 457850 1.64629e+06 2.52475e+06 1.16863e+06 5797.11 1.89998e+06 1.01855e+06 19556.7 8454.9 26594.1 477664 47062.3 9630.07 431256 8826.75 1.60027e+06 9008.81 802025 58452.1 356370 114395 299711 362304 2.07382e+06 113582 397809 10734.5 74886.3 1.96024e+06 19890.7 36157.7 1.14874e+06 711589 682508 183666 15000.1 947180 37432.3 1.17589e+06 409534 8138.6 12094.6 69835.3 91098.2 23601.9 344264
internal_count=3329310 1775875 1553435 1752226 23649 635542 397327 1354899 308647 16123 21550 30213 22305 14927 1046252 7908 5718 151093 605329 917893 428868 2099 684133 381204 7378 2743 8226 176461 18646 3842 142867 2904 575600 2598 315640 15690 118594 30872 108533 143140 730612 38634 157554 3566 24273 691978 7818 9604 421050 259959 247483 72067 6142 336414 14804 408455 154852 2447 4741 22711 26598 6844 122948
cat_boundaries=0 1 2 3 4 5 6 7 8 9 10 11 12 13 14
cat_threshold=32020056 34605075 51038738 33778089 10126649 1600 64001552 2844903 17236913 336224 5997440 188452 7007696 16782611
is_linear=0
shrinkage=0.03


Tree=12
num_leaves=64
num_cat=19
split_feature=5 10 7 5 7 2 2 5 5 0 19 1 2 0 0 0 17 19 1 0 1 1 14 1 1 1 18 2 0 10 1 19 1 1 0 1 19 19 1 2 1 14 9 15 1 10 0 8 7 10 0 1 1 19 14 1 6 18 8 0 1 0 18
split_gain=3693.35 1962.75 1622.18 1243.22 1232.96 1221.69 1106.59 1196.72 916.518 934.708 883.751 803.589 698.86 680.569 667.836 656.701 748.996 636.772 580.816 551.983 492.773 490.942 483.874 468.141 450.684 430.386 419.211 382.212 378.928 343.323 390.723 342.653 546.705 339.477 335.976 327.963 447.736 318.71 312.504 312.373 419.854 304.321 684.316 2111.74 286.212 279.36 278.516 274.689 270.022 267.125 264.29 280.04 258.506 258.08 257.031 256.455 254.618 287.855 238.589 238.169 232.664 227.651 276.847
threshold=0.045126419514417655 2.0446702241897587 0.02624323591589928 -1.9876974821090696 -0.16895765066146848 -1.3648050427436826 -1.3648050427436826 -1.9876974821090696 2.0535342693328862 658.50000000000011 -0.41222314536571497 0 -1.3648050427436826 529.50000000000011 644.50000000000011 760.50000000000011 1 0.52390769124031078 2 702.50000000000011 3 4 0.25479234755039221 5 6 7 -1.2990568876266477 -0.42960354685783381 929.50000000000011 2.0446702241897587 8 1.6550678610801699 9 10 789.50000000000011 11 0.081984218209981932 -0.48005665838718409 12 0.35280406475067144 13 -0.16810990124940869 -0.78595551848411549 1.2796644568443301 14 -0.085184644907712923 157.50000000000003 1.3327828645706179 -1.5001068711280821 0.12369984015822412 789.50000000000011 15 16 0.92727679014205944 0.86274191737174999 17 0.87857258319854747 -1.4067004919052122 2.6118419170379643 644.50000000000011 18 217.50000000000003 -1.6712154746055601
decision_type=2 2 2 2 2 2 2 2 2 2 2 1 2 2 2 2 1 2 1 2 1 1 2 1 1 1 2 2 2 2 1 2 1 1 2 1 2 2 1 2 1 2 2 2 1 2 2 2 2 2 2 1 1 2 2 1 2 2 2 2 1 2 2
left_child=1 4 20 12 6 8 7 19 9 25 13 47 -3 -10 29 35 27 21 -12 26 -2 28 38 -14 -16 37 -1 -17 41 31 -31 33 46 -7 -20 45 -37 -4 -19 -13 -41 42 43 -8 -24 56 -33 -5 -28 -35 -23 -52 -11 59 -29 -21 -6 -58 -44 -22 -56 -9 -63
right_child=2 3 5 11 15 14 17 61 10 52 18 39 23 -15 24 16 -18 22 34 55 53 50 44 -25 -26 -27 48 54 -30 30 -32 32 -34 49 -36 36 -38 -39 -40 40 -42 -43 58 -45 -46 -47 -48 -49 -50 -51 51 -53 -54 -55 60 -57 57 -59 -60 -61 -62 62 -64
leaf_value=0.024602823104430026 0.00055955788167477163 0.025883274834289271 -0.0029212357687125688 0.0057456838849611266 0.0010872573318791185 -0.0013280324074486552 0.0035992519233756736 0.0080439770230871788 -0.026899886355709945 -0.01135861621582758 -0.01187252207167472 0.0029313007130660146 0.01792788069625792 -0.0099835047682325772 -0.00073363184562097222 -0.0041862632370059938 0.00026657054745445519 0.0019619058863028778 0.0056200632544913037 0.010378424059324442 5.7885941296659954e-05 0.0009124111247332036 -0.0046261387199531597 0.0011683465466525861 -0.0022054111713181073 -0.0018872537718474783 0.01719783223232383 -0.00080679381325569151 0.0047266917199453168 0.01424832082755669 0.0016664094468129707 -0.016566544313320632 -0.0013372664198227746 7.2753102704199772e-05 -0.0074176899184217144 0.00031192818804029167 -0.0011816728107501904 0.0076438295838119827 -0.00064053631782221715 -0.013280715147941026 0.0014186717573414854 0.0012893815773061818 0.0014770632673996903 0.039607448425941896 -0.0010747978190347612 0.00023739385081420416 -0.006007299652458907 0.013412167977140821 0.0061245555333224481 -0.00089798214591279039 0.00087768656940308666 -0.001186173041545893 -0.0049756426235529998 -0.0019758432160412206 -0.0070842201167658084 0.0012525557293933049 0.010157245044872506 0.0025947852720888389 0.0054871057055135165 -0.00092788644592190894 -0.0022159718731584446 0.0092839112551517979 0.00045584730965383252
leaf_weight=3107.3437957763672 856077.427734375 3760.4263916015625 3481.3728332519531 8809.7528648376465 369124.9619140625 424848.16581726074 7159.0004425048828 4964.8518031835556 3732.4912042617798 7062.4290771484375 6056.9491333961487 26434.774555206299 2929.2504920959473 5032.4453496932983 287483.98779296875 54218.3740234375 275731.84222412109 72259.420700073242 4622.7638864517212 5497.1251945495605 669211.12799072266 864188.39547729492 30144.666748046875 3075.5687217712402 537287.32800292969 23516.53588104248 3917.1655731201172 175530.92126464844 34171.1240234375 2534.0783386230469 17366.239044189453 3280.645149230957 29497.569671630859 624551.65980529785 2884.645348072052 696768.44732666016 243842.63146972656 9784.6294708251953 97604.910018920898 2755.2942047119141 4741.440788269043 708901.76644897461 67374.155731201172 1838.6274871826172 63351.7548828125 472960.68300181627 7154.0558700561523 8067.8513565063477 4023.9216423034668 431310.6064453125 111498.29248046875 126043.33386230469 30190.065940856934 86427.93896484375 10644.900634765625 5599.7064895629883 5417.1751098632812 27570.420593261719 16651.544006347656 329037.57562255859 51943.073608398438 3501.0377502441406 36285.211032509804
leaf_count=979 328318 1364 1115 3989 118317 168652 4317 1884 1221 2544 2171 10187 1057 1654 125890 17082 111252 32946 1561 1548 231767 332306 9316 1076 176641 8623 1292 60843 11132 1077 6827 1273 13698 217394 1047 278351 110103 3306 46013 717 2067 214336 36374 675 21079 146824 2688 2667 1311 150863 47433 43462 10727 34038 2224 2251 1289 6738 8651 114913 14093 1161 12818
internal_value=-2.30421e-06 0.000581384 -0.000627091 0.00594653 0.000511515 -0.00113841 0.00101222 0.00481321 -0.00444943 -0.0028423 -0.00977622 0.00406148 0.0157475 -0.0171985 -0.00100351 3.51029e-05 -0.000855106 0.000896696 -0.00497559 0.0105164 2.14758e-05 0.0010848 -0.000487393 0.00938381 -0.00169245 0.000550071 0.0152623 -0.001913 0.00163294 -0.000634662 0.00327974 -0.0006859 -0.00342799 -0.000611939 0.000608028 0.000313622 -7.52742e-05 0.00486753 0.000466632 0.00139806 -0.00400489 0.0015011 0.00311438 0.0109753 -0.0022206 0.000731635 -0.00932451 0.00940774 0.0115941 -0.000323783 0.000668799 -0.000217445 -0.00619149 -0.000403206 -0.00139539 0.00578642 0.00131296 0.00383803 0.00227202 -0.000267042 -0.00304594 0.00199012 0.00123375
internal_weight=9.11484e+06 4.71241e+06 4.40243e+06 60574.4 4.65184e+06 2.46168e+06 2.26808e+06 66896.4 96364.3 74035 22329.3 50809.1 9765.25 8764.94 2.36531e+06 2.38375e+06 568069 2.20119e+06 13564.4 22145.3 1.94075e+06 1.93783e+06 263361 6004.82 824771 36782.5 11048.4 292337 836096 1.54054e+06 19900.3 1.52064e+06 39932.3 1.48071e+06 7507.41 1.81568e+06 940611 13266 169864 33931.5 7496.73 801925 93023.3 8997.63 93496.4 875073 10434.7 16877.6 7941.09 1.05586e+06 1.10173e+06 237542 37252.5 1.08468e+06 238119 11096.8 402113 32987.6 84025.7 998249 62588 44751.1 39786.2
internal_count=3329532 1721524 1608008 23124 1698400 898972 831284 23244 33969 26315 7654 19627 3497 2875 865003 867116 205494 808040 4779 7381 709036 698686 109354 2133 302531 13044 3582 94242 275485 562472 7904 554568 17659 536909 2608 661622 388454 4421 78959 12971 2784 264353 50017 4992 30395 273168 3961 6656 2603 368257 423201 90895 13271 380718 77160 3799 126344 8027 45025 346680 16317 15863 13979
cat_boundaries=0 2 3 5 7 9 11 13 15 17 19 20 22 24 26 28 30 32 34 35
cat_threshold=2618180248 14 32020048 2418173891 103 2402031720 61 210557985 44 789632412 70 661390424 53 3931934772 16 201597584 1 570430121 1 1414055500 34059447 12 1091412467 31 33625122 1 622331939 81 309526618 16 1075852036 24 3394934826 4 290
is_linear=0
shrinkage=0.03


Tree=13
num_leaves=64
num_cat=19
split_feature=7 5 10 5 2 19 6 0 1 7 10 0 1 1 1 5 0 5 2 8 4 1 1 8 13 1 10 15 1 0 1 12 1 1 10 1 0 1 10 16 4 17 2 2 1 5 12 1 17 15 6 12 4 8 1 0 2 0 0 10 5 1 15
split_gain=3608.05 1699.11 1539.11 1418.27 1113.93 1080.19 850.603 878.802 974.389 761.359 725.886 685.465 703.384 638.794 635.197 594.362 580.139 575.037 1062.43 548.863 584.853 542.088 457.987 614.635 454.152 450.96 838.757 474.578 449.197 424.086 372.336 369.218 366.137 362.769 352.352 349.685 347.577 344.904 306.867 306.608 1463.4 306.504 301.756 287.738 287.728 285.975 282.78 275.672 273.825 271.585 700.806 264.11 262.751 399.829 460.458 433.942 376.722 382.91 360.219 314.943 260.236 258.112 285.426
threshold=-0.054201930761337273 0.276303380727768 2.0446702241897587 -2.2509361505508418 -1.3648050427436826 -1.0000000180025095e-35 0.038077691569924361 658.50000000000011 0 -0.75082522630691517 2.0446702241897587 775.50000000000011 1 2 3 2.0535342693328862 644.50000000000011 -2.2509361505508418 -0.84132790565490712 2.8425709009170537 1.5712455511093142 4 5 3.1577376127243046 -0.38048706948757166 6 -1.5311909317970274 -0.83718565106391896 7 775.50000000000011 8 -0.63220345973968495 9 10 -0.15499237179756162 11 187.50000000000003 12 2.0446702241897587 0.2167661711573601 0.64607051014900219 13 -0.42960354685783381 0.44667378067970281 14 -0.58644592761993397 -0.91319593787193287 15 16 1.2796644568443301 0.2653516978025437 -0.67374533414840687 0.089645657688379302 1.9346206784248354 17 187.50000000000003 -0.53721958398818959 202.50000000000003 745.50000000000011 -1.5311909317970274 1.8151760697364809 18 1.2796644568443301
decision_type=2 2 2 2 2 2 2 2 1 2 2 2 1 1 1 2 2 2 2 2 2 1 1 2 2 1 2 2 1 2 1 2 1 1 2 1 2 1 2 2 2 1 2 2 1 2 2 1 1 2 2 2 2 2 1 2 2 2 2 2 2 1 2
left_child=2 10 5 -4 6 9 7 8 60 17 11 44 -13 -5 -12 -8 37 18 28 25 22 -22 23 24 -21 26 27 -7 -1 45 -31 43 -18 -17 52 -19 -10 -6 -39 40 -25 -15 -14 -29 49 -11 -45 -9 -38 -2 -51 -41 -27 54 55 -54 57 -56 -57 -55 -3 62 -47
right_child=1 4 3 13 16 19 15 47 36 29 14 12 42 41 -16 33 32 35 -20 20 21 -23 -24 39 -26 34 -28 31 -30 30 -32 -33 -34 -35 -36 -37 48 38 -40 51 -42 -43 -44 46 -46 61 -48 -49 -50 50 -52 -53 53 59 56 58 -58 -59 -60 -61 -62 -63 -64
leaf_value=0.019550005518073166 0.00058432525398589711 -0.00094840123134068855 0.02393385925361325 0.00072877547641163689 -0.0012122243256942899 -0.008024504342267336 -0.0055407212115578027 -0.0097189139508582698 0.016323975798635332 0.0013465741466092537 -0.00056300512636540706 0.00012259807934578794 -0.004082890852774375 0.016602304729729064 0.0072797349389516807 -0.0094966635597970011 -0.00098071975652515775 0.00074997259889370688 0.0018343356060825031 -0.020618601187707527 -0.013155056936036986 -0.0027153310630704513 -0.00034767103898523206 -0.026184610305358097 -0.004410889979003553 0.00071044324545643887 -5.3682160002591741e-05 0.002967195454499947 0.0078142950749769211 0.00063917458615313791 -0.0013939101738538312 -0.007975821098111506 -0.0022991333518060588 -0.021137203537997324 5.3421749543500877e-05 0.0019150884644578809 0.011775518632502433 -0.0003275184037641359 0.0050025441236811437 0.00039267899885134743 0.00011951995721528973 0.0065140063805090888 -0.0015865720060644804 -0.010065798149324718 -8.1848487076885952e-05 0.00095841333371238539 -0.00035569608547495021 -0.0038777201714993307 0.0014212760851467104 0.00082544153975297832 0.013397292382279838 -0.0061621939321547629 0.017647963500776361 -0.0067898204991168488 0.017601257010437583 0.0022120036483568662 0.0017043068434043974 0.0043388077552518438 0.012463396611004486 0.00099420037896235649 -0.008752300834674558 0.00011529482201921745 0.006741686744391906
leaf_weight=4795.8238983154297 614503.8915271759 11955.209962844849 3631.111328125 21671.479438781738 594163.81311035156 18284.744598388672 19955.654174804688 10953.942275047302 2956.7159290313721 498702.548828125 15748.170074462891 250274.0078125 53709.40087890625 3119.7862281799316 22672.849456787109 5709.804009437561 353664.5205078125 400474.24395751953 28120.094421386719 3025.9792289733887 6619.9016723632812 13826.319519042969 254876.68495178223 2598.4494094848633 3204.4971961975098 171364.1513671875 391005.8726348877 12512.085636138916 7698.9918365478516 153126.22192382812 172258.29467773438 7141.6532707214355 408753.05554199219 4262.588568687439 330089.95066833496 550721.61663818359 3350.9116401672363 813511.74658203125 9833.9814453125 27749.94766998291 7080.1190490722656 20862.45894241333 231105.95022583008 3978.6141548156738 1284750.0247192383 406187.5397644043 8373.3173789978027 21779.222764015198 7286.1184005737305 15490.496612548828 5370.7935485839844 6904.5622406005859 3324.3021554946899 5711.56201171875 2698.2093591690063 9365.6944198608398 68097.773838043213 7138.0753879547119 4597.2270660400391 25746.7763671875 5665.629150390625 671219.20077514648 7823.6785888671875
leaf_count=1451 191403 4716 1317 8108 212678 10355 5903 4265 1094 173214 5910 101699 17055 1442 8495 1429 144620 158657 10198 1190 2079 4711 82240 1339 870 66511 170089 4245 2688 55691 57779 2829 134669 1437 128923 186346 1225 298160 3889 9376 3271 8781 75633 1468 505804 137845 3332 8141 2526 4384 1214 2331 1244 2051 949 3594 29177 2881 1563 8570 2189 239361 2338
internal_value=4.92429e-06 -0.000564993 0.000630145 0.00590124 -0.00115809 0.000569673 -0.00435778 -0.00240385 0.00119749 0.000899563 -2.41751e-05 -8.82086e-05 -0.00103776 0.00446454 0.00406721 -0.00853168 -0.00102029 0.00157387 0.00506948 -0.000116231 -0.00119407 -0.00610557 -0.000865204 -0.0034729 -0.0122928 0.000212223 -0.000522748 -0.00416945 0.0123467 0.000549287 -0.000437167 -0.00196616 -0.00168761 -0.0145111 0.000728575 0.00142458 0.00722765 -0.000661369 -0.000263823 -0.00223291 -0.00695234 0.00783592 -0.00205731 -0.000238761 0.00017641 0.000751933 -0.00348617 -0.00583778 0.0046995 0.000698613 0.00406453 -0.000914014 0.00147633 0.00251231 0.003481 0.00790897 0.00249702 0.00798395 0.00559048 -0.000419917 -0.0034574 0.000478669 0.00106776
internal_weight=9.11316e+06 4.76743e+06 4.34573e+06 49284.8 2.2738e+06 4.29644e+06 93875.8 63947.8 31214.6 2.90113e+06 2.49363e+06 2.4552e+06 535089 45653.7 38421 29928 2.17993e+06 991811 40614.9 1.39532e+06 325886 20446.2 305440 50563.6 6230.48 1.06943e+06 441296 50290.4 12494.8 1.90932e+06 325385 32005.7 762418 9972.39 628134 951196 13593.7 1.41751e+06 823346 44333.1 9678.57 23982.2 284815 24864 1.92012e+06 1.58393e+06 12351.9 32733.2 10637 635365 20861.3 34654.5 298044 126680 95221.3 17287.2 77934.1 9836.28 13962.9 31458.3 17620.8 1.08523e+06 414011
internal_count=3328942 1738538 1590404 19648 826941 1570756 32925 24156 11750 1025568 911597 897192 194387 18331 14405 8769 794016 359340 14337 545188 107407 6790 100617 18377 2060 437781 192318 22229 4139 666228 113470 11874 279289 2866 245463 345003 4845 514727 302049 16317 4610 10223 92688 9045 702805 552758 4800 12406 3751 197001 5598 11707 116540 50029 39408 6401 33007 3830 5157 10621 6905 379544 140183
cat_boundaries=0 2 4 6 8 9 11 13 15 17 19 21 23 25 26 28 30 31 33 35
cat_threshold=295857217 125 536513624 37 556907875 72 1085292355 25 1660944899 1614823972 80 3197501544 81 2449530924 69 452893768 52 2809037944 53 1075383973 64 3823247710 66 1422446153 68 33556497 33883319 4 3760209734 24 21629472 647 2 2718243104 61
is_linear=0
shrinkage=0.03


Tree=14
num_leaves=64
num_cat=16
split_feature=7 3 3 2 2 3 3 0 1 10 18 0 1 1 10 1 0 1 2 6 1 14 11 0 14 2 7 1 15 11 3 7 19 16 4 10 0 1 1 19 18 19 8 1 19 1 18 2 10 1 3 1 0 1 0 0 2 1 1 14 0 16 10
split_gain=3324.15 2125.73 1810.3 1278.23 1260.19 1008.87 975.889 797.353 854.531 763.474 680.484 773.483 628.582 594.713 517.953 509.328 498.085 481.071 463.351 440.045 418.462 415.064 1545.59 369.536 445.36 379.074 368.307 367.479 384.667 927.223 361.736 331.357 323.268 396.902 320.736 314.548 313.935 312.71 308.626 298.04 294.936 289.732 310.821 390.71 277.977 276.364 264.943 284.981 272.256 262.395 256.409 254.312 238.303 237.927 236.67 250.839 600.975 323.706 241.979 234.464 246.23 275.893 233.032
threshold=1.0000000180025095e-35 -1.7904666066169737 0.49299670755863195 -0.26348733901977534 -1.3648050427436826 1.8029391169548037 0.21928988397121432 803.50000000000011 0 2.0446702241897587 -0.82670938968658436 187.50000000000003 1 2 0.040951244533061988 3 803.50000000000011 4 -0.84132790565490712 -0.49656434357166285 5 -0.16810990124940869 0.63976013660430919 775.50000000000011 0.22192367911338809 -1.3648050427436826 -1.0816150307655332 6 1.2796644568443301 0.58892410993576061 1.5147508978843691 -0.98193383216857899 0.29838812351226812 0.70798438787460338 -0.28588008880615229 2.0446702241897587 658.50000000000011 7 8 1.320500433444977 -0.58510729670524586 0.025464545935392383 0.66989099979400646 9 -0.49763871729373926 10 -0.89262008666992176 -0.95707347989082325 2.0446702241897587 11 -1.7904666066169737 12 515.50000000000011 13 112.50000000000001 157.50000000000003 1.0304943919181826 14 15 1.0573982596397402 277.50000000000006 1.05499804019928 -2.4664380550384517
decision_type=2 2 2 2 2 2 2 2 1 2 2 2 1 1 2 1 2 1 2 2 1 2 2 2 2 2 2 1 2 2 2 2 2 2 2 2 2 1 1 2 2 2 2 1 2 1 2 2 2 1 2 1 2 1 2 2 2 1 1 2 2 2 2
left_child=1 3 7 10 5 36 12 9 18 14 15 -12 21 -11 27 -1 -6 -13 19 -9 -18 22 -3 25 -25 -14 35 28 59 -30 -28 -23 -26 -34 -35 -8 44 -37 -7 -29 50 -27 43 -43 -4 -41 -10 48 -48 -38 -16 -46 62 -5 -42 56 57 -56 -57 60 61 -2 -44
right_child=2 6 4 53 16 38 26 8 46 13 11 17 23 -15 40 -17 20 -19 -20 -21 -22 31 -24 24 32 41 30 39 29 -31 -32 -33 33 34 -36 37 49 -39 -40 45 54 42 52 -45 51 -47 47 -49 -50 -51 -52 -53 -54 -55 55 58 -58 -59 -60 -61 -62 -63 -64
leaf_value=0.025166574555343903 0.0018654797717056737 0.0023261165020986322 -0.0069770170956132563 0.0045245404834391382 -0.0010663188583870408 -0.0049351665200070205 0.00062167186966343953 -0.015445069198194395 0.00059890821095910857 0.00053517663068443073 0.022019861536604415 0.010792779565261496 0.0041810727978275116 0.0082808856591831091 0.0075800567470863545 0.011420264246420508 -0.004345243453299558 -0.00022453310173713856 -0.0023833063317121959 -0.0047997417714738403 -0.0015921498435850483 0.0020491983811830772 0.019422998662321646 0.00058271295683199296 -0.00091837290633561223 0.00089296489037302953 -0.0001931249125446724 1.7342504914303721e-05 0.0012653821167147809 0.018072122024865567 -0.0022055046070805977 0.00088878460625788384 -0.0022576618196141441 -0.0040306115028440632 -0.01592799249290637 0.011645098320470544 -0.0029386772237022249 0.0012890405393034497 -0.015905008783050945 -0.0058939148433146665 0.0012463123656660756 0.0045604007319336674 -0.0065053042612317116 3.9827669662584462e-05 0.0072616137160644318 0.00011727744617348067 -0.0046088530317584904 -0.00064094245705714314 0.0041761055022303262 -0.0092299702829075833 0.00031104274824360177 -0.0014257195200782201 0.00095915366182399992 5.5529102271755778e-05 -0.0043991657014555907 6.1545344255541318e-05 -0.014339363864744862 0.00016098269451215999 -0.0010339083852255011 0.0021062795847017774 0.00011691662923941414 -0.0046762403698190789 -0.000793703903677478
leaf_weight=4049.2998123168945 134799.51953125 69708.123542785645 5014.3983154296875 23685.646514892578 973157.29290771484 3063.4866790771484 325948.666015625 4537.2662191390991 142895.52783203125 18024.886367797852 2651.4277234077454 6150.9799535274506 27078.00244140625 17665.725936889648 4444.73974609375 6239.3525619506836 82388.930236816406 8470.0680615901947 162745.0419921875 15193.624405860901 125292.38232421875 298376.51684570312 5102.7661056518555 190326.54870605469 139992.80261230469 897959.40927124023 1235824.044921875 713539.0750579834 11630.876678466797 3955.6705627441406 85981.021484375 859258.42854905128 22357.401336669922 4080.1247804164886 4081.278204202652 4685.1045341491699 12124.167259216309 5967.5653877258301 9826.6881256103516 15074.365234375 51806.00927734375 26804.335174560547 6603.56201171875 48021.848388671875 4353.1940469741821 12665.64404296875 28758.800048828125 242562.22314453125 3565.005615234375 11808.233394622803 236098.4296875 9910.316554069519 77728.244140625 19589.881622314453 25933.717319488525 258607.71087646484 3745.5425720214844 30456.53991317749 608533.49517822266 98599.59375 382753.58503723145 6058.5910034179688 236775.79663085938
leaf_count=1269 46006 38344 1722 9681 364199 1277 129953 1559 53813 7106 991 2664 10006 6878 1806 2348 28093 2965 52575 4471 50560 92320 1778 87965 40929 334909 457692 278757 3278 968 35461 261122 7805 1185 1048 2039 4469 2232 3125 6329 19264 15914 2547 26870 1833 7209 10659 92017 1403 4064 84775 3299 29681 7840 9904 101033 1567 10593 212674 23201 130212 1551 89664
internal_value=2.42078e-07 0.00056244 -0.000583569 0.00571939 -0.00155969 -0.00595267 0.000482546 -0.000210296 -0.00119703 1.45387e-05 0.0107686 0.00712703 0.000813157 0.00437215 -4.53171e-05 0.0168755 -0.00135096 0.00441971 -0.00290967 -0.00725101 -0.00268469 0.00132784 0.0034935 0.000435979 -0.000414862 0.0006684 -9.8426e-05 0.00035298 0.000880919 0.00553515 -0.000324034 0.00118788 -0.00152835 -0.00432576 -0.00998625 0.000787511 -0.00375451 0.00585916 -0.013317 -0.000101274 -0.000495686 0.000594872 -8.11901e-05 0.00166 -0.000904999 -0.00315186 -0.000448895 -0.000993597 -0.00363946 -0.00604916 0.000445514 0.00123134 -0.000486952 0.00250282 -0.000726923 -0.000837172 -0.00271077 -0.00193717 -0.000707224 0.0007643 0.000511579 0.00158395 -0.000948806
internal_weight=9.11509e+06 4.6435e+06 4.47159e+06 70836.7 1.23694e+06 56100.5 4.57266e+06 3.23465e+06 600257 2.63439e+06 27561.1 17272.5 2.91426e+06 35690.6 2.5987e+06 10288.7 1.18084e+06 14621 182476 19730.9 207681 1.23245e+06 74810.9 1.68181e+06 360838 1.32097e+06 1.65841e+06 1.37908e+06 637798 15586.5 1.32181e+06 1.15763e+06 170512 30518.8 8161.4 336601 43210.3 10652.7 12890.2 741279 1.21963e+06 1.29389e+06 395934 74826.2 19277.9 27740 417782 274886 32323.8 23932.4 240543 14263.5 321108 43275.5 979083 927277 60135.8 56390.3 867141 622211 523612 140858 243379
internal_count=3329471 1697222 1632249 27758 462641 19789 1669464 1169608 216497 953111 10237 6620 1042087 13984 939127 3617 442852 5629 58605 6030 78653 393564 40122 648523 138932 509591 627377 497511 205216 4246 493153 353442 50967 10038 2233 134224 15387 4271 4402 292295 441616 499585 164676 42784 6854 13538 157892 104079 12062 8533 86581 5132 121892 17521 355035 335771 22064 20497 313707 200970 177769 47557 92211
cat_boundaries=0 2 4 6 8 10 12 14 16 18 20 22 24 26 28 30 32
cat_threshold=3221234598 10 202169473 29 1353792579 117 3326664735 2 234655876 1 3892392451 88 34681255 61 3827720893 48 1232341616 8 1627595542 2 2018266624 64 738050073 101 3931406364 54 1275963137 45 928526680 89 2854519194 1
is_linear=0
shrinkage=0.03


Tree=15
num_leaves=64
num_cat=20
split_feature=3 10 7 3 1 3 7 19 19 3 10 0 19 1 0 3 1 1 1 12 1 1 19 1 1 6 14 6 14 8 7 7 0 1 6 1 1 10 19 1 1 16 0 1 1 18 1 19 18 19 14 11 1 14 0 0 1 8 15 19 1 13 10
split_gain=3173.72 2021.61 1562.59 1529.07 1421.08 1133.85 992.713 812.767 713.125 663.88 635.869 613.413 567.362 612.343 554.134 592.743 652.148 532.171 523.651 515.517 452.027 449.639 486.931 485.373 431.341 547.288 430.912 2427.36 410.685 1157.67 404.161 397.559 389.985 616.792 353.481 395.342 343.221 376.485 341.884 320.14 309.499 307.044 301.245 443.854 293.608 286.965 278.614 267.512 266.973 265.421 260.171 309.496 267.134 257.447 251.961 250.564 250.024 255.348 301.226 249.048 372.977 247.65 244.223
threshold=0.31830006837844854 2.0446702241897587 0.02624323591589928 1.8029391169548037 0 -1.7904666066169737 0.2925232350826264 -0.81347149610519398 0.6901068687438966 -1.5114245414733884 -0.063276264816522584 644.50000000000011 -0.65170550346374501 1 942.50000000000011 -1.5114245414733884 2 3 4 -0.66427141427993763 5 6 2.3243991136550908 7 8 -1.7492431998252866 -0.16810990124940869 0.2653516978025437 -0.16810990124940869 1.3327828645706179 -0.63473242521286 2.76854419708252 803.50000000000011 9 -1.125420033931732 10 11 -0.041806276887655251 0.79499089717865001 12 13 0.84782919287681591 775.50000000000011 14 15 -1.2990568876266477 16 0.025464545935392383 -0.47572813928127283 2.3243991136550908 0.25479234755039221 1.9463328719139101 17 0.3748746812343598 745.50000000000011 929.50000000000011 18 5.0616915225982675 -1.4416344165802 0.60009330511093151 19 -0.80947932600975026 -1.8589775562286375
decision_type=2 2 2 2 1 2 2 2 2 2 2 2 2 1 2 2 1 1 1 2 1 1 2 1 1 2 2 2 2 2 2 2 2 1 2 1 1 2 2 1 1 2 2 1 1 2 1 2 2 2 2 2 1 2 2 2 1 2 2 2 1 2 2
left_child=1 2 5 6 9 7 30 18 19 -3 21 -8 13 -5 15 16 -6 41 -1 36 26 28 -23 -24 -14 -26 27 -21 29 -4 -2 59 48 -34 35 -17 54 55 46 -13 -40 49 47 -44 -36 -15 -9 -32 -12 -10 52 62 -19 -30 -7 -38 -49 -58 -59 -27 -61 -51 -52
right_child=3 4 10 12 14 8 11 38 17 -11 32 39 24 45 -16 34 -18 50 -20 20 -22 22 23 -25 25 31 -28 -29 53 -31 42 -33 33 -35 44 -37 37 -39 40 -41 -42 -43 43 -45 -46 -47 -48 56 -50 61 51 -53 -54 -55 -56 -57 57 58 -60 60 -62 -63 -64
leaf_value=0.023624591413043974 0.00046604255888993141 0.029548739516393044 0.0015191484647729325 -0.014332194675374747 0.02268727643484195 0.0004054300288825484 -0.00081388528203431895 0.00092652857212898213 -0.0020450268959709369 0.011356693314781828 0.00043611288380785112 -0.0036782176245618646 -0.00039012662669999244 0.0041495882721855268 -0.0068457245079635957 0.0046598129541172021 0.0047973938625090829 0.0021902914936410751 0.0076542494551860088 0.0017563198320834684 0.00058279518180343666 8.1613191399843829e-05 -0.012633150641785976 -0.00071056516498399904 -0.015867832570024446 -0.0021917465793158939 0.001827384178258626 0.029225513078972067 2.2571629056663585e-05 0.023896723515316215 -1.8797590949633656e-05 -0.014878410690646517 -0.0030620096662481592 -0.00037335503125145766 0.0018120988662531396 -0.0089326667875941467 0.001290652501198425 0.00035757410760854695 0.0068310647543735822 -0.0017826636010706113 -0.0056180505629581778 -0.011624670125168051 1.9002389094050431e-05 -0.0027102978691661886 0.0067065154768238145 -0.0065043187858451314 0.005765586890229343 -0.00013274587802609574 -0.00060187194796557509 -0.015558338677369603 -0.0067819454337214539 0.006517481415813319 -0.0004117755450828182 0.0018893521073673684 -0.00080894242012045589 0.0046316041411512609 -0.0015069484540794782 -0.01464819609343119 -0.0034321412008096459 -0.013122547815521543 -0.0031143152766789283 -0.0026549052570764352 -0.0014189858381904316
leaf_weight=2944.4241704940796 533871.71923828125 2206.5157470703125 8542.7359943389893 9131.0657176971436 3068.2710571289062 628641.1416015625 659525.22802734375 15190.559494018555 38069.376266479492 9923.018798828125 292855.51171875 109944.33251953125 34904.557512283325 2844.700439453125 4362.8044738769531 3486.8965682983398 4579.884521484375 56114.442417144775 5034.5189447402954 18035.862945556641 326635.49203175306 873242.16674804688 5409.0937957763672 7107.4572296142578 3612.6640777587891 43678.824613571167 499874.3251953125 3444.0618591308594 111695.13446235657 2745.9210472106934 798201.78173828125 2805.6685333251953 135750.9296875 176809.720703125 23519.46605682373 4269.3868026733398 624568.05688476562 606089.9450378418 2503.6185436248779 296657.44091796875 6269.1443958282471 3982.7845001220703 94531.34716796875 123932.55102539062 20809.990348815918 11305.667680740356 36422.466873168945 144582.76489257812 935052.02111816406 2702.8282179832458 8737.8550415039062 3966.153564453125 96647.011196136475 164269.88134765625 203558.0048828125 20874.560302734375 158596.41003417969 2796.8914413452148 9356.6892471313477 5231.6653442382812 9348.4517059326172 2652.3991990089417 60749.877258300781
leaf_count=865 210612 912 3261 2752 1227 218243 242709 6283 16099 4593 105586 35736 13416 1155 1342 2074 1739 26210 1905 8552 156800 339715 2270 3909 1802 17848 170524 1221 38062 953 284817 1158 40505 69902 7886 2327 202300 195864 1310 114056 2358 1267 38817 42317 7404 4744 14158 62737 339417 1403 2805 1176 43207 41859 70481 6704 59685 1275 3098 2174 3861 1147 20006
internal_value=2.48169e-06 0.000399752 0.000337941 -0.000786036 0.00525438 0.00077918 -0.000648638 0.004602 0.000697639 0.0146648 -0.000194399 -0.00137891 -0.00406473 -0.00828063 0.00346974 0.00422424 0.0120205 -0.000767062 0.013598 0.000834343 0.00145794 0.000331881 -2.61452e-06 -0.00587662 -0.00307872 -0.00452878 0.00200617 0.00616647 0.00136325 0.00697057 -0.000231369 -0.00385744 -0.000595141 -0.00154123 0.00307842 -0.0028285 0.000580562 0.000894522 0.00341231 -0.00229539 -0.00206201 -0.00365659 -0.000510896 -0.00152945 0.00411215 -0.00435874 0.0043429 -0.000311059 -0.000354312 -0.00292537 -0.000161274 -0.00162842 0.000544208 0.0011338 0.000108387 0.00139874 -0.00105085 -0.00182811 -0.00601824 -0.00332546 -0.00671989 -0.00917581 -0.0020938
internal_weight=9.11828e+06 6.06342e+06 5.98719e+06 3.05486e+06 76226.2 3.27371e+06 2.932e+06 68364.7 3.20534e+06 12129.5 2.71348e+06 1.06613e+06 122863 23281.4 64096.7 59733.9 7648.16 273623 7978.94 2.93172e+06 847990 1.17301e+06 885759 12516.6 99581.8 64677.3 521354 21479.9 287254 11288.7 1.86587e+06 61064.6 1.54047e+06 312561 52085.7 7756.28 2.08373e+06 1.25153e+06 60385.8 406602 8772.76 47407.4 1.332e+06 218464 44329.5 14150.4 51613 1.11353e+06 1.22791e+06 43424.6 226215 73453.9 152761 275965 832199 645443 315333 170750 12153.6 58258.9 14580.1 5355.23 69487.7
internal_count=3330600 2185831 2156327 1144769 29504 1170888 1095859 26879 1144009 5505 985439 392501 48910 8651 23999 22657 2966 113320 2770 1030689 337097 430029 345894 6179 40259 26843 180297 9773 84135 4214 703358 25041 555410 110407 19691 4401 693592 404868 24109 149792 3668 19916 492746 81134 15290 5899 20441 411612 445003 18649 93404 23987 69417 79921 288724 209004 126795 64058 4373 23883 6035 2550 22811
cat_boundaries=0 2 4 6 7 9 11 13 15 17 19 21 23 25 27 29 31 33 35 37 39
cat_threshold=2382626840 2 1187702799 20 1097509892 9 571474468 3489706023 80 1483382432 92 77984 13 1649954307 64 1141418484 13 3221306278 10 26264096 49 4032963536 90 3221238304 88 2525406800 44 536644632 116 1074867271 101 2728397682 74 1091086802 19 3391415423 40 2181121034 18
is_linear=0
shrinkage=0.03


Tree=16
num_leaves=64
num_cat=12
split_feature=5 3 3 2 2 7 7 4 3 2 7 5 17 17 7 3 3 18 18 17 17 17 17 17 15 6 9 9 2 12 11 16 5 17 14 11 4 19 3 2 19 17 4 14 11 4 15 17 2 6 19 19 4 17 17 3 11 5 9 19 19 2 8
split_gain=3238.91 1715.86 1708.62 1591.34 1097.92 1082.04 1052.36 907.01 767.904 618.533 558.037 545.682 470.76 465.29 452.643 438.029 422.053 396.423 380.559 337.727 330.555 308.633 295.317 282.03 268.124 1192.24 257.07 254.547 249.138 229.403 245.535 852.087 226.898 225.939 221.224 307.35 570.273 216.602 211.811 202.186 203.544 273.423 254.17 225.288 302.33 193.103 248.152 191.912 189.673 187.443 187.396 183.879 188.166 336.318 183.73 225.48 175.575 174.962 173.405 172.663 160.942 197.613 156.931
threshold=0.091814380139112486 1.5147508978843691 -1.7904666066169737 -0.95707347989082325 -1.3648050427436826 0.22794684022665027 -0.81874781847000111 -0.13379042595624921 -0.098669108003377901 -1.3648050427436826 -1.0816150307655332 -1.9876974821090696 0 1 0.2925232350826264 -0.76653623580932606 0.45614747703075414 1.312424421310425 -0.89262008666992176 2 3 4 5 6 -1.8659238815307615 0.5757543444633485 -0.23888704180717465 -0.23888704180717465 0.15846636146306994 -0.63220345973968495 0.51916241645812999 -0.073546979576349245 -1.1318895816802976 7 -0.14088202267885205 0.63976013660430919 0.39812865853309637 0.21624313294887546 1.3444420695304873 -1.901797831058502 0.6901068687438966 8 0.37287023663520819 0.22192367911338809 -0.080687671899795518 -1.0004346668720243 0.50043657422065746 9 -1.901797831058502 0.5148199498653413 0.92727679014205944 0.025464545935392383 1.5712455511093142 10 11 0.18708706647157672 -0.47967211902141565 2.0535342693328862 -0.4422019869089126 2.3243991136550908 0.34667599201202398 0.85586482286453258 6.8574993610382089
decision_type=2 2 2 2 2 2 2 2 2 2 2 2 1 1 2 2 2 2 2 1 1 1 1 1 2 2 2 2 2 2 2 2 2 1 2 2 2 2 2 2 2 1 2 2 2 2 2 1 2 2 2 2 2 1 1 2 2 2 2 2 2 2 2
left_child=2 5 3 10 7 15 9 14 27 11 13 54 32 -1 -3 26 22 -16 -12 24 -9 -20 -7 -11 25 56 59 34 45 -21 -31 -32 -10 37 35 -8 -37 -6 51 47 -41 58 49 -44 -45 -5 -47 -36 -18 -43 -30 -14 -53 -54 55 -4 -17 62 -42 -2 -25 -62 -35
right_child=1 4 6 28 33 16 8 20 12 23 18 -13 38 -15 17 19 48 -19 21 29 -22 -23 -24 60 -26 -27 -28 -29 50 30 31 -33 -34 57 39 36 -38 -39 -40 40 41 42 43 44 -46 46 -48 -49 -50 -51 -52 52 53 -55 -56 -57 -58 -59 -60 -61 61 -63 -64
leaf_value=0.027784587145762079 0.00067183627084257329 -0.008061654634658133 0.011026851144850162 0.00037426125240729995 -0.0023547063221001532 3.0069106857881247e-05 0.0012968863455423837 -0.0078331673026709181 0.0011805886568932286 0.0015960228937125457 0.013556647901894163 0.0025678947881486781 -0.0002060208917023788 0.012583391252608428 -0.012837806214145306 -0.0094293499488314649 -0.0054975446544460391 -0.025624015133749289 -0.004117501850162031 -0.00014836854305077957 0.0055535684487773625 0.0095201716916900915 -0.0010167440971716585 0.00083946516160185274 -0.00059784643575390558 -0.023916605119591552 0.0028254446953957465 0.0017921326129290327 0.0018587667857840875 -0.00012367170618119504 0.015527444999974601 0.0012818410960668076 6.9420653160794245e-05 -0.0023282520613828834 0.0072120230368703684 0.00069483776155720024 0.017210242027032883 0.0079690362325646521 -0.001980225965407225 0.00051219427483956744 0.00016869733318459877 -0.0018354635466416823 -0.0020811910668689141 -0.015328396633502146 -0.0043038082553224707 0.0041771059895748149 0.011957489641793405 0.00047494516675134087 -0.0016574530706748457 0.0033515686570497979 -0.0039568445178421608 -0.00089487518319018996 -0.0071751965422191212 0.0012921320750047881 0.013603289092014682 -9.7579848004380267e-05 -0.00082927414773091796 -0.0066676755937516161 0.0061396071420903482 -0.0050648417832380313 0.00017355648467983585 -0.0034074969213469847 -0.0070138577451819718
leaf_weight=2996.80251121521 270609.38488769531 7229.6150705814362 4009.1529445648193 6390.0335540771484 3958.7077369689941 327791.25170898438 168573.13817596436 3024.8575439453125 217655.7236328125 557898.67835998535 5901.0076599121094 28345.4443359375 740337.11549377441 4775.2893161773682 5287.9696731567383 2362.6253204345703 11826.2490234375 3737.5809783935547 2934.9086446762085 851299.00695800781 3642.7306401729584 3014.3386697769165 932688.87475585938 292085.85191345215 805779.09606933594 2375.6164398193359 54574.605712890625 167752.404296875 32318.956825256348 131586.94384765625 3870.0093078613281 152456.53610229492 688729.60880511999 97164.433345794678 7677.6537952423096 4645.9031372070312 3158.1123657226562 3392.2531433105469 89661.9912109375 1296301.6909866333 54933.308471679688 28394.509240984917 12554.056718349457 3429.646656036377 6446.9975838661194 12636.448027610779 5211.8038187026978 7548.1762828826904 539092.8759765625 8041.7652587890625 5891.5008163452148 284771.21575927734 11412.813285827637 6694.6493606567383 6403.6381225585938 2772.1884250640869 21899.848083496094 10696.0810546875 4751.5257016420364 4800.8492431640625 54855.388305664062 18556.318725585938 6886.0130004882812
leaf_count=892 103938 2383 1359 2687 1183 148020 99345 1146 76296 195978 1972 10195 261373 1756 1749 1316 4121 1251 1067 301887 1134 1026 311647 117326 277281 1072 22225 66227 12968 69514 1556 43543 245925 40927 2143 1791 955 1054 36660 425563 21519 11168 5119 1301 2179 5714 1661 2547 197968 2000 2336 112847 3670 3049 2019 1137 9752 4041 1883 2261 24169 9189 2840
internal_value=-7.78823e-06 -0.000611866 0.000521417 0.00481319 -0.003819 -0.000498782 0.000447699 -0.00984271 0.000223749 0.00133276 0.0122645 0.00491407 -0.000173333 0.0185107 -0.0136636 -6.71105e-05 -0.00104727 -0.018144 0.00816172 -0.000236424 -0.000524273 0.00280364 -0.000744526 0.00117166 -0.000695746 -0.00365673 0.000944512 0.000680151 0.00247109 9.92072e-05 0.000831229 0.00163499 0.000336253 -0.00268774 0.000564028 0.00156646 0.007385 0.0024083 -0.000581037 0.000440389 0.000403377 -0.000786453 -0.00223686 -0.00474929 -0.0081379 0.00484992 0.00645174 0.00387843 -0.00173994 -0.000690343 0.000961683 -0.000460777 -0.00108347 -0.00404843 0.00995506 0.00647296 -0.0016685 -0.00301424 0.00064441 0.000571746 0.00052385 -0.000731799 -0.00263867
internal_weight=9.1185e+06 4.25803e+06 4.86047e+06 82071.1 145020 4.11301e+06 4.7784e+06 22922.8 3.81347e+06 964927 19622.3 41530.4 2.03926e+06 7772.09 16255.2 2.30161e+06 1.8114e+06 9025.55 11850.3 1.97163e+06 6667.59 5949.25 1.26048e+06 923396 832417 26638.1 329985 1.77421e+06 62448.7 1.13921e+06 287913 156327 906385 122097 1.60646e+06 176377 7804.02 7350.96 1.13288e+06 1.43008e+06 1.41485e+06 118552 58867 22430.7 9876.64 24238.3 17848.3 15225.8 550919 36436.3 38210.5 1.04322e+06 302879 18107.5 13185 6781.34 24262.5 114747 59684.8 275410 365498 73411.7 104050
internal_count=3330820 1553809 1777011 32079 57708 1496101 1744932 7663 1383560 361372 6713 14710 739820 2648 5383 834345 661756 3000 4065 705921 2280 2093 459667 346662 289421 12140 128424 643740 25366 416500 114613 45099 322221 50045 577513 102091 2746 2237 417599 475422 470732 45169 21767 8599 3480 10062 7375 4690 202089 13168 15304 380939 119566 6719 4515 2496 11068 47808 23402 106199 150684 33358 43767
cat_boundaries=0 1 2 3 4 5 6 7 8 9 10 11 12
cat_threshold=1550887 9486390 25170477 12131996 20722908 40585856 40188970 294913 47213747 51423798 38278464 36789955
is_linear=0
shrinkage=0.03


Tree=17
num_leaves=64
num_cat=17
split_feature=3 10 7 3 1 7 3 0 3 19 0 1 18 19 1 7 4 1 10 4 18 18 12 1 1 1 1 15 4 1 6 1 14 1 0 19 16 10 1 0 10 1 1 15 4 19 1 18 1 16 10 14 19 10 8 13 12 7 19 1 8 13 6
split_gain=2847.96 1719.52 1410.04 1364.95 1182.55 999.683 977.162 845.796 826.172 682.285 654.845 551.679 527.31 513.779 486.801 451.759 418.12 813.622 405.894 405.827 393.449 392.459 392.455 385.151 384.537 367.172 349.234 346.355 711.107 342.172 340.154 333.166 323.339 310.735 310.114 273.111 272.879 271.305 284.932 266.322 259.839 387.875 264.03 253.144 368.831 252.691 326.875 250.294 249.399 247.717 238.39 258.882 268.521 229.755 224.011 460.972 234.653 213.604 200.183 268.274 368.179 599.95 199.36
threshold=0.21928988397121432 2.0446702241897587 -0.02698943484574556 1.8029391169548037 0 -0.48774343729019159 -1.5114245414733884 644.50000000000011 -1.7904666066169737 -0.65170550346374501 731.50000000000011 1 -1.6712154746055601 0.6901068687438966 2 1.7402337193489077 1.8258113861083987 3 0.040951244533061988 -0.13379042595624921 1.4107015132904055 1.145769536495209 -0.66427141427993763 4 5 6 7 1.2796644568443301 0.39812865853309637 8 1.0904705524444582 9 0.47087781131267553 10 172.50000000000003 1.0966395139694216 1.05499804019928 -1.5311909317970274 11 942.50000000000011 0.040951244533061988 12 13 -1.8659238815307615 0.39812865853309637 1.320500433444977 14 -1.5294928550720213 15 0.84782919287681591 -0.32439948618412012 -0.14088202267885205 2.3243991136550908 0.10259702429175378 1.6196998357772829 0.14607918262481692 -0.78217837214469899 -0.48774343729019159 0.05331165902316571 16 5.0616915225982675 -0.76755958795547474 -1.7492431998252866
decision_type=2 2 2 2 1 2 2 2 2 2 2 1 2 2 1 2 2 1 2 2 2 2 2 1 1 1 1 2 2 1 2 1 2 1 2 2 2 2 1 2 2 1 1 2 2 2 1 2 1 2 2 2 2 2 2 2 2 2 2 1 2 2 2
left_child=1 2 6 5 8 48 9 33 -3 12 18 -9 -1 22 -12 30 29 -18 23 20 -17 39 40 27 -23 -24 35 32 -29 49 31 34 -4 53 -5 -11 -31 38 -33 47 41 -8 43 44 -42 -25 -47 -6 -2 50 51 -15 -53 -7 55 -34 -56 -39 -35 60 -60 -62 -59
right_child=3 4 10 15 21 7 13 11 -10 26 14 -13 -14 16 -16 19 17 -19 -20 -21 -22 24 25 45 -26 -27 -28 28 -30 36 -32 37 54 58 -36 -37 -38 57 -40 -41 42 -43 -44 -45 -46 46 -48 -49 -50 -51 -52 52 -54 -55 56 -57 -58 62 59 -61 61 -63 -64
leaf_value=0.015819011363723438 0.0010325926937396774 0.026961075165001229 0.00018444378002998725 0.0064893583272535469 0.01000572276775707 0.00034572250301850588 0.0015122243152355902 -0.0023534011169513026 0.008781427033501002 0.0045792467646202668 0.00014055699922188976 -0.00085202555894553977 0.005312652759958277 0.0031697653809806383 -0.0015037078974156016 -0.0084063928920251954 -0.018975285291587152 0.0013383467358636103 -0.00032438328345694528 -0.0024814547916250825 -0.022505143989142957 0.011748277147754366 0.00023893971371158993 0.00027785430486511364 0.0017674952796520624 0.0018028672215127054 0.00052910537966702339 -0.00092573781731390746 0.016486647872564049 0.00068853953475698777 0.0057999590015349626 -0.016540498061035913 0.0026198878204433665 -0.00056369143015551164 -0.0020378843459021717 -0.0022545758334516241 -0.0042396515469640501 -0.0011536947509351153 -0.0051268751644285128 -0.0074211833381710801 0.0011884761072339589 0.00034479725116666861 0.00072018190398539302 -0.00030117550340319526 -0.012779825913134098 0.00045611402438625059 -0.0060080866822905367 0.00085855624265370443 -6.0924290606052597e-05 -0.0096984994004469874 -0.00013872325503460012 -0.0035917802910696911 -0.012143025364232856 -0.00064655539813393884 2.6028266178619926e-05 0.011536683983749744 0.002586403774449424 -0.012175400684541555 -0.0024714597009024395 -0.00088388688432283747 -0.021882562714566001 -0.00059367157590000926 -0.004354433444275857
leaf_weight=5968.9532470703125 316801.6904296875 2554.0185546875 139789.42321777344 4663.6090698242188 2951.737829208374 518352.42236328125 483394.90441894531 437364.1845703125 18738.426513671875 54795.298233032227 251136.857421875 443836.70581054688 15371.910034179688 4113.6350631713867 456822.845703125 5085.076583981514 3203.9691770076752 3957.9221193790436 900512.3095703125 5093.6110457181931 2746.226432800293 7007.9949798583984 179894.40380859375 714606.31435102224 6905.8781585693359 542859.12536621094 49679.312240600586 4410.8505249023438 4042.2863159179688 146885.17235779762 3690.2215881347656 3202.8856048583984 27467.619064331055 602007.82458496094 21579.333877563477 5819.4869384765625 10854.602910995483 19665.748092651367 5171.8218536376953 3168.9290313720703 3243.854190826416 544861.93499755859 374794.568359375 364905.48449707031 3570.896053314209 14817.389190673828 13401.386932373047 30116.104776382446 460625.50036621094 3731.1130981445312 36320.808555364609 20726.521713256836 3929.0748291015625 353039.8046875 52815.068267822266 6438.1485137939453 82591.152923583984 3115.2095336914062 78681.026550292969 169588.8974609375 2338.2203941345215 2424.2540321350098 49501.607879638672
leaf_count=1941 115162 1008 51670 1889 1097 174054 149736 143494 7659 19439 112542 177918 5843 2535 144874 1936 935 1657 330438 1883 993 2640 86558 271655 3011 200088 23109 1255 1249 61038 731 978 9352 230846 9226 2119 2430 8101 2350 960 1380 190752 145501 101316 1283 7135 5924 11323 185615 1239 16327 8598 1760 117045 11332 1317 23360 1409 40688 67417 1179 882 19667
internal_value=-2.27451e-06 0.000417422 0.000357694 -0.000672527 0.00504169 -0.000559495 0.000820146 -0.000840992 0.0109627 0.00334473 -0.000138379 -0.00159724 0.00825426 0.000698466 -0.000920455 -0.00377015 -0.000646557 -0.00778074 0.000143983 -0.00907646 -0.0133616 0.00252426 0.000824336 0.000541736 0.00680664 0.00141364 0.00239445 0.00141617 0.00740568 -0.00042087 -0.00314961 -0.00345881 0.0012523 -0.000454985 -0.00052137 0.00392237 0.000349268 -0.00441384 -0.00952511 0.000879942 0.000584348 0.00089364 0.000158322 -0.000408194 -0.00613485 0.000167891 -0.00261629 0.00167645 0.0003847 -0.00218568 -0.00175465 -0.00379435 -0.00495668 -5.62942e-05 0.00213392 0.00431449 0.00158777 -0.00382164 -0.000861286 -0.00156932 -0.0029618 -0.0110578 -0.00481859
internal_weight=9.11175e+06 5.60318e+06 5.53173e+06 3.50858e+06 71443.1 3.38506e+06 2.86288e+06 2.60763e+06 21292.4 131635 2.66885e+06 881201 21340.9 2.73125e+06 707960 123515 233723 7161.89 1.96089e+06 12924.9 7831.3 50150.6 2.49753e+06 1.06038e+06 13913.9 722754 110294 317555 8453.14 226561 110590 106900 309101 1.72643e+06 26242.9 60614.8 157740 80657.3 8374.71 36236.8 1.77477e+06 1.02826e+06 746515 371720 6814.75 742825 28218.8 33067.8 777427 68821.2 65090 28769.2 24655.6 871392 169312 33905.8 135406 72282.6 855040 253032 83443.5 4762.47 52616.8
internal_count=3328848 2025385 1997687 1303463 27698 1254300 1025584 953523 8667 52451 972103 321412 7784 973133 257416 49163 96519 2592 714687 4812 2929 19031 876614 384249 5651 286646 44667 99535 2504 93927 44351 43620 97031 632111 11115 21558 63468 32505 3328 13380 589968 340488 249480 103979 2663 284714 13059 12420 300777 30459 29220 12893 10358 291099 45361 10669 34692 29177 341012 110166 42749 2061 21076
cat_boundaries=0 2 4 6 7 9 11 13 15 17 19 21 23 25 27 29 31 33
cat_threshold=2387493016 10 3758128038 90 262521880 53 1644232839 33566884 29 547400740 81 2744394062 34 2349841537 33 644875812 72 2148534644 108 570898495 46 9007235 16 211637287 37 1208041399 26 3247669594 2 1242352696 44 2492465664 17
is_linear=0
shrinkage=0.03


Tree=18
num_leaves=64
num_cat=15
split_feature=7 3 3 3 0 2 2 1 10 1 10 1 10 2 6 1 9 0 4 10 1 1 0 6 13 1 1 4 11 0 2 0 16 2 17 14 15 9 3 0 0 1 9 10 11 14 7 0 17 4 1 10 10 6 1 4 10 0 14 0 1 1 10
split_gain=2868.94 2109.16 1616.14 1243.62 1127.61 1111.16 1067.94 941.945 824.061 758.568 749.362 739.882 678.913 633.486 514.043 506.575 482.835 481.027 467.465 465.833 437.793 362.93 467.397 348.209 346.849 342.465 320.096 308.724 383.19 562.254 300.112 296.562 322.429 305.21 402.045 286.574 321.514 1453.29 285.945 282.324 277.234 336.789 515.11 256.363 252.506 262.355 250.736 245.664 398.116 237.35 234.593 234.468 230.61 343.089 263.255 328.147 233.498 245.668 229.144 224.292 224.623 223.832 247.481
threshold=-0.53390479087829579 0.57078379392623912 -1.7904666066169737 1.8029391169548037 775.50000000000011 -1.3648050427436826 -0.84132790565490712 0 2.0446702241897587 1 2.0446702241897587 2 0.10259702429175378 -0.74895048141479481 -0.49656434357166285 3 -0.23888704180717465 789.50000000000011 -0.13379042595624921 0.99966230988502514 4 5 929.50000000000011 -2.1526650190353389 1.1729706525802615 6 7 -0.97329071164131153 1.757744371891022 471.50000000000006 -0.84132790565490712 775.50000000000011 0.94121596217155468 -0.84132790565490712 8 0.22192367911338809 -1.8659238815307615 -0.32699543237686152 -1.2063708901405332 187.50000000000003 187.50000000000003 9 -0.78595551848411549 0.10259702429175378 1.2220083475112917 1.0573982596397402 -2.7041386365890498 929.50000000000011 10 1.3573725223541262 11 -1.1542026996612547 -1.1542026996612547 1.0904705524444582 12 1.0000000180025095e-35 0.061080347746610648 202.50000000000003 0.29865437746047979 486.50000000000006 13 14 1.5670744776725771
decision_type=2 2 2 2 2 2 2 1 2 1 2 1 2 2 2 1 2 2 2 2 1 1 2 2 2 1 1 2 2 2 2 2 2 2 1 2 2 2 2 2 2 1 2 2 2 2 2 2 1 2 1 2 2 2 1 2 2 2 2 2 1 1 2
left_child=2 4 6 17 8 18 11 13 12 38 21 -1 16 14 19 46 25 43 -5 -6 30 22 -4 -7 -15 40 -14 28 -27 -30 -19 33 -33 34 39 -29 37 51 -10 -23 41 42 -2 -3 45 -43 -12 -9 -49 -24 -25 -37 53 54 -35 -56 -54 -58 -46 -13 -61 62 -45
right_child=1 3 10 5 7 23 -8 47 9 -11 15 59 26 24 -16 -17 -18 20 -20 -21 -22 31 49 50 -26 27 -28 35 29 -31 -32 32 -34 52 -36 36 -38 -39 -40 -41 -42 44 -44 61 58 -47 -48 48 -50 -51 -52 -53 56 -55 55 -57 57 -59 -60 60 -62 -63 -64
leaf_value=0.024220738200034338 0.011726535688056363 -0.00042554489037265189 0.001116004469376109 -0.014315876141391123 -0.0051673744132132446 -0.014109306005946958 0.0033372719360875527 -0.00046720167974124939 0.017937527555803714 0.0014120652353274362 0.016736748651585254 0.015628495283613125 0.00024428376912330642 -0.0015071297946038602 -0.0038832615297240748 0.0018669218355347604 0.0017555879474414754 -0.0074497484673890961 -0.0019255489394464859 -0.019706061515274126 -0.00095627090192467248 0.014884546335194624 0.0037959130873305318 0.0022625243287210557 -0.010775054818302276 0.00063333824903104405 -0.00062896259609323017 0.00019173429019564753 -0.00043408637859946545 0.012076273614015946 -0.0028956843605019481 1.1451896263217833e-05 -0.0030314269966843434 -0.003641477397231641 0.0012878558905359109 -0.010053161017422303 -0.00062622512492198118 -0.023174597216454231 0.0076674559800375677 0.0046846730717044092 0.0005123343172616341 0.0010985590634720929 0.0026424552130918282 -0.00090284759961517492 0.0013032113845684082 -0.0041463705511638254 0.0073551636506816219 -0.0012876045046743409 0.0022113815948427633 0.011955060052876812 -0.0033035667483052472 -0.0007111297368655161 0.0011598650270901356 0.0074988770538892639 -0.0025290633069080123 0.0019220774146354906 -0.0012884304388362845 0.00057365377631687345 0.0090656438052518096 0.00018679987985221249 0.011387193933474139 -0.0018808743104230987 0.0028131397710416529
leaf_weight=4180.1560211181641 6985.2410011291504 703256.15057373047 737489.97581481934 12969.532377958298 4050.4685587882996 2499.742151260376 25588.560180664062 521787.314453125 3065.9113159179688 28089.759948730469 3295.31640625 3154.0536508560181 587973.904296875 366706.04856872559 36787.726967334747 17175.409927368164 236416.28685420752 14546.3212890625 3476.4891064167023 3890.8572082519531 131309.46533203125 2831.2946624755859 33054.486328125 7581.8248825073242 3665.8029937744141 244680.19680786133 1056793.181640625 526684.01263427734 6353.9149780273438 6577.3110961914062 124283.09020996094 304564.20581054688 34930.60888671875 28297.679559707642 66386.003723144531 2672.622209072113 383805.44784545898 3128.9666976928711 11977.859985351562 17670.057693481445 970037.150390625 107159.88220214844 28643.670497894287 228813.99267578125 7229.3165664672852 9325.7046813964844 11588.215072631836 44857.649536132812 84150.664916992188 3550.673828125 66765.7317943573 24941.535604953766 472461.56288146973 4214.94384765625 27669.000542163849 32304.274182796478 82769.545227050781 277680.46044921875 6498.171745300293 3191.9955139160156 3251.8479146957397 280183.20257568359 17348.484375
leaf_count=1300 2282 267050 252721 4425 1581 1086 10435 203555 1113 11429 1286 1068 212283 113738 10445 7103 93597 4637 1177 1192 56370 1117 11364 2278 820 99756 384727 243069 1029 1044 41638 122250 8440 13496 24562 1196 108696 1195 4448 7014 302440 35834 8395 92754 1882 1882 4436 15896 34580 1162 28103 10643 180608 936 10496 11994 32228 109471 1347 1195 1200 97069 7389
internal_value=-3.55438e-06 -0.000303507 0.000940814 -0.00126121 -1.69957e-05 -0.00462187 0.00696423 -0.000889647 0.000201401 0.00432672 0.000830915 0.0136966 0.000159189 -0.00200628 -0.00537854 0.00538298 0.000463678 -0.00105214 -0.0116981 -0.0122985 -0.0021984 0.000762256 0.00128024 -0.00310683 -0.001599 0.000332855 -0.000316796 -2.0817e-05 0.000899391 0.00593136 -0.00337286 0.000465616 -0.00030167 0.000722949 0.00242293 -0.000272678 -0.000862709 -0.00381445 0.00975927 0.00609362 0.000706124 0.00183962 0.00442359 -0.000800303 0.00113203 0.000678496 0.0094309 -0.000177376 0.000994813 0.00458887 -0.00273597 -0.00161695 0.000563322 -0.000857852 -0.00125729 -0.000131499 0.000721133 0.000146054 0.00497967 0.00906808 0.00586141 -0.00130101 -0.000640883
internal_weight=9.11527e+06 6.91797e+06 2.1973e+06 1.59303e+06 5.32494e+06 93293.3 39366.6 1.0659e+06 4.25904e+06 43133.5 2.15793e+06 13778.1 4.21591e+06 415101 44729.1 32058.9 2.57114e+06 1.49974e+06 16446 7941.33 270139 2.12587e+06 774095 76847.3 370372 2.33472e+06 1.64477e+06 1.19884e+06 257611 12931.2 138829 1.35178e+06 339495 1.01228e+06 86887.4 941233 414549 30743.1 15043.8 20501.4 1.13588e+06 165842 35628.9 1.2296e+06 130213 116486 14883.5 650796 129008 36605.2 74347.6 27614.2 925397 92485.9 88271 59973.3 832912 360450 13727.5 9597.9 6443.84 526346 246162
internal_count=3329952 2514070 815882 603976 1910094 37069 15198 381807 1528287 16990 800684 4763 1511297 127776 13218 12825 914287 566907 5602 2773 102645 787859 265247 31467 114558 820690 597010 466628 101829 2073 46275 522612 130690 391922 32693 364799 121730 13034 5561 8131 354062 51622 10677 464262 40945 37716 5722 254031 50476 12526 30381 11839 359229 36922 35986 22490 322307 141699 3229 3463 2395 197212 100143
cat_boundaries=0 2 4 5 7 9 11 13 15 16 18 19 21 22 24 26
cat_threshold=3221300135 10 3456508604 10 2487918632 2383299257 54 3758322339 75 135060488 60 35072295 37 2852507778 15 17465744 5 4 10356801 526384 100 3828351200 1611730880 60 3812517082 34
is_linear=0
shrinkage=0.03


Tree=19
num_leaves=64
num_cat=19
split_feature=5 10 7 2 2 1 2 18 0 19 0 19 1 1 18 1 8 1 11 8 1 0 18 5 0 1 1 0 0 1 14 19 1 10 1 0 8 1 1 1 1 13 5 10 0 9 1 1 8 14 5 8 1 5 9 19 1 10 10 10 8 14 11
split_gain=3064.48 1857.91 1685.24 1222.51 955.884 729.809 728.206 1078.09 1244.16 709.82 690.369 702.175 721.675 652.439 650.728 641.314 579.669 724.297 1986.32 931.936 546.858 546.786 535.145 471.861 563.342 454.734 450.189 450.01 443.419 413.48 406.381 391.152 380.875 388.43 591.539 363.916 341.593 322.906 310.769 309.728 308.895 298.254 292.389 290.915 289.507 283.638 634.632 300.809 314.44 555.455 283.151 270.081 302.404 257.117 255.66 269.866 281.392 321.378 255.347 254.831 254.363 254.318 2352.66
threshold=-0.58644592761993397 2.0446702241897587 0.39938059449195867 -1.901797831058502 -1.3648050427436826 0 -1.3648050427436826 -1.6712154746055601 172.50000000000003 0.05331165902316571 789.50000000000011 -0.46286740899085993 1 2 -0.76156345009803761 3 2.8425709009170537 4 -0.53948548436164845 3.1577376127243046 5 442.50000000000006 1.6733871102333071 1.6610938906669619 515.50000000000011 6 7 616.50000000000011 789.50000000000011 8 1.1931485533714297 -0.072470352053642259 9 -1.5311909317970274 10 760.50000000000011 0.31178255379199987 11 12 13 14 1.2713049650192263 -1.819243788719177 -2.4664380550384517 929.50000000000011 -0.49335202574729914 15 16 1.5127465128898623 0.23951256275177005 2.0535342693328862 1.1615628600120547 17 -1.819243788719177 -0.16046284139156339 0.60009330511093151 18 -1.5311909317970274 -1.1542026996612547 2.0446702241897587 2.2439718246459965 -0.16810990124940869 0.58892410993576061
decision_type=2 2 2 2 2 1 2 2 2 2 2 2 1 1 2 1 2 1 2 2 1 2 2 2 2 1 1 2 2 1 2 2 1 2 1 2 2 1 1 1 1 2 2 2 2 2 1 1 2 2 2 2 1 2 2 2 1 2 2 2 2 2 2
left_child=1 6 9 20 10 53 7 15 22 21 11 14 -13 54 -4 -1 32 18 -18 -20 -3 26 -9 -16 -25 -12 61 38 31 -23 -30 -15 36 34 -34 -10 43 -29 59 -19 -37 -41 -17 -11 -35 47 -47 -36 49 -49 -14 52 -33 -5 55 -8 57 -57 -28 -6 -42 62 -2
right_child=2 3 4 5 27 -7 13 8 35 16 25 12 50 28 23 42 17 39 19 -21 -22 29 -24 24 -26 -27 58 37 30 -31 -32 51 33 44 45 40 -38 -39 -40 41 60 -43 -44 -45 -46 46 -48 48 -50 -51 -52 -53 -54 -55 -56 56 -58 -59 -60 -61 -62 -63 -64
leaf_value=0.0029913392431579968 0.00072632023159931755 0.0095673436445393584 0.0021084585260108409 0.018009962673113264 -0.00011807559952290261 0.0020180580417756997 0.001194881372971187 0.0042783607277743366 0.0025156016771265715 0.01165452304147211 -0.012198169054312841 0.0036543512448834383 -0.0024500336793545499 0.00091955702452090136 -0.0048550489232570878 0.018470431275416074 -0.02646866873283827 -0.00018813160054262886 -0.016903617136317283 -0.0012049225994358714 0.027996158194684373 -0.00066216991144822386 0.021064654593176912 -0.024853671271506488 -0.0082450717997249647 -0.0046027551857142704 -0.002588440855626691 -0.00064400412551555823 -0.00037979070792631384 0.0002451360489380387 -0.003476757324054074 0.0043618329153115752 -0.008150184026678671 -0.00060264668978514218 -0.005227635417818734 0.0035516365447590937 0.00019752552681546529 -0.00193513276182534 -0.0010337655115106161 -0.0019537900510795698 -0.0014550335639955841 -0.0092429716872850856 0.0076982882316992711 0.0023891627058258836 0.002567738213278064 0.010258625294286158 -0.0074026305171601397 -0.000791558989133669 -0.005106128109476896 0.012349102977304061 -0.011368808193820426 -0.00072955988762094339 0.00016444196752889479 0.0082905920903925488 0.0046748695677506979 -0.0062684453768275649 0.0010265667800900353 -0.00068026303258834323 0.00030734124704499968 0.004963881370122959 -0.0082754929814523731 0.0012202855334174161 0.032029999988077158
leaf_weight=6882.6063117980957 16955.764572143555 2712.0273027420044 5343.5711975097656 3342.615234375 519608.49826049805 25119.830883026123 1178931.2965698242 2975.1181832551956 43999.400840640068 3313.336181640625 12543.078399658203 22006.740203857422 18164.755249023438 645086.14840698242 7741.5729370117188 6792.6639404296875 3768.5583190917969 126677.25659179688 3931.7651214599609 25122.906898498535 3209.2646894454956 749767.09375 4022.0599060058594 3233.4917163848877 4268.3522167205811 16432.972747802734 28608.9580078125 263459.4052734375 278579.39840698242 1138411.4345703125 44176.193359375 20611.08349609375 14868.619995117188 516555.89782714844 18128.590759277344 7836.9329223632812 264220.30151367188 515555.67126464844 587574.44473266602 140829.12885284424 18577.399562358856 5235.5599975585938 3419.5595817565918 37783.687622070312 27287.21142578125 5046.5315208435059 2857.0624122619629 12448.061723709106 7669.5298767089844 3767.1964855194092 3885.98486328125 291009.86352539062 61552.191589355469 9214.492359161377 17807.505493164062 11774.27978515625 66280.258605957031 43353.462890625 649058.06405174732 9029.830078125 6691.0336537361145 520945.81829833984 2471.4034576416016
leaf_count=2452 9530 1058 1755 1237 195153 9088 417419 1182 15069 1502 3638 7399 6958 228095 2742 2107 2018 46604 1333 9294 1154 253049 1407 1090 1445 6733 10518 117094 108297 415414 10828 11519 8483 223698 8655 2995 97933 171909 214694 41687 6643 1097 1078 18732 11662 2099 1540 4861 1995 962 1433 102326 31772 3832 6883 4213 29192 15218 226186 3568 1941 178061 818
internal_value=-2.08666e-06 0.000823235 -0.000368567 0.00696752 -0.00109135 0.00497451 0.000726178 0.0032239 0.00182758 -3.6251e-05 -0.00405043 -0.00232535 -0.000187851 0.000631119 -0.00689857 0.0100909 -0.000649572 -0.00178073 -0.00599009 -0.00333186 0.0196341 0.000204541 0.0139355 -0.0100556 -0.0154156 -0.00789797 0.00070011 -0.000945167 0.000165221 -0.000115144 -0.000803726 0.00047235 -0.000271378 -0.000705133 -0.00290088 0.000727972 0.000593282 -0.00149852 -0.000558973 -0.00127378 -0.00164794 -0.00221522 0.0148544 0.00313748 -0.000443551 -0.00133473 0.00387724 -0.00231587 -0.000102981 0.0022642 -0.00402218 -0.000300717 0.00121813 0.0108753 0.00110509 0.00105619 -0.000290549 -0.00187392 0.00018507 -3.12224e-05 -0.00326107 0.00134597 0.0047158
internal_weight=9.11853e+06 2.80396e+06 6.31458e+06 43598.2 1.98885e+06 37676.9 2.76036e+06 101197 84101.9 4.32573e+06 93620.5 64644.5 44057.5 2.65916e+06 20587 17094.8 1.21951e+06 305565 32823.2 29054.7 5921.29 3.10622e+06 6997.18 15243.4 7501.84 28976.1 1.21804e+06 1.89523e+06 1.34101e+06 1.88818e+06 322756 1.01826e+06 913946 608629 64785.6 77104.8 305317 779015 1.11621e+06 272742 33105.4 146065 10212.2 41097 543843 49917 7903.59 42013.4 23884.8 16215.3 22050.7 373173 82163.3 12557.1 1.31815e+06 1.30034e+06 121408 55127.7 677667 528638 25268.4 540373 19427.2
internal_count=3330347 1017005 2313342 16369 735611 14157 1000636 34874 29237 1577731 33193 22822 15790 965762 7032 5637 484155 102033 12645 10627 2212 1093576 2589 5277 2535 10371 425113 702418 492837 668463 119125 373712 382122 263955 28595 26648 118167 289003 413415 89388 11579 42784 3185 20234 235360 20112 3639 16473 7818 5823 8391 145617 43291 5069 472925 466042 48623 19431 236704 198721 8584 188409 10348
cat_boundaries=0 2 4 6 8 10 12 14 16 18 20 22 24 26 28 30 32 34 35 36
cat_threshold=2651111576 70 4014901308 16 484297877 36 749798615 81 1073758724 64 389168467 64 3762826146 15 2735020832 63 3233948566 74 1124676252 10 2890137664 16 656983128 37 1781870782 51 2283708697 9 2822019072 12 3309827 4 11568386 36 1090527490 202983552
is_linear=0
shrinkage=0.03


Tree=20
num_leaves=64
num_cat=19
split_feature=5 10 3 2 7 2 3 2 1 1 1 5 9 1 1 1 19 19 1 10 1 14 9 1 11 19 1 10 1 3 5 7 1 1 5 1 9 11 19 14 11 10 1 19 14 3 9 1 10 19 1 3 1 3 3 19 16 10 1 9 7 19 2
split_gain=3132.97 1774.18 1714.65 1183.37 1132.47 1095.26 730.709 1156.82 675.647 637.16 532.109 512.005 494.345 469.084 461.877 383.881 354.783 354.644 400.18 327.861 344.639 345.107 790.6 323.068 341.453 321.879 331.709 328.481 296.453 294.336 281.627 281.371 280.672 266.663 268.88 254.129 251.196 2010.32 232.126 231.236 2334.51 225.127 415.849 217.207 283.263 215.931 210.974 1932.16 221.695 210.924 554.671 235.85 209.792 208.699 205.719 205.432 333.747 204.167 293.382 199.348 189.908 187.706 284.385
threshold=-0.58644592761993397 2.0446702241897587 0.90504136681556713 -1.901797831058502 -0.02698943484574556 -1.901797831058502 -1.2063708901405332 -1.1162397265434263 0 1 2 -2.2509361505508418 -0.16046284139156339 3 4 5 0.05331165902316571 0.60009330511093151 6 -0.13103542476892469 7 -0.16810990124940869 -0.78595551848411549 8 0.63976013660430919 0.6901068687438966 9 -2.4664380550384517 10 1.8029391169548037 1.2659193277359011 0.19725037366151812 11 12 1.8151760697364809 13 -0.78595551848411549 0.63976013660430919 1.320500433444977 -0.16810990124940869 0.63976013660430919 2.0446702241897587 14 -0.094954181462526308 0.40836358070373541 -1.1057249307632444 -0.29193235933780665 15 0.24360137432813647 2.3243991136550908 16 -0.66694861650466908 17 -0.41593438386917109 -0.49398952722549433 0.11274404823780061 0.43152049183845526 -0.83188164234161366 18 -0.6626620590686797 0.57200080156326305 2.3243991136550908 0.26829253137111669
decision_type=2 2 2 2 2 2 2 2 1 1 1 2 2 1 1 1 2 2 1 2 1 2 2 1 2 2 1 2 1 2 2 2 1 1 2 1 2 2 2 2 2 2 1 2 2 2 2 1 2 2 1 2 1 2 2 2 2 2 1 2 2 2 2
left_child=1 6 4 10 12 14 7 11 53 38 -3 15 16 36 -4 -1 28 32 -19 20 21 22 -10 24 -21 -22 27 -27 39 60 46 -16 -9 34 -31 -13 37 55 -5 40 -2 49 -43 -25 -45 -38 48 -48 61 -18 -51 -52 -11 -8 -14 -6 -57 58 -34 -17 -7 -15 -63
right_child=2 3 5 9 13 29 8 17 19 52 -12 35 54 30 31 59 41 18 -20 23 25 -23 -24 43 -26 26 -28 -29 -30 33 -32 -33 57 -35 -36 -37 45 -39 -40 -41 -42 42 -44 44 -46 -47 47 -49 -50 50 51 -53 -54 -55 -56 56 -58 -59 -60 -61 -62 62 -64
leaf_value=0.0052093709619477581 0.0013207494634646039 0.028237535894919015 -0.0032130368800217845 0.0085698022617389305 0.00094268161787791518 -0.00095424077979602883 0.00063445493092375476 0.00040258347395321948 0.020038167874881267 -0.0037140961228390836 0.010247031974970174 0.009058371280726743 0.003089720433970908 -0.00034686914570792508 -0.006468899367102824 0.021109650489910793 -0.0003847092028539609 -0.00540915664767469 0.0015894194166233906 0.0015003395015800495 0.0011418005397012155 0.0019540943459058612 0.0030563502109754778 0.00066463758788554736 0.013563557290888199 -0.012358089756576648 0.00051606405569840628 -0.0025221942455278287 2.3807859738140361e-05 -0.0046456292362688049 -0.0017545766112122701 -0.014834742544298646 0.0099233255064605074 -0.002498829599416707 -0.015160906892150341 0.0011259513758531731 0.00092325128675174858 0.019106932657226353 0.018939350004159809 0.00069980815569565104 0.031072667561843959 0.012847616612530187 0.00072108407713218181 -1.498283831705869e-05 -0.00275971932962478 -0.00045020125841186808 -0.028269874856635499 -0.00075192049136490623 -0.0012129151636668337 0.00091200593588350201 -0.015556864455052546 -0.0055652722526447276 0.0035304526438399595 -0.00046036937075919805 0.00094912475464498406 0.00017220825305178181 -0.0052109136286837858 0.0024198840436773731 0.0025097178086616223 0.011600572517581368 -0.0020863149395363035 0.00078405870904624546 -0.010302453663281219
leaf_weight=4019.4648742675781 47660.155853271484 2959.5838565826416 11662.226928710938 8379.8663921356201 135964.92363929749 482700.20764160156 220345.1455078125 55294.614967346191 3128.6192169189453 4263.7523918151855 3043.5367488861084 6322.2870907783508 72174.89501953125 850068.2297668457 6390.5743408203125 4239.2217175960541 620478.10949707031 12834.238723754883 17181.815383911133 190828.5055847168 497796.51147460938 273708.53950500488 11616.612762451172 457390.85978317261 2130.4966125488281 3856.986328125 30548.70849609375 14658.476318359375 830936.73291015625 7986.3917236328125 292954.482421875 8375.03857421875 8655.9911499023438 69518.317993164062 3013.857666015625 8553.2216982841492 113303.47705078125 5266.6160888671875 2533.355712890625 763335.6819152832 2493.0423583984375 3149.5725860595703 13029.06413269043 251713.37965774536 39091.087799072266 1134865.8930664062 2522.6412963867188 24185.812280893326 449942.13208007812 12595.757526397705 2997.6022491455078 7322.1579246520996 22689.553335189819 542499.20101928711 91805.19775390625 39045.077215194702 14106.763916015625 88929.185264587402 10835.228546142578 3775.4520800113678 184282.25427246094 4080.821044921875 4245.8047790527344
leaf_count=1436 29361 1062 3799 3439 48851 192991 91834 23868 1265 1702 1187 2295 31008 288542 2335 1160 238900 4274 8358 96715 180884 75643 4230 126482 584 1843 12580 6896 273356 3158 98703 3049 3014 28492 978 2954 47752 1346 1146 264711 722 1657 5002 79588 8457 430846 1199 10836 157208 5714 1411 3305 7919 227534 39004 18825 3761 33325 4165 1205 72542 1831 1810
internal_value=7.20417e-06 0.00084168 -0.000363448 0.00682702 -0.000178621 -0.00168613 0.000746531 0.0024025 0.000602639 0.00486374 0.0191967 0.00823044 0.00029987 -0.000563212 -0.00768769 0.0128304 0.000186597 0.0015928 -0.0014047 0.000923308 0.00135592 0.00219495 0.0066651 0.000539353 0.0016338 0.000913282 -0.00140492 -0.00457144 0.000422365 -0.00147389 -0.000912251 -0.0112098 0.0021424 -0.00318721 -0.00752536 0.00450609 -0.000169294 0.000833848 0.0109745 0.000829457 0.00280262 -0.000401212 0.00309344 0.000257062 -0.000383982 -0.000325522 -0.000727417 -0.00336669 -0.000673526 -0.000489111 -0.00331527 -0.00846548 0.00238301 -0.000144129 0.00189136 0.000324478 -0.00125685 0.00302933 0.00581016 0.0166195 -0.00126704 -0.00039079 -0.00487182
internal_weight=9.11628e+06 2.80382e+06 6.31246e+06 43869.6 5.53853e+06 773929 2.75995e+06 220641 2.53931e+06 37866.5 6003.12 26909.6 2.46798e+06 3.07055e+06 26427.8 12034.1 2.304e+06 193731 30016.1 1.77647e+06 835314 288454 14745.2 941154 192959 546861 49064.2 18515.5 1.64443e+06 747501 1.628e+06 14765.6 163715 80518.6 11000.2 14875.5 1.44255e+06 194383 10913.2 813489 50153.2 659572 16178.6 748195 290804 1.24817e+06 1.33505e+06 26708.5 1.30834e+06 643394 22915.5 10319.8 26953.3 762844 163980 189117 53151.8 108420 19491.2 8014.67 666982 858395 8326.63
internal_count=3330049 1017044 2313005 16455 2005661 307344 1000589 86054 914535 14206 2249 9050 894151 1111510 9183 3801 824139 77004 12632 595167 283341 81138 5495 311826 97299 202203 21319 8739 568150 298161 560129 5384 64372 32628 4136 5249 551381 72783 4585 294794 30083 255989 6659 214527 88045 478598 461426 12035 449391 249330 10430 4716 9621 319368 70012 71437 22586 40504 7179 2365 265533 292183 3641
cat_boundaries=0 2 4 6 8 10 12 14 16 18 20 22 24 26 28 30 31 33 35 37
cat_threshold=3776983872 27 2617557656 68 4173889572 55 732238010 63 1868369008 4 702619456 14 1482182835 64 68739 4 72663056 4 236191776 32 3207383336 45 836898430 68 33702922 16 216985729 3 2265203352 3 1073741828 1569433052 2 536879170 1 3221553537 33
is_linear=0
shrinkage=0.03


Tree=21
num_leaves=64
num_cat=19
split_feature=5 3 2 5 2 0 4 2 1 1 1 1 1 0 1 0 19 1 15 9 6 8 6 0 0 3 9 1 1 5 1 15 9 4 0 1 5 14 14 1 0 9 1 1 14 1 19 1 0 0 1 3 19 9 18 5 1 0 1 9 8 16 9
split_gain=2863.31 1488.91 1221.84 1461.68 1190.57 860.618 837.106 712.114 635.195 629.633 618.719 570 564.312 521.119 781.556 494.464 450.319 427.595 338.176 825.628 2532.81 706.215 337.567 528.628 337.462 336.775 345.88 332.746 326.707 312.576 301.811 296.245 1489.33 2505.54 268.647 273.107 265.681 262.85 553.532 2378.8 313.996 508.583 386.716 353.771 332.814 305.655 292.488 288.771 243.916 243.87 332.316 242.364 240.678 232.044 229.314 227.475 223.972 221.194 248.784 221.034 214.258 311.545 324.006
threshold=-0.2834745049476623 0.90504136681556713 -1.3648050427436826 -2.2509361505508418 -1.901797831058502 775.50000000000011 -0.13379042595624921 -1.3648050427436826 0 1 2 3 4 702.50000000000011 5 760.50000000000011 -0.072470352053642259 6 -1.8659238815307615 -0.29193235933780665 0.2653516978025437 5.9833793640136728 -0.068345718085765825 217.50000000000003 322.50000000000006 -0.066661357879638658 -0.29193235933780665 7 8 -1.6821901202201841 9 1.2796644568443301 -0.78595551848411549 1.0000000180025095e-35 929.50000000000011 10 1.8151760697364809 0.22192367911338809 0.23951256275177005 11 859.50000000000011 -0.69620791077613819 12 13 0.51240363717079174 14 0.34667599201202398 15 887.50000000000011 803.50000000000011 16 -1.3334827423095701 1.0966395139694216 -0.58475568890571583 -1.1163759827613828 0.51314294338226329 17 127.50000000000001 18 -0.23888704180717465 1.3884760737419131 0.94121596217155468 -0.81198406219482411
decision_type=2 2 2 2 2 2 2 2 1 1 1 1 1 2 1 2 2 1 2 2 2 2 2 2 2 2 2 1 1 2 1 2 2 2 2 1 2 2 2 1 2 2 1 1 2 1 2 1 2 2 1 2 2 2 2 2 1 2 1 2 2 2 2
left_child=2 5 3 13 6 9 17 10 29 18 -7 22 -9 14 -1 -13 24 -3 19 21 -21 -2 23 -5 -10 26 -11 -8 -15 -4 -26 57 33 -33 -14 52 -19 -18 39 -39 45 42 -42 59 -45 60 -44 -46 -25 56 -51 -16 -36 -50 -24 -20 -6 58 -31 -43 61 62 -40
right_child=1 4 8 11 49 7 27 12 16 25 -12 15 34 28 51 -17 37 36 55 20 -22 -23 54 48 30 -27 -28 -29 -30 31 -32 32 -34 -35 35 -37 -38 38 40 -41 41 43 46 44 47 -47 -48 -49 53 50 -52 -53 -54 -55 -56 -57 -58 -59 -60 -61 -62 -63 -64
leaf_value=0.023658636229465208 -0.00049974232911787636 -0.021575906011872575 0.0020186121946821948 0.019386435222553355 -0.00036364272485894697 -0.0089586996207819108 0.0035771141358834488 -0.0018461028909583944 0.0015329958293990871 0.0004253308915233293 -0.001550309590228656 0.0026370985070270974 -0.00060364472409295971 7.3079127440777247e-05 0.013474712539280212 -0.0024618993180526684 0.00028528265112722834 -0.0034170663082920012 -3.2875627590105081e-05 0.0007109477355684078 -0.039318283977112012 -0.016751831064032465 0.0077329586889295044 0.0031490619426505773 0.00073200750899388709 -7.460686912189969e-05 0.0018187910317857866 -0.0067205962298531449 0.0098388624609343413 0.0064158675092647176 -0.00030690968348989718 -0.00016569373963381788 0.0012646802135011736 0.037656082919038852 -0.00012142232211514606 0.0024371870509983908 -0.013249953155963173 -0.03060034196523527 0.011194908860886435 -0.00095263560142565414 0.00031187808069012317 0.0038112221377796774 -0.0052980471222289624 0.00027342931266311583 -0.0031040974721189105 -0.0010352419431391463 -0.014315463777735352 -0.011612261821820336 0.01674055218011293 -0.00076315466763757331 -0.0040439209994822855 0.003090924671634381 -0.0089387926703380673 0.0045121008620115834 -0.0017757515164503216 -0.00071052520131673416 -0.0016548248547220395 0.00062070359657159097 0.0015750813051001831 -0.0019387537529923806 0.00023977599981080011 0.011620146312381582 0.00048435691384821913
leaf_weight=4872.0774993896484 42145.668991088867 3730.9371271133423 232419.953125 2914.1903076171875 180494.66444396973 18757.996231079102 5264.7283856868744 341040.5530090332 247258.01391601562 805153.015625 22115.691268920898 39157.758293151855 415947.64279174805 5462.7269725799561 4161.2279205322266 30399.751403808594 307309.48651123047 3837.235687494278 858050.6273073554 4147.4806060791016 2160.223876953125 2547.1026000976562 3236.0078430175781 11847.288154602051 604445.74768066406 1000794.955078125 200170.48046875 6060.8558797836304 7080.5745334625244 11238.86767578125 431167.97680664062 3563.1843872070312 54967.264892578125 2822.0447387695312 35620.582763671875 58653.134521484375 6974.219482421875 2946.81787109375 2936.4841613769531 13730.95166015625 4956.3656463623047 15497.239353179932 6882.4718246459961 12776.601669311523 9686.3594360351562 204076.54235839844 6123.4767990112305 5718.7862243652344 2849.0963096618652 46086.120483398438 70043.242797851562 3940.0219802856445 3017.5537109375 2744.667423248291 7714.6933898925781 927993.001953125 366392.44883728027 1159568.567199707 63532.36376953125 9829.5328788757324 124424.22436523438 3466.7188029289246 18719.8429646492
leaf_count=1672 20936 1629 84572 1244 77798 5549 1734 103567 83520 294891 8942 13186 167250 2185 1240 10134 149057 1220 310056 2168 799 1136 1034 5099 173412 356062 76800 2299 2199 5256 186576 1199 20303 1119 13640 23957 2029 1197 967 5519 1663 4979 1770 3877 2955 63350 1744 1728 1288 21358 24984 1290 1371 947 2435 327260 139077 430874 22410 3367 39134 1121 7310
internal_value=1.17545e-06 -0.000437078 0.000646373 0.00354509 -0.00174026 -0.000247612 -0.00805368 -0.00108535 0.000543466 -5.24836e-05 -0.00495346 0.0019221 -0.00090025 0.00995888 0.0141739 0.000408532 0.000195952 -0.012815 -0.000453754 -0.00286239 -0.0130183 -0.00142774 0.00528262 0.00756878 0.000537221 0.000314969 0.000702791 -0.00193699 0.00559539 0.00100555 0.000299469 0.000823829 0.00285844 0.0165666 -0.00027169 0.00114744 -0.00975421 -0.000388501 -0.000857203 -0.00621764 -0.000646825 -0.00246037 -0.00682749 -0.000993872 -0.00330539 -0.00028026 -0.00954018 -0.00627484 0.0055892 -0.00149388 -0.00274245 0.00841922 -0.000810897 0.0107499 0.00103638 -0.00038497 -0.00122873 0.000722689 0.00230415 0.00157904 0.00075003 0.00327686 0.0019389
internal_weight=9.11365e+06 5.4272e+06 3.68645e+06 126380 688884 4.73832e+06 25868 895153 3.56007e+06 3.84316e+06 40873.7 100863 854279 25516.6 12973.3 69557.5 2.03195e+06 14542.4 1.83704e+06 51000.5 6307.7 44692.8 31305.9 20355.2 1.28287e+06 2.00612e+06 1.00532e+06 11325.6 12543.3 1.52811e+06 1.03561e+06 1.29569e+06 61352.5 6385.23 513239 97291.3 10811.5 749082 441772 16677.8 425095 71470.8 17962.3 53508.5 28181.7 353624 13005.9 15405.1 17441.1 663016 116129 8101.25 38638.1 5593.76 10950.7 1.78604e+06 546887 1.23434e+06 74771.2 25326.8 149547 25123 21656.3
internal_count=3329444 1986512 1342932 43953 272128 1714384 8911 324276 1298979 1390108 14491 35367 309785 8586 4202 23320 733246 4878 662355 25039 2967 22072 12047 8578 443508 727753 371691 4033 4384 565733 359988 481161 22621 2318 206218 38968 3249 289738 140681 6716 133965 22083 5177 16906 8560 111882 3514 4683 7334 263217 46342 2530 15011 2235 3469 637316 216875 458540 27666 8346 48532 9398 8277
cat_boundaries=0 2 4 6 8 10 12 14 16 18 20 22 24 25 27 29 31 33 35 37
cat_threshold=512085141 36 1423502933 64 1627930598 9 3361521664 52 3758175139 2 3021135928 98 2415960920 43 643631225 12 900016090 81 5902378 65 110493716 72 536871424 64 1611661344 2685415680 74 1073750562 8 544 16 384599384 45 3761318264 34 32772 32
is_linear=0
shrinkage=0.03


Tree=22
num_leaves=64
num_cat=14
split_feature=5 10 3 2 3 3 2 18 7 0 2 0 4 17 0 17 0 0 19 0 0 19 2 17 17 3 17 17 11 17 10 6 10 10 17 4 7 10 17 0 8 5 2 17 17 9 2 18 4 13 8 11 0 0 17 17 4 12 10 10 0 17 9
split_gain=2759.41 1416.37 1378.13 1081.98 1006.37 1002.56 839.87 1225.65 824.757 607.947 825.678 605.036 560.655 533.428 527.464 807.959 515.219 483.265 458.539 613.607 432.895 422.318 377.274 348.233 348.07 344.667 343.932 319.28 355.698 316.095 315.176 328.873 359.914 306.703 354.817 309.197 290.973 290.582 348.819 290.174 281.663 274.266 269.557 261.167 257.293 254.437 247.638 468.798 240.089 237.209 427.313 767.114 416.859 441.7 441.461 385.309 268.47 334.737 274.705 252.412 380.738 863.344 464.11
threshold=0.091814380139112486 2.0446702241897587 1.5147508978843691 -1.901797831058502 -0.45448084175586695 -1.7904666066169737 -1.3648050427436826 -1.4067004919052122 0.10991217568516733 803.50000000000011 -1.1162397265434263 172.50000000000003 -0.13379042595624921 0 760.50000000000011 1 702.50000000000011 529.50000000000011 -0.094954181462526308 127.50000000000001 929.50000000000011 0.6901068687438966 0.35280406475067144 2 3 -0.53516507148742665 4 5 1.9463328719139101 6 -0.020845507271587845 1.0904705524444582 -0.91917148232460011 2.0446702241897587 7 -2.066596150398254 -0.33144003152847284 0.10259702429175378 8 217.50000000000003 0.87295740842819225 -1.9876974821090696 -0.38415426015853876 9 10 -0.23888704180717465 -0.95707347989082325 2.0829391479492192 -1.8749057054519651 -0.58159810304641713 5.0616915225982675 -0.50659728050231922 172.50000000000003 97.500000000000014 11 12 0.089645657688379302 -0.80643746256828297 -0.91917148232460011 -0.15499237179756162 202.50000000000003 13 -0.915412276983261
decision_type=2 2 2 2 2 2 2 2 2 2 2 2 2 1 2 1 2 2 2 2 2 2 2 1 1 2 1 1 2 1 2 2 2 2 1 2 2 2 1 2 2 2 2 1 1 2 2 2 2 2 2 2 2 2 1 1 2 2 2 2 2 1 2
left_child=1 4 8 12 6 -3 7 16 25 33 44 -9 17 -7 18 20 -1 -4 19 29 -16 26 41 -12 -18 45 30 -23 -29 -6 31 39 -33 35 -35 -10 -21 38 -37 -8 48 -15 -42 -24 -11 -2 47 -20 -17 50 52 -52 53 54 -48 56 57 -55 -58 60 61 62 -51
right_child=2 5 3 -5 14 13 21 11 9 10 23 -13 -14 22 15 40 24 -19 46 36 -22 27 43 -25 -26 -27 -28 28 -30 -31 -32 32 -34 34 -36 37 -38 -39 -40 -41 42 -43 -44 -45 -46 -47 49 -49 -50 59 51 -53 -54 55 -56 -57 58 -59 -60 -61 -62 -63 -64
leaf_value=0.020303795348432897 0.00041985976866259274 0.018967753278591983 -0.021549423647845348 -0.0025559988327322372 0.0054490134471935374 0.009258148932052063 0.0042277171973264136 0.014393229017656477 0.0010921220483262072 -0.0027669442285268779 -0.0025136900539882326 0.00085090759205245592 -0.0017271907256859458 0.010460557446756988 0.00014149609423327452 -0.0060825619232550429 0.01595395868647724 -0.0087191299273470749 0.00099091149924612158 0.0010766654785569448 0.0031495755327419273 0.0010766351344780002 -0.0098905617659996621 -0.0005958747307788125 0.0034802495166771918 -0.00023345115916916851 0.00065072247529587368 -0.0022637404591185468 0.0085893792192280414 0.0017121529593387863 0.00088149653930568762 0.013261278500925795 0.0035804551266338646 -0.0012622093040969323 0.0055661211379798153 0.00049022961297428896 0.00021584739167406701 -0.0012095176034226886 -0.00080744956656771127 0.0016653366934128722 -0.0031452792592121352 0.0027449062473392963 -0.0012236239170395258 0.00068689801239945822 -0.0083904021493287437 0.0024691392561650501 0.0074729658148029576 0.011312777585503407 0.0012088822843859142 0.017030617921286639 -0.018684647094955119 -0.0016738898596791077 -0.00010685568640633247 -0.0096378710938841497 -0.001773170400895973 -0.0064699500000431663 0.010461160442859739 -0.00084688572774326812 -0.00051216802483345009 -0.00047595548367328504 1.3725384155803581e-05 -0.00052829544303079816 0.0047632545952582791
leaf_weight=4959.5493760108948 396772.939453125 4298.2626953125 5003.6880719661713 130718.9423828125 32518.013000488281 13159.208196640015 46594.450820922852 3253.6706854104996 83937.844589233398 11071.289527893066 165823.25493621826 33433.4562677145 4115.737729549408 4796.5824890136719 264612.14031982422 4401.9117431640625 3215.4887986183167 5616.6786906719208 37274.962768554688 546851.11151123047 51420.158203125 56913.650665283203 3218.2253494262695 175320.84162139893 5404.5633878707886 1552825.3295898438 652171.208984375 75712.44384765625 2814.125 54612.350051879883 270442.67684936523 4814.1820678710938 12243.757385253906 12425.521179199219 15239.136047363281 271085.4499206543 999024.64196777344 746114.97546386719 596891.66130065918 271754.0486907959 82545.493591308594 30446.136427402496 321860.27905273438 6000.2098422050476 21846.553245544434 63211.375 6708.081127166748 4426.0792236328125 52281.069763183594 3002.5625 3330.2367782592773 8386.4514541625977 261181.78899383545 6352.0564498901367 15041.861164093018 27994.559398651123 2465.1405029296875 10081.488475799561 12161.777633666992 297848.91679823399 170076.30126953125 40864.338382720947 36170.243190765381
leaf_count=1562 148649 1655 1572 52926 11575 5022 16141 1176 29552 5256 52492 11469 1375 1684 100662 2568 989 1951 13925 194543 19605 26797 1063 72592 1822 556826 252433 30047 787 17874 94775 1018 2832 5196 5628 110544 345290 271123 206207 98129 25612 11827 101348 2457 6464 25486 3243 1561 30400 1153 1797 4125 126985 2673 7378 14803 1141 4658 5272 95151 55213 11777 12303
internal_value=2.32643e-06 0.000490893 -0.000555213 -0.00342498 0.0004327 0.00499903 0.00109493 0.00490446 -0.000453709 -0.000869662 -0.00196608 0.00205373 -0.01113 0.00395546 0.000147598 -0.00053746 0.0126025 -0.0147713 0.000354235 0.000658429 0.000630949 0.000957495 0.00238254 -0.0015282 0.00816233 -1.97877e-05 0.00112886 -0.000634195 -0.00187404 0.00310785 0.00164351 0.00225796 0.00631571 -0.000631997 0.00250107 -0.000683048 0.000520363 -0.000775366 -0.000402163 0.00204043 -0.00133828 0.00379635 -0.0016159 -0.00301911 -0.00650316 0.000701497 -0.000172337 0.00208768 0.000642154 -0.000276872 -0.000882513 -0.00651477 -0.000689456 -0.00257244 0.00108219 -0.00391842 -0.00161547 -0.00424676 0.00134016 0.000114068 0.000816695 0.00252287 0.00570414
internal_weight=9.11716e+06 4.85914e+06 4.25802e+06 145455 4.79722e+06 61918.6 1.44373e+06 50266.7 4.11257e+06 2.09976e+06 374062 36687.1 14736.1 57620.4 3.35349e+06 777121 13579.6 10620.4 2.57637e+06 1.63301e+06 316032 1.39346e+06 44461.2 341144 8620.05 2.01281e+06 1.25802e+06 135440 78526.6 87130.4 605849 335406 17057.9 1.72569e+06 27664.7 1.69803e+06 1.54588e+06 1.61409e+06 867977 318348 461089 35242.7 404406 9218.44 32917.8 459984 943367 41701 56683 901666 353703 11716.7 341987 80805 21749.9 59055 31060.5 16433.5 14626.9 547962 250113 80037.1 39172.8
internal_count=3330159 1776320 1553839 57824 1752612 23708 539977 17018 1496015 765054 136804 12645 4898 22053 1212635 280195 4373 3523 932440 569282 120267 522959 17031 125084 2811 730961 465328 57631 30834 29449 212895 118120 3850 628250 10824 617426 539833 587874 316751 114270 159928 13511 126960 3520 11720 174135 363158 15486 32968 347672 172075 5922 166153 39168 10621 28547 13744 7331 6413 175597 80446 25233 13456
cat_boundaries=0 1 2 3 4 5 6 7 8 9 10 11 12 13 14
cat_threshold=34605115 36118823 62954768 22183998 40138760 9530609 17247026 6759776 6539136 6471680 33644845 18888424 12587935 16882272
is_linear=0
shrinkage=0.03


Tree=23
num_leaves=64
num_cat=19
split_feature=7 3 3 3 2 5 2 10 1 1 15 17 10 1 15 13 19 1 1 5 10 1 5 3 10 19 1 1 6 5 12 2 1 14 1 1 1 7 5 1 2 10 9 1 10 19 1 10 16 2 19 1 1 19 1 11 13 3 9 19 6 2 5
split_gain=2454.85 1781.73 1298.82 1081.67 920.139 857.207 846.841 664.844 624.296 486.531 531.975 1078.29 477.958 533.368 473.73 2936.39 460.562 443.859 426.527 419.371 318.681 318.324 338.36 304.841 303.2 297.565 295.142 292.146 375.96 282.877 280.021 278.486 268.03 261.872 264.808 260.401 246.203 245.069 239.826 238.586 237.829 234.099 248.77 235.005 264.389 231.549 222.797 205.586 198.496 205.432 195.522 330.231 193.674 191.524 192.607 181.148 180.44 240.239 178.987 178.022 217.738 172.636 406.624
threshold=-0.53390479087829579 0.49299670755863195 -1.7904666066169737 1.8029391169548037 -1.1162397265434263 -0.2834745049476623 -0.74895048141479481 2.0446702241897587 0 1 -1.8659238815307615 2 1.5670744776725771 3 1.2796644568443301 1.2713049650192263 0.92727679014205944 4 5 0.276303380727768 0.51089519262313854 6 2.0535342693328862 -0.066661357879638658 0.10259702429175378 1.320500433444977 7 8 -1.7492431998252866 -1.4649283885955808 -0.28054265677928919 -1.0000000180025095e-35 9 0.10981257632374765 10 11 12 0.39938059449195867 -1.6821901202201841 13 -1.901797831058502 -0.10715288296341895 -0.23888704180717465 14 2.0446702241897587 -0.44552692770957941 15 -2.4664380550384517 0.63852643966674816 1.0000000180025095e-35 0.60009330511093151 16 17 0.34667599201202398 18 0.87435781955719005 -1.3273612260818479 -0.30569486320018763 -0.85952550172805775 -0.11680612713098525 -1.0000000180025095e-35 -1.3648050427436826 -1.9876974821090696
decision_type=2 2 2 2 2 2 2 2 1 1 2 1 2 1 2 2 2 1 1 2 2 1 2 2 2 2 1 1 2 2 2 2 1 2 1 1 1 2 2 1 2 2 2 1 2 2 1 2 2 2 2 1 1 2 1 2 2 2 2 2 2 2 2
left_child=2 5 6 19 21 12 8 16 20 14 11 -11 24 55 25 -16 23 31 -9 36 -1 22 -5 30 35 41 48 53 -29 -20 61 -18 -8 -19 -35 59 -3 -12 -15 -26 46 42 -7 44 -43 -23 -21 -36 49 -27 -30 -52 -25 -6 -55 -14 -44 -58 -28 -2 -61 62 -4
right_child=1 3 7 4 27 9 32 18 -10 10 37 -13 13 38 15 -17 17 33 29 40 -22 45 -24 52 39 26 58 28 50 -31 -32 -33 -34 34 47 -37 -38 -39 -40 -41 -42 43 56 -45 -46 -47 -48 -49 -50 -51 51 -53 -54 54 -56 -57 57 -59 -60 60 -62 -63 -64
leaf_value=0.012768174058701915 0.0006119978399823058 0.00025894496764649098 0.0096519751496575192 -0.0094198707792695138 -0.0018897413556212056 0.00039653778748546424 -0.00065260258852799322 0.00084855598301678914 0.0062067360533113068 -0.017353950928402268 -0.00023744462289729035 -0.0020972635756945665 0.0013803402584105539 0.011655858827050603 0.029866833327516714 8.9968643451136235e-05 0.0037151668738145591 -0.00063330963019962521 0.014806001117329902 0.0018872938387321891 0.025934906279201916 -0.010286500691702083 -0.021465075115728729 0.00092125515998716734 0.00065649416403660784 0.00049106921160647042 0.0078625478229186283 -0.014139030680222178 -0.0023207273205093624 0.0059760696003724771 0.0039348173554774454 -0.00047486849817240207 0.0056193310239765135 -0.0098357687311420913 -0.009032028147636503 0.0010861899702867182 -0.00080473636738838926 -0.00092526863374742892 0.0048062673054996563 -0.00050085987281629849 -0.0013116790434284308 0.00043922651966972259 0.00055878017320803379 -0.00058364723453485862 0.0084019110498766633 -0.0013324246962098656 -0.0066396410118575375 -0.0021722463685374753 -0.013994936770812956 -0.0072009999474986408 -0.016212078122902172 -0.003775821540572463 7.5272932546136659e-05 0.0098317876786673392 0.00017782807243078256 -0.0054519459189129255 0.0053359276201939681 0.00098551850095210478 -0.0011865944765183465 -0.00010723668139049448 -0.0029488477854075559 0.001034285845048215 0.001566013484811382
leaf_weight=3647.6956672668457 298191.638671875 294084.83752441406 6987.405517578125 5200.8013153076172 13284.262008666992 364745.41748046875 10722.394710540771 12965.866256713867 7705.9520072937012 4872.192138671875 1162215.1469519734 28459.593017578125 18831.993469238281 5965.3262939453125 3469.1362915039062 20979.621032714844 22700.809997558594 45153.7535405159 4171.8946533203125 3463.5436096191406 3053.2524108886719 6209.5957565307617 3531.681396484375 446866.13035583496 257166.087890625 5022.0441334247589 2152.3341064453125 3028.6593322753906 39992.01330947876 15041.23713684082 32711.167907714844 38450.849304199219 14312.99817276001 5828.1076655387878 4447.5101318359375 719610.09002685547 586234.80889892578 778476.84228515625 20129.274780273438 425572.42578125 834845.66607666016 258590.16552734375 33280.42333984375 431635.78345108032 3803.187744140625 4470.7740707397461 13489.934906005859 33700.477111816406 2212.1184678077698 8263.8371546268463 2585.31982421875 7465.6483268737793 535305.72914123535 3088.0783538818359 4655.2209930419922 4282.5089721679688 26376.002807617188 20154.923721313477 22316.584819793701 135636.98205566406 29552.383972167969 926454.43838500977 28066.486175537109
leaf_count=1209 114814 119955 2250 1768 4943 148243 4621 5255 2798 1826 378796 13024 7187 2079 1067 6125 9935 21945 1550 825 1008 2153 1122 167152 116315 2436 1418 1531 16859 6096 14955 16713 5628 2058 1609 234554 214036 263204 7675 127095 309726 108972 14795 169330 1625 1654 4985 11951 634 3981 891 3312 199400 1219 1677 1182 9402 6970 12086 60365 11420 330276 9656
internal_value=3.34279e-06 -0.00027418 0.000876652 -0.00107826 -0.00422099 1.41093e-05 0.00627121 0.000778079 0.0120647 -0.000288087 -0.000577901 -0.00433548 0.000515474 0.00343369 0.000187478 0.00432038 0.000713312 -0.000887693 0.00505765 -0.000908584 0.0187544 -0.0100342 -0.0142845 0.000835052 0.000438496 0.000101726 -0.00244242 -0.00269744 -0.00388266 0.00789263 0.00120537 0.00108056 0.00293552 -0.00223796 -0.00388583 0.00072903 -0.000449403 -0.000513356 0.0063716 -6.49172e-05 -0.00138313 0.000191041 0.000728519 -0.00015324 0.000554776 -0.00653461 -0.00490037 -0.0029723 -0.00567935 -0.00429432 -0.00326136 -0.00700103 0.000460189 0.000295878 0.00404467 0.000113543 0.00224558 0.00345185 -0.000389012 0.000174343 -0.000615675 0.00111249 0.00317896
internal_weight=9.11589e+06 6.91759e+06 2.19829e+06 1.82563e+06 93512.1 5.09196e+06 39442.3 2.15885e+06 14406.9 3.17703e+06 1.97402e+06 33331.8 1.91494e+06 49209.1 1.203e+06 24448.8 2.12667e+06 150282 32179 1.73212e+06 6700.95 19412.9 8732.48 1.97639e+06 1.86573e+06 1.17855e+06 39966.9 74099.2 53071.6 19213.1 994219 61151.7 25035.4 89129.8 43976.1 1.18299e+06 880320 1.94069e+06 26094.6 682739 851799 1.13859e+06 444557 694029 262393 10680.4 16953.5 38148 15498 13285.9 50043 10051 982172 21027.6 7743.3 23114.5 79811.3 46530.9 24468.9 463381 165189 961508 35053.9
internal_count=3329341 2513276 816065 686656 37129 1826620 15264 800801 5015 1143934 656850 14850 682686 18123 487084 7192 787900 64211 12901 649527 2217 6697 2890 723689 664563 479892 20555 30432 22593 7646 357137 26648 10249 37563 15618 421153 333991 642000 9754 243410 315536 459337 179410 279927 110597 3807 5810 13560 7051 6417 21062 4203 366552 7839 2896 8369 31167 16372 13504 186599 71785 342182 11906
cat_boundaries=0 2 4 5 7 9 11 13 15 17 19 21 23 25 27 29 30 32 34 36
cat_threshold=2529878157 3 2938441768 61 16777216 1621110119 57 2307557848 27 28425538 73 3054133634 23 570425376 9 2219338164 101 3017826494 83 536870913 64 3983164248 18 52857887 36 2935277652 13 704905216 49 571277360 33621002 2 1245498424 44 67111216 5
is_linear=0
shrinkage=0.03


Tree=24
num_leaves=64
num_cat=15
split_feature=3 7 3 3 2 2 4 10 1 10 19 1 1 7 1 15 9 4 1 15 15 13 16 1 6 3 7 2 1 18 6 15 1 18 1 1 7 3 19 1 6 10 1 19 10 4 11 10 8 19 9 18 19 2 1 8 19 1 19 2 8 1 8
split_gain=2141.89 1490.32 1221.91 866.416 857.382 747.235 688.479 628.185 766.847 762.39 636.317 685.809 605.997 515.535 497.371 715.411 4410.51 484.351 425.393 469.568 588.539 756.469 2401.69 413.083 419.197 411.35 378.866 364.083 449.666 361.729 303.481 1989.13 292.003 288.373 278.597 274.489 269.086 266.676 252.671 252.399 246.969 237.53 242.572 230.364 229.742 227.475 226.491 306.905 221.953 351.978 284.632 231.999 212.498 211.992 207.202 206.264 194.737 266.682 193.032 190.082 189.86 578.472 189.678
threshold=0.49299670755863195 -0.81874781847000111 -1.7904666066169737 1.8029391169548037 -0.74895048141479481 -1.3648050427436826 -0.13379042595624921 2.0446702241897587 0 0.10259702429175378 0.92727679014205944 1 2 0.52602475881576549 3 1.2796644568443301 -0.78595551848411549 1.6692219376564028 4 -1.8659238815307615 -1.9622159004211424 -0.76755958795547474 0.29302562773227697 5 -1.7492431998252866 -1.3334827423095701 0.2925232350826264 -1.3648050427436826 6 1.312424421310425 0.63358229398727428 -1.8659238815307615 7 -0.82670938968658436 8 9 0.88381478190422069 -1.0212610363960264 0.25580276548862463 10 0.5757543444633485 -0.39462289214134211 11 0.21624313294887546 -1.1542026996612547 -0.84932526946067799 1.9463328719139101 -1.1542026996612547 -1.0000000180025095e-35 2.3243991136550908 -0.45843861997127527 -0.088280115276575075 -0.71740108728408802 0.47969232499599462 12 2.1537300348281865 0.92727679014205944 13 0.05331165902316571 0.41501186788082128 0.53798204660415661 14 1.7532526850700381
decision_type=2 2 2 2 2 2 2 2 1 2 2 1 1 2 1 2 2 2 1 2 2 2 2 1 2 2 2 2 1 2 2 2 1 2 1 1 2 2 2 1 2 2 1 2 2 2 2 2 2 2 2 2 2 2 1 2 2 1 2 2 2 1 2
left_child=1 2 4 13 12 6 26 9 37 10 14 55 -1 32 15 25 -17 41 19 20 -11 22 -22 43 -25 40 34 28 38 -28 -16 -32 -2 -20 -5 -10 -35 -9 -4 -29 45 42 -13 -7 59 -3 62 -48 53 50 -50 -51 -30 -44 -6 -12 -26 -58 -34 60 61 -41 -27
right_child=3 7 27 5 54 23 -8 8 35 18 11 17 -14 -15 30 16 -18 -19 33 -21 21 -23 -24 24 56 46 29 39 52 -31 31 -33 58 36 -36 -37 -38 -39 -40 44 -42 -43 48 -45 -46 -47 47 -49 49 51 -52 -53 -54 -55 -56 -57 57 -59 -60 -61 -62 -63 -64
leaf_value=0.020191466866400273 0.00010065497100626335 -0.00041098112302710287 0.0054005809310412461 0.00038962530863054083 0.0063992282159962711 -0.0014443064918096215 0.0015227401441351603 0.019910028345214038 -0.0014156739291184051 -0.00070762244470085772 0.0015785106661600186 -0.0018899162217655889 0.0067990918082440968 -0.0014198610124160449 0.00012149821734112954 0.033947743957135713 0.0012753701712065117 -0.013751654789950548 0.0013156767302295322 -0.00065900872811663154 -0.0019694082258161984 -0.0013293212547489575 -0.041122281413928083 -0.012977415135223038 -0.0021004482539170579 0.0010098510078243492 -0.01036394522723527 0.0014920859944502506 0.0092039704404167141 -0.022693015580795041 -0.025995076618481369 -0.00029608280323011 -0.00043431512864058831 0.00014055457799400022 -0.010453453147477717 0.0030993076195073659 -0.0012915617676138229 0.008069060974971027 0.013864908643792927 0.019394777708881018 0.0058795061108727177 -0.00031904516820996804 0.0079309929166725083 0.0039375663352404101 0.00076000581375000782 0.0030564688222406949 0.010834906857483553 0.0019410570337328337 -0.0030943880068106402 -0.006553912636121477 -0.012321468949787995 -0.017711163916320209 0.00091098589632990798 -0.0062984267670106566 -0.00024176225541513451 -0.0013374532464734241 -0.012773890407644903 -0.002785004630456527 -0.0013662578115340009 -0.0028684430084410769 -0.00062786773327477136 -0.0015558296678381252 0.00025017710726009135
leaf_weight=5978.6196594238281 669591.07958984375 25484.014785766602 10669.40119934082 3353.0008726119995 8117.0855579376221 16417.31755065918 5247.1819207668304 2379.5197143554688 17382.636779785156 13587.28759765625 59096.084289550781 35988.072092056274 6260.7875671386719 582281.49609375 1648106.0629882812 4178.1358032226562 33483.456237792969 3672.2586364746094 148010.142578125 1313827.4440917969 3602.84228515625 4866.3211669921875 2312.3050537109375 3841.6301240921021 56405.892519950867 452420.76698547602 5514.1636199951172 477012.24728393555 3060.7651977539062 3515.1307373046875 3020.5062255859375 26047.983764648438 656111.92492675781 624726.29614257812 5866.6966774463654 39964.170227050781 145594.90893554688 6121.1498413085938 4521.1316375732422 1800.8591766357422 17233.600830078125 27848.797681808472 2045.177885055542 12683.947692871094 512032.49429321289 51303.234115600586 3849.4619140625 37177.193359375 19216.897982597351 3241.9651947021484 3563.9114255905151 3490.9547882080078 29939.572326660156 1738.9176826477051 8814.6517467498779 34617.583435058594 3884.4361267089844 6338.4068450927734 287759.11657714844 30398.299682617188 22640.451705932617 3420.6915588378906 854500.95063781738
leaf_count=1938 261473 10201 3792 1382 3403 6146 1786 1023 7101 6043 26074 14436 2335 218726 608062 1290 9070 1434 69603 367823 1639 1748 1008 1900 23913 180517 1853 157999 989 1186 1261 8379 237574 293095 1854 14293 71390 2877 1609 963 4479 12356 1476 4543 201726 20634 980 10295 8566 1510 1765 1551 10382 1145 3550 11773 1651 2752 117421 13030 8237 2053 258760
internal_value=-4.62711e-06 0.00026392 0.00126157 -0.000791961 0.00732084 -0.00324137 -0.00805308 6.616e-05 0.00297918 3.19527e-05 0.00031898 -0.00134629 0.0133685 -0.000654669 0.000421595 0.000822504 0.00490403 -0.00306356 -0.000394331 -0.000735548 -0.00486146 -0.0100935 -0.0172966 -0.00210559 -0.00334697 0.000715891 -0.0108061 0.00110019 0.00364966 -0.0151736 6.78996e-05 -0.00297048 -0.000378515 0.0001029 -0.0065229 0.00173074 -0.00013013 0.01138 0.00791833 0.000982862 0.00263439 -0.00265911 -0.00359959 0.000901376 0.000556885 0.00190575 0.000582065 0.00277677 -0.00544463 -0.00632317 -0.00454029 -0.0123477 0.00168092 0.00139242 0.00294652 0.000501294 -0.00279128 -0.00660014 -0.000718436 -0.0012281 0.000561757 0.00571559 0.000513158
internal_weight=9.11718e+06 6.79837e+06 1.12467e+06 2.31881e+06 29171.1 123068 23496.2 5.6737e+06 65847.5 5.60785e+06 3.35133e+06 194521 12239.4 2.19574e+06 3.15681e+06 1.47963e+06 37661.6 100807 2.25653e+06 1.3382e+06 24368.8 10781.5 5915.15 99571.6 70470.4 1.44197e+06 18249 1.0955e+06 48190.9 9029.29 1.67717e+06 29068.5 1.61346e+06 918331 9219.7 57346.8 770321 8500.67 15190.5 1.04731e+06 94020.8 97134.7 69285.9 29101.3 570293 76787.2 1.34795e+06 41026.7 33297.8 29513.7 22780.8 6732.92 33000.3 3784.1 16931.7 93713.7 66628.7 10222.8 943871 58260.3 27862 5221.55 1.30692e+06
internal_count=3329823 2445663 412006 884160 11226 48966 8061 2033657 25294 2008363 1196014 82086 4273 835194 1113928 496226 10360 44239 812349 378261 10438 4395 2647 40905 30216 485866 6275 400780 16772 3039 617702 9640 616468 434088 3236 21394 364485 3900 5401 384008 35314 42805 30449 10689 226009 30835 450552 11275 16013 13392 10331 3061 11371 2621 6953 37847 28316 4403 354995 24283 11253 3016 439277
cat_boundaries=0 1 3 5 7 9 11 13 15 17 19 21 23 25 27 29
cat_threshold=2382626832 160151900 7 2655707310 1 236262567 45 1083912103 66 2148051444 101 3999039488 4 455871613 36 1077007040 108 3225667 32 137223297 62 3489677475 40 1328452097 24 319882250 18 1090527574 64
is_linear=0
shrinkage=0.03


Tree=25
num_leaves=64
num_cat=17
split_feature=5 10 3 2 0 2 2 1 1 4 9 3 2 1 10 1 10 3 1 10 19 1 0 1 1 0 1 1 6 5 15 4 2 13 9 1 1 19 15 15 1 1 4 16 4 4 2 10 1 19 4 6 19 0 0 3 1 4 10 1 6 5 19
split_gain=2399.32 1565.85 1363.55 1031.42 957.058 938.187 712.574 804.062 695.06 686.98 654.184 591.436 834.301 564.11 552.553 634.706 585.012 539.469 520.35 471.513 428.397 787.337 441.011 433.603 432.073 400.621 407.397 398.608 361.26 361.065 336.951 717.909 362.539 501.359 408.134 326.417 321.551 310.228 291.014 1018.96 288.408 281.328 280.263 436.026 374.148 280.716 268.597 264.359 450.197 296.635 262.883 258.776 258.296 346.419 266.775 257.33 285.111 271.025 254.883 307.701 258.628 272.652 251.838
threshold=-0.58644592761993397 2.0446702241897587 0.90504136681556713 -1.901797831058502 775.50000000000011 -1.901797831058502 -1.1162397265434263 0 1 -0.13379042595624921 -0.23888704180717465 -1.2063708901405332 -1.1162397265434263 2 2.0446702241897587 3 0.19294773042201999 -0.8221374750137328 4 0.99966230988502514 0.92727679014205944 5 277.50000000000006 6 7 929.50000000000011 8 9 -0.43540170788764948 -2.2509361505508418 1.2796644568443301 0.39812865853309637 0.12922331690788272 -0.28418399393558497 -0.85952550172805775 10 11 1.6550678610801699 -1.8659238815307615 -1.9622159004211424 12 13 0.32278256118297582 0.70798438787460338 0.64607051014900219 1.058288633823395 0.51371878385543834 -1.1542026996612547 14 0.14480974525213244 -2.3358898162841792 0.87857258319854747 0.05331165902316571 644.50000000000011 202.50000000000003 1.8029391169548037 15 1.0205355882644656 -0.13103542476892469 16 0.72002345323562633 -1.819243788719177 0.6901068687438966
decision_type=2 2 2 2 2 2 2 1 1 2 2 2 2 1 2 1 2 2 1 2 2 1 2 1 1 2 1 1 2 2 2 2 2 2 2 1 1 2 2 2 1 1 2 2 2 2 2 2 1 2 2 2 2 2 2 2 1 2 2 1 2 2 2
left_child=1 11 4 9 10 17 7 19 46 27 14 12 29 -8 16 -16 20 -3 -13 -6 22 42 24 38 30 -15 -27 -4 -21 40 32 -32 33 34 -2 -14 -18 -17 39 -24 -1 -11 43 -22 -44 -46 -7 48 49 -26 -20 -34 53 -38 -54 -5 57 -57 60 -60 62 -62 -52
right_child=2 5 3 55 6 8 13 -9 -10 41 -12 18 35 25 15 37 36 -19 50 28 21 -23 23 -25 47 26 -28 -29 -30 -31 31 -33 51 -35 -36 -37 52 -39 -40 -41 -42 -43 44 -45 45 -47 -48 -49 -50 -51 58 -53 54 -55 -56 56 -58 -59 59 -61 61 -63 -64
leaf_value=0.0040910555342387033 0.014823842214108394 0.027357416186897469 -0.018414859890509522 -0.0010973176189073919 -0.0048807862243299815 0.011415434127112987 -0.0017840670250949494 -0.0015375313293963253 0.0012357659808219625 0.0041687635645281124 0.0012321700844940152 -0.0001366421409702708 -0.00043140917301246433 -0.0006064626521659277 -0.00020925772080428303 0.005768851346171301 0.00012405504284551935 0.0092517310086717153 -0.0014287864746312638 -0.020107949896217722 -0.001405391314476539 -1.1825721982902041e-06 0.0001737798071805209 0.00025409769279146152 -0.0020443744451248951 -0.00051808170034951177 0.0029623118332931797 -0.0080171132052342334 -0.0084283771482635481 0.0039385956450208323 -0.00083998837701432499 0.017528066960575576 0.0002520324290270846 0.0010770968705249683 0.0050591801754917001 0.002256011452689746 -0.00019342562391007803 0.016570491578978871 -0.00067795277426455493 -0.01673597988716952 0.014063216987487777 -0.0054596574628984181 -0.015500761411682627 -0.012750137415899431 -0.002021445893927349 -0.011327488131462869 0.0012258660078040299 0.00074765883511047275 -0.0042934575550712031 0.0038793890321226127 0.0012559013559903963 0.0091501444875895666 -0.0028229738199266633 -0.0018328064678117173 -0.00098560898125161795 -0.0040332955994332939 -0.0013920376686791117 -0.012477620059901608 0.0016789779391424785 0.00025645425587731579 0.0071192539976429638 0.0021338124992744314 -0.00072008524320753926
leaf_weight=3856.1308679580688 4576.6774215698242 2688.4620819091797 5068.0441226959229 667017.318359375 14833.281921386719 12536.393085479736 323373.32052612305 46099.113098144531 22378.796501159668 4360.4589514732361 377700.96470969915 763903.46420288086 58153.080993652344 533643.52615356445 20902.306335449219 16642.888732910156 383195.0927734375 3308.2386016845703 46379.943298339844 4130.9404003620148 23629.405025482178 105449.82702636719 10703.53662109375 1466593.0602626801 14509.855895996094 57838.940185546875 63485.379150390625 9804.0003991127014 5656.6997363567352 14850.81787109375 3763.3334655761719 3893.4617614746094 70207.288528442383 30125.733955383301 24288.248008728027 135335.27130126953 514112.02954101562 2792.868896484375 417102.13520240784 4574.25634765625 8286.8486242294312 7258.9789485931396 4237.3827838897705 3496.0996551513672 8470.9066772460938 4447.0292224884033 2860.6136360168457 460700.60533905029 26329.118286132812 15983.908874511719 681559.16082763672 3065.1630859375 107023.23706054688 149806.80395507812 212017.123046875 29598.041748046875 47452.619476318359 3864.9325256347656 167487.46783447266 747975.03964233398 12082.521240234375 53937.252197265625 63450.278442382812
leaf_count=1357 1669 1033 1620 265495 4043 4650 101239 18276 8439 1450 149837 325429 26027 206564 9208 5938 152181 1226 13796 1247 10084 44465 4268 492834 4148 23190 23516 3387 1450 5255 1014 1118 30169 8486 12228 50893 176049 1149 170094 1842 2496 2661 1911 1029 3587 1745 1071 152116 10874 5211 231068 779 40264 50760 81312 11751 19443 1603 81865 219355 3094 14084 25305
internal_value=6.06689e-06 0.000736831 -0.000318125 -0.00149722 -0.000153283 0.00636608 -0.000969108 -0.00387711 0.00461483 -0.00731406 3.73161e-05 0.000647453 0.00213779 -0.000758882 -7.24195e-05 0.00342126 -0.00010703 0.017385 0.000517917 -0.00825245 0.00014845 -0.00141118 0.000239801 7.95447e-06 0.000909467 -0.000252683 0.00130335 -0.0115832 -0.0133656 0.00707805 0.00238848 0.00850547 0.00203423 0.00378461 0.00660972 0.00144841 -0.000613098 0.00732112 -0.000826921 -0.00489292 0.0109144 -0.00184724 -0.00476747 -0.00286965 -0.00776932 -0.00522822 0.00951715 0.000509521 -0.00142103 0.00106046 0.000799952 0.000624861 -0.000900459 -0.000563347 -0.00160199 -0.00129115 -0.00288878 -0.00500883 0.000859833 0.000516739 0.0012471 0.00304669 0.00108761
internal_weight=9.11486e+06 2.80103e+06 6.31383e+06 774424 5.5394e+06 43772.5 1.04906e+06 70720 37775.8 26491.5 4.49034e+06 2.75726e+06 220482 978341 4.11264e+06 40338.1 4.0723e+06 5996.7 2.53678e+06 24620.9 2.70615e+06 149731 2.55642e+06 1.89897e+06 657443 654968 121324 14872 9787.64 26993.8 139920 7656.8 132263 58990.7 28864.9 193488 1.36615e+06 19435.8 432380 15277.8 12143 11619.4 44280.8 27125.5 17155.3 12917.9 15397 517523 56822.9 30493.8 1.77287e+06 73272.5 982959 663919 319040 747933 80915.6 33463 1.72649e+06 915463 811029 66019.8 745009
internal_count=3329747 1016443 2313304 307410 2005894 16419 379525 25016 14160 9118 1626369 1000024 86028 354509 1476532 16295 1460237 2259 913996 6740 959671 62821 896850 669038 227812 253270 46706 5007 2697 9108 55463 2132 53331 22383 13897 76920 500566 7087 176204 6110 3853 4111 18356 11113 7243 5332 5721 172349 20233 9359 588567 30948 348385 226809 121576 298292 32797 13354 574771 301220 273551 17178 256373
cat_boundaries=0 2 4 6 8 10 12 14 16 18 20 22 24 26 28 30 32 34
cat_threshold=1074277348 8 2651242680 70 3758105507 2 816962626 100 3844092736 19 908138017 20 1350587092 26 587218949 38 261554260 65 2517148426 10 2983348346 64 2821472330 19 702615105 14 106498137 4 68888496 1 1050887179 16 5554192 4
is_linear=0
shrinkage=0.03


Tree=26
num_leaves=64
num_cat=14
split_feature=5 10 3 2 7 3 2 18 2 3 17 4 17 19 3 17 4 3 5 16 5 3 17 17 12 10 17 2 7 17 10 15 10 17 11 10 5 10 17 16 17 19 5 10 10 4 4 17 10 12 17 17 9 18 3 15 14 19 19 12 17 9 4
split_gain=2135.95 1302.54 1148 920.352 874.99 721.992 786.294 961.164 659.601 602.2 536.456 480.382 457.662 420.115 419.481 398.187 384.08 344.073 329.99 303.132 302.932 274.009 255.272 253.799 252.587 226.584 223.755 217.17 208.625 207.765 197.264 325.38 513.482 219.075 208.566 195.761 193.955 193.248 252.603 193.233 192.642 218.405 191.854 183.863 183.61 260.959 344.558 180.605 365.213 197.93 181.005 176.518 174.565 173.33 173.126 172.395 188.925 165.336 163.678 158.099 228.561 1206.01 157.911
threshold=-0.14152416586875913 2.0446702241897587 1.8029391169548037 -1.901797831058502 0.081217024475336089 -0.23420412838459012 -1.3648050427436826 -1.6712154746055601 -1.3648050427436826 -0.94751292467117298 0 -0.13379042595624921 1 0.6901068687438966 0.65383484959602367 2 -2.3358898162841792 -0.66694861650466908 -1.9876974821090696 0.78038501739501964 1.8151760697364809 -1.2063708901405332 3 4 -0.88874357938766468 -2.4664380550384517 5 -1.901797831058502 -0.8938561975955962 6 0.39299380779266363 -1.1032619476318357 -0.83188164234161366 7 -0.59619721770286549 -0.91917148232460011 -0.92820003628730763 0.02079100534319878 8 0.78038501739501964 9 -0.050160093232989304 1.4358447194099428 -0.063276264816522584 2.0446702241897587 1.0205355882644656 1.058288633823395 10 -0.83188164234161366 -0.64327299594879139 11 12 -0.76398310065269459 -0.58510729670524586 -0.37822373211383814 0.96551269292831432 -0.05061740614473819 0.025464545935392383 0.60009330511093151 -0.62240046262741078 13 -0.71280667185783375 -2.3358898162841792
decision_type=2 2 2 2 2 2 2 2 2 2 1 2 1 2 2 1 2 2 2 2 2 2 1 1 2 2 1 2 2 1 2 2 2 1 2 2 2 2 1 2 1 2 2 2 2 2 2 1 2 2 1 1 2 2 2 2 2 2 2 2 1 2 2
left_child=1 5 4 9 17 6 7 10 11 -3 -1 20 36 16 23 54 35 29 51 22 -4 47 25 53 -21 -15 -22 -16 -19 -2 31 32 33 -14 -32 -8 -7 38 -23 -17 41 -37 43 -25 45 52 -47 48 49 -18 -51 -9 -10 -6 -5 56 -24 59 -31 -30 61 -61 -44
right_child=2 3 8 15 14 12 13 18 44 -11 -12 -13 30 19 27 39 21 28 -20 24 26 37 55 42 -26 -27 -28 -29 57 58 34 -33 -34 -35 -36 40 -38 -39 -40 -41 -42 -43 62 -45 -46 46 -48 -49 -50 50 -52 -53 -54 -55 -56 -57 -58 -59 -60 60 -62 -63 -64
leaf_value=0.021014762386836121 0.0018792986060427793 0.026262755502202282 -0.0052170993452697184 0.014294930100768299 0.0011858132841664714 0.00098823949119303429 -0.0081795526542472671 0.011405971513665276 0.0021186102371355195 0.0080284958494194793 0.0073625187542260403 -0.00015410066745888453 -0.0064443051858115346 -0.010378604132703232 -0.0054833951622084726 0.0032331402920772077 0.0090637961175612548 0.0005095697873914078 0.0007138172611577372 0.0015889850790652353 -0.019860323946247552 0.0018928905564780307 0.0035237701203226649 -0.00013732286973841348 -0.0064524391240837553 -0.001809402683998416 -0.010205742457474978 -0.0013961498417236029 -0.00025927589353282211 0.00069325132111848118 0.0011484699526037453 0.00031460901140096983 -0.00029954307838664975 -0.0022882590903793801 -0.0013918398221831338 -0.0014198081414039411 0.00019579704741703224 0.0004202963572170254 0.00073840986520273344 -0.0024980215422582184 0.001276959328305232 -0.0083290200928414996 0.0029426289396591271 -0.00087291403060945629 0.0038486176248039385 -0.01524232923234946 -0.0018106819046809399 0.00097810114346641008 0.0020395200247011404 0.0078857382456078203 -0.00052165596223518323 0.0040267785626188421 -0.0029248972230922136 -0.00023106557300804265 0.0058843092575102604 -0.0021805684373678142 0.00024070316471797487 -0.00074970746862226812 -0.0013204371132828103 0.021077741987203476 0.00040029594933585423 -0.001132513215788458 -0.0016301404065139366
leaf_weight=3990.6256294250488 121634.19897460938 2742.0301513671875 4035.7688204050064 3685.0741729736328 99179.54052734375 493435.986328125 3827.9950866699219 4193.5384063720703 7108.1630382537842 4025.6832275390625 7477.2917289733887 4013.6545804738998 14992.825134277344 3126.569091796875 11960.7275390625 33447.260551452637 11320.449222564697 390677.24609375 31305.752563476562 4764.5331878662109 4489.970344543457 276856.93682861328 20563.623497009277 505396.15374755859 13386.833511352539 24570.121753692627 4368.8411178588867 527968.9091796875 875019.291015625 257763.56579589844 33628.144653320312 619649.73330688477 299787.01638793945 47939.494201660156 215279.39050292969 21700.203656673431 636611.9384765625 513920.4479675293 444440.31616210938 6286.4349098205566 18075.275406122208 5077.8572103977203 6992.3720703125 774439.40078735352 3779.397705078125 3402.8358436226845 3471.3209991455078 87833.617431640625 106626.84729003906 4087.3826065063477 5262.7152900695801 9689.8463592529297 46952.328800618649 358819.05117797852 5497.0091743469238 18476.80770111084 67692.828731536865 451568.46923828125 42283.858276367188 2992.7931060791016 236191.69357645512 8269.4593353271484 237630.09399414062
leaf_count=1189 48985 1054 1435 1359 45535 177803 1247 1306 2962 1484 2457 1339 6472 1418 4173 13816 4015 146604 10906 1234 1494 80778 12156 170595 3666 11393 1355 199661 287819 95454 23067 186761 139872 24651 67806 6151 231655 184780 175033 1566 6530 1461 2028 257248 1479 1271 1546 36906 41263 1618 2230 3228 19004 165636 1956 5376 28711 175338 17932 1120 94884 2821 77438
internal_value=3.00584e-06 0.00050809 -0.000414517 0.00506513 -0.000355842 0.000445731 0.000915528 0.00439044 -0.00394304 0.0154303 0.0121451 -0.00921828 0.000105861 0.000796312 -0.000745426 0.00362964 0.000948962 5.59424e-05 0.00242137 -0.000703376 -0.0120385 0.00103694 -0.000211956 -0.000543522 -0.0043418 -0.00277744 -0.0151414 -0.00148674 -0.000110943 0.000833495 -0.000294255 -0.000103116 -0.00081673 -0.00328021 -0.00104862 -0.00167201 0.000541815 0.000864848 0.00118158 0.0023256 -0.00111578 -0.00273028 -0.000729573 -0.000582437 -0.00256414 -0.00296216 -0.00846584 0.002025 0.002747 0.00639638 0.00316375 0.00627011 -0.00226162 7.57673e-05 0.00925564 0.00045409 0.00100581 -0.000264956 0.000409444 -6.99384e-05 0.000599568 0.00477206 -0.00149937
internal_weight=9.11569e+06 4.12528e+06 4.99041e+06 55683.5 4.90879e+06 4.06959e+06 1.70827e+06 56657.1 81622.3 6767.71 11467.9 16908.2 2.36132e+06 1.65161e+06 2.52239e+06 48915.8 1.49903e+06 2.3864e+06 45189.1 152581 12894.6 1.45035e+06 134430 1.98246e+06 18151.4 27696.7 8858.81 539930 1.96472e+06 421682 1.23128e+06 982369 362719 62932.3 248908 48681.3 1.13005e+06 1.23522e+06 721297 39733.7 44853.3 26778.1 1.52446e+06 1.27984e+06 64714 60934.6 6874.16 215131 127297 20670.5 9350.1 13883.4 54060.5 457999 9182.08 106733 88256.5 1.57404e+06 300047 1.12247e+06 247454 11262.3 244622
internal_count=3329530 1504374 1825156 21235 1793271 1483139 625052 19086 31885 2538 3646 5623 858087 605966 922314 18697 542012 870957 15440 63954 4284 526623 59054 718480 4900 12811 2849 203834 708586 162371 448629 357756 170995 31123 90873 15389 409458 440591 255811 15382 14142 7612 507309 427843 26262 24783 2817 86032 49126 7863 3848 4534 21966 211171 3315 46243 40867 561982 113386 386644 98825 3941 79466
cat_boundaries=0 1 2 3 4 5 6 7 8 9 10 11 12 13 14
cat_threshold=17956926 1550895 33687579 34243340 40585344 9651262 39873600 10485776 4501504 43302084 56646680 7184 43041056 8192
is_linear=0
shrinkage=0.03


Tree=27
num_leaves=64
num_cat=20
split_feature=5 10 2 1 0 2 0 1 2 5 19 1 1 1 0 0 1 15 18 1 14 9 1 2 19 18 19 1 0 14 10 16 1 10 1 10 17 10 4 1 0 1 14 19 1 13 13 2 4 4 17 0 4 4 4 1 1 17 1 13 9 19 4
split_gain=2127.82 1135.99 992.188 764.384 761.765 952.539 693.768 1100.01 866.894 1105.92 608.253 567.447 528.727 487.64 461.597 456.444 466.793 670.326 406.821 406.611 395.386 491.371 377.07 375.971 365.37 354.436 343.266 664.146 483.425 920.408 394.484 339.046 332.012 445.756 476.037 329.835 791.325 330.361 328.462 342.777 321.405 481.227 468.128 424.833 383.814 305.362 1158.26 294.484 293.844 411.545 311.323 290.538 541.229 457.724 433.757 413.152 349.405 318.917 304.493 289.902 280.479 278.218 275.838
threshold=0.276303380727768 2.0446702241897587 -1.901797831058502 0 644.50000000000011 -1.1162397265434263 775.50000000000011 1 -1.1162397265434263 -2.2509361505508418 -0.11680612713098525 2 3 4 929.50000000000011 307.50000000000006 5 1.2796644568443301 -1.5294928550720213 6 0.86274191737174999 -0.60418492555618275 7 -0.38415426015853876 0.52390769124031078 -2.0651226043701167 0.92727679014205944 8 157.50000000000003 0.72120228409767162 -1.8589775562286375 0.37747050821781164 9 -1.8589775562286375 10 -1.314770460128784 11 -1.8589775562286375 -0.13379042595624921 12 202.50000000000003 13 0.65615862607955944 2.3243991136550908 14 -0.85125407576560963 -0.97394931316375721 -0.19466183334589002 -1.7580090165138242 0.37287023663520819 15 112.50000000000001 0.23923791944980624 0.089645657688379302 1.123882591724396 16 17 18 19 0.21527120471000674 -0.16046284139156339 1.6550678610801699 0.57931941747665416
decision_type=2 2 2 1 2 2 2 1 2 2 2 1 1 1 2 2 1 2 2 1 2 2 1 2 2 2 2 1 2 2 2 2 1 2 1 2 1 2 2 1 2 1 2 2 1 2 2 2 2 2 1 2 2 2 2 1 1 1 1 2 2 2 2
left_child=1 6 12 61 26 22 8 20 9 18 15 48 -3 -7 -9 16 17 -10 -1 -16 23 59 -6 25 -23 -8 32 28 29 -28 -30 -21 35 34 -34 36 37 -2 39 -20 41 42 43 -13 45 46 -42 -32 -12 -50 -51 54 53 57 58 -55 -54 -53 -43 -22 -5 -4 -52
right_child=4 2 3 60 5 13 7 14 10 -11 11 40 -14 -15 19 -17 -18 -19 38 31 21 24 -24 -25 -26 -27 27 -29 30 -31 47 -33 33 -35 -36 -37 -38 -39 -40 -41 44 51 -44 -45 -46 -47 -48 -49 49 50 62 52 56 55 -56 -57 -58 -59 -60 -61 -62 -63 -64
leaf_value=0.019170479949300715 0.01410465990481815 0.022713099273238488 0.00688909217576026 0.0017294673233906369 -0.0061564460356517779 -9.5019528076295046e-05 0.0034918529820686999 0.00017127123039110731 0.0028407645427883884 0.0019407747564236567 -0.0020897416360153159 -0.0020989206763271625 0.0066691681183018887 -0.0013599004851699141 0.00010270975881363136 0.00051463487347856414 0.0010913269119994661 0.01453739144904611 0.010548545230681374 0.0044821039415446975 -0.0039910794145408181 -0.00084238284904325825 -0.0024861866303931379 -0.00034568414240283884 -0.0075474790147176075 -0.0031750125981804844 -0.0050091947763194478 -0.00011960192538610178 -0.0094240627638017358 -0.02259216804258397 0.0032528536543203006 -0.0018610556079402788 0.00010178466515496363 -0.00027821246324867061 -0.0072827817615175533 0.00032803438196621197 -0.00090156008927201289 0.0045865099451760727 0.014268828281834211 -0.0031653126595518771 -0.0027632313506748309 -0.0010773679449785072 -0.011278951830118374 -0.013186851985036085 0.00018014543716487837 -0.00078657149085454984 -0.025832984370085393 -0.0026327458113939565 0.0015546897300565915 0.002104342610579203 -0.0039932542404880712 0.0017298737553965023 -0.0015339079882425194 -0.017652239953781717 -0.0054061635355064936 -0.0032959466969768535 0.0028272772008104585 -0.0030521180531007095 0.0032037921574455488 -0.010005618312460019 -0.0067480713575976863 0.017437076420392411 -0.00025724201852460018
leaf_weight=3783.2781677246094 6170.16552734375 3652.7742500305176 12202.931671142578 40561.385633468628 39716.535095214844 434677.3505859375 7896.046142578125 497670.13250732422 90072.610076904297 117416.998046875 31900.60986328125 52885.539642333984 3796.9396171569824 743556.1142578125 47090.4052734375 1975076.1477966309 439797.10288238525 4632.1340637207031 3182.8748912811279 61817.429244995117 38591.269775390625 89218.043479919434 69032.945373535156 337403.28381347656 7962.5647048950195 78388.903442382812 17697.134498596191 115233.94885253906 5823.2203979492188 3153.6159286499023 10446.268142700195 8641.4662628173828 14597.110931396484 1615523.4436035156 17010.858306884766 530424.50415039062 15892.151977539062 7020.2645263671875 4202.2173464298248 3359.8239305019379 25508.288558959961 22957.845306396484 6455.6036376953125 3299.6377258300781 576827.91748046875 66934.909576416016 2116.7798919677734 28553.83659362793 325253.73009568453 45530.0068359375 19998.799774169922 15136.558883666992 32266.497436523438 3406.7671966552734 8725.8394165039062 3856.4831390380859 33878.941009521484 73320.230850219727 42841.861419677734 8870.5966491699219 3840.4223194122314 2759.4918212890625 160438.42678833008
leaf_count=1230 1506 1265 5089 14962 12424 190384 2739 190454 36069 41799 13099 24193 1534 242558 16684 700913 147390 1409 941 26683 9097 23882 26231 127508 2155 28363 7606 50063 2146 839 4242 1992 5641 578424 6371 189615 7168 1726 1446 1203 13954 6570 1849 1646 228932 30492 1066 11223 118402 17655 7790 5887 12024 1173 3329 1339 11992 27986 18030 1810 1607 1282 56313
internal_value=4.92744e-06 0.000381351 0.00426891 0.00297318 -0.000552909 -0.00114124 0.000333055 -0.000308403 0.000514029 0.00290712 0.000436313 -3.02095e-05 0.0145853 -0.000893272 0.000570642 0.000725111 0.00150284 0.00341324 0.0107138 0.00226143 -0.00125996 -0.00261423 -0.00382762 -0.000797627 -0.00139213 -0.00256475 -0.000235775 -0.00149207 -0.00389944 -0.00767335 -0.00214412 0.00370354 -0.000132777 -0.000347248 -0.00387526 0.0004986 0.00360906 0.00903568 0.00772868 0.00352041 -0.000474656 -0.00129273 -0.00363031 -0.00275121 -0.000110291 -0.00188172 -0.00453531 -0.00105606 0.000709424 0.00087145 -0.000112008 -0.000673058 -0.00138672 -0.00282872 0.000876874 -0.010066 0.000700082 -0.00223393 0.00171043 -0.00511613 0.000995323 0.00883371 -0.000671386
internal_weight=9.11996e+06 5.44543e+06 66813.9 59364.2 3.67453e+06 1.28698e+06 5.37861e+06 1.18355e+06 4.19506e+06 131945 4.06312e+06 1.55354e+06 7449.71 1.17823e+06 615219 2.50958e+06 534502 94704.7 14528.2 117549 568331 144642 108749 423688 97180.6 86284.9 2.38755e+06 180908 65674.1 20850.8 44823.3 70458.9 2.20664e+06 1.64713e+06 31608 559507 29082.6 13190.4 10744.9 6542.7 970420 299032 62640.8 56185.2 671388 94560 27625.1 39000.1 583122 551221 225967 236391 161865 95720 74525.5 7263.25 66145.4 88456.8 65799.7 47461.9 44401.8 14962.4 180437
internal_count=3331394 1993227 25739 22940 1338167 471597 1967488 431367 1536121 46619 1489502 603721 2799 432942 235813 885781 184868 37478 4820 45359 195554 36944 38655 158610 26037 31102 866570 76119 26056 8445 17611 28675 790451 590436 12012 200015 10400 3232 3590 2144 390462 116018 27688 25839 274444 45512 15020 15465 213259 200160 81758 88330 60401 36385 27929 2512 24016 33873 24600 10907 16569 6371 64103
cat_boundaries=0 2 4 6 8 10 12 14 16 18 20 22 23 25 27 29 30 32 34 35 36
cat_threshold=2651209880 2 3774952422 75 1090872503 8 3905650856 55 2741814344 53 2718203904 14 134611993 16 2183281540 14 641796001 9 2717913376 57 74016281 4 4358144 100918700 97 637534272 65 269484544 2 8389128 2162690304 32 405805824 18 4198656 2282229768
is_linear=0
shrinkage=0.03


Tree=28
num_leaves=64
num_cat=21
split_feature=5 10 3 3 5 2 0 4 1 1 2 18 0 1 7 1 1 5 0 2 1 1 10 0 1 2 1 1 19 10 1 10 1 0 1 10 1 0 3 11 10 1 18 10 1 1 8 0 1 15 19 15 4 3 18 11 15 11 17 1 4 1 2
split_gain=2049.84 1213.81 994.118 990.734 843.735 774.718 654.43 626.75 577.916 533.871 531.155 967.436 553.922 532.314 461.255 456.23 446.669 442.216 432.526 432.005 396.019 384.225 367.925 435.322 590.384 575.678 342.021 337.142 335.473 327.504 695.676 308.206 307.56 288.171 276.046 280.835 271.884 269.983 264.963 263.113 257.877 564.564 250.255 243.703 491.251 234.774 242.328 230.481 274.447 255.531 238.331 229.723 250.798 310.284 244.65 242.416 375.09 229.755 228.968 221.09 219.786 241.293 221.14
threshold=0.276303380727768 2.0446702241897587 1.2205229401588442 -0.23420412838459012 -1.9876974821090696 -1.3648050427436826 644.50000000000011 -0.13379042595624921 0 1 -1.3648050427436826 -1.5294928550720213 172.50000000000003 2 -2.0705847740173335 3 4 1.6610938906669619 789.50000000000011 -1.3648050427436826 5 6 -0.13103542476892469 217.50000000000003 7 -0.74895048141479481 8 9 0.6901068687438966 -1.0245386958122251 10 -2.4664380550384517 11 97.500000000000014 12 -1.8589775562286375 13 760.50000000000011 -0.76653623580932606 1.9463328719139101 -2.4664380550384517 14 -0.76156345009803761 2.0446702241897587 15 16 0.74719053506851207 202.50000000000003 17 -1.1032619476318357 0.29838812351226812 1.2796644568443301 -0.84932526946067799 -1.2063708901405332 -2.0651226043701167 1.9463328719139101 -0.83718565106391896 0.63976013660430919 18 19 -2.066596150398254 20 -1.1162397265434263
decision_type=2 2 2 2 2 2 2 2 1 1 2 2 2 1 2 1 1 2 2 2 1 1 2 2 1 2 1 1 2 2 1 2 1 2 1 2 1 2 2 2 2 1 2 2 1 1 2 2 1 2 2 2 2 2 2 2 2 2 1 1 2 1 2
left_child=1 3 6 10 14 7 27 17 18 38 11 13 -13 -1 -3 51 -9 -4 29 26 -16 -21 23 24 -10 -26 -8 -2 -25 30 31 -5 -19 36 -20 -36 -27 42 -6 47 41 -29 -14 -7 -45 46 -30 48 50 -49 -32 52 55 -54 -55 -12 -57 -53 -35 -39 61 -42 -62
right_child=2 4 5 8 9 43 19 16 22 -11 15 12 37 -15 20 -17 -18 32 34 21 -22 -23 -24 28 25 33 -28 40 45 -31 39 -33 -34 58 35 -37 -38 59 -40 -41 60 -43 -44 44 -46 -47 -48 49 -50 -51 -52 57 53 54 -56 56 -58 -59 -60 -61 62 -63 -64
leaf_value=0.018371892152680695 0.00036047809189234791 0.022683005679883367 -0.0030196170595723645 -0.012585516589192717 0.015552749362069076 -0.0019403641396344325 -0.0082154580586859295 0.0083561631679334274 0.0054670953755418233 0.0012953973354826161 5.1228093516577238e-05 0.012250434562449976 0.010307221416767515 0.0060549941886062801 0.01508140282639792 0.00036923481919153559 -0.0050092955635279686 -0.019146026184057165 -0.00042497059698953191 -0.0013771114986696792 0.000779431470258107 -0.000268281496024077 -5.8094656009031273e-05 0.00064523910259720496 0.011576198228133059 3.3604476315442328e-05 -0.002385173397183651 -0.011545388898728163 0.005068811306716524 -9.2257530285046879e-05 1.4526327530787622e-05 -0.0043823947645481136 -0.0096652789948765607 -0.0052557561996091897 -0.0097610870954593209 -0.0023094011677462735 0.0070879572650727812 0.002893226038251622 0.0057890597691647424 0.006688766457186651 0.0031843766134095381 -0.00035456311701795117 0.0014725654018079852 -0.0054922598375254442 0.0093259610538822795 -0.0034834287421714231 -0.0016914939015226101 -0.0045980950785265481 -0.0017130620861347512 0.00024325016130099454 0.011334988137921966 0.0026296311325568491 0.0029719959274414412 0.0045097681096147079 0.001048938059468305 -0.00056869530776692092 0.011447331656343391 0.0097306676007179252 0.00034150178104711308 -0.0042359789996599647 0.0012453544422104041 -0.00033243760799878108 -0.00053251923752560722
leaf_weight=4998.3384246826172 841384.708984375 2839.6727905273438 5648.8023121356964 4944.05517578125 3223.0318145751953 219515.30859375 11012.623382568359 3177.498352766037 38183.6796875 42718.795654296875 196563.40881347656 4008.1589576005936 3287.9583559036255 8653.9965362548828 3685.1073684692383 1278894.4926147461 7612.8514347076416 4784.306568145752 89587.5791015625 592489.20031738281 3308.852653503418 535438.94226074219 1157557.1617423296 648621.86865234375 4520.4241256713867 9036.4198608398438 50894.165679931641 5919.0663452148438 7200.7437973022461 875804.63458251953 2783.4221343994141 24754.85009765625 8954.317699432373 7211.8454513549805 4708.4884033203125 133204.25769042969 10786.55574798584 5546.1189403533936 11175.37565612793 4707.9196014404297 32333.513687133789 12843.352111816406 23353.318891406059 3387.6826438903809 4924.3339576721191 31533.926147460938 14125.369117736816 17296.1500415802 6606.9687232971191 22665.818323135376 4193.4548187255859 19735.070739746094 104878.1328125 19098.984008789062 487845.69219970703 5061.3479309082031 4339.6803894042969 5173.6642456054688 73200.702568054199 13236.402862548828 66355.996708869934 38404.733276367188 1231041.2206830978
leaf_count=1536 316606 1072 2027 2837 1197 88869 4367 873 11485 17113 69544 1445 1087 2841 1237 495108 2917 1420 46988 187140 1213 223295 378220 215806 1480 2837 17584 2638 4079 365896 1013 13594 3052 3199 1772 46826 3960 2318 3883 1210 10288 4651 7960 1322 2030 11571 4899 9181 2716 6682 1820 5380 40243 6076 163238 1507 810 1179 24738 4291 22789 13414 432909
internal_value=-4.81999e-06 0.000364721 -0.000552162 0.000314741 0.00437908 -0.00234781 -0.000416621 -0.00686431 -2.20584e-05 0.00298108 0.000807023 0.00351966 0.0015668 0.0105874 0.0124935 0.000726356 -0.00106834 -0.010089 -0.000545251 -0.000984688 0.00834317 -0.000850757 0.000289264 0.000765434 0.00227437 0.00110978 -0.00342462 -0.000113288 0.000457947 -0.000267516 -0.00201258 -0.00574794 -0.0129936 0.000637326 -0.00172181 -0.00256397 0.0038766 0.000622839 0.00797373 -0.000106883 -0.000400707 -0.00389346 0.00256463 -0.00174942 0.00329152 -0.00184007 0.000591493 -0.000704967 0.00267029 -0.00185247 0.00681218 0.00126831 0.00118186 0.00148668 0.00117937 0.000276369 0.00498125 0.00410621 -0.000161398 -0.00213137 -0.000352796 0.00127557 -0.000441585
internal_weight=9.12098e+06 5.44486e+06 3.67612e+06 5.37791e+06 66950.8 258005 3.41812e+06 30177.8 3.19324e+06 57117.2 2.18467e+06 63084.3 49432 13652.3 9833.63 2.12159e+06 10790.3 19387.4 1.19126e+06 1.18983e+06 6993.96 1.12793e+06 2.00198e+06 844422 142940 104756 61906.8 2.22828e+06 701482 963757 87952.6 29698.9 13738.6 100236 227500 137913 19823 45423.8 14398.4 58253.7 1.3869e+06 18762.4 26641.3 227827 8312.02 52860 21326.1 53545.8 13583.8 39962 6976.88 842696 817787 611823 506945 205964 9401.03 24908.7 80412.5 18782.5 1.36814e+06 70738.2 1.2974e+06
internal_count=3331278 1993087 1338191 1967372 25715 102510 1235681 10289 1162809 22193 804563 21478 17101 4377 3522 783085 3790 6499 500535 432386 2450 410435 662274 284054 47699 36214 21951 803295 236355 404949 39053 16431 4472 34734 95586 48598 6797 15656 5080 22622 486689 7289 9047 92221 3352 20549 8978 21412 5549 15863 2833 287977 281418 209557 169314 71861 2317 6559 27937 6609 479400 23702 455698
cat_boundaries=0 2 3 5 7 9 11 13 15 17 19 21 23 25 26 27 29 31 33 34 36 38
cat_threshold=3845141440 27 2584625304 3494567976 2 201694337 29 102238233 4 793812028 70 1485974439 74 65543 4 1075852100 2 2334527778 59 2752512064 16 2450006378 1 87032128 18 13254696 1682965697 26451143 40 12633113 64 1090519680 2 131080 2289487889 15 536912597 64
is_linear=0
shrinkage=0.03


Tree=29
num_leaves=64
num_cat=19
split_feature=7 3 3 3 2 2 5 1 5 4 1 1 2 5 1 6 1 4 19 1 14 1 1 1 19 1 18 5 3 2 15 6 6 1 1 1 1 6 1 9 15 9 12 15 1 4 1 18 19 18 2 3 2 1 18 2 19 4 18 14 19 16 1
split_gain=1942.69 1389.28 1174.17 892.32 754.728 708.737 592.643 466.424 451.673 434.245 349.587 331.286 325.743 597.068 362.201 317.636 307.694 289.98 287.865 267.885 267.085 292.828 262.11 252.22 244.258 249.45 237.493 235.348 229.585 226.957 218.379 1178.46 221.093 213.743 208.932 206.125 206.108 204.015 203.995 201.758 194.663 1220.35 186.348 184.576 731.628 260.151 174.921 173.623 166.34 166.114 205.788 164.385 162.532 157.009 147.237 147.154 192.244 146.454 179.359 145.346 140.063 363.168 230.375
threshold=-0.75082522630691517 0.21928988397121432 -1.7904666066169737 1.8029391169548037 0.18693338334560397 -1.1162397265434263 0.045126419514417655 0 0.51314294338226329 -0.13379042595624921 1 2 -0.95707347989082325 -1.9876974821090696 3 -2.1526650190353389 4 -2.066596150398254 0.05331165902316571 5 0.72120228409767162 6 7 8 1.320500433444977 9 -1.1163759827613828 -2.2509361505508418 -0.71553316712379444 -1.901797831058502 1.2796644568443301 0.20946202427148822 -0.2439286187291145 10 11 12 13 1.0904705524444582 14 -0.29193235933780665 1.2796644568443301 -0.78595551848411549 -0.67374533414840687 -1.8659238815307615 15 1.123882591724396 16 -1.5294928550720213 0.40057253837585455 2.0829391479492192 -0.53721958398818959 1.3444420695304873 -1.901797831058502 17 -0.37130455672740931 -0.38415426015853876 2.3243991136550908 -2.066596150398254 -0.64184212684631337 0.79738819599151622 0.79499089717865001 0.78038501739501964 18
decision_type=2 2 2 2 2 2 2 1 2 2 1 1 2 2 1 2 1 2 2 1 2 1 1 1 2 1 2 2 2 2 2 2 2 1 1 1 1 2 1 2 2 2 2 2 1 2 1 2 2 2 2 2 2 1 2 2 2 2 2 2 2 2 1
left_child=2 6 4 8 7 9 11 27 16 23 24 28 13 19 42 -7 -3 22 34 26 33 59 -10 -5 30 55 -4 -1 60 36 32 -32 39 -20 -14 -17 -13 38 48 46 54 -42 -15 44 -12 -46 -8 -16 -37 57 -51 53 -53 -19 -30 -26 -57 -48 -59 -22 -2 62 -62
right_child=1 3 12 5 -6 15 10 -9 17 -11 43 29 18 14 47 35 -18 51 20 -21 21 -23 -24 -25 25 -27 -28 -29 40 -31 31 -33 -34 -35 -36 37 -38 -39 -40 -41 41 -43 -44 -45 45 -47 49 -49 -50 50 -52 52 -54 -55 -56 56 -58 58 -60 -61 61 -63 -64
leaf_value=0.022472741482663299 0.0017012441412436405 0.00013939319326635265 0.01655170754307991 -0.015326134296072106 0.00074730076867333245 -0.012443812313621799 -0.0016475120877286085 0.0062758449014097524 -0.0017943414743657742 -9.3404746558188467e-05 -0.014882432143898712 0.0071151572107400534 0.00045232586856669459 0.0020647058586457105 0.0047153335544432287 0.003664010465150992 -0.00065817955434516943 3.9142202357263716e-05 0.0010388461394140039 0.0034488728307681478 -0.010652409050343368 -0.00055313273282026889 0.0025451038835455804 -0.0076078138160819283 0.00069030001468196737 0.00050667257253128768 0.0069761277950858508 0.011950373259601349 0.00096947029604463526 9.757481749691635e-05 -0.00028816924819422072 0.01920067754888221 -0.0004634943109544524 -0.00031050698923145483 0.001366585312079811 -0.0030413583827713056 0.00043102931053938488 0.0050166660830235198 -0.0017133316704772592 0.00203548512696168 0.020252122322617166 0.00087085468547155214 0.0058859434565690242 -0.00041597883023081862 -0.0003763137798868641 -0.0091436815995590351 0.0031215585203263839 -0.00026789407617839478 -0.0091518766164110591 0.0125823705637341 0.0021686341312210722 -0.0080151465687089366 -0.0021444115478536675 -0.0012112107398488474 8.4989101687251077e-05 -0.0044287278382740018 -0.013493944824706072 0.001883408997233927 -8.0688617931972288e-06 -0.0037662753654049627 0.0041009899806837297 -0.0090501566251763102 -0.0018485354488145997
leaf_weight=2982.6162109375 303003.34619140625 779955.93896484375 3663.4058532714844 6528.3757705688477 11852.851196289062 2635.1434745788574 33236.5009765625 11027.597366333008 19181.528198242188 4347.5988495349884 3847.52587890625 7934.065673828125 371628.00729370117 32150.217445373535 6889.556884765625 5621.6604309082031 985229.33471679688 101022.33966064453 208690.38272094727 9678.4550170898438 3715.9423217773438 39894.256408691406 36054.985473632812 9393.0258681774139 2655.4727478027344 11883.442260742188 6434.6239929199219 5400.8043670654297 292165.88323974609 1271496.919921875 13181.206293821335 3537.9770812988281 198547.03870129585 213965.91821289062 570157.00952148438 9801.3296909332275 8708.905029296875 3269.9765930175781 51298.285226821899 87100.256573975086 3252.8808517456055 28527.374885559082 17872.914085388184 1485157.7138671875 33892.861358642578 3341.8315124511719 18264.997192382812 72063.033386230469 6789.3697204589844 2179.8495483398438 7836.6732025146484 4474.50439453125 81109.115234375 859066.71429443359 403072.76187181473 6731.3477478027344 3064.4452514648438 55754.486251831055 236446.70070141554 10710.28271484375 10740.38427734375 3868.2437896728516 12850.205429077148
leaf_count=951 109326 258068 1062 1996 4778 1149 10005 4325 6645 1530 1431 2251 146088 12457 2235 1557 394855 50866 77419 3786 1012 11073 12735 3483 986 7710 1964 1956 98733 469624 3915 987 60765 98080 196694 4299 3351 644 22192 32402 1214 10504 6825 496923 16234 1511 8784 24740 2834 1113 4071 1520 32719 292593 135942 2513 1274 28406 121376 2880 5384 951 4745
internal_value=6.95871e-06 -0.000194991 0.000956599 -0.000700242 0.00671288 -0.00349042 0.000134178 0.0103545 -0.000603192 -0.00849688 -0.000218733 0.00046618 0.00084177 0.00217735 0.00143295 -0.00221219 -0.000305772 -0.00108007 0.000701732 0.00703049 0.000101265 -0.00187884 0.00103829 -0.0107908 0.000346791 -0.00260427 0.0104461 0.0156864 0.000859671 0.000143139 0.000456273 0.00384041 0.00036775 0.00035577 0.00100584 -0.00186025 0.00362321 -0.00229709 -0.00265005 0.000742147 0.000561652 0.00285751 0.00342977 -0.000470851 -0.00245435 -0.001164 0.000423649 0.000167202 -0.00554062 0.000638498 0.00444007 -0.00119197 -0.0024518 -0.00107966 0.000456686 -0.0055683 -0.00727006 0.0005158 0.000352867 -0.00553926 0.00151532 -0.000536252 0.000861429
internal_weight=9.11684e+06 7.51806e+06 1.59878e+06 2.96578e+06 31263.9 99684.8 4.55228e+06 19411 2.86609e+06 20269 2.20666e+06 2.34562e+06 1.56751e+06 148752 128976 79415.8 1.76519e+06 1.10091e+06 1.41876e+06 19776.5 476977 54320.5 55236.5 15921.4 680420 24334.7 10098 8383.42 1.05748e+06 1.28814e+06 656086 16719.2 639367 422656 941785 76780.6 16643 71159 67889 440819 727019 31780.3 50023.1 1.52624e+06 41082.2 37234.7 353719 78952.6 16590.7 320483 10016.5 1.04567e+06 85583.6 960089 695239 12451.3 9795.79 310466 292201 14426.2 330462 27458.8 23590.6
internal_count=3330441 2732116 598325 1089685 12010 39684 1642431 7232 1050001 7009 800406 842025 586315 53069 46257 32675 652923 397078 533246 6812 190464 14965 19380 5479 284307 12483 3026 2907 366799 475226 271824 4902 266922 175499 342782 31526 5602 29969 29325 206157 246393 11718 19282 516099 19176 17745 173755 26975 7133 163750 5184 377698 34239 343459 234675 4773 3787 158566 149782 3892 120406 11080 10129
cat_boundaries=0 1 3 5 7 9 11 13 15 17 19 21 23 25 27 29 30 32 34 36
cat_threshold=2680860685 2938376224 53 512072849 13 4015816728 20 170789951 36 3797481504 100 1644167202 1 1155141642 21 2525634850 18 570429472 1 1074297247 63 4056031580 66 526384 4 3225952292 18 355534347 16 1073741824 4096 20 51642376 32 67376272 13
is_linear=0
shrinkage=0.03


Tree=30
num_leaves=64
num_cat=21
split_feature=5 3 10 2 2 0 1 1 5 2 0 18 1 1 1 1 1 0 1 15 8 19 1 18 6 1 14 2 0 2 15 1 8 0 1 1 0 1 0 10 19 8 1 16 19 1 19 1 1 2 16 16 10 10 1 6 19 16 1 19 11 1 10
split_gain=1895.71 1096.5 1079.88 791.898 763.139 678.181 503.467 488.246 483.09 916.247 491.41 763.676 625.43 482.447 451.891 419.59 403.413 438.791 386.853 471.883 4326.93 326.312 403.334 429.453 501.367 322.397 319.662 292.358 510.13 291.036 442.763 1495.32 387.419 290.842 301.654 275.32 271.849 331.905 264.907 352.454 254.996 247.674 242.683 240.91 238.365 487.689 244.806 238.175 235.215 232.19 231.337 297.973 312.015 230.288 377.828 226.947 224.718 400.887 232.703 224.208 220.846 217.217 236.029
threshold=-0.53267976641654957 0.79618617892265331 2.0446702241897587 -1.901797831058502 -1.901797831058502 644.50000000000011 0 1 -2.2509361505508418 -0.84132790565490712 172.50000000000003 -1.5294928550720213 2 3 4 5 6 775.50000000000011 7 1.2796644568443301 1.2673923969268801 1.320500433444977 8 -1.8438284397125242 -0.65374013781547535 9 0.20356910675764087 -1.3648050427436826 789.50000000000011 -0.84132790565490712 -1.8659238815307615 10 5.9833793640136728 644.50000000000011 11 12 929.50000000000011 13 157.50000000000003 -0.39462289214134211 -0.11680612713098525 1.1615628600120547 14 0.46210296452045446 0.40057253837585455 15 2.3243991136550908 16 17 -0.74895048141479481 0.53758552670478832 1.3521888256073 -0.83188164234161366 2.0446702241897587 18 -0.58523011207580555 0.40057253837585455 0.70798438787460338 19 -0.41222314536571497 -0.50659728050231922 20 -0.57349923253059376
decision_type=2 2 2 2 2 2 1 1 2 2 2 2 1 1 1 1 1 2 1 2 2 2 1 2 2 1 2 2 2 2 2 1 2 2 1 1 2 1 2 2 2 2 1 2 2 1 2 1 1 2 2 2 2 2 1 2 2 2 1 2 2 1 2
left_child=2 5 8 15 14 18 -6 27 9 10 -1 12 -12 -11 -4 -3 50 21 29 44 -21 -18 41 -24 25 -25 48 28 -7 -2 31 -31 -33 35 -35 -5 -9 43 -27 -40 -37 -23 -30 -38 61 -46 -47 -13 -19 -36 -10 52 -52 -42 -55 60 -28 58 -58 -17 -48 -20 -63
right_child=1 3 4 33 6 7 -8 36 16 13 11 47 -14 -15 -16 59 17 26 19 20 -22 22 23 24 -26 38 56 -29 42 30 -32 32 -34 34 49 40 37 -39 39 -41 53 -43 -44 -45 45 46 55 -49 -50 -51 51 -53 -54 54 -56 -57 57 -59 -60 -61 -62 62 -64
leaf_value=0.018177027756067547 0.0011702440774610213 -0.01142885560156562 0.022705280735420406 0.00031742255454748745 0.0084295771961242685 0.00040198054011341956 0.001260331988590376 -0.00032497915220422056 0.00085263168724144839 -0.0010007648352215015 0.019719329982551766 0.0063056496060733911 0.0056396511364051284 0.0029445911432825203 0.0060629290495695862 -0.0074064334135746498 0.00056822911580820955 0.0020415020686924187 0.00015587380193872401 -0.00085193387455445894 0.031637251616774414 0.012283524222892726 -0.014598055202964529 -0.0011463439993693808 0.0008373190951889599 -0.016428396807867895 -0.00095349948702934081 -0.0010523223161172089 -0.0026342183886333376 -0.021592862867658224 -0.00022054312451603972 -0.00057436943871220917 -0.010775144636891358 -0.00067554099191752097 -0.0053436053494710246 -0.00043700572626224085 -0.00017089524671588102 0.002438163169756054 -0.01270878900793971 -0.0001186849058040836 -0.0020892018050039209 0.001037924593924894 -0.010554136783446575 -0.0075821721967204965 0.00072403421387801385 -0.0015070309974211094 -0.0041349078044957124 -0.00095995406395276795 -0.00037264587464911096 -0.0021668749293788088 0.011026963189413852 -0.00044510839744923817 0.0032114433553514401 -0.0047102186128653066 0.0098691452255604585 -0.001642682662092401 -0.0066380712922607683 -0.0078746046965267151 0.00038732156706840074 -0.00092802922507675793 -0.017571261601464678 0.002163408307368156 0.000664353388414778
leaf_weight=3029.166079044342 130770.904296875 9130.3516693115234 3267.561206817627 175254.12739562988 13392.46163892746 12146.358093261719 25784.86257982254 866246.232421875 1020448.095916748 56039.631744384766 4816.8762664794922 6228.5878295898438 6968.4204912185669 55517.052337646484 2710.911449432373 8284.4441871643066 1226313.4285583496 52006.36865234375 709396.6103515625 23067.523681640625 4386.633544921875 2243.5449771881104 2740.1276550292969 7697.9635331630707 21184.434274196625 3197.9367995262146 218545.00708007812 742205.1142578125 5357.7773742675781 3674.195068359375 1569092.4025095701 34004.291229248047 3712.2576293945312 127502.69583129883 23638.05908203125 240343.00268554688 25935.737678527832 71119.10693359375 3873.2004203796387 4134.9248421192169 188330.78688049316 8161.3789730072021 10078.984649658203 4651.110466003418 142090.267578125 108761.01080703735 2021.7580370903015 11608.821403980255 120356.87701416016 166979.9892578125 6237.4639587402344 12561.251953125 17471.899932861328 2783.1817092895508 3728.8720016479492 4033.5626549720764 5497.8099327087402 12413.134582519531 18425.751041412354 11451.63578414917 2422.7125110626221 111466.51440429688 622083.41912460327
leaf_count=987 45513 3250 1165 70350 5345 3566 9376 348018 329883 18486 1401 2267 2435 21584 1087 2679 476064 33210 235368 6539 1508 1495 1150 4111 8361 1486 68392 230716 1675 1461 569337 17370 1589 53403 8621 90672 10540 29042 1790 1767 76573 3795 2724 1310 53464 47297 1484 3870 52835 63343 1202 2053 3426 1163 1573 1734 1737 3569 7533 4084 1268 40910 230537
internal_value=1.04482e-05 -0.00028888 0.000635501 -0.00122199 0.00523893 -0.000117363 0.00371432 -0.000601158 0.000564002 0.00225673 0.00667636 0.00549745 0.0114217 0.00096289 0.0152183 -0.00611498 0.000475667 0.000190457 0.000124848 0.000442614 0.00434401 0.00046841 -0.0018309 -0.00311763 -0.00233198 -0.00588287 -0.00064197 -0.00116503 -0.00419752 -0.000190816 -0.000301338 -0.00336383 -0.00157926 -0.00106984 -0.00180532 -0.000686551 -0.000152705 0.00131451 -0.00912549 -0.00621213 -0.00109084 0.00346415 -0.00781558 -0.0012985 0.000379683 -0.000457699 -0.0018898 0.00158115 0.000355899 -0.00256081 0.000936318 0.00329059 0.00526944 -0.00189739 0.00364716 -0.00679857 -0.00131677 -0.00350121 -0.00123083 -0.00364675 -0.0114707 0.00053018 0.000892143
internal_weight=9.11903e+06 6.16615e+06 2.95287e+06 957427 45155.8 5.20872e+06 39177.3 1.73774e+06 2.90772e+06 144209 32651.9 29622.7 11785.3 111557 5978.47 28866.4 2.76351e+06 1.70679e+06 3.47098e+06 1.72973e+06 27454.2 1.27955e+06 53233.5 42828.6 40088.5 18904 427245 769788 27583.1 1.74125e+06 1.61048e+06 41390.7 37716.5 928561 318121 610440 967952 101706 11206.1 8008.13 435186 10404.9 15436.8 30586.8 1.70228e+06 259329 117239 17837.4 172363 190618 1.05672e+06 36270.6 23709.4 194843 6512.05 8478.03 254882 36336.7 23923.6 19736.1 4444.47 1.44295e+06 733550
internal_count=3330543 2258681 1071862 375711 16973 1882970 14721 627591 1054889 51030 10960 9973 3836 40070 2252 10013 1003859 667295 1255379 620109 8047 500019 23955 18665 17515 9154 167276 238681 7965 635270 589757 20420 18959 365698 125367 240331 388910 40892 5043 3557 169981 5290 4399 11850 612062 105247 51783 6137 86045 71964 336564 6681 4628 79309 2736 4486 81231 12839 9270 6763 2752 506815 271447
cat_boundaries=0 2 4 6 8 10 12 14 16 18 20 21 23 25 26 28 30 32 34 36 38 40
cat_threshold=2651242648 76 3221236663 74 2449666344 66 3815387444 65 3905472564 53 2416092039 35 147623061 4 1423624029 64 16973898 8 3288342784 34 1073741824 388761049 37 3792709692 34 588709888 2147483667 66 2298755202 2 2920342532 67 103809290 50 25269506 28 50397194 64 18950274 6
is_linear=0
shrinkage=0.03


Tree=31
num_leaves=64
num_cat=15
split_feature=7 5 0 1 10 5 0 4 10 1 10 1 19 1 1 10 4 1 19 0 1 6 0 1 14 9 15 13 18 1 5 19 1 19 1 16 19 1 4 4 8 6 4 10 1 8 4 18 1 0 13 8 16 0 1 14 14 9 16 14 15 16 19
split_gain=1866.46 1311.52 730.588 823.663 712.323 856.44 632.424 444.683 436.463 562.136 454.24 418.993 400.489 399.13 395.828 387.747 376.717 384.523 342.42 352.842 585.8 404.943 312.937 372.15 359.017 355.774 383.443 320.048 347.148 300.075 296.126 339.239 456.911 293.262 414.615 293.095 409.623 359.129 355.972 285.438 274.283 302.974 596 272.865 732.306 308.402 289.321 271.589 269.251 265.57 265.472 472.388 264.625 261.637 258.039 255.686 250.41 247.803 289.869 247.055 1333.31 247.709 254.966
threshold=-0.63473242521286 0.51314294338226329 775.50000000000011 0 2.0446702241897587 -2.2509361505508418 803.50000000000011 -2.3358898162841792 1.5670744776725771 1 0.10259702429175378 2 -0.19481515884399411 3 4 2.0446702241897587 -2.066596150398254 5 0.025464545935392383 157.50000000000003 6 -1.7492431998252866 187.50000000000003 7 0.47087781131267553 -0.84132489562034596 1.2796644568443301 -0.54402023553848255 -0.58510729670524586 8 -2.2509361505508418 -0.7596001625061034 9 0.6901068687438966 10 0.70798438787460338 0.45825855433940893 11 -0.28588008880615229 0.63682281970977794 1.7532526850700381 0.87857258319854747 -0.97329071164131153 -1.8589775562286375 12 1.8103517293930056 -0.80504435300827015 2.0829391479492192 13 112.50000000000001 -0.85125407576560963 2.7201130390167241 0.94121596217155468 929.50000000000011 14 1.0573982596397402 0.79738819599151622 -0.60418492555618275 -1.0000000180025095e-35 -0.16810990124940869 1.2796644568443301 0.58054399490356456 0.6901068687438966
decision_type=2 2 2 1 2 2 2 2 2 1 2 1 2 1 1 2 2 1 2 2 1 2 2 1 2 2 2 2 2 1 2 2 1 2 1 2 2 1 2 2 2 2 2 2 1 2 2 2 1 2 2 2 2 2 1 2 2 2 2 2 2 2 2
left_child=4 2 8 15 12 -6 16 48 10 49 11 22 30 -7 -8 53 29 55 -12 20 21 -20 23 25 59 -2 27 -27 39 -3 31 32 -1 -13 50 -9 37 56 54 -29 -26 -42 -43 44 45 46 -14 -23 -5 -10 51 -35 -46 -4 -38 -18 -37 -48 -59 60 -24 62 -61
right_child=1 6 3 7 5 13 14 35 9 -11 18 33 43 -15 -16 -17 17 -19 19 -21 -22 47 24 -25 40 26 -28 28 -30 -31 -32 -33 -34 34 -36 36 38 -39 -40 -41 41 42 -44 -45 52 -47 57 -49 -50 -51 -52 -53 -54 -55 -56 -57 -58 58 -60 61 -62 -63 -64
leaf_value=0.018148804884590551 0.010594720535200421 0.0030955796400039689 -7.2544311513543776e-05 0.0017429179008372536 0.020696222045204014 -8.1943753251994136e-06 -0.0026579245698923298 -0.00078654462885397337 0.013179368816487241 -3.7518722800099181e-05 9.9270797011869944e-05 0.00019799448181462791 -0.002263981640485465 0.0070332919943183157 -0.00085047238079577622 0.0079137179534423899 -0.0003838407488491327 -0.0010519670595632085 -0.016101513161332084 -0.00049672635316005661 -0.00047035603863440916 -0.0059533559143750544 0.00089618505432954181 0.00067762533594205201 0.0033482794108015833 0.0098665816707243139 0.012682196576541785 0.0093585254434923153 0.00096481229026890299 -0.00013336442903691856 0.0011232741543572096 0.0024216064095523323 0.0029538168279449285 -0.0058843814652004304 -0.00071824379912507376 -0.0014517348731490985 -0.009210874453303616 -0.0012078222051068947 -0.012048308934568139 0.000663036715971731 0.00083992049660900107 0.013005261505110402 0.00071430069697683536 0.00049228019036452937 -0.0029738007639233078 -0.0020189396641111666 0.0025250106879124729 0.0011825859566599291 -0.0073244493764510624 0.004311670580861595 -0.0012854012368906447 -0.022985803655475336 -0.01051457872431958 0.00199065113864516 0.00095662430119794852 0.0011686266978476391 -0.0088271031947094701 0.0030766006221220298 0.015539698440892749 0.00023905322335012486 0.019429413191229056 0.0049987020731625444 -0.0021965081866577598
leaf_weight=3209.7332305908203 5770.3011474609375 43940.787841796875 293731.60311889648 3574.6676635742188 2943.081787109375 13673.671228408813 228629.80029296875 393642.95358276367 3324.578857421875 38868.7998046875 966628.908203125 955474.96459960938 3839.5851421356201 15406.805578231812 208550.23291015625 6143.12890625 878956.67877197266 991020.49688720703 3035.2088928222656 317093.13525390625 45348.206665039062 26108.814025878906 42265.19465637207 93058.684326171875 58338.38916015625 4928.2871894836426 3446.1309356689453 9147.9657998085022 59837.444461107254 63075.699462890625 863160.57852935791 26918.9716796875 4014.6974334716797 6608.450865983963 80454.980346679688 6952.0116882324219 3691.0583801269531 117993.73324584961 6835.9097008705139 5404.484046459198 258745.65203857422 5570.260009765625 9779.9087524414062 892587.23787689209 40024.459686279297 8568.012264251709 5856.1632223129272 5879.3441467285156 16774.757141113281 35098.255126953125 5715.061341047287 1860.8922119140625 4674.3287048339844 68146.854888916016 5703.495053768158 107108.68469238281 10257.518035888672 2697.2510886192322 4459.3444228172302 665169.68319702148 3803.4533538818359 9398.90576171875 41067.139007568359
leaf_count=966 1940 15793 116091 1225 1095 4939 65632 145355 1261 16459 342508 390912 1401 6746 94010 2448 339683 348125 1769 127080 16700 10608 23695 31667 15963 1749 880 2498 17468 21447 310124 9544 1346 4183 38286 1855 1051 32328 1962 1439 66913 1098 1919 342922 17602 2570 2223 2429 4734 12487 2829 935 1315 27288 1531 27234 2404 1243 1524 219019 1268 2380 15524
internal_value=1.33396e-05 -0.000206402 8.96799e-05 -0.00066167 0.0008521 0.00528803 -0.000758417 -0.0013806 0.000275851 0.00250692 0.000229114 0.000484023 0.000775713 0.00372536 -0.00179581 0.000442924 -0.000540801 -0.000634641 -0.000205518 -0.000946754 -0.00272212 -0.00563548 0.000849338 0.00200267 0.00065792 0.00339484 0.00289267 0.00246657 0.0019757 0.00119279 0.00123168 0.0039717 0.00974185 4.02094e-05 -0.0015527 -0.00121804 -0.00233962 -0.00179887 -0.00684224 0.00613053 0.0014805 0.00108291 0.00517722 0.000350718 -0.00145122 0.0026135 0.00497016 -0.00464181 -0.00573434 0.00507925 -0.00627897 -0.00965327 -0.00376262 0.000316007 -0.00304968 -0.000215201 -0.00584562 0.00710474 0.0108479 0.000298909 0.00242824 0.000161819 9.74126e-05
internal_weight=9.114e+06 7.22196e+06 4.70068e+06 933448 1.89203e+06 32023.6 2.52128e+06 565426 3.76723e+06 77291.6 3.68994e+06 2.32585e+06 1.86001e+06 29080.5 437180 368022 2.0841e+06 1.97709e+06 1.36409e+06 397465 80371.6 35023.4 1.27573e+06 181593 1.09414e+06 88534.6 82764.3 79318.2 74389.9 107016 897304 34143.4 7224.43 1.05011e+06 94639.4 545077 151434 135203 16230.5 14552.4 332434 274096 15350.2 962706 70119.1 25420.4 16852.3 31988.2 20349.4 38422.8 14184.4 8469.34 44698.8 361878 9394.55 986065 17209.5 13012.8 7156.6 761704 46068.6 715636 706237
internal_count=3329622 2624062 1712138 338272 705560 12780 911924 192445 1373866 30207 1343659 842565 692780 11685 159642 145827 752282 715042 501094 158586 31506 14806 405420 57641 347779 25974 24034 23154 21405 37240 321980 11856 2312 437145 46233 186486 41131 36587 4544 3937 85893 69930 3017 370800 27878 8961 6391 13037 5959 13748 7947 5118 18917 143379 2582 366917 4259 4990 2767 261886 24963 236923 234543
cat_boundaries=0 2 4 6 8 10 12 14 16 18 20 22 24 26 27 29
cat_threshold=519867416 36 3725017533 67 34061479 45 814857570 65 3423091619 66 3946582330 51 2807085896 65 100487 4 2871362245 98 2516774950 70 3146240 16 258 1 25797891 98 3221356864 1073742464 3
is_linear=0
shrinkage=0.03


Tree=32
num_leaves=64
num_cat=26
split_feature=7 3 3 10 1 3 2 6 10 10 1 19 1 12 10 19 1 1 4 7 19 1 1 3 1 10 1 18 1 10 1 1 9 18 1 1 14 11 1 16 10 1 1 1 2 1 10 1 3 1 19 1 6 10 1 4 1 1 10 14 14 1 19
split_gain=1795.4 1119.51 920.296 832.203 812.081 606.515 599.372 575.119 407.681 458.778 401.43 384.122 376.218 366.708 364.467 470.221 372.127 368.961 544.02 310.61 307.207 675.296 300.689 288.561 255.221 253.502 265.938 241.576 302.578 332.761 238.52 226.4 225.155 218.872 290.019 218.635 292.957 1039.96 217.435 207.712 212.802 239.104 203.427 195.116 180.942 225.273 179.208 428.481 179.803 240.275 178.619 292.267 224.386 177.074 176.818 175.897 173.874 172.231 286.837 237.112 1579.74 196.91 169.343
threshold=0.02624323591589928 -1.7904666066169737 0.61164435744285595 1.1323674321174624 0 -0.066661357879638658 -1.3648050427436826 -1.0000000180025095e-35 2.0446702241897587 -1.0000000180025095e-35 1 -0.81347149610519398 2 -0.35152915120124811 2.0446702241897587 0.6901068687438966 3 4 1.8258113861083987 -1.0816150307655332 1.0966395139694216 5 6 1.5147508978843691 7 2.0446702241897587 8 1.8487074971199038 9 -1.0245386958122251 10 11 -0.23888704180717465 -0.37130455672740931 12 13 -0.16810990124940869 0.63976013660430919 14 0.70798438787460338 -2.4664380550384517 15 16 17 0.12922331690788272 18 2.0446702241897587 19 1.8029391169548037 20 0.05331165902316571 21 0.63358229398727428 0.24360137432813647 22 1.0205355882644656 23 24 -0.91917148232460011 -0.16810990124940869 -0.17770638316869733 25 2.3243991136550908
decision_type=2 2 2 2 1 2 2 2 2 2 1 2 1 2 2 2 1 1 2 2 2 1 1 2 1 2 1 2 1 2 1 1 2 2 1 1 2 2 1 2 2 1 1 1 2 1 2 1 2 1 2 1 2 2 1 2 1 1 2 2 2 1 2
left_child=1 3 8 11 -5 13 7 12 9 20 -10 22 -4 14 15 35 -16 18 39 25 27 -22 -1 50 -11 -7 -27 32 29 -29 -9 -15 33 -2 -35 36 37 -3 62 40 41 -17 -34 -41 45 -13 48 -48 53 -50 57 52 -52 -8 -46 -51 -55 59 61 60 -21 -59 -23
right_child=2 5 6 4 -6 19 46 30 10 24 -12 44 -14 31 16 17 -18 -19 -20 23 21 38 -24 -25 -26 26 -28 28 -30 -31 -32 -33 42 34 -36 -37 -38 -39 -40 43 -42 -43 -44 -45 54 -47 47 -49 49 55 51 -53 -54 56 -56 -57 -58 58 -60 -61 -62 -63 -64
leaf_value=0.016670508537186556 0.000486119001610836 0.0023310685745438322 -0.0047446604340690918 0.022055298047434772 0.0042992801925285078 0.00059406568456615719 -0.00071597576112573935 -0.011831214538154241 0.0060189737807923504 -0.00016472716034376416 0.00053156175033506096 0.00025490606801248638 0.0022057391632698165 0.0054328770152920714 0.010838836985554299 -0.0006088066866876354 0.00187862935944916 0.00024802060700289695 -0.015389553047102052 -3.2946418571938082e-05 0.0028117363369316133 -0.0038100823810778019 0.0041939995605922336 -0.0018112677429067369 -0.00090093631558672155 -0.0020260401323288543 0.007636115912473874 0.013181738827158573 0.00048874074447393225 0.0032577306134306456 -0.0053219878700127487 0.0017776136868842658 0.0038928005828248835 0.00027863814550946233 -0.00090292815245987231 0.0005079967390644259 0.00098548657141670111 0.021127416429535688 -0.0014755014348910745 -0.0026382256760375273 -0.00085617599876536949 -0.013551880630982643 0.00079374614463715112 -0.011605117565213522 -0.0030368598220194562 0.0061133829387577552 -0.002871093162109031 0.0059888319509937681 0.0019045955046166393 -0.0031386804371601471 -0.0016314260038838041 -0.00014688559818409422 -0.0098786679517017667 -0.00069072202873702887 0.0019616667420409573 -0.0093069527625318071 -0.0021700047871807092 -0.00059081430033381234 5.9723105276285767e-05 0.0005427502802233269 0.025784300285858628 -0.0038576914968824474 -0.0090797868533449861
leaf_weight=2976.7900238037109 571472.81658935547 51441.268859863281 16071.196232557297 4283.3459777832031 5075.3962097167969 464713.69995117188 552667.80996704102 9375.6616973876953 18186.546722412109 753204.38885498047 35230.963043212891 9483.2496185302734 12411.120814561844 18100.124603271484 6098.3231353759766 2529.269237279892 13187.325057983398 110076.32495117188 2819.0931854248047 12394.48779296875 22598.196105957031 23771.930358886719 4216.4523773193359 89332.3212890625 969067.68438720703 3573.7511291503906 9040.5027770996094 3879.0021362304688 30292.104309082031 14035.10888671875 11181.167739868164 96836.685943603516 23471.389343261719 386088.91083145142 362479.26250839233 1377993.7293014526 535657.96942901611 2788.1754760742188 31216.779296875 5547.0401306152344 58975.127529144287 2611.2206308841705 101343.49426269531 3613.3967475891113 9064.7139620780945 15687.517834186554 9392.7223205566406 10270.893402099609 7743.5485534667969 35170.78337097168 116570.73770141602 391106.22912597656 3041.9346618652344 114362.53369140625 21322.959777832031 4716.4803314208984 191006.87875366211 39897.940856933594 964505.68805557489 303725.83447265625 2571.503662109375 28446.571838378906 7137.96923828125
leaf_count=911 204561 28126 6933 1583 1975 180271 210411 2890 7365 307623 12945 3548 4180 8252 2359 1107 5147 44665 903 5629 9803 9582 1584 36794 309282 1201 3873 1666 10180 5511 3289 46140 7073 119143 147812 481683 177123 803 13700 1735 25029 1209 41764 908 4066 6508 3626 4020 2612 14827 50461 149113 1078 43580 8178 2065 70288 13536 347113 93948 1055 12565 3244
internal_value=8.72243e-06 0.000408918 -0.000434144 0.00411852 0.0124615 0.000352206 -0.00124573 -0.00447767 -0.000198332 -0.000240418 0.00240142 0.00287335 -0.00171707 0.000702676 0.000615337 0.000578571 0.00472061 -0.000862489 -0.00246853 2.2028e-05 0.000129145 -0.0016281 0.00939415 -0.000145751 -0.000578976 0.000707999 0.00490345 0.000228867 0.00231791 0.00540667 -0.00830125 0.00235408 0.00015916 4.40009e-05 -0.000293522 0.000714904 0.00119821 0.00329933 -0.00324309 -0.00197075 -0.00136675 -0.00721782 0.00137703 -0.00619522 0.00202833 0.00390918 -0.00107442 0.00175864 -0.00113594 -0.00292996 -6.58516e-05 -0.000543805 -0.00184142 -0.00103634 0.000469987 -0.00386815 -0.00161612 0.000114758 -7.33625e-05 0.000724411 0.00441018 -0.0019514 -0.00502665
internal_weight=9.11715e+06 4.78931e+06 4.32785e+06 72110.4 9358.74 4.7172e+06 974371 49039.1 3.35348e+06 3.30006e+06 53417.5 62751.7 28482.3 2.28828e+06 2.17334e+06 2.15405e+06 19285.6 186171 76095.1 2.42892e+06 1.57779e+06 84724.9 7193.24 1.95159e+06 1.72227e+06 477328 12614.3 1.49306e+06 48206.2 17914.1 20556.8 114937 1.44486e+06 1.32004e+06 748568 1.96788e+06 589887 54229.4 62126.7 73276.1 64115.6 5140.49 124815 9160.44 55558.4 25170.8 925332 19663.6 905668 47630.8 1.86226e+06 510719 119613 858037 30387.7 39887.3 305369 1.35154e+06 1.03285e+06 318692 14966 68344.5 30909.9
internal_count=3330154 1750179 1579975 28353 3558 1721826 368721 17292 1211254 1190944 20310 24795 11113 825189 770797 763291 7506 75556 30891 896637 574039 36329 2495 711292 616905 185345 5074 537710 17357 7177 6179 54392 520353 471516 266955 687735 206052 28929 26526 29988 27345 2316 48837 2643 22300 10056 351429 7646 343783 19504 674498 200652 51539 324279 12244 16892 113868 473846 373214 100632 6684 26101 12826
cat_boundaries=0 2 4 6 8 10 12 14 16 18 20 22 24 26 28 30 31 32 34 36 38 40 42 44 46 48 50
cat_threshold=2664342556 3 2936980120 8 2510447462 108 2387346072 15 1716536999 24 25211212 4 3489722407 86 716554458 115 12590338 67 3859857973 104 2248864014 19 67193251 32 731521069 69 201645088 13 3193439777 64 1073759751 2281808000 1073742464 16 807481186 90 114400263 22 10544 102 1687165440 17 2246199355 69 581829850 38 34871336 4 2362115457 41
is_linear=0
shrinkage=0.03


Tree=33
num_leaves=64
num_cat=21
split_feature=7 3 0 10 1 2 3 5 2 1 5 19 10 1 19 14 1 1 1 1 3 19 10 2 3 1 10 1 1 1 3 10 1 0 19 8 11 4 8 17 1 15 12 4 2 5 14 8 1 0 8 0 0 1 1 0 1 1 1 0 10 0 1
split_gain=1720.14 1061.55 1056.51 745.63 770.839 711.201 603.905 536.476 495.882 489.309 464.364 452.828 455.259 465.921 404.64 380.767 377.749 377.589 370.695 369.509 351.344 344.841 327.696 325.611 310.834 303.118 457.831 316.412 301.563 286.319 286.128 280.81 453.171 274.345 272.118 300.483 411.775 255.988 334.105 298.406 250.146 294.047 1572.89 245.83 237.95 237.58 231.098 334.267 599.852 230.232 257.346 236.922 227.335 293.688 258.077 227.269 248.083 216.483 210.594 210.591 208.052 229.488 509.228
threshold=-0.19918341934680936 -1.7904666066169737 644.50000000000011 1.1323674321174624 0 -0.95707347989082325 1.8029391169548037 -0.69347921013832081 -1.901797831058502 1 -0.69347921013832081 0.025464545935392383 1.5670744776725771 2 -0.81347149610519398 0.72120228409767162 3 4 5 6 -0.57790172100067128 0.60009330511093151 1.5670744776725771 -1.1162397265434263 1.8029391169548037 7 -2.4664380550384517 8 9 10 0.84802833199501049 -2.4664380550384517 11 887.50000000000011 1.320500433444977 2.8425709009170537 -0.12783293426036832 -0.84932526946067799 0.53798204660415661 12 13 1.2796644568443301 -0.60971888899803151 -1.0000000180025095e-35 0.21456344425678256 -1.9876974821090696 0.18582905828952792 5.0616915225982675 14 217.50000000000003 1.9346206784248354 745.50000000000011 817.50000000000011 15 16 789.50000000000011 17 18 19 262.50000000000006 1.0000000180025095e-35 202.50000000000003 20
decision_type=2 2 2 2 1 2 2 2 2 1 2 2 2 1 2 2 1 1 1 1 2 2 2 2 2 1 2 1 1 1 2 2 1 2 2 2 2 2 2 1 1 2 2 2 2 2 2 2 1 2 2 2 2 1 1 2 1 1 1 2 2 2 1
left_child=1 3 6 14 -5 7 10 17 -8 30 23 20 15 -14 -1 25 -12 33 -9 -10 57 -19 -11 58 52 26 27 -13 -25 49 -7 32 -18 -4 35 -31 -37 -27 39 44 41 45 -43 -35 -39 -22 -28 59 -49 50 -17 -51 54 -54 -20 -42 -57 -3 -2 -48 61 62 -40
right_child=2 11 5 4 -6 9 8 18 19 22 16 12 13 -15 -16 29 31 21 24 -21 40 -23 -24 28 -26 37 46 -29 -30 34 -32 -33 -34 43 -36 36 -38 38 60 -41 55 42 -44 -45 -46 -47 47 48 -50 51 -52 -53 53 -55 -56 56 -58 -59 -60 -61 -62 -63 -64
leaf_value=0.010537033290064309 0.0082214926161978466 0.0021822179132508748 -0.00041029024466959064 0.024441243871429593 0.0053434363124451071 -0.0010606461650671641 -0.012017420925263837 -0.0072751131147969486 0.0035471295327743654 -0.00038543285791026464 0.00028038863965420196 -0.011775782287170551 0.0051918055105522739 0.00015328027137347623 0.0021881243159051827 -0.0023722379738286082 -0.0095025310791417746 0.0010618607376595673 0.0019976986917543396 -0.0036215681300660958 0.0039576971892931615 0.011920142063830845 0.0028515011371966982 0.0012188246024632395 -0.010529838779720153 -0.00074364428637525414 4.7193372448407903e-05 -0.002632986319535346 -4.508470141140715e-05 0.0010921635940735754 -0.0027266651909591665 -0.00038829297267770622 -0.00025157787473802681 -0.002594035654581339 -0.0053110598993665057 -0.0094792001451458989 -0.0010374168688543524 0.0081025432579476097 -0.0016673500861708326 0.0011456767404695704 0.00043987606259702274 -0.00019363586144172351 0.022132089229198303 -0.012970980251117004 0.0027100653140378515 0.00076200538854429586 -0.0030392387370132127 -0.015201156102803587 8.4599546558350195e-05 -0.00026198949642569977 -0.012922391644649688 -0.0065652381319717687 -0.0067838499726070251 -0.0020921762338011332 -0.0026423399430418491 0.00038821600358834857 -0.0015493324242398085 0.00091772697806236992 0.0023060759466984426 5.1188024764415865e-05 -0.00039556639061442159 0.00042822214349064463 0.0048586671910913152
leaf_weight=5932.108642578125 7405.4648742675781 185896.1650390625 13263.695220947266 3196.8264694213867 4720.8261184692383 619350.70349121094 5300.95068359375 22103.758239746094 7931.5312900543213 1002097.0386962891 1101832.3639831543 5215.0020751953125 29239.0517578125 37952.7216796875 43579.57080078125 3635.4522159099579 7969.5070495605469 25767.463973999023 15394.998123168945 34915.810995101929 21770.740081787109 2927.0139007568359 28956.4052734375 333299.54386901855 4708.986572265625 131349.26968383789 231165.04586029053 9840.5223388671875 346541.71696472168 52606.748878002167 109123.4462890625 1725714.9437977076 11835.521759033203 4468.1169275045395 11330.296020507812 6191.2210693359375 32367.138023853302 11873.943466186523 15753.239883422852 60331.066040039062 1025250.551361084 12142.829452514648 3702.1120758056641 3803.847550034523 19401.311126708984 544100.40582275391 32035.972965240479 4359.25830078125 4906.8299560546875 14254.767028808594 4869.5793087482452 8602.9621887207031 21050.314025878906 28017.023029327393 35975.04415512085 117879.33630371094 120019.2900390625 353867.7177734375 20191.276336669922 52134.22244644165 174914.64739990234 145584.81112670898 33919.001678466797
leaf_count=2024 2879 62055 4484 1194 1836 192566 1727 7071 2579 398361 370690 3044 12619 14444 17395 1192 3797 9145 4630 14630 7623 1184 12588 106240 1709 52866 105827 4026 138285 14278 37667 659237 4910 1493 3014 1647 9160 6877 6018 25001 359291 3647 1009 1209 10621 195497 13034 1679 1106 3978 1206 2342 6267 11704 14156 44022 39513 133705 6753 21618 63555 53643 12005
internal_value=-1.50066e-06 0.000511438 -0.00033259 0.00455711 0.0131025 -0.000897613 -2.88216e-05 -0.00270757 -0.00336593 -0.000715039 1.6383e-05 0.000445397 -4.81709e-05 0.00234685 0.00318939 -0.000199053 -0.000154527 -8.23156e-05 -0.00374381 -0.00229432 0.000680077 0.0021706 -0.00029451 0.000704272 -0.00300018 1.5671e-05 -0.000698956 -0.00581234 0.000574582 -0.00169529 -0.00131021 -0.00042906 -0.00398053 -0.00308352 -0.000927325 -0.00038234 -0.00239395 0.000424912 0.000757313 0.00237939 0.000483106 0.000997861 0.00502802 -0.00737081 0.00475682 0.000884987 -0.000461725 -0.00172075 -0.00712725 -0.00420286 -0.0084168 -0.00263526 -0.00264694 -0.00410724 -0.00125184 0.000246034 -0.000589333 0.00135329 0.00389847 -0.00112517 0.000355871 0.00102902 0.00278966
internal_weight=9.11584e+06 3.57589e+06 5.53995e+06 57429.3 7917.65 1.93701e+06 3.60294e+06 177480 48148.3 1.75953e+06 3.55479e+06 3.51846e+06 1.13383e+06 67191.8 49511.7 1.06664e+06 2.84735e+06 50230.1 127250 42847.3 2.38463e+06 28694.5 1.03105e+06 707438 105146 932784 339657 15055.5 679841 133858 728474 1.74552e+06 19805 21535.7 102495 91165.1 38558.4 593127 461778 91606.3 1.84487e+06 581716 15844.9 8271.96 31275.3 565871 324601 93436.3 9266.09 31362.8 8505.03 22857.7 100437 49067.3 51370 1.26315e+06 237899 539764 27596.7 84170.2 370172 195257 49672.2
internal_count=3329572 1313611 2015961 22449 3030 704234 1311727 63052 18936 641182 1292791 1291162 444800 27063 19419 417737 1038634 17515 45537 17209 846362 10329 410949 254157 38466 380920 150334 7070 244525 36817 230233 667944 8707 7186 28099 25085 10807 230586 177720 42499 650602 207776 4656 2702 17498 203120 143264 37437 2785 8718 2398 6320 36757 17971 18786 442826 83535 195760 9632 34652 135221 71666 18023
cat_boundaries=0 2 4 6 8 10 12 14 16 17 19 21 23 24 26 27 28 30 32 34 36 38
cat_threshold=2630788124 1 3355458083 90 3712893624 48 704983218 35 906044367 82 1073754884 10 2151684146 100 3189195328 65 2786066496 306548149 76 536870946 19 3293578561 24 18880129 169138216 36 66048 2704214184 2685206698 32 350880833 25 201658528 29 1079025724 50 6307088 4
is_linear=0
shrinkage=0.03


Tree=34
num_leaves=64
num_cat=21
split_feature=7 5 0 1 10 5 10 1 10 0 19 1 11 4 1 0 19 0 4 1 19 1 1 18 19 5 4 4 1 11 10 1 0 17 11 1 1 19 1 1 16 19 1 4 1 1 14 14 4 4 1 1 18 0 19 1 18 12 18 0 10 17 0
split_gain=1666.34 1197.85 769.492 823.955 757.644 782.527 534.164 630.996 492.11 427.834 422.078 652.905 421.68 413.534 377.374 356.172 356.155 342.233 340.98 355.142 335.49 403.198 331.048 315.176 592.586 310.469 305.85 335.474 291.96 282.076 882.725 281.124 265.521 275.889 325.247 265.1 264.133 261.333 259.64 258.656 255.854 576.784 334.81 325.173 405.708 323.919 313.663 255.013 239.667 229.832 223.853 222.73 219.952 290.67 286.289 245.578 219.443 201.768 196.144 259.39 194.904 281.624 314.214
threshold=-0.69131106138229359 0.76489081978797924 775.50000000000011 0 2.0446702241897587 -1.9876974821090696 1.5670744776725771 1 0.16963379830121997 803.50000000000011 1.320500433444977 2 1.2220083475112917 -2.3358898162841792 3 929.50000000000011 0.025464545935392383 187.50000000000003 -2.066596150398254 4 -0.072470352053642259 5 6 -1.8438284397125242 -0.90130022168159474 2.0535342693328862 -0.28588008880615229 -0.092088464647531496 7 1.9463328719139101 -1.314770460128784 8 142.50000000000003 9 -0.080687671899795518 10 11 -0.65170550346374501 12 13 0.70798438787460338 0.45825855433940893 14 -0.28588008880615229 15 16 0.79738819599151622 1.3563383817672732 0.063367111608386054 1.195036828517914 17 18 1.8487074971199038 157.50000000000003 1.6550678610801699 19 -2.0651226043701167 -0.54200291633605946 -0.82670938968658436 845.50000000000011 -1.5311909317970274 20 630.50000000000011
decision_type=2 2 2 1 2 2 2 1 2 2 2 1 2 2 1 2 2 2 2 1 2 1 1 2 2 2 2 2 1 2 2 1 2 1 2 1 1 2 1 1 2 2 1 2 1 1 2 2 2 2 1 1 2 2 2 1 2 2 2 2 2 1 2
left_child=4 2 6 15 16 -6 8 49 10 18 14 48 -9 50 29 58 23 20 36 47 38 -22 -7 24 -1 28 -26 39 -11 32 -31 -29 33 34 -2 56 -3 -27 -10 -28 -15 42 46 45 -45 -43 -42 -20 -12 57 -5 -17 53 54 -23 -54 -18 -8 -4 -60 61 62 -37
right_child=1 9 3 13 5 22 7 12 17 25 11 -13 -14 40 -16 51 35 -19 19 -21 21 52 -24 -25 26 37 27 31 -30 30 -32 -33 -34 -35 -36 60 -38 -39 -40 -41 41 43 -44 44 -46 -47 -48 -49 -50 -51 -52 -53 55 -55 -56 -57 -58 -59 59 -61 -62 -63 -64
leaf_value=0.013967767556608715 0.0033423218912665034 0.0033923740122017597 0.00076421002859041257 0.00077272461319683491 0.017118747652723029 0.0074995342954900009 0.005641945848784238 0.0014131405110521748 0.0033395351372641803 -0.00028046266660204108 -0.0026327697319730235 0.00034187442183462641 -0.0072154653748688971 -0.00087865579144712311 1.0773853865276175e-05 0.00073358718604897002 0.0044300387570938892 -0.000110706519564746 -0.00037605612200644953 -0.0011754966837776858 -0.00052125963873707987 -0.0052830010416775961 0.00073644735927825167 0.00092582032462625225 -0.00049614689993189153 -0.012183736263203638 0.015324877596203585 0.0067087335457019278 -0.0021714147830865366 0.015590421717257089 0.0016699841823424684 0.00095428935874223263 0.00053766350536092614 0.001544410226328709 0.015632964569205304 0.0036375609443884101 -0.00014483214369418718 -0.0036656203631592636 -0.00077053462242700872 0.0041402512210730567 -0.00079557661741244787 -0.0081899546582730048 -0.0011268690993573788 -0.019139603391066028 -0.005385872574937783 0.0026813047181637292 -0.0085125136201305469 0.0022857800083881034 -0.0075719986854317972 0.011633531029291896 -0.0070923346385628055 0.0038177439506693941 0.0029316580064710049 -0.0016333866887537599 -0.014813038542933636 -0.004531979257108275 0.00057710307375215372 -0.0019717114927851939 0.00030266523942427259 -0.0016403979802039053 -0.00022280911525806386 -0.005077010247062942 -0.0050041321714195891
leaf_weight=4152.66552734375 6816.9724426269531 31936.41748046875 134171.00927734375 4035.7019653320312 4435.583251953125 11068.330924987793 25132.665371656418 48932.068206787109 18026.22216796875 111998.49432373047 20335.136243462563 59274.765197753906 5685.0569152832031 400344.42758178711 1129430.6099853516 53156.575439453125 13919.30322265625 1141959.287109375 672087.67358398438 783375.89331054688 64953.46484375 38011.251525878906 15824.890510559082 1047206.1318817139 23214.235371828079 3709.8237609863281 3594.1270657777786 10652.106684327126 213772.23028564453 4524.6638793945312 43221.517883300781 26978.966390609741 1525007.2478027344 129365.65612751245 2704.6184997558594 9861.7012939453125 46876.142578125 25533.268035888672 59289.232971191406 3904.6848030090332 8065.3457641601562 6121.7324142456055 132992.78573608398 3698.9448394775391 4086.6980195045471 4118.2925734519958 11497.798461914062 34027.57421875 15649.906664252281 5049.5238189697266 16936.901550292969 34923.078857421875 8424.7286376953125 20672.567260742188 3063.089599609375 7473.2418212890625 298698.94409179688 3576.0567810535431 124759.35009765625 122585.318359375 244424.9736328125 19053.029296875 6140.3416748046875
leaf_count=1346 3550 11929 53373 1433 1662 4691 8993 20387 7182 54956 9839 23847 1766 146505 476588 18280 5143 421484 253240 274378 23799 14995 6180 378610 9113 1213 1206 3741 64197 1167 12322 9341 487250 38957 835 3603 15425 9228 19597 1371 2173 1715 36506 907 1349 1104 2696 8559 7946 1844 4584 16791 3157 8008 1376 3458 115692 1649 49239 48495 98108 8534 2343
internal_value=-5.94118e-06 -0.000203195 2.40276e-05 -0.00070075 0.00082821 0.00545105 0.000199415 0.00250808 0.000151943 -0.000846835 0.000370556 -0.00159366 0.000514323 -0.00144521 0.000436418 0.000237631 0.000743589 -0.000319405 -0.000633949 -0.000735703 -0.0014031 -0.00226588 0.00352384 0.00105826 0.00297115 -0.00178726 0.00230201 0.00374125 -0.0015214 0.000717275 0.00299065 0.00258589 0.000652035 0.00190779 0.00683269 0.000148516 0.00128905 -0.00474814 0.000188221 0.00953354 -0.00129322 -0.00226614 -0.00166636 -0.00734036 -0.0119598 -0.003824 -0.00532933 -0.000247764 -0.00478027 0.00573136 -0.00558207 0.0019571 -0.00372465 -0.00453528 -0.00599541 -0.000578141 0.000748699 0.00469338 -0.000159353 -0.000660341 -0.00052284 -0.00261465 0.000320822
internal_weight=9.11452e+06 7.37139e+06 5.44807e+06 1.06149e+06 1.74313e+06 31328.8 4.38658e+06 88375.4 4.2982e+06 1.92332e+06 2.93633e+06 95259.8 54617.1 591899 2.84107e+06 469595 1.7118e+06 1.36187e+06 1.5683e+06 1.48949e+06 219914 142598 26893.2 1.1197e+06 72496.8 355014 68344.1 45129.9 325771 1.71164e+06 47746.2 37631.1 1.66389e+06 138887 9521.59 592098 78812.6 29243.1 77315.5 7498.81 570926 170582 152556 18025.7 7785.64 10240 19563.1 706115 35985 33758.2 20972.6 88079.7 77644.9 61746.9 41074.3 15898 312618 28708.7 381516 247345 279480 35055.1 16002
internal_count=3328955 2678271 1985146 385150 650684 12533 1599996 34639 1565357 693125 1062301 41632 22153 198972 1020669 186178 638151 503056 563531 536177 81572 54793 10871 404728 26118 129594 24772 15659 119153 544081 13489 13082 530592 43342 4385 233423 27354 10441 26779 2577 192955 46450 41375 5075 2256 2819 4869 261799 17785 12486 6017 35071 30994 24379 16371 6615 120835 10642 151107 97734 112588 14480 5946
cat_boundaries=0 2 4 6 8 10 12 14 16 18 19 21 23 25 27 29 31 33 35 36 37 38
cat_threshold=536775704 36 3457106076 3 3057409568 56 637877671 109 3812364586 59 1208439959 62 3478012569 26 867222616 61 137122387 6 66048 1097502169 62 2837824197 106 3809263632 16 2584799545 30 258 1 1073750306 8 1073746560 3 2147483968 18 487459856 812131112 8458784
is_linear=0
shrinkage=0.03


Tree=35
num_leaves=64
num_cat=15
split_feature=3 7 5 3 0 9 5 3 7 17 0 17 5 17 17 5 19 8 14 17 11 0 17 14 0 13 19 6 17 19 6 17 0 11 6 19 15 8 12 17 8 17 15 8 15 11 15 17 9 16 4 4 3 17 8 17 19 17 14 8 17 19 0
split_gain=1662.19 1047.13 780.932 668.472 597.41 549.665 519.123 447.613 445.063 436.144 420.365 460.74 378.676 311.134 307.78 287.506 277.648 247.859 243.827 398.694 507.908 255.803 397.571 412.794 370.956 313.824 240.91 232.158 264.069 255.169 215.387 250.033 199.752 185.849 297.423 446.392 253.971 185.416 183.887 403.326 4729.77 188.943 658.134 182.675 510.343 1123.25 238.738 220.436 352.938 618.911 193.921 185.518 180.283 191.003 175.365 174.791 173.573 264.711 303.079 208.706 167.583 163.755 171.186
threshold=-0.41593438386917109 0.36180706322193151 -2.2509361505508418 1.8029391169548037 644.50000000000011 -0.23888704180717465 2.0535342693328862 -1.7904666066169737 -0.75082522630691517 0 775.50000000000011 1 0.81831780076026928 2 3 -0.69347921013832081 0.05331165902316571 0.66989099979400646 -0.14088202267885205 4 0.63976013660430919 789.50000000000011 5 0.86274191737174999 942.50000000000011 -1.7806742191314695 -0.11680612713098525 -0.55541878938674916 6 1.320500433444977 -0.52515694499015797 7 942.50000000000011 1.9463328719139101 -0.82849833369255055 0.40057253837585455 -0.46033728122711176 2.2439718246459965 -0.66427141427993763 8 1.6811403036117556 9 -1.8659238815307615 5.0616915225982675 -1.4416344165802 -0.50659728050231922 0.56760245561599743 10 -0.29193235933780665 0.63852643966674816 -1.8749057054519651 1.6692219376564028 -1.7904666066169737 11 0.61231049895286571 12 0.79499089717865001 13 0.15107047557830813 1.6811403036117556 14 0.52390769124031078 817.50000000000011
decision_type=2 2 2 2 2 2 2 2 2 1 2 1 2 1 1 2 2 2 2 1 2 2 1 2 2 2 2 2 1 2 2 1 2 2 2 2 2 2 2 1 2 1 2 2 2 2 2 1 2 2 2 2 2 1 2 1 2 1 2 2 1 2 2
left_child=2 8 7 4 15 12 -5 9 -2 -1 16 -12 18 -8 -6 -3 38 60 19 20 -4 26 32 56 25 -25 52 28 29 -28 31 -29 -23 61 -35 36 -36 -27 41 40 -40 42 -10 47 45 -45 -46 51 50 -50 -49 -18 53 -20 -53 -32 -24 58 -58 -59 -17 -7 -63
right_child=1 3 5 6 14 33 13 -9 10 -11 11 -13 -14 -15 -16 17 43 -19 21 -21 -22 22 23 24 -26 37 27 30 -30 -31 55 -33 -34 34 35 -37 -38 -39 39 -41 -42 -43 -44 44 46 -47 -48 48 49 -51 -52 54 -54 -55 -56 -57 57 59 -60 -61 -62 62 -64
leaf_value=0.014283286922049958 0.00052729322598636978 0.00069454536282531989 0.0025314949992618256 -0.0027373576748309647 -0.0005359599664918448 0.0017967252642841301 -0.01416960889552492 0.0024567376734281584 -0.012682524169326193 0.004074982955383024 -0.0016694856886065354 4.752550630199965e-05 -0.00040784859302322633 -0.0027315172430589256 -0.0018257883963397304 -0.00010417724607181257 0.00020977033416683943 -0.00030188816906762307 -0.00036988672431646086 0.00040770671535038454 0.015163121295034825 0.00045905561464771314 -0.00018816338309151745 0.0046260640466019801 -0.010552158580343822 -0.008081333331779959 -0.0014421249729752576 0.010159857940457467 0.00019718865549464502 -0.0067768858914685785 0.0030985594950827689 0.00057899819882094783 0.0035736376745471904 -0.0033589467125113028 0.0018139703816501458 0.014096068452262732 0.0088150675899352875 -0.0022485327104109698 -0.00048638877837759917 0.00040821144306885701 0.033924842996947882 4.15056300292175e-05 -0.00077650973121917266 -0.025705476900757567 6.5671509099161227e-05 -0.0019992772653520956 -0.0059753330117189229 0.0024269328325784321 -0.0018435687311054616 -0.014998802369496456 -0.0009751555134369567 0.002818453417471807 0.00090584691781217953 0.006444711607993865 -0.0042860720347278952 0.00027774298468352313 -0.0017523274334090525 -0.0036424033085489292 -0.012931708693582794 0.0053298599165487702 -0.0019971732419486413 0.00080064106166543333 -0.0038433398435733599
leaf_weight=6278.7997207641602 1066956.265625 203387.21588134766 97915.101684570312 35373.005859375 246469.84140014648 223789.14736938477 6702.9989700317383 57934.9873046875 4521.9581604003906 9465.8379745483398 321012.88989257812 250342.21752929688 438529.34765625 3171.6904830932617 513380.7294921875 58594.721893310547 373351.41278839111 799238.05474853516 5663.3554077148438 134968.45574951172 2946.5223388671875 116701.51656341553 151388.639503479 4507.7057342529297 6546.56982421875 7042.9981994628906 64218.175445556641 4535.9855499267578 113249.60629272461 9225.014404296875 21362.102447509766 5331.0007781982422 22026.5458984375 4517.4309997558594 20021.297333240509 4093.9744491577148 6075.8870615959167 16152.141677856445 28624.66711807251 558454.59310185909 4106.1417198181152 1458289.447265625 54302.416351318359 2524.4808015823364 36498.945831298828 6231.0938138961792 7015.1201782226562 16039.745330810547 12394.385196685791 4343.5198974609375 250617.00490188599 3935.3910903930664 740203.92553710938 10693.549865722656 15159.897239685059 263139.4723815918 4607.0516757965088 5471.0140800476074 4145.3937492370605 4060.7166728973389 149495.18658447266 30232.873321533203 9348.7069091796875
leaf_count=1845 399329 72857 47732 14266 90640 90324 2128 20225 1709 3563 107091 96156 165673 1171 183261 25907 124921 263681 2168 90636 861 44611 48084 904 1547 1725 22039 1682 57660 3294 8005 1763 8464 1657 5765 1433 1587 4067 10172 219347 1182 477304 17319 1414 12694 3080 2132 8066 6851 1701 116714 1612 242856 3250 4326 79930 1511 2485 1295 1460 73912 14440 4387
internal_value=-5.48286e-06 -0.000263161 0.00063131 -0.000830887 -0.000748097 0.000543419 -0.00443594 0.00367612 -7.40581e-06 0.00816085 -0.000174818 -0.000917203 0.000383352 -0.0105161 -0.00140745 -0.000334281 -2.52739e-05 -0.000542011 0.000574401 0.00147422 0.00290095 0.000440114 -0.000285281 -0.0011281 -0.00413215 -0.00261338 0.000640948 0.000116047 -0.000711493 -0.00211234 0.000640887 0.00499724 0.000953616 0.00175412 0.00381751 0.00489168 0.00344533 -0.00402097 0.000149154 0.000597977 0.00383392 -2.57433e-05 -0.00169246 -0.000530341 -0.00223893 -0.00884522 -0.000908804 -0.000398183 -0.00103574 -0.00526084 -0.000770474 6.22406e-05 0.000974706 0.00408957 -0.00282153 0.000489716 -0.000521673 -0.00328225 -0.0070435 0.00018057 -0.00146425 0.00148213 -0.00029656
internal_weight=9.11693e+06 6.49054e+06 2.62639e+06 2.01581e+06 1.97057e+06 2.55271e+06 45247.7 73679.6 4.47472e+06 15744.6 3.40777e+06 571355 2.25463e+06 9874.69 759851 1.21072e+06 2.83641e+06 1.00733e+06 1.8161e+06 235830 100862 1.58027e+06 342650 203922 34249.4 27702.8 1.23762e+06 481061 186693 73443.2 294369 9866.99 138728 298079 34708.6 30191.2 26097.2 23195.1 2.1083e+06 591185 32730.8 1.51711e+06 58824.4 728111 52269.6 8755.57 43514.1 675841 283395 16737.9 266657 392447 756561 16356.9 19095.3 284502 169673 18284.2 8752.45 9531.73 208090 263371 39581.6
internal_count=3329871 2340943 988928 727823 710258 963295 17565 25633 1613120 5408 1213791 203247 843702 3299 273901 436357 1010544 363500 678029 139229 48593 538800 116153 63078 8243 6696 422647 174373 82993 25333 91380 3445 53075 119593 10442 8785 7352 5792 727033 230701 11354 496332 19028 283511 19320 4494 14826 264191 133332 8552 124780 130859 248274 5418 5938 87935 54835 6751 2806 3945 99819 109151 18827
cat_boundaries=0 1 2 3 4 5 6 7 8 9 10 11 12 13 14 15
cat_threshold=9617970 29939288 12268602 1777795 34630144 5464375 48768834 25559060 1056768 23068672 47223327 43868305 2622473 35918336 35528577
is_linear=0
shrinkage=0.03


Tree=36
num_leaves=64
num_cat=20
split_feature=3 10 1 3 19 1 4 0 1 3 10 1 3 19 1 2 0 2 1 0 6 4 4 1 0 1 15 11 1 1 9 0 3 1 1 0 1 6 2 0 14 10 19 8 13 13 9 15 14 1 1 1 0 1 2 1 0 1 0 4 2 1 0
split_gain=1495.84 884.959 1076.69 712.775 657.053 710.845 952.108 629.168 630.693 607.276 508.61 518.718 489.482 433.249 633.047 389.011 611.947 382.796 714.822 658.998 376.177 371.227 448.095 369.299 365.312 417.915 352.75 1370.19 346.88 301.878 291.59 290.326 355.561 430.198 282.233 279.279 276.743 270.6 268.366 339.768 416.398 261.887 258.639 504.587 1449.15 2597.26 406.901 453.928 779.299 253.938 248.808 237.021 228.105 268.287 227.94 568.786 414.255 268.782 224.347 396.919 244.294 488.215 287.857
threshold=-0.066661357879638658 1.5670744776725771 0 1.8029391169548037 0.92727679014205944 1 1.8258113861083987 644.50000000000011 2 -1.7904666066169737 -0.020845507271587845 3 -1.7904666066169737 2.3243991136550908 4 -1.1162397265434263 142.50000000000003 -0.84132790565490712 5 202.50000000000003 -0.46366593241691584 -0.80504435300827015 -0.13379042595624921 6 929.50000000000011 7 1.2796644568443301 0.63976013660430919 8 9 -0.23888704180717465 942.50000000000011 -1.7904666066169737 10 11 232.50000000000003 12 -2.1526650190353389 -1.1162397265434263 873.50000000000011 0.79738819599151622 -1.8589775562286375 -0.11680612713098525 5.0616915225982675 -0.89071041345596302 -1.167412996292114 -0.35388235747814173 -1.7879390120506284 0.72120228409767162 13 14 15 515.50000000000011 16 -0.26348733901977534 17 187.50000000000003 18 337.50000000000006 2.2173740267753606 -0.84132790565490712 19 277.50000000000006
decision_type=2 2 1 2 2 1 2 2 1 2 2 1 2 2 1 2 2 2 1 2 2 2 2 1 2 1 2 2 1 1 2 2 2 1 1 2 1 2 2 2 2 2 2 2 2 2 2 2 2 1 1 1 2 1 2 1 2 1 2 2 2 1 2
left_child=1 4 12 7 9 6 13 17 38 21 11 26 -3 -6 -15 16 -5 18 19 20 50 49 36 -18 -10 -26 30 -28 -17 42 -11 32 33 -4 -12 -16 -23 -30 39 -9 -41 -32 -19 46 45 -45 51 48 -48 -1 -2 -44 53 -25 55 56 -7 -56 59 60 61 62 -13
right_child=3 2 31 15 5 54 -8 8 24 10 34 58 -14 14 35 28 23 29 -20 -21 -22 22 -24 52 25 -27 27 -29 37 -31 41 -33 -34 -35 -36 -37 -38 -39 -40 40 -42 -43 43 44 -46 -47 47 -49 -50 -51 -52 -53 -54 -55 57 -57 -58 -59 -60 -61 -62 -63 -64
leaf_value=0.0038996258570437835 0.022309457834788868 0.018226658100849297 0.016978887185284414 0.0066336932424714556 -0.0016119448535926023 0.015671900060088968 -0.019075147950837056 -0.0019017738994087019 -0.00045621770767136007 0.00092618388425647178 0.00047099579278281968 0.011641624805689298 0.006322205087036451 -0.00061893823271336331 -0.018822515010549937 0.0024671835846420548 -0.013174411093358833 -0.00013171052916716527 -3.3709729090318642e-05 0.0022103974732855104 0.0050611377445725012 0.01098476926509505 0.0018949649858533461 -0.015025509165216109 0.0037317104903723617 -0.0002485228327635126 0.0015291918370801459 0.020084993529875368 -0.011185051229930371 0.00010205858402783239 0.0089892238950404959 -0.0050982497855560091 0.001018878547491435 0.0019926130927714657 -0.00029049848623941005 -0.0081953719033317808 0.0047506282466445145 -0.0021344806059736179 -0.001283985026039831 -0.0044283344828155539 -0.016063497868902973 0.0022494633894115882 0.0035411961579323004 0.00031571197270271507 0.00066018474205205941 -0.045922925520718444 -0.0021331201962504196 -0.0023428625890042913 -0.023038522741070863 -0.0015968963340069287 0.010023541021082293 -0.00071721072430567894 -0.0022861814488323441 -0.0032625772588694172 0.0011773330347639385 -0.0017181253177518778 0.0038858939414016238 -0.001691537880844808 0.00013261231759187117 0.01141319590028452 0.00072274764936998046 -0.00072905478791376009 0.00057052465126810584
leaf_weight=11129.360260009766 2494.8150482177734 3471.451171875 2874.5924987792969 3193.127799987793 81527.263069152832 3467.3673286437988 3233.004753112793 30786.783813476562 830044.95544433594 444828.21194458008 728414.33203125 7635.2823486328125 29552.135864257812 8283.6192016601562 3412.1332206726074 15132.092193603516 6951.8312587738037 634296.623046875 138475.52526855469 53376.3876953125 7725.7245955467224 9541.2585411071777 39609.045593261719 3538.5575380325317 42221.401000976562 54222.800170898438 18780.25927734375 4420.71826171875 3087.356559753418 1791906.5445421338 5401.99609375 6150.0606689453125 69830.587890625 4302.8164367675781 1098811.1204833984 6429.4015083312988 19717.497562408447 77380.159156799316 688198.6982421875 10477.023223876953 3760.5415954589844 129016.07162475586 12104.72900390625 2389.7177705764771 7851.7234296798706 2010.2759628295898 3875.1202087402344 42215.8020195961 2735.6443634033203 23536.291168212891 3840.9089646339417 400695.0999121666 10831.080893516541 3473.6539745330811 53078.048034667969 14602.737487792969 11846.120891571045 65826.350402832031 946281.91125488281 3258.1123046875 357009.81787717342 9784.1920105218887 2922.7918701171875
leaf_count=4759 894 1306 1264 1031 33008 1333 972 8829 337058 127882 323996 2650 11867 3756 1409 4344 2258 255564 46393 20417 2581 2875 15502 1109 19881 19306 5295 1060 1408 592773 1743 1989 27372 1536 337132 2657 8260 33683 214876 3186 921 45314 4635 1205 2995 1042 2110 20063 1054 9452 1918 175339 3985 1348 23280 6109 5080 29811 368140 1472 134822 3774 983
internal_value=-2.87105e-06 0.000410355 0.00299234 -0.000360205 0.000337396 -0.0011477 -0.00306489 -0.000301873 -0.000773419 0.000434236 0.000371765 0.000711476 0.00757388 -0.00254485 -0.00673947 -0.00260947 -0.00571987 -4.9898e-05 0.00119996 0.00373243 0.00950977 0.00270076 0.00397519 -0.00731178 -0.000253155 0.00149441 0.0014415 0.00506838 -0.00169861 -0.000138643 0.00129621 0.00117153 0.0016727 0.00802876 1.30689e-05 -0.0118755 0.00679048 -0.0024821 -0.00143079 -0.0036746 -0.00750607 0.00252065 -0.000527851 -0.0010581 -0.00706588 -0.020838 -0.000898574 -0.00348821 -0.010795 0.000168727 0.0149261 -0.00059223 -0.00501444 -0.00923102 0.000177987 0.00251847 0.00655451 -0.000410943 0.000380008 0.000995088 0.000904987 0.00410235 0.00857042
internal_weight=9.11728e+06 4.22799e+06 116182 4.88929e+06 4.1118e+06 251706 102885 4.76571e+06 1.65971e+06 3.8601e+06 3.75656e+06 1.92934e+06 33023.6 99652.4 18125.2 123588 27988.3 3.10599e+06 205913 67437.8 14061.4 103533 68867.8 24795.1 926489 96444.2 602447 23201 95599.6 2.90008e+06 579246 83158.1 77008 7177.41 1.82723e+06 9841.53 29258.8 80467.5 733223 45024.3 14237.6 134418 1.10817e+06 473878 12251.7 4399.99 461626 48826.6 6610.76 34665.7 6335.72 412800 17843.3 7012.21 148821 29916.2 15313.5 118904 1.32689e+06 380610 377352 20342.3 10558.1
internal_count=3330066 1547860 45334 1782206 1502526 107415 41802 1733040 604057 1395111 1354263 693135 13173 40830 7822 49166 9731 1128983 72203 25810 5393 40848 26637 8700 376245 39187 181294 6355 39435 1056780 174939 32161 30172 2800 661128 4066 11135 35091 227812 12936 4107 47057 464007 208443 5242 2247 203201 23227 3164 14211 2812 179974 6442 2457 65613 12522 6413 53091 511841 143701 142229 7407 3633
cat_boundaries=0 1 3 5 7 8 10 12 14 16 18 20 22 24 26 28 30 32 34 36 38
cat_threshold=2387493016 1716535971 65 3758111654 74 332961 13 1140851363 3927228720 22 2156531970 19 451985416 36 534836 68 1977141056 17 27307524 11 2935279680 117 1082761519 32 3803758725 37 1107329312 16 512 16 1447038121 32 2307722508 16 268607824 38 4132962566 16
is_linear=0
shrinkage=0.03


Tree=37
num_leaves=64
num_cat=18
split_feature=5 7 10 2 3 3 1 1 2 18 0 18 1 0 1 3 19 1 1 5 10 1 15 8 0 2 1 0 2 10 1 0 3 8 1 1 16 13 11 8 1 16 1 13 0 0 15 1 15 1 16 1 6 6 1 0 19 6 5 0 1 6 8
split_gain=1607.11 1040.55 910.629 672.082 608.226 558.178 432.083 403.806 399.576 789.092 811.598 521.47 472.401 372.479 409.162 369.63 350.622 494.724 339.285 389.668 338.145 329.754 437.49 4305.43 326.54 320.928 308.836 285.18 556.031 281.718 709.226 271.347 271.039 262.736 331.557 314.7 249.499 269.35 242.247 258.802 285.836 241.814 299.128 360.592 267.708 234.639 232.168 823.871 229.275 228.487 219.261 234.076 210.198 496.768 208.249 262.352 203.657 202.877 200.055 196.323 379.472 198.997 197.715
threshold=-0.58644592761993397 0.74080178141593944 2.0446702241897587 -1.901797831058502 0.49299670755863195 1.8029391169548037 0 1 -1.3648050427436826 -1.6712154746055601 172.50000000000003 1.6733871102333071 2 775.50000000000011 3 1.5147508978843691 0.05331165902316571 4 5 2.0535342693328862 -0.75480234622955311 6 1.2796644568443301 1.3327828645706179 760.50000000000011 -1.1162397265434263 7 644.50000000000011 -1.1162397265434263 -2.4664380550384517 8 831.50000000000011 -0.41593438386917109 2.2439718246459965 9 10 1.05499804019928 -1.7806742191314695 -0.2372598201036453 0.87295740842819225 11 0.038797626271843917 12 -0.89071041345596302 845.50000000000011 929.50000000000011 -1.8659238815307615 13 0.96551269292831432 14 0.35129547119140631 15 -0.58523011207580555 -0.34876284003257746 16 247.50000000000003 2.3243991136550908 -0.21280954033136365 1.5394402146339419 127.50000000000001 17 0.35483151674270635 2.0114151239395146
decision_type=2 2 2 2 2 2 1 1 2 2 2 2 1 2 1 2 2 1 1 2 2 1 2 2 2 2 1 2 2 2 1 2 2 2 1 1 2 2 2 2 1 2 1 2 2 2 2 1 2 1 2 1 2 2 1 2 2 2 2 2 1 2 2
left_child=2 4 8 6 13 27 -4 -5 9 12 11 -11 -1 21 25 24 26 20 -7 -20 38 22 -2 -24 54 -15 -10 -3 49 30 -19 -28 -14 35 -35 -26 -33 -38 -18 40 -40 -31 43 -43 -45 -16 47 -23 -41 -29 -44 -52 -32 -54 -12 -56 -27 -39 -6 60 62 -62 -48
right_child=1 5 3 7 58 18 -8 -9 16 10 15 -13 32 14 45 -17 17 29 19 -21 -22 46 23 -25 33 56 31 28 -30 41 52 36 -34 34 -36 -37 37 57 39 48 -42 42 50 44 -46 -47 59 -49 -50 -51 51 -53 53 -55 55 -57 -58 -59 -60 -61 61 -63 -64
leaf_value=0.0014228944907751472 0.00064267148178392876 -0.00057315356975047257 0.022104716903045347 0.007525769291677707 -0.00050971953786347745 0.0020760466733139096 0.0059692761223583248 0.0010596297162646423 0.001041707507493375 0.0013117361868734008 0.0049161533852321374 0.017909345377332377 0.015569127794420309 -0.0056766236084814219 -0.00018737309235434795 -0.0074954790506742862 0.00039504464496238238 -0.011296218540340068 -0.0041878788029491212 -0.012904217763539153 0.00018936158862466304 -0.013704355559261352 -0.00044809385123619687 0.035872206464366792 0.005004698939307369 -0.00099691240845180946 0.00051042553458555432 -0.0084103195278369819 -0.0011618936343959288 0.00082756817757385242 -0.0046360691292718741 -0.00036620237196797605 0.0059881719913741048 -0.013455085901080082 -0.00075975493979633165 -0.0023489658773107863 0.0032914744635228841 -0.007920015205463829 0.015351300915728635 0.0030699396025625908 0.0048561376457869855 -0.013058531298979912 0.00034242744971562831 -0.0013325576435128004 -0.007700538576195121 0.0018284341826123422 0.00051039850570797302 -0.00076184645067839602 -0.0042091459484581836 -0.0034350819808210654 -0.00058182282158126012 -0.0031025646127693751 0.011911467735120692 -0.0023050762012762739 -0.0077670715304116872 0.0019038831774619519 -0.0073275693914388795 -0.0016625222012848278 -0.001732201616027632 3.8346423090204109e-05 0.003025790620275979 0.00016023872539969931 -0.0031793214616587574
leaf_weight=6016.3257446289062 807714.33349609375 689356.83598327637 3047.2866287231445 13614.273212432861 1206352.955078125 4420.8631286621094 2975.2006759643555 24032.684795379639 986269.44036865234 2933.6762360334396 18869.868422627449 4061.0985107421875 6873.9876651763916 14374.256591796875 269969.11865234375 5125.1292114257812 36530.12744140625 7834.2161254882812 13949.639678955078 6900.0694580078125 237629.43811035156 4720.3605346679688 20483.904296875 3424.08984375 7809.7901710271835 305052.69055175781 742396.55941772461 10219.916015625 439862.82612609863 89462.417709350586 6224.8186407089233 131325.15512084961 4345.5581722259521 3297.4800300598145 4214.9209829568863 15825.784954071045 4033.1939086914062 10883.124724388123 2909.7269592285156 39050.546783447266 11852.083282470703 3132.0912971496582 128177.90106832981 32587.425535202026 7262.3343639373779 64352.611328125 34794.573211669922 67951.045227050781 4321.4383850097656 44650.806640625 112728.5439453125 46964.48822915554 3295.4800405502319 6704.5750370025635 2909.4015961885452 18870.038849711418 4638.2066650390625 8161.8988962173462 133840.99609375 2038745.5864257812 74429.918283343315 30851.425621032715 20928.628448486328
leaf_count=2218 299123 258088 1090 5420 461876 1806 1166 8715 312029 1167 4915 1417 2061 4119 109983 1936 20451 3394 5584 2284 93577 1891 5821 1229 2379 93182 292021 3816 165218 45549 2705 55141 1382 947 1371 6102 888 2912 1428 11125 4686 1595 51868 10016 2219 26182 16692 35804 1116 15934 35076 13030 1003 2147 1241 7684 2009 1930 47950 714025 24618 8550 6634
internal_value=-5.0335e-06 -0.000270542 0.000592524 0.00489057 -8.30206e-05 -0.00106174 0.0141917 0.00340095 0.000524532 0.00237515 0.00117408 0.0109541 0.00822079 0.000112461 -0.000535664 0.000284105 0.000454147 -8.21895e-05 -0.0054731 -0.0070715 0.000793377 0.000249934 0.00076106 0.00476009 0.000839921 -0.00129525 0.000675357 -0.000967574 -0.00151714 -0.000736922 -0.0038938 0.000272439 0.011852 -0.0014712 -0.00635637 8.25384e-05 -0.000871802 -0.00374818 0.0023096 0.00351253 0.00694304 -0.000556194 -0.000930369 -0.00326441 -0.0024939 0.000200659 6.28752e-05 -0.0016054 0.00234427 -0.00436458 -0.00058169 -0.00132346 -0.000310002 0.00238354 0.0026108 0.000610225 -0.00109184 -0.00523946 -0.000631811 0.000117992 0.00112649 0.00218592 -0.000875398
internal_weight=9.11655e+06 6.31199e+06 2.80456e+06 43669.4 5.10262e+06 1.20936e+06 6022.49 37647 2.76089e+06 101153 83917.2 6994.77 17235.9 3.76243e+06 658387 76922.4 2.65974e+06 776668 25270.6 20849.7 332293 3.10404e+06 831622 23908 71797.3 324065 1.88307e+06 1.18409e+06 494734 444374 24059.1 896800 11219.5 31148 7512.4 23635.6 154403 23078.2 94663.9 58133.8 14761.8 420315 330853 42981.9 39849.8 334322 2.27242e+06 72671.4 43372 54870.7 287871 159693 16224.9 10000.1 40649.3 21779.4 309691 19045 1.34019e+06 2.19975e+06 161005 105281 55723.2
internal_count=3329535 2312418 1017117 16391 1859688 452730 2256 14135 1000726 34820 29159 2584 5661 1349862 235475 26575 965906 300985 9674 7868 132383 1114387 306173 7050 24639 99310 664921 443056 184968 168602 9249 352892 3443 10799 2318 8481 60871 5730 38806 18355 6114 159353 113804 13830 12235 136165 808214 37695 12241 19750 99974 48106 5855 3150 13840 8925 95191 4842 509826 770519 56494 33168 23326
cat_boundaries=0 2 4 6 8 10 12 14 16 18 19 21 22 24 26 28 30 32 34
cat_threshold=4173955108 55 2651242648 78 749797575 81 3758566311 2 300123541 44 84937264 1 2869170208 21 245161107 68 605032488 16 1713062714 3927478411 5 98560 134498816 64 1073741824 32 1073754948 24 3221237792 18 575381517 68 340812120 72
is_linear=0
shrinkage=0.03


Tree=38
num_leaves=64
num_cat=19
split_feature=7 3 10 3 0 14 19 7 19 10 1 10 19 1 1 19 1 10 1 1 1 0 1 19 1 10 8 1 11 16 8 0 1 15 1 16 19 10 0 1 14 1 19 0 1 0 4 16 1 4 4 12 7 12 1 6 0 4 8 1 1 0 0
split_gain=1520.98 1026.99 793.744 771.928 597.624 524.199 476.809 454.693 392.641 350.593 562.654 418.927 345.35 330.179 318.579 313.67 401.22 312.422 305.319 283.75 277.862 264.158 328.675 261.3 249.924 277.513 249.44 346.338 1057.79 1551.71 447.736 238.168 316.133 365.193 256.702 264.381 395.442 261.063 229.872 333.713 227.937 225.631 225.154 311.326 474.23 408.541 434.196 288.704 276.238 245.446 224.186 221.59 218.619 203.645 444.451 2167.57 203.521 202.441 200.556 207.201 199.379 223.958 191.404
threshold=-0.02698943484574556 -1.5114245414733884 2.0446702241897587 1.3444420695304873 731.50000000000011 0.51240363717079174 -0.65170550346374501 -0.98193383216857899 -1.0000000180025095e-35 1.5670744776725771 0 0.040951244533061988 -0.71740108728408802 1 2 1.320500433444977 3 2.0446702241897587 4 5 6 789.50000000000011 7 0.1786586940288544 8 1.3058599829673769 2.8425709009170537 9 -0.53948548436164845 0.18404196202754977 3.621875643730164 277.50000000000006 10 1.2796644568443301 11 0.53758552670478832 -0.3315653502941131 -1.8589775562286375 97.500000000000014 12 0.25479234755039221 13 0.025464545935392383 157.50000000000003 14 112.50000000000001 0.23923791944980624 0.53758552670478832 15 1.6692219376564028 -0.97329071164131153 -0.57179841399192799 2.76854419708252 -0.66427141427993763 16 0.2653516978025437 929.50000000000011 1.6692219376564028 1.7532526850700381 17 18 644.50000000000011 929.50000000000011
decision_type=2 2 2 2 2 2 2 2 2 2 1 2 2 1 1 2 1 2 1 1 1 2 1 2 1 2 2 1 2 2 2 2 1 2 1 2 2 2 2 1 2 1 2 2 1 2 2 2 1 2 2 2 2 2 1 2 2 2 2 1 1 2 2
left_child=1 2 6 4 9 20 13 17 21 11 58 15 14 -1 -5 31 -17 -3 -19 -8 23 53 62 -6 25 -7 -10 28 29 -28 -30 32 40 -34 -33 -36 -37 -38 39 -14 -2 -40 60 44 45 -44 47 50 -45 -46 -47 -39 -43 -9 55 -55 -25 -29 -11 -60 61 -13 -23
right_child=3 7 -4 12 5 24 19 8 26 10 -12 42 38 -15 -16 16 -18 18 -20 -21 -22 22 -24 56 -26 -27 27 57 30 -31 -32 34 33 -35 35 36 37 51 41 -41 -42 52 43 48 49 46 -48 -49 -50 -51 -52 -53 -54 54 -56 -57 -58 -59 59 -61 -62 -63 -64
leaf_value=0.013864732619239793 0.00022881883032662892 0.00076600213316622989 0.014495661102899852 -0.0026150925761967165 -0.00034054020266886516 -0.0028617878892833763 0.0030151366852957003 0.00029492170573393675 -7.7293023280162486e-05 -0.0019079002327565273 0.0040966877345932117 0.00058385726355214649 -0.0071535305718532817 0.004674800862142817 -0.010046277904472871 -0.004957736693978124 -8.7337832325677585e-05 0.0077427349828723385 0.00068488377594926281 -5.6274427652270452e-05 -0.00095728083338272505 7.818648742187291e-05 -0.0012903697632319351 0.00076896054922191085 -0.0014359309360829156 -0.0090582550416201477 -0.00034734460780929392 -0.0006018168675905449 -0.011850131632606934 -0.039112534370194955 -0.00012863140715953147 -0.0004813674041526146 0.0011902390582815973 0.0088095440495695784 8.379519157936444e-05 0.00021555480549863496 0.0091249142498743604 0.0038482695640256908 -0.00056309238595357613 0.0052428910937457251 -0.0028119438119453611 -0.0025033278301730311 -0.0018660235130201963 0.00040065003773976201 -0.00042351521597000562 -0.014917446873501331 -0.0026808378816882573 -0.02021339221330086 -0.0013874770234527461 -0.0075023785549197409 -0.0053158859027944852 -0.00023252189276724269 -0.0081613573761501416 0.00039475766554072282 0.00083576505680366337 0.028749976033991823 0.0042180276340720579 -0.0047665335690528958 0.0081183656956667679 0.00010043381661597079 -0.00059531416883671967 -0.001371224862374474 0.0027002610992446162
leaf_weight=4445.8233642578125 109154.05883789062 1078478.677734375 5150.6025390625 12141.675445556641 258521.53540039062 75420.643432617188 63383.908580780029 1349921.7694091797 735017.05041503906 32145.432281494141 45653.613525390625 320975.76806640625 2517.6205139160156 16935.384258270264 9094.3533630371094 23879.085083007812 41960.076538085938 11524.482299804688 10588.689575195312 47251.960945129395 523264.80932617188 146636.83325195312 181758.146484375 67331.35009765625 201573.34631347656 7115.58642578125 1905.8217684030533 228060.95816040039 3472.6052640676498 1808.9298706054688 18725.627197265625 506102.07257080078 329627.61886757612 5755.625 501196.17230224609 89703.65478515625 6239.43896484375 41472.46734380722 60851.774925231934 8564.4830589294434 27841.653564453125 105230.84672164917 16772.969360351562 131876.83666992188 56460.491882324219 3687.688159942627 7677.7778015136719 2820.9402637481689 189438.58276367188 4776.7252807617188 5396.1303958892822 16836.42621088028 6523.7264404296875 12195.042205810547 534889.54907226562 3024.0271301269531 19958.78466796875 11006.723754882812 4023.0598068237305 10311.518898010254 667247.68774414062 63094.0009765625 30214.01171875
leaf_count=1572 44558 406296 1992 5014 120466 18727 22745 445733 300702 13966 17040 116830 1083 6189 2855 11019 17408 4569 4275 21967 174797 50414 63758 33960 58560 1741 1286 73469 1123 1026 7054 210730 116907 1551 172176 21611 1458 9417 24132 3343 5801 43276 7198 55788 20476 1786 3305 701 71126 1500 2479 4793 2694 4105 211159 1003 9932 3434 1491 3315 227804 22785 10446
internal_value=-1.18102e-06 0.000391614 0.00294751 -0.000383447 -0.000299906 -0.000886927 0.00249643 0.000311186 0.000133124 -9.23885e-05 0.00173184 -0.000145411 -0.00218338 0.00659714 -0.00580508 0.000175332 -0.00185478 0.000838391 0.00436788 0.00170368 -0.000521214 0.000352241 -0.000394547 0.000138648 -0.0020056 -0.0033961 -0.000361783 -0.0011509 -0.00444425 -0.0192516 -0.00196455 0.000257141 0.000825101 0.00132109 2.61611e-05 0.000418049 0.0015041 0.00329465 -0.00176453 0.00242301 -0.000389207 -0.00203345 -0.000516231 -0.00110436 -0.0025883 -0.00530164 -0.00824582 -0.0118322 -0.000653616 -0.0009761 -0.00921982 0.00267004 -0.00283371 0.00049319 0.000979716 0.00603257 0.00155778 -0.000793624 -0.000591897 0.00235848 -0.00028188 0.000262661 0.000526188
internal_weight=9.11663e+06 4.4964e+06 137168 4.62024e+06 4.41531e+06 1.15319e+06 132017 4.35923e+06 3.25864e+06 3.26213e+06 92133.6 3.16999e+06 204924 21381.2 21236 1.69977e+06 65839.2 1.10059e+06 22113.2 110636 869076 2.25864e+06 358609 345812 284110 82536.2 999998 264981 25913 3714.75 22198.2 1.63393e+06 472379 335383 1.16155e+06 655448 154252 64548.3 183688 11082.1 136996 172606 1.47023e+06 418908 97592.7 36355.5 19582.5 11904.8 321315 61237.2 9083.82 58308.9 111755 1.90003e+06 550109 15219.1 87290.1 239068 46480 14334.6 1.05132e+06 384070 176851
internal_count=3329916 1644317 54465 1685599 1603202 418183 52473 1589852 1174712 1185019 35812 1149207 82397 7761 7869 617429 28427 415140 8844 44712 339155 786618 124618 164358 79028 20468 388094 87392 10489 2312 8177 589002 168817 118458 420185 209455 37279 15668 74528 4426 50359 70102 531778 164359 37445 15469 8271 4966 126914 21976 4265 14210 45970 662000 216267 5108 43892 76903 18772 4806 367419 139615 60860
cat_boundaries=0 2 4 6 8 10 12 14 16 17 19 21 23 25 27 29 31 33 34 36
cat_threshold=1353826112 116 3225477126 80 2838829808 105 3054259745 41 2922275513 52 2349842049 33 2376123704 55 452893769 20 1074276633 1090519552 64 485359688 64 3519072087 30 26902728 8 560564728 6 2807079264 69 3945009619 25 0 4 1343262208 2727706818 71
is_linear=0
shrinkage=0.03


Tree=39
num_leaves=64
num_cat=17
split_feature=5 10 7 2 1 2 0 19 1 1 18 4 0 19 8 1 11 1 9 4 0 2 1 1 2 18 0 1 19 1 18 14 1 1 1 8 8 10 1 14 0 8 14 1 6 9 10 6 10 9 10 6 4 9 0 1 4 14 9 14 1 1 0
split_gain=1395.49 1046.58 929.384 659.164 570.183 490.841 494.827 492.587 627.349 456.389 452.937 506.706 591.406 444.03 496.408 575.833 464.796 817.688 1514.11 415.61 413.593 453.502 451.162 379.592 370.697 700.63 756.552 479.301 374.297 429.741 387.639 423.349 364.241 361.388 326.12 320.835 374.41 320.043 737.387 338.485 348.49 313.278 309.291 297.139 316.436 693.73 291.311 290.842 284.86 275.063 272.956 292.801 343.638 277.706 272.222 294.154 267.16 330.664 255.347 253.895 247.388 245.517 244.526
threshold=-0.69347921013832081 1.5670744776725771 0.39938059449195867 -1.901797831058502 0 -1.3648050427436826 789.50000000000011 -0.38006861507892603 1 2 -0.76156345009803761 -0.13379042595624921 515.50000000000011 0.05331165902316571 2.8425709009170537 3 -1.0000000180025095e-35 4 -0.41107659041881556 -2.3358898162841792 307.50000000000006 -0.84132790565490712 5 6 -1.3648050427436826 -1.8438284397125242 157.50000000000003 7 0.6901068687438966 8 -1.2021519541740415 0.10981257632374765 9 10 11 3.4509546756744389 2.5039168596267705 -2.4664380550384517 12 0.47087781131267553 322.50000000000006 0.31178255379199987 0.27858866751194006 13 0.63358229398727428 -0.39475017786025995 2.0446702241897587 -0.68836817145347584 -1.1542026996612547 -0.6355740725994109 -0.15499237179756162 0.72002345323562633 -1.4160946011543272 -0.5776209533214568 760.50000000000011 14 0.37287023663520819 0.22192367911338809 -0.41107659041881556 0.51240363717079174 15 16 142.50000000000003
decision_type=2 2 2 2 1 2 2 2 1 1 2 2 2 2 2 1 2 1 2 2 2 2 1 1 2 2 2 1 2 1 2 2 1 1 1 2 2 2 1 2 2 2 2 1 2 2 2 2 2 2 2 2 2 2 2 1 2 2 2 2 1 1 2
left_child=1 19 13 9 -5 6 7 10 -9 -3 -4 12 -12 20 33 -16 17 18 49 60 21 22 -2 -23 25 27 -27 -21 34 -30 31 -31 -8 41 50 36 -33 38 39 40 -35 -15 -40 44 -22 -46 -7 -32 -25 -17 51 -26 -53 -54 -28 -56 -49 -58 -59 62 -1 -48 -24
right_child=2 3 5 4 -6 46 32 8 -10 -11 11 -13 -14 14 15 16 -18 -19 -20 24 43 23 59 48 28 26 54 -29 29 30 47 35 -34 37 -36 -37 -38 -39 42 -41 -42 -43 -44 -45 45 -47 61 56 -50 -51 -52 52 53 -55 55 -57 57 58 -60 -61 -62 -63 -64
leaf_value=0.00057455313789043616 -4.9597284257231373e-05 0.018400677424941864 0.0026384035912047393 0.006719271905796644 0.0010465290683976921 -0.00071914714750360054 -0.0024166690557310402 0.0047510618666981568 -0.0027225179235184482 0.0051638038365877615 -0.020115051718953267 -0.0016569741902860212 -0.0055487944772140002 0.0030388080372772087 -2.3718244657249683e-06 -0.011799694985918546 -0.0015183247764421904 -0.0027681696558663448 -0.024835086587606147 0.00071936412557229725 -0.0004663669144145918 0.0016613208702132775 0.012579943243231192 -0.0034199923609937147 0.0012133898039842273 0.01273034704104677 0.0021440527126114304 0.012783279295991842 0.00078179623291584999 0.00018311139797752763 -0.0034914927171009742 -0.0069128954479387664 -0.0090939156573002153 0.0043535226879932868 0.00019908883147557 -0.000140035709631965 -0.017994229677805597 -0.00042474058411042306 -0.0066310728942288811 0.010174747407554316 -0.0061408168248151358 0.00030229540426320966 -0.018035527574523175 0.00016208311887723693 -0.0015331315517245593 -0.01334175158946118 0.0049227989125034521 0.0017526658270462954 0.00030253148447980044 -0.0010118255019552381 0.00050062084863528619 0.0097958678428426808 0.005626678306083167 0.00079970682428646847 0.0037320948252582528 -0.0032725785496910301 0.00088411540053459387 -0.0026176717057812258 -0.012403155809083102 0.012746482593543615 -0.0031900164327785087 2.4817817037914078e-06 0.0032078316373559041
leaf_weight=24584.333435058594 13640.345397949219 4426.8019485473633 5776.7171630859375 24070.822966575623 47235.147736549377 1917004.7392578125 13441.731155395508 18233.168920516968 22648.82851600647 5032.7898483276367 4196.4122148752213 8859.3180974721909 6240.0816993713379 43024.991088867188 134106.94413757324 3045.1741275787354 123253.77392578125 47115.287551879883 4737.0617046356201 4450.9849166870117 432110.73999023438 223897.99069213867 3124.1341676712036 19406.644592285156 461555.134765625 4888.0908229351044 40201.162933588028 8915.7157669067383 93640.283325195312 9510.7409286499023 28002.403274536133 11295.396851062775 16294.625045776367 5133.3279094696045 982563.96893310547 4104.7419197559357 3625.7924196720123 588412.78601074219 9289.023423910141 2789.4493675231934 6384.3675746917725 301214.70629882812 2781.1061384677887 2137956.9990234375 25487.173543930054 5427.1694736480713 14945.154357910156 37759.153520584106 394433.14447927475 7033.1296463012695 567663.60748291016 6936.8934020996094 17274.82642364502 28292.463768005371 7035.7636566162109 22994.507382392883 12572.56414604187 6216.2739808559418 3907.9899504184723 5153.6341581344604 43508.190368652344 23419.323181152344 12603.121627807617
leaf_count=8423 5064 1566 1891 10475 16073 709695 5728 6383 8325 1829 1365 3317 2054 21276 49795 1188 35942 15029 1878 1537 173281 90105 1005 6272 153556 1829 13806 2782 40995 4291 13199 4147 4931 2032 394885 1377 1096 252618 5447 754 2405 115669 977 738306 7679 1484 6154 12753 123832 3010 179211 1489 4668 7218 2610 7810 4927 2130 1466 1465 13751 8853 4195
internal_value=-1.08276e-05 0.000590947 -0.0002398 0.00395052 0.00296291 -0.000770014 -0.00286785 -0.00141909 0.000611331 0.0113896 -0.00472924 -0.00693506 -0.0114126 -8.70867e-07 -0.00047502 -0.00149958 -0.00258367 -0.00470402 -0.0108481 0.000479347 0.000184302 0.000847613 0.00419641 0.000666309 0.000545922 0.00245092 0.00132458 0.00877798 0.00047182 -0.000732831 -0.00194499 -0.00498516 -0.00608038 -0.000133905 0.000594741 -0.00756806 -0.00961074 -0.000569671 -0.00380223 0.00080761 -0.00146373 0.00064434 -0.00925751 1.28594e-05 -0.000676144 -0.00360802 -0.000667344 -0.000964222 0.000127925 -0.00427563 0.000954112 0.0014549 0.00357765 0.00263006 0.000529894 -0.00163096 0.000206568 -0.00236539 -0.00639915 0.00696613 -0.00183129 0.0019209 0.00507296
internal_weight=9.11489e+06 2.51227e+06 6.60262e+06 80765.6 71306 2.05106e+06 95690.9 65954.5 40882 9459.59 25072.5 19295.8 10436.5 4.55156e+06 1.27832e+06 319291 185184 61930.7 14815.4 2.4315e+06 3.27324e+06 672259 34521.2 637738 2.36341e+06 88486.2 75119.5 13366.7 2.27492e+06 210635 116995 28536.7 29736.4 959030 2.06429e+06 19025.9 14921.2 614790 26377.3 14307.1 11517.7 344240 12070.1 2.60098e+06 463025 30914.3 1.95537e+06 88458.4 413840 10078.3 1.08172e+06 514059 52504.2 45567.3 70231.4 30030.3 60456 22696.8 10124.3 20880.9 68092.5 38364.5 15727.3
internal_count=3329303 909899 2419404 29943 26548 758696 33994 23335 14708 3395 8627 6736 3419 1660708 508020 106842 57047 21105 6076 879956 1152688 231938 11729 220209 857782 30374 26055 4319 827408 86381 45386 10911 10659 401178 741027 6620 5243 264233 11615 5191 4437 136945 6424 920750 182444 9163 724702 34475 130104 4198 346142 166931 13375 11886 24226 10420 21276 8523 3596 6665 22174 15007 5200
cat_boundaries=0 2 4 6 8 9 11 13 15 17 19 21 23 25 27 29 31 33
cat_threshold=2668937368 74 4014899260 16 3905601580 51 2350817561 41 1073742340 65249601 107 3810607876 47 749797527 81 2448393688 13 502775829 96 1661547164 10 249384071 68 2415970339 68 1086349828 2 3358889984 4 2990309530 33 3204866972 9
is_linear=0
shrinkage=0.03


Tree=40
num_leaves=64
num_cat=19
split_feature=3 10 7 1 3 5 2 9 0 0 5 2 2 5 7 2 0 1 1 1 1 1 1 3 1 1 1 1 0 1 0 16 1 1 15 12 2 16 1 15 1 10 10 1 2 0 1 10 13 0 1 6 2 3 0 10 11 10 9 6 13 11 16
split_gain=1423.2 894.97 767.394 674.82 506.503 505.565 817.696 488.533 438.464 399.396 393.246 378.83 359.911 454.652 332.441 301.94 290.351 457.728 288.771 281.458 272.996 271.085 265.283 259.342 248.278 248.091 239.645 229.147 228.525 439.405 250.968 224.036 321.558 222.93 245.917 1027.93 215.994 220.661 253.183 201.753 1589.49 202.349 201.533 422.089 229.114 194.502 222.165 187.393 186.867 186.8 379.396 187.1 185.285 180.612 179.723 176.672 252.337 388.978 181.704 175.607 242.723 338.185 180.646
threshold=-0.20057634264230725 2.0446702241897587 0.43876922130584722 0 1.8029391169548037 -2.2509361505508418 -0.84132790565490712 -0.23888704180717465 644.50000000000011 942.50000000000011 0.76489081978797924 -1.1162397265434263 -1.3648050427436826 -1.5661572217941282 -0.63473242521286 -1.1162397265434263 760.50000000000011 1 2 3 4 5 6 -1.2063708901405332 7 8 9 10 831.50000000000011 11 929.50000000000011 0.70798438787460338 12 13 1.2796644568443301 -0.60971888899803151 -0.42960354685783381 0.35129547119140631 14 -1.8659238815307615 15 0.19294773042201999 -1.1542026996612547 16 -1.1162397265434263 515.50000000000011 17 -2.4664380550384517 -1.167412996292114 157.50000000000003 18 -1.6477745771408079 -0.84132790565490712 -1.2063708901405332 544.50000000000011 -0.041806276887655251 1.9463328719139101 -1.1542026996612547 0.25908526778221136 -0.13639975339174268 1.4002970457077029 1.3979098200798037 -0.080983597785234437
decision_type=2 2 2 1 2 2 2 2 2 2 2 2 2 2 2 2 2 1 1 1 1 1 1 2 1 1 1 1 2 1 2 2 1 1 2 2 2 2 1 2 1 2 2 1 2 2 1 2 2 2 1 2 2 2 2 2 2 2 2 2 2 2 2
left_child=1 5 14 23 8 6 22 10 27 12 28 45 13 -5 42 19 39 52 -14 -10 -15 -13 54 -3 55 -8 -17 -4 33 31 59 36 -33 34 53 -36 37 38 -30 40 -16 -41 43 47 -45 -6 -47 -2 -32 50 51 -43 -18 -7 -1 56 -9 -58 -59 62 -61 -62 -31
right_child=2 3 4 9 11 7 25 24 15 -11 -12 21 18 20 16 26 17 -19 -20 -21 -22 -23 -24 -25 -26 -27 -28 -29 29 30 48 32 -34 -35 35 -37 -38 -39 -40 41 -42 49 -44 44 -46 46 -48 -49 -50 -51 -52 -53 -54 -55 -56 -57 57 58 -60 60 61 -63 -64
leaf_value=0.01704602231948384 -0.0077736241898845341 0.018926922198067238 -0.00090168936364669458 0.018628073209798993 -0.012355361962896026 0.0018406401213913017 0.0030822365555800099 0.0021200059660441473 -0.0084956039773891375 -0.006951078350170295 -0.00042928762353600217 0.0020731773105814194 0.007096421186291375 0.010593043895945757 -0.022861975434004794 -0.0003511094424500067 -0.0050475344961099389 -0.00011311522408778594 0.00021469594901068066 -0.0025982761917494827 -0.0011335008991505749 -0.0042131727686104499 0.0047600069830283087 0.0081759974666497908 0.00021661565847828286 -0.00073966695542536441 -0.0016649263816118018 4.8251067225391272e-05 0.0055787460823584056 0.0012099566756449984 0.0061319504758725807 -0.010755661386960016 -0.0023651306853463634 0.00022771202688047943 0.0010642614388592863 0.016865556953040338 -0.00016619382697582647 -0.007087398343694401 -0.0031148817686660179 0.00013178361815287923 -0.00075988171951779421 -0.011921454601790277 0.00050848946132508045 0.0071578392401577479 8.0241340199257619e-06 -0.0097820070721193874 0.0013559264864403261 -0.0024274943775908363 0.0015591924523144876 -0.00029701415975300495 -0.00053555794609097659 -0.0039676037299217629 -0.0016655507485569068 0.00061504248350226611 0.0084363106157343982 0.001082983316959153 0.014280394068859332 0.0070361968659794554 0.00079032053402991259 0.00041703909704706132 0.0010294195400617357 0.012525564892833949 -0.0014936594193909643
leaf_weight=3424.7808232307434 7577.1982421875 3080.9141845703125 408613.44714355469 2879.4788818359375 6059.3346824645996 124259.81750488281 27745.188919067383 108216.66186523438 8548.8263549804688 3460.3534393310547 647879.25543212891 8987.6415901184082 7359.7909469604492 3428.3384475708008 3007.66943359375 195301.84942626953 15647.399658203125 298375.39111328125 21464.608879089355 49097.286926269531 3714.7630844116211 19664.795543670654 11606.280883789062 5889.4630737304688 109166.69427490234 34010.69596862793 346978.99603271484 518574.32067871094 3804.01904296875 31892.261962890625 9515.5355529785156 4607.2750244140625 37448.455688476562 1072461.9996757507 22303.417938232422 4438.6467590332031 105857.14308547974 8753.5945434570312 14316.518798828125 1603603.8530410528 94006.77734375 3037.9769592285156 954836.267578125 4282.5182495117188 68137.962463378906 3649.258282661438 2877.8449010848999 26652.569091796875 51871.917572021484 591339.421875 61295.919494628906 21363.442413330078 213005.00415039062 838060.82210159302 6061.7086787223816 114950.6103515625 3888.5081176757812 7975.0549468994141 8834.0341033935547 34759.359020233154 5510.654052734375 3952.6922607421875 73480.871612548828
leaf_count=1076 3480 1339 155728 1032 1997 45431 10378 38963 3029 1049 239098 3741 2452 1222 1110 84096 5185 112822 8740 17279 1385 7965 3776 2793 55466 11606 112164 179045 1562 19421 5453 997 9190 427680 5904 1240 37885 2474 4878 558000 49447 1715 357815 1379 25039 1122 1180 11596 19087 210623 21260 8066 70298 274311 1915 40406 1066 2171 2556 11163 2132 609 25943
internal_value=-4.58452e-06 0.000461312 -0.000306145 0.00439599 -0.000867908 0.000404166 0.00271995 0.000348522 -0.000779305 0.00280793 0.000227924 -0.00414846 0.00367874 0.00857435 -8.4005e-05 -0.00141126 -0.00025004 -0.000887113 0.00197528 -0.00347543 0.00451137 -0.00224201 0.00781894 0.0118637 0.00140584 0.000977897 -0.0011918 -0.000370401 0.00040191 -0.000268242 0.000653301 -0.00138057 -0.00328862 0.000527315 0.000852167 0.00368962 -0.000776012 -0.00317761 -0.00128745 -0.000108826 -0.00144867 -5.18283e-05 0.000370338 -0.000866494 0.000431227 -0.0084858 -0.00488684 -0.00361084 0.00226845 -0.000486722 -0.00179568 -0.00495807 -0.00189701 0.000773307 0.0115397 0.00193809 0.00270065 0.00573531 0.00375488 -9.49332e-06 0.00157703 0.00583526 -0.000675364
internal_weight=9.11686e+06 3.58233e+06 5.53452e+06 51277.7 1.56835e+06 3.53105e+06 82848.7 3.44821e+06 1.52711e+06 42307.3 3.09517e+06 41238.9 38847 10022.6 3.96617e+06 599927 2.90468e+06 527028 28824.4 57646.1 7143.1 28652.4 21092.8 8970.38 353032 61755.9 542281 927188 2.4473e+06 385770 210983 174787 42055.7 2.06152e+06 989063 26742.1 132731 26874.1 18120.5 2.37766e+06 97014.4 2.28064e+06 1.06149e+06 106650 72420.5 12586.4 6527.1 34229.8 61387.5 677037 85697.3 24401.4 228652 962321 9486.49 243865 128914 20697.6 16809.1 149596 44222.7 9463.35 105373
internal_count=3329030 1323849 2005181 20012 567346 1303837 28751 1275086 551341 15880 1134458 16005 14831 3639 1437835 216568 1038526 188305 11192 20308 2607 11706 6767 4132 140628 21984 196260 334773 895360 140794 83808 56986 10187 754566 326886 7144 46799 8914 6440 850221 50557 799664 399309 41494 26418 4299 2302 15076 24540 241664 31041 9781 75483 319742 2991 85162 44756 5793 4727 59268 13904 2741 45364
cat_boundaries=0 1 3 5 7 9 11 13 15 17 19 21 23 24 26 28 29 31 33 35
cat_threshold=2386821144 3774968742 2 16919424 11 13124 10 562611367 19 353954160 69 2518347880 33 110720 17 1552240323 46 866272476 36 2512969024 25 1627465654 90 130 738569607 5 658 18 1073741824 3960877138 17 2687412999 71 654352457 13
is_linear=0
shrinkage=0.03


Tree=41
num_leaves=64
num_cat=18
split_feature=5 10 3 3 2 4 0 2 9 4 3 2 18 17 17 10 10 17 0 17 13 17 0 5 5 10 17 4 10 0 17 2 17 15 9 17 15 9 0 17 2 17 6 17 17 17 10 17 16 4 15 2 9 2 16 10 17 4 0 2 17 17 2
split_gain=1276.53 890.572 807.052 685.426 553.804 588.264 515.714 498.842 441.063 382.528 363.143 374.72 727.094 354.104 335.667 331.493 385.51 365.284 320.057 319.961 319.188 309.401 380.153 309.006 296.567 271.183 543.975 270.937 268.017 403.51 422.171 315.405 248.66 248.322 239.896 236.525 365.975 901.128 231.742 233.675 231.738 715.086 269.168 300.98 226.909 222.047 401.135 268.183 264.652 904.417 942.735 295.052 246.818 219.585 211.635 211.134 553.315 210.142 205.285 257.801 303.173 240.856 203.058
threshold=-0.58644592761993397 1.5670744776725771 0.61164435744285595 -1.7904666066169737 -1.901797831058502 -0.13379042595624921 775.50000000000011 -1.3648050427436826 -0.23888704180717465 -2.3358898162841792 -0.88361099362373341 -0.95707347989082325 -1.5294928550720213 0 1 2.0446702241897587 0.16963379830121997 2 277.50000000000006 3 -0.58159810304641713 4 929.50000000000011 1.6610938906669619 -1.6821901202201841 -2.4664380550384517 5 -0.40082250535488123 -0.10715288296341895 202.50000000000003 6 0.18693338334560397 7 -1.1032619476318357 -0.76398310065269459 8 -1.8659238815307615 -0.45843861997127527 529.50000000000011 9 -0.66950801014900196 10 -0.068345718085765825 11 12 13 -1.0245386958122251 14 -0.14924824982881543 0.32278256118297582 1.0759444236755373 1.7393608093261721 -0.61342468857765187 1.0000000180025095e-35 0.12400678545236589 -2.4664380550384517 15 1.8258113861083987 202.50000000000003 -1.3648050427436826 16 17 0.065421745181083693
decision_type=2 2 2 2 2 2 2 2 2 2 2 2 2 1 1 2 2 1 2 1 2 1 2 2 2 2 1 2 2 2 1 2 1 2 2 1 2 2 2 1 2 1 2 1 1 1 2 1 2 2 2 2 2 2 2 2 1 2 2 2 1 1 2
left_child=1 9 6 -3 5 23 8 13 15 -1 11 12 14 -8 -11 16 18 54 40 -5 25 22 27 -4 -21 26 -12 -9 29 30 31 -22 -7 -32 55 36 37 -20 -25 -40 41 -2 43 -43 -31 48 47 -47 49 -42 -51 -50 -53 -28 -17 56 -6 -29 59 60 -18 -61 -27
right_child=2 3 4 19 34 32 7 21 -10 10 20 -13 -14 -15 -16 17 58 -19 35 24 28 -23 -24 38 -26 62 53 57 -30 44 33 -33 -34 -35 -36 -37 -38 -39 39 -41 45 42 -44 -45 -46 46 -48 -49 51 50 -52 52 -54 -55 -56 -57 -58 -59 -60 61 -62 -63 -64
leaf_value=-0.0016470099172287915 -0.0014795941984274642 0.013812813812723562 -0.0029930794054250447 0.0010995912964072128 0.014904530862348348 0.0056984849316521124 0.00034602917046904549 0.00082615664625449868 0.0011521382331062112 0.014510134582535915 0.0035680383888917282 0.0010334924508269749 0.0013142717927588875 -0.0058057047225474308 0.004714616398933784 -0.0013839306533243757 0.012267096523152816 0.0070211344141620077 0.001748155028275277 0.0088410406259126807 0.004180283098803677 -0.0010371110033770804 0.0020198001771622107 -0.016504399918171847 0.003089418756684283 0.00054765075405299702 -0.015068717101561494 -0.001218362767153304 0.0002358932428981412 -0.0014397204585446237 0.01044581201209209 -0.0034820899083111223 -0.0027536571722262498 0.0033755775427218157 -0.0009618541251606292 9.9990271389100777e-05 -0.00084844309912260362 -0.02089241364333605 -0.013615960763939347 -0.0017462239638212406 5.5381413494523293e-05 0.016818387718158561 0.00098925711722931708 0.0064858235760558948 0.00092397345134878791 -0.011452871297747406 0.00050364402546909572 -0.0020141371335387036 0.00076064235501848462 0.0022996204840681268 0.025542509895546951 0.0023378831893596107 0.01177188778601761 -0.0053224243258241195 0.0048611263045898632 -9.7123115183028898e-05 -0.0019567417165138466 0.0028859461494615407 -0.00025542283278925048 -0.00040750826359087694 -0.0017063906284740325 -0.002322909214246134 -0.00039955627874374821
leaf_weight=76224.828247070312 18271.931770324707 5459.44775390625 5621.1999835968018 44062.410852432251 3001.2804679870605 4017.3723790645599 12049.725982666016 113705.77191162109 331326.77594560385 6858.3964138031006 5658.2384643554688 366256.59899902344 27041.055786132812 27984.436126708984 5883.8827610015869 15198.912410736084 2724.9344100952148 12509.654876708984 3607.8248901367188 11661.2763671875 7258.5659112930298 491488.84833526611 74485.349609375 4888.8384990692139 26194.150182723999 340234.93055725098 2850.1262512207031 200426.73833465576 704623.50517272949 39293.761306762695 4743.3616724014282 14455.429992675781 14030.767359018326 76913.476530075073 1098035.3824768066 1572473.5428771973 134711.87977600098 2811.9840240478516 2979.3817110061646 3003.3189744949341 13108.476893424988 3109.5885200500488 5979.874890089035 13961.959311723709 521728.4554901123 2887.4032592773438 216557.30093383789 41136.623107910156 307338.81311035156 3148.9240655899048 3130.4789237976074 6760.1347236633301 3954.8565788269043 7708.7680969238281 7190.0669898986816 257427.63021850586 4175.6462898254395 11888.830871582031 1024387.82421875 116715.56917953491 2851.0404434204102 119685.02383804321 507535.69256591797
leaf_count=24792 5423 2066 2030 15521 1106 1042 5821 47243 131527 1934 2983 142528 9465 8338 2115 7009 924 4914 1375 4364 1956 161363 29904 1539 10511 151357 1412 79241 207485 14332 1871 4143 5312 22922 429163 545736 57148 1113 907 1104 5260 1308 1826 5494 155736 1217 85490 18111 95509 1206 971 2080 1435 3661 2258 93369 1697 4741 374173 40452 1172 46183 235590
internal_value=1.12036e-05 0.000544041 -0.000225283 0.00352507 -0.000861554 -0.00461272 -4.45055e-05 -0.000679804 0.000104061 0.000448106 0.000508623 0.00133389 0.00409896 -0.00395567 0.0100057 9.03117e-06 -1.90285e-05 0.00291867 0.000208114 0.00283864 0.000358557 -0.000532757 8.61999e-05 -0.00870735 0.00486084 -9.29349e-05 -0.00393516 -0.000355587 0.000643494 0.00107577 0.0027981 -0.000919912 -0.000869589 0.00378643 -0.000766451 -5.60446e-06 -0.00118201 -0.00817734 -0.0116592 -0.00768944 0.000780928 0.00295356 0.00646495 0.00838592 0.000758401 0.000630775 -2.70746e-05 -0.00263748 0.00113874 0.00454121 0.013898 0.000931305 0.0058238 -0.00795157 0.000621986 4.44186e-05 0.00511788 -0.000988475 -0.000441067 -0.00122696 0.00514614 -0.00137738 -1.94136e-05
internal_weight=9.1174e+06 2.80265e+06 6.31475e+06 87377.3 1.39718e+06 34540.9 4.91757e+06 932030 3.98554e+06 2.71527e+06 2.63904e+06 406040 39783.3 40034.2 12742.3 3.65421e+06 3.61932e+06 34898.6 2.35295e+06 81917.8 2.233e+06 891996 400507 16492.7 37855.4 863988 16217.1 326021 1.36902e+06 664393 103371 21714 18048.1 81656.8 1.36264e+06 1.71361e+06 141132 6419.81 10871.5 5982.7 639346 41323.4 23051.4 17071.5 561022 598023 260581 44024 337442 19387.9 6279.4 318054 10715 10558.9 22389 264605 7176.93 212316 1.26636e+06 241977 5575.97 236401 847771
internal_count=3329978 1016744 2313234 32462 537269 11934 1775965 336651 1439314 984282 959490 156042 13514 14159 4049 1307787 1293606 14181 830702 30396 803448 322492 161129 5580 14875 395003 8056 131225 408445 200960 30892 6099 6354 24793 525335 605372 59636 2488 3550 2011 225330 14051 8628 6802 170068 211279 104818 19328 106461 7437 2177 99024 3515 5073 9267 96172 2803 83982 462904 88731 2096 86635 386947
cat_boundaries=0 1 2 3 4 5 6 7 8 9 10 11 12 13 14 15 16 17 18
cat_threshold=40044861 30445118 9254760 32446016 6644455 8464044 37880847 164099 23069248 18129974 47550465 16927232 23070212 25605008 6291460 33665542 38544803 53680154
is_linear=0
shrinkage=0.03


Tree=42
num_leaves=64
num_cat=16
split_feature=5 3 10 2 4 3 1 0 7 1 2 1 2 0 1 1 1 0 1 1 2 1 0 4 1 15 8 10 13 1 0 8 16 4 9 12 9 15 1 4 10 0 1 9 4 4 8 12 8 8 9 1 5 11 10 3 2 1 16 15 14 1 0
split_gain=1313.54 729.77 691.046 532.769 524.09 521.622 680.833 505.488 469.716 469.093 461.123 429.11 388.992 360.945 554.166 329.67 325.87 314.855 303.766 287.913 259.549 661.489 439.48 376.426 289.408 291.239 2816.41 264.678 525.964 393.081 393.785 259.081 251.119 243.796 465.09 239.252 235.623 222.965 885.26 576.847 213.857 248.547 528.913 317.012 340.954 547.524 322.6 208.489 527.4 237.717 206.155 206.069 205.931 205.52 589.427 201.804 200.758 316.411 196.407 236.237 348.901 190.757 290.545
threshold=-0.047483958303928368 1.3444420695304873 2.0446702241897587 -1.3648050427436826 -0.13379042595624921 -1.5114245414733884 0 644.50000000000011 -1.0816150307655332 1 -1.1162397265434263 2 -1.3648050427436826 789.50000000000011 3 4 5 217.50000000000003 6 7 -0.84132790565490712 8 187.50000000000003 0.97164177894592296 9 1.2796644568443301 1.2673923969268801 -1.5311909317970274 1.5262878537178042 10 187.50000000000003 2.1537300348281865 1.3521888256073 -2.066596150398254 -0.74177575111389149 -0.57179841399192799 -0.5233330726623534 -1.8659238815307615 11 1.3573725223541262 0.040951244533061988 202.50000000000003 12 -0.77578279376029957 0.97164177894592296 1.195036828517914 1.6811403036117556 -0.97862306237220753 1.6811403036117556 4.7153904438018808 -0.6355740725994109 13 -1.0607963800430296 1.9463328719139101 -1.314770460128784 -0.098669108003377901 1.0981630086898806 14 1.6322351694107058 1.0000000180025095e-35 0.22192367911338809 15 427.50000000000006
decision_type=2 2 2 2 2 2 1 2 2 1 2 1 2 2 1 1 1 2 1 1 2 1 2 2 1 2 2 2 2 1 2 2 2 2 2 2 2 2 1 2 2 2 1 2 2 2 2 2 2 2 2 1 2 2 2 2 2 1 2 2 2 1 2
left_child=2 7 8 4 15 6 -4 20 12 -6 18 52 17 16 -15 -3 40 -1 -9 -12 21 22 23 36 27 55 -27 28 29 30 -22 -31 33 34 -16 -23 51 38 -29 -40 41 42 43 46 -45 -46 -10 48 -44 58 -11 -2 -7 -43 -55 -26 -35 -58 59 -49 -61 62 -24
right_child=1 3 5 -5 9 11 -8 10 13 50 19 -13 -14 14 32 -17 -18 -19 -20 -21 24 35 61 -25 25 26 -28 37 -30 31 -32 -33 -34 56 -36 -37 -38 -39 39 -41 -42 53 47 44 45 -47 -48 49 -50 -51 -52 -53 -54 54 -56 -57 57 -59 -60 60 -62 -63 -64
leaf_value=0.010746532872583045 0.017294723173968116 -0.013682892965797151 0.023340947942898163 -0.001478836314091219 0.0099441092437504656 0.0088321657280410384 0.0024349996601728333 -0.0065598427362116556 0.0030814064727279476 -0.010014143340125885 -5.3569555185299468e-05 0.00048177927602032693 0.0008875603826086632 0.00050245770232005529 0.0058561406100460242 -0.005476673709479382 -1.610079452488297e-05 0.0029135572471313178 -0.0019684547519449114 -0.00092750120153036418 -0.013599498615252498 -1.9977379013614634e-05 0.010486409298662428 -0.001033247627277476 0.00050590510086788746 -0.0014176400174291369 0.028142454021762634 -0.018410559260501551 0.0074256961714096112 6.4751613996610164e-05 -0.0039633161085443382 -0.0066932317952289539 -0.0033912625368832943 -0.0010569078924307653 -0.006129905493922695 -0.0041465279595316361 0.0033872478716051712 -0.00029961407069029549 -0.00017785799605597047 -0.016542054414355422 0.00020707321483318916 0.00060067032658741486 0.0030764105774187442 0.0022418422676294047 0.015610951273421457 0.0017476717449347095 0.015260705011013917 -0.001374225355059551 -0.0075585412778420447 0.0085726692086166116 0.00084560424759403611 0.0076825309298566785 0.0028476621806163716 0.014582849220074467 0.0014515307353183495 -0.00020136005909144155 0.0045682476642627473 -0.00033318821502879517 0.0062844357070828095 0.00080009305417112504 0.009352580307280178 0.0013325373684521483 0.00091632166253688906
leaf_weight=5462.9131355285645 4433.2614898681641 7527.6606639623642 2637.7257041931152 200923.90234375 2869.2548862695694 11046.498596191406 2997.3933143615723 15072.173217773438 3684.400411605835 3191.6190519332886 567661.11651611328 31747.218097686768 608712.58142089844 339352.2861328125 3513.1944351196289 10749.760185241699 1311440.1651306152 29782.875926971436 92751.748657226562 843285.08319091797 5588.4017333984375 100469.3942565918 5515.3445739746094 3508.700119972229 646462.37370300293 16619.936828613281 3509.1395874023438 2954.70703125 4355.7166748046875 23820.65781879425 12037.368713378906 6493.3628721237183 39971.576873779297 287220.67577362061 16968.507957458496 14460.838287353516 3282.7494497299194 1163589.3464547396 29112.82275390625 2072.0375671386719 674676.037109375 783764.2529296875 7909.7801895141602 54844.478291511536 4784.5338010787964 5520.9085464477539 4178.1680850982666 35424.070365905762 8930.1065902709961 3666.4097747802734 3096.4903688430786 3794.81103515625 9745.0978813171387 3607.1354370117188 20756.783508300781 828283.80049133301 15176.820190429688 53939.909248352051 5332.7568969726562 26202.687385559082 5129.4414825439453 65459.854156494141 5915.82763671875
leaf_count=1898 1323 2187 993 82413 874 3873 1198 4519 1589 1176 240375 12327 230894 125294 1208 3930 552348 10352 33903 274134 2561 35596 2050 1183 233830 4698 1200 1157 1029 10278 5743 2119 9037 103016 5932 6018 1058 429979 14527 1077 213421 249623 2526 17160 1431 1585 1159 13298 2700 985 1149 1521 3769 907 5886 291089 7085 21711 1075 8099 928 21685 2235
internal_value=-1.10193e-05 -0.000360191 0.00036034 -0.00201437 -0.00593547 0.00360832 0.0122785 -0.000275691 0.000316998 -7.72096e-05 -0.000720415 0.00267731 0.001065 0.000187373 -0.0003976 -0.00886975 0.000336814 0.00412898 -0.00261133 -0.000575904 -4.6865e-05 0.000977916 0.0028748 0.00756805 -0.000124089 0.0001576 0.00374134 -0.000460951 -0.00255 -0.00345705 -0.00701756 -0.00138324 -0.00113041 -0.000890578 -0.00407303 -0.000539302 0.0101892 -0.000369732 -0.00275919 -0.00126723 0.000617581 0.000902014 0.00196078 0.00386974 0.00318304 0.00818846 0.00955907 0.000454946 -0.00256382 0.00112618 -0.00466258 0.0128992 0.00602567 0.000685034 0.00339825 0.000108674 -0.000707601 0.000743946 0.000746888 0.000304089 0.00220151 0.00195799 0.00553145
internal_weight=9.117e+06 4.69887e+06 4.41813e+06 228359 27434.8 58173.9 5635.12 4.47051e+06 4.35995e+06 9157.36 1.51877e+06 52538.8 643958 3.716e+06 756143 18277.4 2.95985e+06 35245.8 107824 1.41095e+06 2.95174e+06 206841 91910.5 15019.5 2.7449e+06 1.49488e+06 20129.1 1.25002e+06 52295.5 47939.8 17625.8 30314 416791 376819 20481.7 114930 11510.8 1.19773e+06 34139.6 31184.9 1.64841e+06 973736 165608 73012.5 65149.9 10305.4 7862.57 92595.3 16839.9 75755.4 6288.11 8228.07 20791.6 808128 24363.9 1.47475e+06 356337 69116.7 72089 66756.2 31332.1 76891 11431.2
internal_count=3329923 1716616 1613307 91729 9316 22160 2191 1624887 1591147 3199 552931 19969 243144 1348003 273283 6117 1074720 12250 38422 514509 1071956 72669 31055 5085 999287 530817 5898 468470 21730 20701 8304 12397 147989 138952 7140 41614 3902 446740 16761 15604 522372 308951 52535 22924 20176 3016 2748 29611 5226 24385 2325 2844 7642 256416 6793 524919 131812 28796 23400 22325 9027 25970 4285
cat_boundaries=0 2 4 6 8 10 12 14 16 18 20 22 23 25 26 28 29
cat_threshold=2390403228 66 102238809 4 2618147000 12 251563032 100 2450006827 3 302382263 76 13060 10 2808894536 53 1784467772 16 1423623773 64 1145618496 64 1073741824 98439 12 1779957808 553648768 3 1644429312
is_linear=0
shrinkage=0.03


Tree=43
num_leaves=64
num_cat=18
split_feature=3 3 5 2 0 1 5 12 1 2 1 0 5 0 1 4 18 1 1 19 1 0 1 14 6 1 1 0 19 1 19 8 13 13 0 1 14 8 15 19 1 0 16 4 4 2 1 6 5 12 1 0 12 0 17 2 4 18 4 6 17 1 2
split_gain=1342.25 687.298 622.807 1158.59 529.791 583.906 475.393 421.854 405.088 390.956 753.438 571.214 350.604 349.702 340.294 323.255 310.031 404.456 294.828 293.432 753.226 290.609 287.379 271.167 256.043 246.65 245.776 259.677 258.622 349.929 244.822 280.296 1038.98 244.655 242.947 415.346 242.215 357.045 1565.87 240.15 235.121 342.162 464.192 407.072 298.375 222.912 220.908 225.532 211.723 211.13 209.057 232.627 200.176 195.237 326.92 305.269 245.46 191.536 245.056 191.427 191.125 190.526 188.456
threshold=-0.098669108003377901 1.8029391169548037 -2.2509361505508418 -0.84132790565490712 644.50000000000011 0 2.0535342693328862 -0.28054265677928919 1 -0.84132790565490712 2 187.50000000000003 0.276303380727768 217.50000000000003 3 0.31123201549053198 -1.6712154746055601 4 5 2.3243991136550908 6 307.50000000000006 7 1.1931485533714297 -0.46366593241691584 8 9 127.50000000000001 2.3243991136550908 10 0.05331165902316571 5.0616915225982675 -0.89071041345596302 0.21527120471000674 929.50000000000011 11 -0.16810990124940869 1.6811403036117556 1.1777228116989138 -0.2824870347976684 12 172.50000000000003 0.27074496448040014 0.17685678601264956 -0.51254457235336293 0.5869174897670747 13 1.0904705524444582 0.091814380139112486 -0.86439907550811756 14 217.50000000000003 -0.57179841399192799 172.50000000000003 15 0.38308377563953405 0.23923791944980624 -0.42175430059432978 -2.066596150398254 -0.79209998250007618 16 17 -0.53721958398818959
decision_type=2 2 2 2 2 1 2 2 1 2 1 2 2 2 1 2 2 1 1 2 1 2 1 2 2 1 1 2 2 1 2 2 2 2 2 1 2 2 2 2 1 2 2 2 2 2 1 2 2 2 1 2 2 2 1 2 2 2 2 2 1 1 2
left_child=2 4 3 13 9 62 46 12 39 10 11 24 26 -1 15 33 17 -15 -5 25 -21 23 48 -16 -2 -14 36 -28 53 -30 -24 40 -33 -9 -7 -36 37 -4 -39 -8 41 42 -32 44 -44 -31 -3 -48 -11 -22 -12 52 59 54 -29 -56 -57 -27 -59 -52 -61 -18 -6
right_child=1 6 7 18 5 34 8 14 -10 22 50 -13 19 16 21 -17 61 -19 -20 20 49 -23 30 -25 -26 57 27 28 29 45 31 32 -34 -35 35 -37 -38 38 -40 -41 -42 -43 43 -45 -46 -47 47 -49 -50 -51 51 -53 -54 -55 55 56 -58 58 -60 60 -62 -63 -64
leaf_value=0.017180660919034561 0.017395665574558111 0.0044895482010222027 0.00092603719142277162 -0.0016641550734012008 -0.0022889861710434995 -0.00034341609561458936 -0.0069721609741425737 0.0019647756007343991 -0.010901616622263901 0.00046226573096881174 -0.00069823129954878541 0.0031788216251955968 -0.00052506960468301121 0.01945780806574714 0.0023572263965945584 0.011813985327586402 0.010403522119445292 0.0055614374763695972 0.0023932045343155782 -0.012723844608612441 0.0073238864319821705 0.00042682441472328893 -0.00020005063021416662 0.0092393449963812085 0.0061936390980383196 0.0011016071726447916 0.001970673369640638 0.00059920884413246776 0.00092732827655327425 -0.0048056657844839958 -0.0016980451357120159 -0.019369795161758633 -0.00024388809209621474 0.011163586782151475 -0.00070817934096668433 0.0033158270598995896 0.00067968620647271814 0.0030843153247439663 0.030280812633261663 0.0043807856682707884 -0.00048184674126223467 -0.0010287551095533405 -0.0090760434553202526 -0.0030734046364705799 -0.021515294793350927 -0.015699503622307119 -0.002370866713165339 0.0051550244586156847 -0.00021286146205689734 -0.0019266677880084198 0.0084629193411283991 0.00050802492771976748 0.01074924326924973 0.0002477700518266599 -0.0013377953661075528 -0.011331477314704153 -0.0020427496089832839 0.0025071275810677213 -0.00011783372268782421 -0.003874674668445341 0.0038387955888511435 0.0019309198038820045 -0.0010780071802896556
leaf_weight=3573.0666811466217 4092.7131955623627 4788.9732894897461 70000.597290039062 26000.036376953125 139539.36328125 806097.30480957031 3430.8264923095703 17247.724548339844 10366.538879394531 830731.6870290637 88256.956604003906 33569.876953125 574081.73726272583 3398.0060653686523 27183.526794433594 5078.6542358398438 3198.6919972896576 4285.2996520996094 42363.137084960938 5848.3464012145996 3001.3091263771057 97902.297424316406 922477.77398681641 6354.7293701171875 3342.7078249454498 196936.6766204834 71637.705841064453 30385.452911376953 7533.4019622802734 5652.3004364967346 19102.89623260498 3503.0602874755859 9422.0466461181641 3060.2522583007812 46695.294311523438 45638.160766601562 1022554.1284179688 34632.732452392578 2011.4026794433594 3270.9041595458984 279350.09775543213 76481.095336914062 4787.7816619873047 5895.4977951049805 2730.307487487793 2411.5081725120544 97905.963539123535 3715.3014526367188 841572.79333496094 8490.7370505332947 4085.2339949607849 63361.868225097656 3486.0163154602051 1144624.1837768555 16383.706153869629 6767.1313507556915 4121.1188552379608 33868.048004150391 581404.06716537476 4586.2059535980225 7766.5014996528625 9379.2855796813965 675887.71484375
leaf_count=1158 1833 1561 32403 8088 41151 334583 963 7939 3691 277052 28677 13077 196806 961 14333 1583 1162 1444 16225 2370 1307 47282 359257 1977 1121 74421 28258 9682 3785 2381 11175 1802 3171 1668 16192 22175 308435 18221 702 1093 115312 39534 1943 2564 1103 1077 41055 739 277031 4132 1949 22665 1365 455153 7755 3599 2045 12243 221906 1233 2541 3074 208578
internal_value=-6.64336e-06 -0.000333611 0.00039859 0.00283614 -0.000278156 -0.000704002 -0.00254421 0.000342109 -0.00719134 -5.06921e-05 0.00119259 0.00484505 0.00027954 0.00853095 0.00186705 0.00504594 0.00700172 0.0117484 0.000850198 -9.76242e-05 -0.0039754 0.00125243 -0.000138895 0.00366241 0.0123672 -4.91049e-05 0.000498415 0.000215418 0.000112165 -0.00372545 -0.000469132 -0.00108772 -0.00543302 0.00335337 -0.000176449 0.00128114 0.00082158 0.00218209 0.00458106 -0.00142988 -0.000943029 -0.00212468 -0.00470246 -0.00897897 -0.0136048 -0.00806122 -0.0017985 -0.00209527 0.000122513 0.000490952 0.000319089 0.00139706 0.00422423 0.000161966 -0.00154131 -0.00392464 -0.00781832 0.000287318 2.66782e-05 0.00283762 0.000974567 0.00409866 -0.00128523
internal_weight=9.11731e+06 5.04594e+06 4.07137e+06 92197.5 4.92246e+06 1.71386e+06 123479 3.97917e+06 17068.3 3.2086e+06 212548 41005.3 3.82235e+06 23834.3 156827 25386.6 20261.3 7683.31 68363.2 1.40363e+06 17340.4 131441 2.99606e+06 33538.3 7435.42 1.38629e+06 2.41872e+06 1.28952e+06 1.21788e+06 15597.2 1.32375e+06 401273 12925.1 20308 898431 92333.5 1.1292e+06 106645 36644.1 6701.73 388348 108998 32516.5 13413.6 7518.09 8063.81 106410 101621 1.6723e+06 11492 171543 83285.8 19924 1.20228e+06 57657.4 27272 10888.3 812209 615272 16437.9 12352.7 12578 815427
internal_count=3329761 1836186 1493575 32112 1787084 622679 49102 1461463 5747 1164405 74461 16031 1386681 7799 74782 11190 6641 2405 24313 513185 7809 63592 1089944 16310 2954 505376 873496 513735 485477 7243 535861 176604 4973 9607 372950 38367 359761 51326 18923 2056 171631 56319 16785 5610 3046 3458 43355 41794 554083 5439 58430 29753 7088 478234 23081 13399 5644 308570 234149 5723 3774 4236 249729
cat_boundaries=0 2 4 5 6 7 9 11 13 14 16 18 20 22 24 26 27 28 30
cat_threshold=3221306278 90 1696340533 8 3927212080 67174816 3528126520 3763875876 65 575687169 81 170342463 110 1351852703 2358033537 13 1361183034 34 604898385 1 613416960 17 2064 4 346111107 73 9442849 2097158 2324733957 1
is_linear=0
shrinkage=0.03


Tree=44
num_leaves=64
num_cat=20
split_feature=7 3 3 2 2 6 18 4 5 7 1 10 1 10 1 10 1 1 1 3 1 1 9 12 1 1 6 4 11 14 11 10 1 1 6 12 10 1 1 4 4 9 11 12 10 5 10 18 1 1 1 1 18 6 17 10 9 16 16 12 12 1 12
split_gain=1231.48 733.904 664.903 585.699 434.677 446.877 417.974 377.219 375.808 349.448 343.341 326.057 325.543 294.508 297.553 278.358 359.161 265.192 259.595 246.031 244.892 238.196 221.636 221.353 271.362 239.747 313.698 700.45 327.779 2999.01 219.503 199.538 240.789 189.171 1333.48 263.631 188.107 466.447 188.09 180.405 176.154 270.189 1042.73 4274.99 175.291 174.236 169.905 169.523 214.735 160.876 153.278 145.965 171.032 175.75 144.967 144.626 169.788 204.825 177.161 154.868 149.107 153.776 316.695
threshold=-0.054201930761337273 -1.5114245414733884 0.65383484959602367 0.12922331690788272 -1.3648050427436826 1.0000000180025095e-35 -0.6997048258781432 -0.80504435300827015 -0.58644592761993397 -0.98193383216857899 0 2.0446702241897587 1 2.0446702241897587 2 1.5670744776725771 3 4 5 0.57078379392623912 6 7 -0.85952550172805775 -0.66427141427993763 8 9 0.63358229398727428 0.64607051014900219 -0.53948548436164845 0.22192367911338809 0.87435781955719005 1.5670744776725771 10 11 0.2653516978025437 -0.65455603599548329 -2.4664380550384517 12 13 0.68512386083602916 -0.25480918586254114 -0.41107659041881556 -0.12783293426036832 -0.77335870265960682 -0.83188164234161366 2.0535342693328862 -1.5311909317970274 -1.2990568876266477 14 15 16 17 2.0829391479492192 -0.27576021850109095 18 -0.063276264816522584 -0.23888704180717465 1.1930289268493655 0.94121596217155468 -0.54200291633605946 -0.50810357928276051 19 -0.60971888899803151
decision_type=2 2 2 2 2 2 2 2 2 2 1 2 1 2 1 2 1 1 1 2 1 1 2 2 1 1 2 2 2 2 2 2 1 1 2 2 2 1 1 2 2 2 2 2 2 2 2 2 1 1 1 1 2 2 1 2 2 2 2 2 2 1 2
left_child=1 3 8 6 5 12 7 -1 15 13 -9 17 45 36 -15 51 30 -8 -7 23 40 -5 38 25 -25 26 28 -28 29 -11 -17 55 39 34 35 -26 37 -3 46 -33 -10 -42 43 -43 -30 -4 -6 50 -49 -38 -39 -2 -53 54 -54 56 58 -58 60 -59 61 62 -22
right_child=2 9 4 21 22 18 11 10 20 19 -12 -13 -14 14 -16 16 -18 -19 -20 -21 31 -23 -24 24 33 -27 27 -29 44 -31 -32 32 -34 -35 -36 -37 49 47 -40 -41 41 42 -44 -45 -46 -47 -48 48 -50 -51 -52 52 53 -55 -56 -57 57 59 -60 -61 -62 -63 -64
leaf_value=0.0004436218011165739 -0.00026279431610020553 -0.0081089650143906355 -0.0024721243792683481 -0.0026396586702859045 0.00914311261574049 -0.01102314196335908 0.004742150192840737 0.015715188823888396 -0.00017469319095866128 -0.00012708015999092511 0.006744692362494367 0.011817424043527544 0.0026054591033739614 -0.00014431798278814444 0.0069523110611035633 0.0014134815342803006 0.0058221504355335432 -9.4903207402036581e-05 -0.0042059294711186595 -0.0003794535054485569 0.0006869708422689195 0.001582088803216644 -0.0010164497214244 -0.00047023978015834261 0.0082625567201165817 0.00018556068460049362 -0.015518175252861565 0.00038185399320954887 -0.0043484979457008941 -0.042556804945329485 -0.0075483509485154377 0.0028432417806415976 0.00022852371158396477 0.00089825999386990499 0.019831037861768149 -0.00081097701464903074 0.0011612939891388406 -0.0007560909053489043 -0.00051506481666361702 0.0098537261170515145 -0.00076257308890431133 -0.045096773916148775 -0.0009648327967711535 -0.00030524947777028298 0.00045802861498774131 -0.010209953602404762 0.0017524183024177759 0.0047841246134101298 -0.0038073490728311675 0.00041551956337404722 0.0085055282967440773 0.000475329442970513 0.012271226736188807 0.00023979859107026345 0.0028715015089404738 -0.00038002918835420841 0.00058057673011460947 0.0070774765596737519 -0.0019116419548340635 0.0019908339628119526 -0.0020768643773285056 -4.3110271351385628e-05 0.0058634939916883469
leaf_weight=4532.3011803627014 302737.95346069336 7538.4538040161133 13349.178047180176 15564.540222167969 3122.6627807617188 8842.1578750610352 19406.093719482422 6297.938973903656 458098.27734375 13723.43310546875 10002.292133331299 3436.1131591796875 11317.343742370605 8749.9872436523438 13559.950256347656 12662.3955078125 18751.738952636719 21495.149261474609 11758.390037536621 651041.0078125 117849.81536865234 52758.571350097656 858999.99975585938 137189.7197265625 3425.0595092773438 1652762.2291259766 4283.3895263671875 5957.4420166015625 7523.3834419250488 1678.1603164672852 3047.4690551757812 12243.056190490723 29357.766662597656 539822.34020996094 3836.7499084472656 18030.975738525391 476756.23500823975 2789.4411964416504 47269.593597412109 4523.1634750366211 706497.55078125 2561.4536895751953 44149.714385569096 7587.0062408447266 73473.362003326416 3255.0513916015625 26728.013397216797 3663.1426734924316 9078.2304878234863 573543.762550354 3789.2162132263184 587005.07205200195 3065.23987865448 5312.5708808898926 2884.5045480728149 911616.455078125 73398.86328125 8349.5068817138672 40381.36279296875 15182.636672973633 25773.673427581787 379072.50192642212 11687.23046875
leaf_count=1726 125979 3484 5395 7943 1215 2828 7857 1754 163312 12185 4152 1368 4347 3253 5635 4886 6775 8424 3392 252597 41547 19840 329721 70194 1052 542644 1292 1863 2986 925 840 5088 11742 202062 1319 6196 184815 1003 16237 1755 223510 1430 14006 4002 27401 1213 10269 1448 3391 210126 1369 192540 979 1529 1203 345410 31373 1657 9327 4490 12876 153811 4087
internal_value=5.69032e-06 0.000370977 -0.000327213 0.0025609 -0.00102166 -0.00379013 0.00459543 0.00810007 -0.0001465 0.000301572 0.0102282 0.002948 -0.00131675 0.000761337 0.00417265 0.000375198 0.00302109 0.00220153 -0.00714137 0.000139175 -0.000317841 0.000620064 -0.000878137 0.000276335 0.000726596 9.66023e-05 -0.00128197 -0.00627291 -0.000751597 -0.00476254 -0.000326615 -7.72475e-05 0.00186772 0.00101714 0.00355227 0.000639033 0.000690664 -0.00178825 0.000662421 0.00473407 -0.000639462 -0.000919318 -0.00295854 -0.0116272 1.13335e-05 -0.00398924 0.00252611 0.000683322 -0.00133563 0.000754063 0.00459265 0.000273982 0.000545599 0.00420681 0.0077458 -0.000133913 0.000200113 0.00136153 4.23562e-06 0.00379676 0.000149028 0.000261844 0.00115413
internal_weight=9.11415e+06 4.34571e+06 4.76844e+06 133493 984642 48522.1 65169.9 20832.5 3.7838e+06 4.21222e+06 16300.2 44337.4 27921.6 1.09947e+06 22309.9 935467 34461.6 40901.2 20600.5 3.11275e+06 2.84833e+06 68323.1 936120 2.46171e+06 702305 1.7594e+06 106639 10240.8 96398.3 15401.6 15709.9 1.62944e+06 46124 565115 25292.8 21456 1.07716e+06 26858.5 77120.3 16766.2 1.21889e+06 760796 54298.2 10148.5 80996.7 16604.2 29850.7 19320 12741.4 1.0503e+06 6578.66 901005 598267 11262.3 5949.74 1.58331e+06 671696 96931 574765 23532.1 534383 508610 129537
internal_count=3329075 1590304 1738771 53064 374617 17175 25281 7632 1364154 1537240 5906 17649 10955 414524 8888 334731 12501 16281 6220 1122716 1029423 27783 357442 870119 280823 589296 46652 3155 43497 13110 5726 623163 18585 210629 8567 7248 405636 10695 27721 6843 406260 242948 19438 5432 30387 6608 11484 7211 4839 394941 2372 322230 196251 3711 2182 604578 259168 37520 221648 6147 212321 199445 45634
cat_boundaries=0 2 4 6 8 10 12 14 16 18 20 22 24 26 28 30 32 34 36 37 39
cat_threshold=3591020571 66 2493672262 84 1074896198 67 1889545671 56 2353442945 49 2248864010 27 1348005697 64 903888954 68 2803171406 32 1075839488 24 2919628944 8 131072 4 1813123158 25 715407423 4 2181374465 98 1279056904 60 2474715657 96 1293972034 115 263222 50331680 5
is_linear=0
shrinkage=0.03


Tree=45
num_leaves=64
num_cat=20
split_feature=5 7 2 0 3 3 2 0 0 18 5 1 1 4 0 0 2 1 0 0 10 1 2 1 18 11 1 8 17 10 0 1 4 4 1 13 1 16 1 0 4 10 0 1 1 1 7 1 1 10 8 11 4 0 1 11 13 2 1 0 1 10 1
split_gain=1210.63 736.812 673.88 1093.65 558.406 525.558 449.066 619.635 491.311 420.837 397.336 386.761 379.907 378.533 337.591 311.492 365.906 314.949 292.368 312.58 282.263 626.259 274.599 452.672 356.733 289.41 552.321 268.962 456.019 258.613 257.679 495.06 251.223 659.235 4428.88 6889.84 239.351 237.399 232.452 244.456 334.389 225.451 231.341 503.483 237.845 218.014 216.935 214.463 210.793 207.782 232.048 206.973 197.888 248.733 272.264 195.669 298.374 190.652 337.089 222.191 248.881 262.97 190.058
threshold=0.51314294338226329 -1.0816150307655332 -1.3648050427436826 172.50000000000003 1.3444420695304873 -0.34227260947227472 -1.3648050427436826 142.50000000000003 515.50000000000011 -1.1163759827613828 1.8151760697364809 0 1 -2.066596150398254 789.50000000000011 644.50000000000011 -1.901797831058502 2 745.50000000000011 873.50000000000011 -2.4664380550384517 3 -0.22820197045803067 4 2.0829391479492192 0.58892410993576061 5 2.3281401395797734 6 -0.15499237179756162 217.50000000000003 7 0.37287023663520819 0.57931941747665416 8 -0.70058324933052052 9 -0.1093076430261135 10 142.50000000000003 0.23923791944980624 -1.8589775562286375 97.500000000000014 11 12 13 2.76854419708252 14 15 -2.4664380550384517 0.085098780691623702 1.757744371891022 -1.1511000394821165 915.50000000000011 16 0.63976013660430919 0.54756695032119762 -1.3648050427436826 17 367.50000000000006 18 -0.39462289214134211 19
decision_type=2 2 2 2 2 2 2 2 2 2 2 1 1 2 2 2 2 1 2 2 2 1 2 1 2 2 1 2 1 2 2 1 2 2 1 2 1 2 1 2 2 2 2 1 1 1 2 1 1 2 2 2 2 2 1 2 2 2 1 2 1 2 1
left_child=1 2 3 -1 13 36 7 -6 10 18 -9 -10 14 41 32 22 45 20 -5 -20 21 -18 23 -15 57 46 -27 28 -26 30 31 -14 51 34 35 -34 37 55 -8 40 62 -2 43 -43 -44 -17 -24 -16 -11 -35 -51 -7 53 -19 -55 -3 -57 58 -25 60 61 -59 -40
right_child=4 5 -4 9 6 12 38 8 11 48 -12 -13 29 15 47 16 17 52 19 -21 -22 -23 25 24 27 26 -28 -29 -30 -31 -32 -33 33 49 -36 -37 -38 -39 39 -41 -42 42 44 -45 -46 -47 -48 -49 -50 50 -52 -53 -54 54 -56 56 -58 59 -60 -61 -62 -63 -64
leaf_value=0.020216455075861221 -0.0067288761089970934 0.0019104182849298634 0.00088184666949343285 0.015996698658089836 0.0066588075025389316 -3.613107067156079e-05 0.0003977794634186965 -0.0055022987286763069 -0.0099294026553059644 0.0038953341762615452 -0.019531777068127736 -0.0002959555590712494 0.0035762480530133474 -0.00074777390801343243 -0.00024016792605487117 -0.0069697473801185938 0.015758943959099846 -0.0020605374710917501 -0.0018085016712082391 0.011332310285238947 -0.00028045115302645026 -0.0037186778889598151 -0.00078507618307777029 0.0089097978049380803 0.017761699377709633 0.0089281112627757932 -8.7807604951418876e-06 -0.0003830847295555895 0.0043857951053845956 -0.00011698427982323068 0.00031354709879291429 6.7659518433407149e-05 -0.073210669034846187 -0.0077080533302447789 -0.00039741102848242531 -0.0017838788251042649 0.00017757908159817079 0.00071024370114840967 0.0046352055347719384 -0.0016785800021357237 -0.01191669700816363 0.015768113975920966 0.003531426536354841 2.5118389243383923e-05 0.00033810821286193624 -0.0018168939498776771 -0.0052005399552143587 -0.0021577675479245205 -0.0011240882747722493 0.0043393769419000153 -0.00053300093106216145 0.0022142095042501143 -0.0010819723783683491 -0.012147907112241948 -0.0021942883505765808 0.0033221705312772068 0.016630861087622621 0.0074457354169484465 0.0011588655110190708 -0.00037791096260834342 0.00050734115951220208 0.0019893748928177485 -0.0050048796222516932
leaf_weight=3740.5705032348633 3180.9857177734375 80366.140167236328 741601.287109375 3260.9867162704468 3151.4618263244629 615457.45526123047 40840.737579345703 3078.9092197418213 6562.8191914558411 15815.601078033447 4445.749267578125 8740.8505339622498 67576.29541015625 196548.72347259521 78394.50537109375 13671.63948059082 3044.7807922363281 52605.802734375 3145.783998966217 3371.4785308837891 401880.40144348145 2882.7870788574219 729635.45780181885 7020.8523101806641 3011.0968965291977 6296.072998046875 450462.50506591797 5429.859260559082 9605.0321241617203 1362392.6900888085 721554.435546875 77929.26220703125 2043.6464233398438 3553.1650390625 30005.094665527344 2989.0219116210938 893134.70703125 832644.3544921875 2480.0369415283203 88083.24783706665 5257.7924880981445 3069.7933502197266 26839.313692092896 4498.9500694274902 96199.62513923645 16125.19450378418 10148.8369140625 158920.35400390625 14353.938547611237 8986.9119317531586 406066.58465027809 39117.28466796875 452663.79136657715 5008.6592407226562 4908.1947631835938 5618.52978515625 2073.2695007324219 10321.695068359375 17933.808822631836 114299.34098529816 89604.91345500946 34562.787796020508 7026.9146461486816
leaf_count=1332 1265 38219 282511 1064 999 272192 15605 1045 1961 5217 1420 3341 20523 67623 40660 4922 861 18402 1038 1131 162083 1487 315363 2477 1335 1737 115493 1714 3266 439555 239365 27545 862 1751 14202 1846 371243 261699 1355 36307 2071 1112 11847 1521 30868 5596 4892 57998 5698 6583 155604 10512 150670 1502 1664 3076 637 3941 6448 40584 29109 13490 2590
internal_value=-1.96095e-06 0.000236662 0.00109517 0.00471572 -0.000502885 0.000111555 -0.00217354 -0.00580288 -0.0075243 0.00326194 -0.0137987 -0.00443573 -9.94762e-05 -0.000400604 -0.000497557 -0.000479567 -0.000913097 -0.000807452 0.00866891 0.00499292 -0.000184556 0.00631143 -0.000234406 0.000365092 0.0011147 -0.000479077 0.000114699 0.00519961 0.00760155 0.000140778 0.000545795 0.00169745 -0.000277661 -0.000820232 -0.00477286 -0.0307714 0.000527486 0.000866903 -0.00151715 -0.00227737 -0.00584939 0.00115612 0.00134841 0.00643734 0.00103512 -0.00418489 -0.000845685 -0.00152443 0.00150834 -0.000489341 -0.000427451 9.83648e-05 -0.00130048 -0.00288251 -0.00723956 0.00234819 0.00691791 0.000845365 0.00334493 0.000594585 0.00142107 0.00324409 -0.00248939
internal_weight=9.11524e+06 6.17411e+06 785290 43688.4 2.94113e+06 5.38882e+06 169669 25979.8 22828.3 39947.8 7524.66 15303.7 3.57499e+06 2.77146e+06 1.34553e+06 2.63767e+06 952791 922994 9778.25 6517.26 407808 5927.57 1.68488e+06 488338 291789 1.19654e+06 456759 18046 12616.1 2.22945e+06 867060 145506 1.10822e+06 453644 35037.8 5032.67 1.81384e+06 920702 143689 102848 14764.7 133789 130608 7568.74 123039 29796.8 739784 237315 30169.5 418607 415053 654575 515186 62522.7 9916.85 88057.9 7691.8 273743 24954.7 248789 134489 44884.5 9506.95
internal_count=3330029 2262063 297991 15480 1067966 1964072 66694 8766 7767 14148 2465 5302 1289198 1001272 562210 954659 347187 336669 3233 2169 164431 2348 607472 169987 102364 437485 117230 6315 4601 726988 287433 48068 463552 180848 16910 2708 674874 303631 57928 42323 6016 46613 45348 2633 42715 10518 320255 98658 10915 163938 162187 282704 172238 21568 3166 41932 3713 96049 8925 87124 46540 17431 3945
cat_boundaries=0 2 4 6 8 10 12 13 15 17 19 21 23 25 27 29 31 32 34 36 38
cat_threshold=2158668578 2 3849335744 19 595395704 61 39321632 4 354496145 100 134217728 4 17436692 362535 4 1073742336 2 2349709457 15 1074276724 39 3556943204 113 2871312576 2 2721062740 118 611319808 18 3999114372 84 67146631 1778679840 16 3230941220 8 2498757122 8
is_linear=0
shrinkage=0.03


Tree=46
num_leaves=64
num_cat=18
split_feature=5 3 2 3 18 4 7 2 1 7 1 1 1 7 19 1 16 1 14 1 19 18 4 1 1 1 4 1 14 14 18 1 4 8 4 19 1 19 1 7 4 4 1 11 2 1 2 4 19 6 16 19 1 19 2 1 5 18 14 8 19 13 15
split_gain=1085.82 682.917 719.636 562.246 511.084 448.029 443.434 355.511 335.444 327.7 319.794 315.277 263.495 263.138 259.809 259.04 251.355 265.674 657.708 247.766 236.534 234.023 328.41 280.834 262.442 232.202 228.925 191.548 299.61 940.545 186.434 256.774 262.846 184.226 189.483 181.194 179.511 179.464 302.494 179.018 176.992 210.819 765.219 2025.45 183.707 174.402 174.61 172.666 189.992 346.699 171.268 191.842 359.471 170.689 255.613 192.239 166.315 166.087 168.838 186.704 222.048 196.144 185.762
threshold=0.51314294338226329 -1.2063708901405332 -1.1162397265434263 1.8029391169548037 -1.2021519541740415 -2.066596150398254 -0.33144003152847284 -1.901797831058502 0 -2.7041386365890498 1 2 3 1.1826823353767397 -0.19481515884399411 4 0.35129547119140631 5 0.22192367911338809 6 2.3243991136550908 -0.32160516083240503 -2.3358898162841792 7 8 9 1.0205355882644656 10 -0.16810990124940869 -0.17770638316869733 1.8487074971199038 11 -1.0004346668720243 2.8425709009170537 1.5712455511093142 -0.072470352053642259 12 0.025464545935392383 13 0.68053114414215099 0.97164177894592296 0.39812865853309637 14 1.0000000180025095e-35 0.097939603030681624 15 -1.3648050427436826 1.5712455511093142 1.0000000180025095e-35 -0.52515694499015797 -0.1006144769489765 0.79499089717865001 16 0.34667599201202398 -0.096043132245540605 17 -0.92820003628730763 -0.58510729670524586 1.646689295768738 1.9346206784248354 0.40057253837585455 0.34191104769706732 -1.1896404623985288
decision_type=2 2 2 2 2 2 2 2 1 2 1 1 1 2 2 1 2 1 2 1 2 2 2 1 1 1 2 1 2 2 2 1 2 2 2 2 1 2 1 2 2 2 1 2 2 1 2 2 2 2 2 2 1 2 2 1 2 2 2 2 2 2 2
left_child=1 2 4 5 8 12 14 25 -1 -6 20 57 -2 33 27 -11 17 18 -16 26 -4 22 23 -8 47 -5 -9 28 29 -3 37 56 -33 -13 40 -25 -37 39 -39 -23 41 -35 43 -43 -42 -18 -47 -24 -49 -50 -12 -52 -53 -48 -55 -56 -32 -7 59 -59 -61 -62 -60
right_child=3 6 10 7 9 11 21 19 -10 15 50 13 -14 -15 16 -17 45 -19 -20 -21 -22 30 24 35 -26 -27 -28 -29 -30 -31 31 32 -34 34 -36 36 -38 38 -40 -41 44 42 -44 -45 -46 46 53 48 49 -51 51 52 -54 54 55 -57 -58 58 62 60 61 -63 -64
leaf_value=0.0041670881317561539 0.0029990343840157474 0.0021943027181079498 -2.0149508260692576e-05 -0.012786220994397504 0.012160236788038042 0.0011466515166495079 0.0034594828522540662 -0.003357589393144911 0.013865098906572646 -0.0039363141164732466 0.003597274222973618 -0.00033185515279238686 0.00028954798409877954 -0.0014695566899572195 0.0030378065107527202 0.0035586016012547155 8.7331326242670026e-05 0.00049939979291970524 -0.019063654556686096 -0.00032343783419284223 -0.0088631477748537038 3.1043264345950763e-05 -7.7527106632497271e-05 -0.002334661490841234 0.00060799800361565346 -0.0039433886591813778 -0.012192455789058983 0.0004671701308769107 0.0011288965788127116 0.021939948418446095 0.0054883593041258885 -0.0036758762226369816 0.00080774108146674443 -0.00067504150307934547 -0.0031849337077534223 -0.01295855323943236 -0.0034227313061862123 9.6826441347387616e-05 -0.0012766773361668588 -0.0008049292543157538 0.0017442321344918333 -0.028072403296150267 -0.0014189551094350157 -0.00055989604339520523 -0.00096709047189248774 0.0040997975244415332 -0.00088331882617215588 -0.0010612880465077832 0.00075777574285426359 -0.011433877035116143 0.0016876965961997979 -0.0056008127833657977 0.0019005841543988183 0.00048961501315061384 -0.0087061445551716663 -0.0031941894751540889 0.0015229336747473131 0.00044249202797320633 0.0082569653862032983 -0.00038482881677493077 -0.0021557004577577106 -0.009519601290972849 -4.4488118058326893e-05
leaf_weight=5309.398567199707 49623.234619140625 14221.819702148438 116300.58081054688 5174.618335723877 2893.120361328125 112299.546875 6263.2954406738281 22217.960880279541 8241.1541061401367 5854.1943864822388 35710.671661376953 1273882.9466552734 92523.868896484375 312795.96716308594 2809.4626922607422 14165.614512443542 157930.32116699219 729693.7978515625 2124.4142608642578 28490.328018188477 2782.5625 1197363.9197044969 447364.99166870117 27962.577259063721 955223.48709106445 5587.461742401123 2991.9747734069824 600828.439453125 459754.29870605469 2557.571044921875 13156.47607421875 15606.957916259766 47783.457733154297 283250.78591918945 33427.082275390625 3194.8483276367188 4045.9274101257324 236228.3173828125 370877.80029296875 285515.37866210938 43778.587585449219 3621.4090270996094 108109.37023925781 7170.0421447753906 46242.333435058594 5024.715576171875 90281.686805725098 31926.749046325684 3730.3627173900604 4794.428519487381 171111.87362670898 9765.2992296218872 13938.59664440155 11480.259155273438 8138.10791015625 19085.469932556152 34419.563842773438 222471.8469543457 4492.1636962890625 238390.27581787109 34563.305137634277 3589.7224502563477 5267.5423583984375
leaf_count=1922 19421 6646 52828 1862 1087 45930 3050 8549 2504 2279 19553 462534 30400 113564 2034 4897 47700 304663 1101 11210 1367 415785 155552 8440 352405 1683 1202 238659 133525 1058 4597 5808 17894 87754 10276 925 1408 93048 146616 102786 13958 1578 31659 2405 14408 1320 24712 10334 1228 1553 59600 2591 6718 3319 2168 5608 12469 112742 1167 79532 13581 775 1283
internal_value=6.08748e-06 0.000232003 0.00145366 -0.000468454 0.00546394 -0.000406334 0.000150534 -0.00323922 0.0100815 0.00273157 0.00103532 -0.000491731 0.00123573 -0.000666438 0.00049803 0.00136631 0.000156506 0.000452433 -0.00647513 -0.00224141 -0.000227124 -4.78418e-05 0.000243242 -0.00238885 0.000318885 -0.0082147 -0.00440659 0.00082345 0.00127261 0.00520964 -0.000244173 0.000954068 -0.000296298 -0.000526836 -0.000999397 -0.00342973 -0.00765887 -0.000307795 -0.000742263 -0.000129918 -0.000850931 -0.00112009 -0.00218024 -0.00979223 0.000351492 -0.000588147 -0.00138407 -0.000247253 -0.00212411 -0.00610162 0.0016874 0.00133731 -0.00119186 -0.00159796 -0.00326461 -0.00484758 0.00261943 0.000102459 -0.000128028 -0.000204473 -0.000724939 -0.00284971 0.00377875
internal_weight=9.11542e+06 6.17546e+06 386073 2.93996e+06 36463.5 2.8755e+06 5.78939e+06 64462.3 13550.6 22912.9 349610 2.73335e+06 142147 2.11228e+06 2.10393e+06 20019.8 1.02657e+06 734628 4933.88 53700.3 119083 3.68546e+06 1.48451e+06 41466.6 1.44304e+06 10762.1 25209.9 1.07736e+06 476534 16779.4 2.20095e+06 110966 63390.4 1.79948e+06 525600 35203.4 7240.78 2.08999e+06 607106 1.48288e+06 492173 402152 118901 10791.5 90020.9 291941 134010 487817 40451.5 8524.79 230526 194816 23703.9 128986 38703.8 27223.6 47576 621074 508775 499015 276543 38153 9759.71
internal_count=3329230 2261757 155346 1067473 12689 1042967 2106411 24506 4426 8263 142657 993146 49821 738136 772513 7176 392625 307798 3135 20961 54195 1333898 534895 13823 521072 3545 9751 379888 141229 7704 799003 40768 23702 624572 162038 10773 2333 758235 239664 518571 151762 123396 35642 3983 28366 84827 37127 168667 13115 2781 88462 68909 9309 35807 11095 7776 17066 255010 209080 206630 93888 14356 2450
cat_boundaries=0 2 4 6 8 10 11 13 15 17 19 21 23 25 26 27 29 30 31
cat_threshold=703663744 117 334645358 84 52695080 49 2871298244 106 4076866392 12 512 2929980426 16 2518974480 32 3358335746 26 2428756355 99 437164682 12 3495455500 97 151073320 3 2384863485 1073742336 3221303857 10 134844545 604504074
is_linear=0
shrinkage=0.03


Tree=47
num_leaves=64
num_cat=18
split_feature=7 3 10 1 3 5 19 2 19 8 1 4 4 1 10 10 18 4 13 1 1 12 1 9 1 4 10 1 1 1 10 16 1 2 18 12 11 1 19 2 19 1 1 1 7 9 1 8 9 12 1 2 8 1 19 12 14 11 16 8 10 11 14
split_gain=1121.89 737.378 702.419 656.666 580.621 490.067 451.773 397.599 366.944 401.945 381.548 460.624 559.874 515.366 358.001 350.833 349.965 344.526 674.263 2204.06 340.047 334.27 391.195 4099.43 331.669 300.948 284.086 341.561 269.057 265.109 320.137 645.834 427.588 685.886 246.749 235.287 278.196 242.611 233.549 252.218 233.139 552.628 230.115 224.566 219.733 215.392 203.384 195.434 194.172 184.947 180.742 179.652 191.78 255.75 223.328 177.075 168.54 1791.42 204.165 323.702 541.959 227.432 237.068
threshold=1.0000000180025095e-35 -1.5114245414733884 2.0446702241897587 0 0.65383484959602367 2.0535342693328862 -0.65170550346374501 -1.901797831058502 -0.11680612713098525 2.7201130390167241 1 1.5712455511093142 0.93011432886123668 2 2.0446702241897587 -0.063276264816522584 -0.82670938968658436 0.23923791944980624 -0.76755958795547474 3 4 -0.6848483383655547 5 -0.78595551848411549 6 -0.13379042595624921 1.5670744776725771 7 8 9 -1.5311909317970274 0.94121596217155468 10 0.44667378067970281 -0.47572813928127283 -0.63220345973968495 -0.080687671899795518 11 -0.62541010975837696 1.0981630086898806 1.0966395139694216 12 13 14 0.88381478190422069 -0.6438932716846465 15 3.1577376127243046 -0.29193235933780665 -0.18212550878524777 16 0.41501186788082128 0.87295740842819225 17 0.6901068687438966 -0.79874885082244862 -0.16810990124940869 0.63976013660430919 0.53758552670478832 1.6196998357772829 -1.314770460128784 1.9463328719139101 0.51240363717079174
decision_type=2 2 2 1 2 2 2 2 2 2 1 2 2 1 2 2 2 2 2 1 1 2 1 2 1 2 2 1 1 1 2 2 1 2 2 2 2 1 2 2 2 1 1 1 2 2 1 2 2 2 1 2 2 1 2 2 2 2 2 2 2 2 2
left_child=1 2 6 -4 14 49 16 25 21 26 -11 12 17 -13 15 40 24 -12 19 -19 -16 50 23 -23 -1 -7 29 -28 -24 -10 31 32 33 55 43 36 -34 -37 -9 -40 46 47 -8 -17 -36 -35 56 -42 -29 -6 -3 52 -22 54 -54 -31 57 -2 -58 60 -60 62 -61
right_child=4 8 3 -5 5 7 42 38 9 10 11 13 -14 -15 20 34 -18 18 -20 -21 51 22 28 -25 -26 -27 27 48 -30 30 -32 -33 35 45 44 37 -38 -39 39 -41 41 -43 -44 -45 -46 -47 -48 -49 -50 -51 -52 -53 53 -55 -56 -57 58 -59 59 61 -62 -63 -64
leaf_value=0.017354086383217438 1.4088086016356379e-05 0.00093845394324759397 0.0025095191011018612 0.023646089856429315 -0.00078065683846802517 -0.014959038160841563 0.0025022135824384374 -0.0095592497665374348 0.00055392190608674001 0.00022809191657545072 -0.00093047761564483966 -0.014784118083036124 0.001510829731571907 -0.0033347651898648885 0.0056271659538089189 -0.00074540974832328121 0.0024141365869684095 -0.028873516894436155 -0.0018426240258968198 -0.0033648689833728584 -0.0022997057617293762 0.03352541484773406 0.0013819206863512617 -0.00044984087703083941 0.0060429464236856807 -0.0029475667437925857 0.0063414931566230133 0.001445109218676216 0.00030388125580156454 0.002519797490797808 -8.6966977354157465e-05 -0.015523020475450327 -0.0034709606409713671 -0.0057604179458400446 -0.00043058367867033717 -0.012248310098844407 0.0035738696736804052 -0.0036481048367881146 -0.00028954573154364076 -0.0083545755762720122 0.0031497349021344001 -0.0030790013282685972 -0.00021097697231391285 0.00054642808613050166 -0.0012449812661564225 0.0015511167861253779 -5.1006534318713385e-05 -0.0034725745907020064 -0.006438766551447571 -0.0030305046524886745 0.0001218044406919704 -0.0041956082446170306 0.0034808237605130177 -1.9582005880062716e-06 0.01293473947993448 0.010561093810012426 0.00024357491460171837 0.026709257764581325 0.014278994428248565 0.0044720141292142876 0.0026329704858966347 0.0048957800061712239 -0.00011152960348160737
leaf_weight=3586.5096263885498 18152.462265014648 290851.37719726562 2641.8388977050781 2658.3564147949219 858324.42381286621 4891.8278841972351 62560.921157836914 3916.2797775268555 606622.6793898344 188682.66488170624 129457.61143577099 4479.4537963867188 55415.521240115166 16757.92008626461 17904.790466308594 186802.681640625 11680.846885681152 3757.3153076171875 59012.013954043388 15945.186798095703 8683.9884939193726 3759.0440063476562 431987.68212890625 21187.952087402344 6768.9024066925049 3049.3195767402649 13494.808563232422 53685.955724716187 402532.24114990234 4045.2069673538208 626533.06356811523 3130.185546875 23770.209457397461 8477.6400203704834 1045127.7330627441 4695.7449645996094 6399.3507471084595 8007.1323308944702 20332.117463111877 4208.0802984237671 23755.292953491211 57035.081726074219 51117.890235900879 344302.24057006836 417195.04296875 6330.8648014068604 853721.60382080078 4820.9046173095703 2962.0374698638916 34189.826187133789 1510966.5341186523 5906.6956634521484 7458.3831272125244 12413.656836509705 3218.3135375976562 6318.4063749313354 397726.7258605957 2579.5522918701172 4374.654052734375 11509.430068969727 20126.651153564453 11461.3994140625 86065.551345825195
leaf_count=1078 8517 124508 970 1086 324228 1616 23557 1247 249115 67225 37644 1363 17224 4521 7720 56632 4474 1809 16800 5471 3886 1304 136095 6936 2477 1085 7059 21414 194637 1253 250883 992 11753 2978 370412 1799 1800 4684 7212 1582 10757 24258 22524 132138 153273 1664 329121 1674 1141 16256 469446 2103 2298 4001 1102 1785 137036 889 1149 3319 5479 2658 19605
internal_value=9.40315e-07 0.000327143 0.00246333 0.0131723 -0.000338475 -0.00100603 0.00204463 -0.00441798 0.000260337 -6.44248e-05 -0.000818227 -0.00151131 -0.00116885 -0.00576114 -0.000163323 -0.000201425 0.00597547 -0.00188221 -0.0034473 -0.00825188 0.00222518 0.00048585 0.000972664 0.00467341 0.00998953 -0.0103515 0.000195263 0.00205506 0.000861941 9.52419e-05 -0.000303563 -0.0022101 -0.00159658 0.0015068 -0.000461784 -0.00341822 -0.00197632 -0.00684333 -0.00276063 -0.00167393 0.00014659 -0.0013733 0.00128242 9.20504e-05 -0.000662932 -0.00263516 0.000239159 0.00203141 0.00103216 -0.000866859 0.000253637 0.000606478 0.00149987 0.00292904 0.00632935 0.00742508 0.000687917 0.00334124 0.000584357 0.00159929 0.00471483 0.000899019 0.000429322
internal_weight=9.11954e+06 4.65028e+06 141015 5300.2 4.46925e+06 928912 135715 36397.6 4.50927e+06 1.84798e+06 473508 284825 263588 21237.4 3.54034e+06 3.48476e+06 22036.3 208172 78714.5 19702.5 55585.8 2.66128e+06 859467 24947 10355.4 7941.15 1.37447e+06 70142.8 834520 1.30433e+06 697708 71174.7 68044.6 25172.1 1.99343e+06 42872.4 30169.6 12702.9 28456.5 24540.2 1.49133e+06 85611.3 113679 531105 1.46232e+06 14808.5 1.40572e+06 28576.2 56648 892514 1.80182e+06 37681 31774.3 23090.4 10676.7 10363.6 551996 20732 531264 133538 24501.3 109036 97575
internal_count=3330722 1699469 56166 2056 1631253 353226 54110 12742 1643303 710377 152057 84832 78948 5884 1278027 1256917 8029 61724 24080 7280 21110 932926 338972 8240 3555 2701 558320 29614 330732 528706 279591 28708 27716 7680 712455 20036 13553 6483 10041 8794 544462 36689 46081 188770 523685 4642 507773 12431 22555 340484 593954 13390 11287 7401 3400 3038 178652 9406 169246 32210 6628 25582 22924
cat_boundaries=0 2 4 5 6 8 10 12 14 16 18 20 21 23 25 27 29 31 33
cat_threshold=1619088355 124 2352930841 41 770 1073742336 2940649616 72 0 4 3326124071 70 2382643864 16 2018155168 80 1159806871 46 310902784 64 138805280 25211212 7 3423581828 33 1074079658 2 101782701 5 303333384 32 272110124 20
is_linear=0
shrinkage=0.03


Tree=48
num_leaves=64
num_cat=20
split_feature=3 10 1 19 1 12 3 2 4 18 1 0 2 1 10 1 11 1 0 1 0 1 9 16 4 1 0 1 9 16 1 10 10 3 2 1 0 1 4 1 4 1 8 1 12 12 1 1 10 1 8 10 0 4 13 16 12 19 1 2 19 19 4
split_gain=967.161 694.369 631.874 498.953 1203.48 431.307 424.885 404.534 353.167 354.804 363.548 346.986 349.843 446.103 326.664 357.04 341.413 323.031 322.684 363.797 310.278 340.484 409.324 797.308 309.874 324.263 304.784 623.586 349.695 334.662 289.502 302.571 280.552 271.444 268.132 595.462 386.935 260.39 256.398 252.985 245.601 423.966 277.302 244.618 626.119 238.249 426.971 249.456 294.343 234.194 231.567 344.881 229.988 229.908 234.902 225.373 225.199 397.357 324.271 458.887 387.563 344.054 249.515
threshold=0.093868259340524687 2.0446702241897587 0 2.3243991136550908 1 -0.28054265677928919 1.3444420695304873 -1.901797831058502 -0.13379042595624921 1.312424421310425 2 942.50000000000011 -1.3648050427436826 3 0.10259702429175378 4 -0.47967211902141565 5 644.50000000000011 6 337.50000000000006 7 -0.78595551848411549 -0.12987603992223737 -1.7580090165138242 8 929.50000000000011 9 -0.39475017786025995 1.05499804019928 10 -1.8589775562286375 -2.4664380550384517 -1.5114245414733884 -0.84132790565490712 11 217.50000000000003 12 1.4799789190292361 13 1.5712455511093142 14 4.7153904438018808 15 -0.81515207886695851 -0.89964786171913136 16 17 -0.62821972370147694 18 0.74719053506851207 -1.8589775562286375 217.50000000000003 0.31123201549053198 0.21527120471000674 0.062265057116746909 -0.81515207886695851 -0.072470352053642259 19 1.7393608093261721 0.21624313294887546 1.320500433444977 1.8258113861083987
decision_type=2 2 1 2 1 2 2 2 2 2 1 2 2 1 2 1 2 1 2 1 2 1 2 2 2 1 2 1 2 2 1 2 2 2 2 1 2 1 2 1 2 1 2 1 2 2 1 1 2 1 2 2 2 2 2 2 2 2 1 2 2 2 2
left_child=1 3 33 5 -5 14 18 8 9 10 -8 12 13 -4 16 -16 32 -10 34 -20 21 22 23 -18 -7 53 30 28 -28 -29 31 49 39 -3 35 36 -2 -9 -24 52 -17 -42 -43 44 -34 46 -6 48 -47 55 51 -49 -1 54 -26 -22 57 -23 59 62 -61 -60 -58
right_child=6 2 11 4 45 24 7 37 17 -11 -12 -13 -14 -15 15 40 20 -19 19 -21 26 56 38 -25 25 -27 27 29 -30 -31 -32 -33 43 -35 -36 -37 -38 -39 -40 -41 41 42 -44 -45 -46 47 -48 50 -50 -51 -52 -53 -54 -55 -56 -57 58 -59 61 60 -62 -63 -64
leaf_value=-0.009587081193102932 0.0077145900969017335 0.018754981754987857 0.01522492305348597 -0.0095227928796147096 0.012969815796160165 -0.002208113256631017 -0.012045321211515345 0.00026983858161987455 0.0077064660524746691 -0.012687697134049384 2.2057167190321364e-05 -0.0066815053097195216 0.001269610907066548 0.0029755725122664859 0.00069104332797183731 -0.00019112686971505205 0.020732172523098395 -0.0050334127486850637 -0.0012177955075007934 -0.00019705339272765626 -0.0032538092950384115 0.0013896496300627723 0.0015248061760143976 0.0029883000549044058 0.002519832077068344 0.0015750162166794641 0.0040519451358052147 0.00067520255181173678 0.013120969899353055 -0.0081228235394649375 0.00055427374847166332 -0.0002092426583187012 0.0041883817321428686 0.0073910157507365275 -0.00011799001603273078 -0.00035405295078950289 0.0021333826920097417 -0.0015473124522657076 0.0094788994462929859 -0.0077275305467764026 0.00069186119135133625 -0.0024775571689461639 -0.0094664226849567878 -3.4761366019077441e-05 -0.018790214245456047 -0.010406596748056305 -0.0011884171584473355 0.014645838025077698 0.00021362620831236518 -0.0010802900386488218 -0.0013959154288937939 0.0004957009406293181 0.0023868709830584104 0.01118749122678446 0.012053637569689366 -0.013992550582951973 0.0019424976073219443 -0.0010163146431607052 0.00093376008124474233 0.0030107559123518516 0.017165732947849691 -0.0053144254979129229 0.010067367417373517
leaf_weight=1859.0751342773438 14460.904663085938 2402.4664916992188 4052.0753860473633 15989.344818115234 3391.8388366699219 16178.170043945312 3299.1486117839813 98646.292411804199 3155.694952249527 6824.04443359375 6986.8198556900024 3837.5470886230469 38112.361846923828 7880.154411315918 413485.109375 1330880.1367492676 3357.6769275665283 4102.4620685577393 537794.638671875 755994.96484375 3590.4814071655273 129334.21948242188 45343.346817016602 7079.7833976745605 16301.259414672852 133493.75409275293 30233.203140258789 38739.627685546875 4378.1409759521484 4320.5753173828125 1025936.1868896484 442048.802734375 2141.1670532226562 8907.785400390625 2276319.02734375 94275.019165039062 49240.9296875 252966.5611038208 3961.7874317169189 8311.9817504882812 45009.58447265625 69322.316040039062 5512.1495361328125 618607.42525863647 2119.7949409484863 4539.5139312744141 4384.9753265380859 2395.7125244140625 4860.565315246582 8347.6003112792969 12315.014727711678 4376.8260239362717 6396.605224609375 4867.9353637695312 2709.026611328125 3450.4260940551758 125251.8974711895 118268.97511291504 203070.50207519531 3495.6055450439453 3468.0926361083984 8249.0490112304688 3492.1258442401886
leaf_count=963 5253 998 1364 6656 1323 8958 948 45164 1004 2340 2591 1163 14768 2952 218092 421304 1451 1567 166751 304647 1179 33427 17005 2303 7119 62717 8355 13244 1202 869 281989 158676 1137 4109 830226 32600 17770 99750 1442 5169 15423 17768 1475 336444 1188 2621 1935 1284 2930 3305 5564 2472 3539 1473 1443 1209 40309 33231 59334 1023 1224 2755 1028
internal_value=5.99192e-06 0.000285696 0.00336149 0.000245142 -0.0026707 0.000276286 -0.000335458 -0.00129664 -0.00503424 -0.00738594 -0.00386412 0.0020063 0.0026735 0.00715522 0.000222268 -8.66106e-05 0.000423965 0.000510793 -0.00023852 -0.000621363 0.000600219 0.00114857 0.00330728 0.00870361 0.00174505 0.0021515 0.000370351 0.0022022 0.00519935 -0.000208366 0.000274426 -0.000353217 -0.000186692 0.00980345 -3.50442e-05 0.0011601 0.00340034 -0.00103754 0.00216483 -0.00403908 -0.000308262 -0.00160902 -0.00299254 -8.41913e-05 -0.00723495 0.000353875 0.00500617 -0.000916682 -0.00491271 -0.00448782 0.00105404 0.00550827 -0.000313304 0.00537051 0.00388124 -0.00851049 0.000931591 0.000240431 0.00142475 0.00256903 0.0100675 0.000689704 0.00216326
internal_weight=9.11413e+06 5.01006e+06 65192.4 4.94487e+06 52253.8 4.89261e+06 4.10407e+06 375981 24368.2 17110 10286 53882.1 50044.6 11932.2 4.71906e+06 1.86421e+06 2.85485e+06 7258.16 3.72809e+06 1.29379e+06 2.21542e+06 654373 59742.6 10437.5 173550 157372 1.56105e+06 77671.5 34611.3 43060.2 1.48337e+06 457437 639436 11310.3 2.4343e+06 157977 63701.8 351613 49305.1 16567.7 1.45072e+06 119844 74834.5 622868 4260.96 36264.4 7776.81 28487.6 9400.08 15388.5 19087.6 6772.54 8255.68 23878.2 19010.3 7040.91 594630 247603 347027 135708 6963.7 211320 128744
internal_count=3329522 1818911 25354 1793557 24785 1768772 1510611 153364 8450 5879 3539 20247 19084 4316 1687062 674062 1013000 2571 1357247 471398 664560 194532 22201 3754 81710 72752 470028 23670 9557 14113 446358 164369 348440 5107 885849 55623 23023 144914 18447 9671 455970 34666 19243 338769 2325 18129 3258 14871 5551 5693 9320 3756 4502 10035 8562 2388 172331 66658 105673 43584 2247 62089 41337
cat_boundaries=0 2 4 6 8 10 12 14 16 17 18 20 22 24 25 27 28 30 32 34 36
cat_threshold=2382627352 2 575687169 65 336240649 16 550011044 17 3160719424 1 1146718313 4 3758111652 74 2164260868 44 67174816 2284379907 1893829132 58 3927359796 20 555789692 6 885030936 1083312184 120 512 2164392336 36 3291415602 32 805341184 18 1617373186 82
is_linear=0
shrinkage=0.03


Tree=49
num_leaves=64
num_cat=22
split_feature=7 5 2 5 18 2 4 1 1 1 19 1 18 4 17 1 18 5 18 7 12 1 9 1 4 8 1 14 1 4 1 18 1 4 4 1 18 1 1 6 14 19 14 9 19 1 2 6 8 1 12 1 9 1 19 14 13 1 1 9 1 8 18
split_gain=1019.41 641.949 425.774 992.518 423.123 407.28 636.634 432.414 430.618 372.195 362.719 357.23 350.932 324.28 359.962 257.181 256.325 248.155 232.728 221.036 220.997 231.988 1369.64 198.654 181.447 181.358 169.945 175.177 169.329 172.82 201.303 265.679 167.043 165.819 179.162 212.567 165.066 164.476 162.225 155.843 153.288 231.302 340.425 158.004 147.246 233.288 144.167 150.776 141.636 194.361 141.486 339.173 1922.52 170.032 176.473 409.423 435.633 182.547 143.103 158.091 969.99 1112.23 215.273
threshold=-0.33144003152847284 1.2659193277359011 -1.1162397265434263 -1.9876974821090696 -0.37130455672740931 -1.901797831058502 -0.13379042595624921 0 1 2 -0.11680612713098525 3 1.312424421310425 -2.3358898162841792 4 5 -1.1163759827613828 -0.99363470077514637 1.8487074971199038 0.52602475881576549 -0.65455603599548329 6 -0.75404673814773548 7 -2.066596150398254 -0.20236048847436902 8 1.646689295768738 9 1.5712455511093142 10 -1.5294928550720213 11 0.93011432886123668 -0.17717035114765164 12 0.68720510601997387 13 14 -1.179573595523834 0.72120228409767162 0.29838812351226812 0.94426351785659801 -0.16046284139156339 -0.050160093232989304 15 0.032384587451815612 0.87857258319854747 1.6811403036117556 16 -0.79874885082244862 17 -0.32699543237686152 18 0.6901068687438966 0.22192367911338809 -0.89071041345596302 19 20 -0.77578279376029957 21 0.24788790196180346 1.5325387120246889
decision_type=2 2 2 2 2 2 2 1 1 1 2 1 2 2 1 1 2 2 2 2 2 1 2 1 2 2 1 2 1 2 1 2 1 2 2 1 2 1 1 2 2 2 2 2 2 1 2 2 2 1 2 1 2 1 2 2 2 1 1 2 1 2 2
left_child=2 4 3 11 13 6 7 12 -8 18 20 -1 -3 14 -2 25 -11 39 -5 50 23 22 -22 -4 32 -12 27 -26 29 46 31 -31 -7 34 -13 -36 -9 -23 -20 -6 43 -42 48 -17 -16 -46 47 -15 -43 -50 51 52 -19 -53 -55 57 -57 -56 -52 60 61 -60 -62
right_child=1 5 10 9 17 24 8 36 -10 16 15 33 -14 28 44 40 -18 19 38 -21 21 37 -24 -25 26 -27 -28 -29 -30 30 -32 -33 -34 -35 35 -37 -38 -39 -40 -41 41 42 -44 -45 45 -47 -48 -49 49 -51 58 53 -54 54 55 56 -58 -59 59 -61 62 -63 -64
leaf_value=0.013152225297249034 0.0033835572399416969 -0.0087374687969735982 0.0031022370724465586 0.0024264146625912974 -0.0010731201922666461 -0.0022845928127528154 0.0045560088783435622 0.00016260760564918008 -0.0038468778675906567 0.0038452060433977089 0.0023400512819099855 -1.5866169301609695e-05 -0.023445691894480324 0.00059792677241476608 -0.0022103384056682061 -0.00041856861655950112 -0.00050831351252019451 -0.00088807406599513057 0.0029331289146791862 -0.00078407791908634782 0.021294703294701792 0.00024053337817535458 -0.00077306447103100159 0.00037549091218227511 -0.00036060310764044064 0.00025633256758095268 -0.0012364011554764677 0.0045096350196018884 0.00057249202338953301 -0.0083100031517375321 0.00036976820403290426 -0.0017427702575021924 0.0023668197696094331 -0.00078502160888029439 0.0025109110061193032 0.010285212739687646 -0.0079672492307728531 0.0014979185500580878 0.012633343661389315 0.00059562790486792055 -0.00036382835269901253 -0.0025858901285903753 -0.0012238909202742943 0.0017106925450742088 -0.012818256040984129 -0.0029983490324935508 -0.00016085757712522726 0.0044474321473263597 -0.013614939389650952 -0.0051152309752021943 -0.00048926719526060276 4.7520178635990039e-05 -0.02728497640410817 -0.00061726607605171375 -0.0040504708921670664 -0.016850332065114368 -0.0037271457170041777 0.001236121913340032 0.00057541750194045713 5.6643520883761348e-05 0.00018598849093090741 0.027054475722559819 0.005200419966464474
leaf_weight=6628.6546630859375 9303.1302490234375 3386.3954010009766 24565.735229492188 28221.191543579102 58266.189208984375 9291.3548583984375 8338.9900531768799 3728.9333913326263 15991.470705270767 13928.340240478516 40178.7978515625 3252.8329222202301 2574.8695220947266 205962.25145506859 36761.885398864746 453994.67445373535 96266.41731262207 20655.635345458984 2631.8713989257812 938179.578125 3466.0273590087891 136286.84814453125 9347.6240081787109 1107581.0164794922 173853.71632385254 583006.56945800781 543156.15747451782 6906.12939453125 1041139.7006225586 6855.0552978515625 28752.246459960938 28926.10986328125 27438.204448699951 3511.521347284317 4709.9070754051208 9807.2197341918945 5652.6182708740234 299238.92248535156 3854.9656372070312 371344.50219726562 56312.037109375 4394.1300716400146 24324.073974609375 33688.504745483398 3305.7105865478516 6397.5745468139648 493623.13923096657 9578.55419921875 4541.8983879089355 5282.3589916229248 373971.94616699219 411263.341796875 2817.5473937988281 493857.20025634766 9254.6157989501953 3248.4882545471191 7595.971851348877 16056.95272064209 2962.9805755615234 675597.99302321672 90246.694671630859 2750.6912994384766 8419.6123352050781
leaf_count=2479 4150 1366 11473 13283 30394 3320 2662 1053 5832 4297 25329 1235 1049 71304 11477 183068 30939 7493 1312 351794 1177 70685 2997 370469 73114 217829 184581 1403 389776 1974 10571 7971 9357 1068 1991 2691 1692 105513 1639 122684 14920 1387 6374 16172 787 2344 176683 2576 1124 1513 185077 141376 1034 153780 4123 1314 2036 6913 1183 231983 28853 993 2793
internal_value=-9.02453e-06 -0.000228942 0.000448599 0.00189354 -0.000110545 -0.00102145 -0.00398459 -0.00876916 -0.000966248 0.000895626 0.000358975 0.00707337 -0.0150795 0.000253448 -0.00199973 -3.29215e-05 4.21061e-05 -0.000305838 0.00360403 -0.00040072 0.000657944 0.00122167 0.00519808 0.000434701 -0.000866875 0.000390688 -0.000971245 -0.000174401 0.000322692 -1.34655e-05 -0.00149973 -0.00300109 0.00119004 0.0051687 0.00634802 0.00777348 -0.00473243 0.00110447 0.00872699 0.000369293 -0.000486087 -0.00158952 -0.00338001 -0.000271466 -0.00307787 -0.00636496 0.000121793 0.000769097 -0.00706687 -0.00906875 -0.000230964 -0.000499084 -0.00405997 -0.000410215 -0.000765386 -0.00278841 -0.00766419 -0.000698334 -6.80451e-06 0.000224524 0.0013111 0.0133123 0.000614071
internal_weight=9.11644e+06 6.15741e+06 2.95902e+06 172813 5.3571e+06 800319 39673.3 15342.8 24330.5 144903 2.78621e+06 27910.1 5961.26 1.87061e+06 55768.3 1.20572e+06 110195 3.48649e+06 34708 3.05688e+06 1.58049e+06 448339 12813.7 1.13215e+06 760646 623185 723916 180760 1.81484e+06 773697 64533.4 35781.2 36729.6 21281.5 17770 14517.1 9381.55 435526 6486.84 429611 582538 94854.5 38542.5 487683 46465.2 9703.29 709164 215541 14218.4 9824.26 2.1187e+06 964750 23473.2 941277 530013 36156 10844.5 25311.6 1.15395e+06 779978 104380 5713.67 98666.3
internal_count=3329829 2238865 1090964 60934 1953436 285429 13654 5160 8494 51470 1030030 9464 2415 679613 18758 467716 35236 1273823 16234 1120745 562314 180372 4174 381942 271775 243158 259098 74517 660855 271079 20516 9945 12677 6985 5917 4682 2745 176198 2951 153078 224558 25318 10398 199240 14608 3131 250563 73880 4024 2637 768951 318069 8527 309542 168166 14386 3350 11036 450882 265805 33822 2176 31646
cat_boundaries=0 2 4 6 8 9 11 13 14 16 18 20 22 24 26 28 30 32 34 36 38 40 42
cat_threshold=2452677480 46 1716027436 1 4015292424 16 2148589608 36 68657 3240717661 46 0 4 262144 590352520 35 3241943938 90 1076372098 16 1183977474 5 161814081 25 127362396 34 3239313408 16 134820384 64 570425376 1 1073741824 24 2270241054 96 277138432 4 133252124 104 0 4
is_linear=0
shrinkage=0.03


Tree=50
num_leaves=64
num_cat=12
split_feature=7 0 2 10 19 5 18 17 17 17 14 6 12 18 0 17 16 0 17 17 14 4 5 6 2 0 16 12 0 17 0 6 0 10 6 2 12 2 17 14 15 0 14 5 10 0 16 6 17 10 12 17 15 10 2 10 0 17 4 12 17 15 6
split_gain=949.975 576.848 637.959 553.374 574.858 523.558 455.109 504.992 396.439 378.974 365.578 436.615 365.707 340.727 338.115 501.863 379.82 332.914 353.139 332.892 331.297 323.973 320.431 498.193 562.621 293.265 283.709 307.678 282.701 276.785 276.139 564.182 354.903 411.426 399.155 344.632 287.031 274.439 261.171 318.122 3058.45 261.041 359.127 265.8 289.883 259.876 293.319 259.489 251.334 247.214 243.445 232.983 232.627 230.806 230.733 225.263 217.311 354.477 220.707 230.344 207.157 449.668 1055.76
threshold=0.10991217568516733 803.50000000000011 -0.74895048141479481 2.0446702241897587 0.025464545935392383 -1.9876974821090696 -2.0651226043701167 0 1 2 0.72120228409767162 -1.7492431998252866 -0.39643137156963343 -0.42175430059432978 112.50000000000001 3 0.84782919287681591 127.50000000000001 4 5 1.0573982596397402 1.195036828517914 2.0535342693328862 0.038077691569924361 -0.95707347989082325 942.50000000000011 0.43152049183845526 -0.96297535300254811 942.50000000000011 6 845.50000000000011 0.63358229398727428 456.50000000000006 -2.4664380550384517 0.87857258319854747 -0.66950801014900196 -0.28054265677928919 -0.74895048141479481 7 -0.16810990124940869 1.2796644568443301 775.50000000000011 0.86274191737174999 -2.2509361505508418 0.60826906561851513 644.50000000000011 1.3521888256073 0.30286863446235662 8 2.0446702241897587 -0.28054265677928919 9 -0.3706603199243545 2.0446702241897587 -1.1162397265434263 -2.4664380550384517 929.50000000000011 10 0.99514910578727733 -0.77335870265960682 11 1.2796644568443301 0.16565608978271487
decision_type=2 2 2 2 2 2 2 1 1 1 2 2 2 2 2 1 2 2 1 1 2 2 2 2 2 2 2 2 2 1 2 2 2 2 2 2 2 2 1 2 2 2 2 2 2 2 2 2 1 2 2 1 2 2 2 2 2 1 2 2 1 2 2
left_child=3 13 6 4 17 54 19 49 -4 -7 12 -12 56 53 15 16 21 18 -1 -3 22 -15 60 -24 -25 -10 28 -28 -9 -29 32 51 33 -13 45 -35 -37 52 39 40 -19 43 -43 44 -40 46 -34 -20 -44 -8 -11 -32 -22 -2 -5 -14 -6 -58 -59 -60 61 -16 -63
right_child=1 2 8 5 10 9 7 26 25 50 11 30 55 14 20 -17 -18 38 47 -21 37 -23 23 24 -26 -27 27 29 -30 -31 31 -33 34 35 -36 36 -38 -39 41 -41 -42 42 48 -45 -46 -47 -48 -49 -50 -51 -52 -53 -54 -55 -56 -57 57 58 59 -61 -62 62 -64
leaf_value=-6.9938778724932093e-05 0.00024905286379764288 0.011168476749601622 -0.0014846528474427552 0.017662286424291771 -0.00030436072177737077 0.013572792290601899 -0.0017385831278591537 -0.00275854520723923 -0.00035870117393471972 0.0022060779455646651 -0.0082765824125084382 -0.010039952617826874 0.0076842775804018366 0.0044917798401435272 -0.0012441055805710965 0.00014884126179345197 0.013913241690240935 0.001140663103174183 0.0036434095815807079 -0.0012329804069372992 0.0023503337819698392 -0.005944005406217789 -0.00085351963188301505 -0.014740071005442298 -0.0025323722869062845 0.0022413437272874371 -0.015367806528076851 -0.013431811122474787 -0.0090312593724170623 -0.004520824906461665 -0.0074555182855861758 -0.014390176705182835 0.0004604225045413869 0.0043195890058442838 0.0095377514053997976 -0.0024575819388520897 0.0027800078611268618 0.00034074386729253771 0.0021467086422329528 0.00059590883561950591 0.024868860343632244 -8.217447765006886e-05 -0.0059155717591907872 0.0003112873044362994 0.01162184214404919 -0.0012219316803553605 0.0076905066648484035 0.0004118378179112908 -0.0014907258225245216 0.0059481481856723511 -0.0067046278584803496 -0.00069801816195186436 0.010343543998868093 0.0044181842379677995 0.0055825450178882737 0.0014245687503639474 -0.00072676803409134079 0.0023835896478218758 0.0028915455953605123 0.014533740900530412 -0.00035774646948803567 -0.00049272683540647661 0.017807063027650869
leaf_weight=63637.628601074219 894315.2236328125 3213.3997650146484 315637.01086425781 2960.5464477539062 1193802.6733398438 2511.1589221954346 33585.226804733276 38604.259832859039 263353.15612792969 43256.190722703934 8065.832763671875 5093.3014831542969 5533.84423828125 22682.212873458862 470990.77937316895 129066.65222167969 3408.1803874969482 92467.222045898438 79555.110964417458 4911.0609283447266 14187.661928415298 3031.179126739502 26737.842712402344 6033.7509155273438 7774.9420166015625 45833.3837890625 4050.3765563964844 3912.1063385009766 7764.881591796875 15892.926463603973 5902.52001953125 3927.6548919677734 14656.556406021118 8931.8579025268555 4706.96337890625 81335.88264465332 10645.630544662476 165808.52612304688 23515.385345458984 938355.50860595703 5156.8961181640625 415201.20587158203 14379.40234375 1895038.0288238525 3311.4410705566406 33594.608619689941 7700.38525390625 31108.830169677734 58697.6005859375 4236.08984375 2942.6272838115692 20536.925231933594 4257.9135110378265 12107.720703125 2748.9609985351562 78637.326049804688 37486.12201499939 32388.328012466431 3127.2728683948517 2994.4842574596405 1359596.7070770264 11644.391723632812 3746.374267578125
leaf_count=20734 326427 1085 103478 1091 477713 1095 15794 12208 107526 17196 2241 1357 2789 8760 199086 47932 915 50474 30005 1676 3811 1130 10557 1769 2336 18805 962 1089 2400 4044 1223 912 4658 2453 1048 21181 3865 41474 8104 332135 1509 150550 2864 654922 1083 9566 1731 8507 15897 2006 1326 6436 836 4403 1009 44185 12864 14237 1283 1297 493548 3520 1045
internal_value=-7.59188e-06 -0.00036356 -0.00111635 0.000256048 0.000224427 0.00326534 -0.00315777 -0.00367269 -0.00073678 0.00225725 -0.000257193 -0.0014375 -7.83959e-05 -0.000185649 -0.00038508 0.000951747 0.00450799 0.000431828 0.00171096 0.00368814 -0.000487203 0.00326066 -0.000605791 -0.00324375 -0.00786997 2.6755e-05 -0.00517749 -0.00783672 -0.00380982 -0.00629303 -0.00115733 -0.00378819 -0.000677879 -0.00172506 0.00115216 -0.00130491 -0.00185128 0.000726971 0.000367128 0.000765474 0.00239529 0.000195897 -0.000423514 0.000353269 0.00331824 0.000445925 0.00295184 0.00273479 -0.00236276 -0.000876744 0.00163749 -0.00221082 0.00419776 0.000304767 0.0118562 0.00183655 -0.000205338 0.00135009 0.00337087 0.00859359 -0.00054784 -0.00107918 0.00396609
internal_weight=9.1103e+06 3.87638e+06 740994 5.23391e+06 5.17949e+06 54419.5 116170 108046 624824 48710 1.55907e+06 205098 1.35397e+06 3.13539e+06 2.22897e+06 158188 29121.6 3.62042e+06 174302 8124.46 2.07078e+06 25713.4 1.88652e+06 40546.5 13808.7 309187 70224.6 23855.4 46369.1 19805 197032 30367.1 166665 106007 60658.5 100913 91981.5 184254 3.44612e+06 1.03598e+06 97624.1 2.41014e+06 488278 1.92186e+06 26826.8 55951.6 22356.9 110664 73077 37821.3 46198.8 26439.4 18445.6 906423 5709.51 84171.2 1.2698e+06 75996.2 38510.1 6121.76 1.84598e+06 486382 15390.8
internal_count=3328162 1418622 271073 1909540 1887823 21717 41264 38503 229809 19617 611039 56671 554368 1147549 816719 58737 10805 1276784 59246 2761 757982 9890 711861 14662 4105 126331 20703 6095 14608 5133 54430 8571 45859 28856 17003 27499 25046 46121 1217538 384118 51983 833420 169311 664109 9187 15955 6389 38512 18761 17800 18522 7659 4647 330830 2100 46974 507394 29681 16817 2580 697199 203651 4565
cat_boundaries=0 1 2 3 4 5 6 7 8 9 10 11 12
cat_threshold=36266285 62954776 33556481 17072665 47859790 17074935 16778240 40265992 33792 8421376 59416065 23339116
is_linear=0
shrinkage=0.03


Tree=51
num_leaves=64
num_cat=21
split_feature=5 10 0 2 1 1 2 1 10 19 1 1 10 1 4 4 16 10 1 0 19 1 2 0 1 1 4 4 18 4 1 19 1 4 1 5 2 1 18 0 8 11 15 14 18 10 10 1 6 14 16 4 18 1 1 8 1 0 1 0 1 4 1
split_gain=998.442 667.931 626.214 785.128 678.827 518.675 507.573 497.023 447.794 443.552 751.541 405.441 391.147 485.975 420.22 502.334 454.975 378.205 1192.19 360.834 404.061 457.74 434.283 360.48 352.908 348.088 340.224 331.198 304.48 296.661 436.025 295.278 402.933 592.632 572.793 305.834 318.186 432.087 329.279 306.017 291.223 644.889 2401.69 499.528 507.854 524.675 425.451 301.352 299.606 285.248 283.937 281.402 488.579 431.891 301.203 277.189 431.621 303.902 326.1 278.773 269.764 267.465 345.341
threshold=-0.69347921013832081 1.5670744776725771 775.50000000000011 -1.3648050427436826 0 1 -1.901797831058502 2 0.10259702429175378 1.0966395139694216 3 4 -1.5311909317970274 5 -0.25480918586254114 -1.6872163414955137 0.20081280916929248 1.5670744776725771 6 202.50000000000003 -0.11680612713098525 7 0.065421745181083693 277.50000000000006 8 9 1.8258113861083987 -2.3358898162841792 -0.32160516083240503 1.0205355882644656 10 0.6901068687438966 11 1.3573725223541262 12 -2.2509361505508418 -0.84132790565490712 13 -1.5294928550720213 687.50000000000011 1.9346206784248354 0.58892410993576061 1.0759444236755373 0.65615862607955944 0.12860786914825442 -1.0245386958122251 -1.8589775562286375 14 -0.38020783662796015 0.79738819599151622 0.84782919287681591 0.93011432886123668 -2.0651226043701167 15 16 0.53798204660415661 17 142.50000000000003 18 127.50000000000001 19 0.32278256118297582 20
decision_type=2 2 2 2 1 1 2 1 2 2 1 1 2 1 2 2 2 2 1 2 2 1 2 2 1 1 2 2 2 2 1 2 1 2 1 2 2 1 2 2 2 2 2 2 2 2 2 1 2 2 2 2 2 1 1 2 1 2 1 2 1 2 1
left_child=1 27 8 4 49 -5 24 -8 9 11 -11 40 13 14 15 -13 -17 19 -19 20 22 29 25 -14 -3 -10 -23 -1 -25 -22 -31 35 -33 -34 -35 36 37 38 -29 -40 41 43 46 47 -45 -46 -43 -2 -47 -4 -15 54 53 -53 -38 56 -12 58 -57 -58 -24 62 -59
right_child=2 6 3 5 -6 -7 7 -9 17 10 55 12 23 50 -16 16 -18 18 -20 -21 21 26 60 28 -26 -27 -28 31 -30 30 -32 32 33 34 -36 -37 51 -39 39 -41 -42 42 -44 44 45 48 -48 -49 -50 -51 -52 52 -54 -55 -56 57 59 61 -60 -61 -62 -63 -64
leaf_value=-0.0016426560572311232 -0.00059872999504993871 0.018581087382456413 -0.0062121601402403536 -0.0012277758839113685 -0.001227352573075789 1.8284365831452279e-05 0.0054785610169736619 0.00033365200726261297 0.0040589931666538803 -0.0042840241417459795 -0.0021923230864002775 -0.0048912551129924276 0.0008159728807585776 -0.0032682383259404666 -0.0021915162582445951 0.0013002223295904773 0.011922324212614565 0.0052129457949400887 -0.00086751663537060523 -0.00028630269598236977 -0.00013188943822837421 -0.0029332456394733624 -0.0048312959130200209 0.00045057548009514397 0.0058614274744384987 -0.00013553475057578721 -0.010568299149103167 0.015463350852024528 -0.0005623702249241111 0.0013545642141386306 -0.0065744176843662017 0.0019115427383998684 -0.00081138658590862054 -0.016354071003507959 -0.0017578265924933399 0.00049798686746150547 0.0024101216740644244 0.0016006147011041565 0.010561669433530837 -0.0017348984064571467 0.00025229015628236261 0.0096732882620819121 0.022505088282080227 -1.7448839865007672e-05 0.015947864039184721 0.0072333234031429069 0.0017688090308837026 0.0010686079225208239 -0.0014906591272488821 -0.014337459801525836 -0.010810755320168591 0.018472367381172621 0.0010090418077543875 0.0036364084617130309 -0.0014539540746329328 -0.010630370657339296 0.014160920521033 -0.0016780402222288007 -0.001494117611897145 0.0039745255877375743 -0.00033060751568603442 -0.0027113728553149431 0.0036912545208005604
leaf_weight=68111.994384765625 194023.34729003906 2845.8893508911133 22994.576538085938 622753.83944702148 33293.194549560547 581265.85391235352 27689.867565155029 43346.536731719971 30308.742950439453 52955.278564453125 9405.9238357543945 4689.2556762695312 422261.21667480469 42211.905044555664 26298.658508300781 7566.2305583953857 6972.0303058624268 43881.907653808594 85631.514221191406 1681408.4435424805 116348.90469360352 120755.57067871094 19036.082366943359 411791.62072753906 6394.3157272338867 43140.439544677734 5487.567626953125 4595.3924560546875 759920.19213867188 9917.5014038085938 16822.165069580078 46188.620849609375 161358.67869567871 4440.7923059463501 5320.1019811630249 2022045.0119781494 33702.032653808594 15821.678253173828 4202.9901807308197 3209.4775621891022 708835.0126953125 6399.3930530548096 5379.1376953125 16888.212524414062 4577.7484741210938 11128.579590559006 142386.30909538269 196198.44577234983 5194.422789812088 4681.0589904785156 5023.5947113037109 3348.6344528198242 14005.620635986328 3760.5305862426758 39323.552398681641 5179.655029296875 3001.8391876220703 18420.161041259766 10922.725891113281 12386.487762451172 32340.132904052734 20047.087596893311 25961.492458343506
leaf_count=22206 64724 1218 6301 203035 14244 239250 11806 14624 11522 26585 4677 1896 155226 17848 9871 3606 2078 16292 35395 618332 42355 49188 6718 153826 2100 13319 1976 1494 284531 3366 5806 21322 64007 1493 2077 725564 13315 5205 1451 1154 205798 1814 1468 4181 1150 2772 42361 117030 1055 1166 1377 975 4930 1436 12976 1712 1347 5715 4200 5860 11555 8025 9817
internal_value=-7.2048e-07 0.000508663 -0.00019424 -0.00079442 -0.0041156 -0.000626227 0.00320094 0.00234019 -5.20926e-05 0.000178246 -0.00136924 0.000260504 -4.57524e-05 -0.00193946 0.000272742 0.0036431 0.00639655 -0.000379676 0.00119313 -0.000477821 -0.00129479 -0.00194869 0.00011613 6.44576e-05 0.00981332 0.00159603 -0.00326527 0.000419695 -0.000206376 -0.000786746 -0.00363588 0.000479187 -0.000574547 -0.00124567 -0.00842202 0.00058599 0.00204484 0.00486275 0.00914958 0.00523988 0.000660629 0.00115781 0.00282147 0.000558557 0.00385174 0.00697738 0.0021091 0.000239601 0.00445751 -0.00758607 -0.0040706 0.0012116 0.00426145 0.0106637 0.000329529 9.6782e-05 0.00287009 -0.00075719 -0.00444289 0.00596169 -0.00199953 0.000164234 0.0014633
internal_weight=9.11581e+06 2.50971e+06 6.60609e+06 1.26499e+06 60968.8 1.20402e+06 80276.6 71036.4 5.3411e+06 3.13603e+06 158281 2.97775e+06 1.68673e+06 92761.7 45526.2 19227.5 14538.3 2.20508e+06 129513 2.07557e+06 394157 269332 124825 1.59397e+06 9240.21 73449.2 126243 2.42944e+06 1.17171e+06 143089 26739.7 2.36132e+06 217308 171120 9760.89 2.14401e+06 121970 27829.5 12007.9 7412.47 1.29101e+06 582176 154165 428011 37789 20900.8 148786 390222 16323 27675.6 47235.5 94140.4 21114.8 7109.17 73025.6 105325 24794.3 80531.1 16102.4 15388.3 51376.2 64428.7 44381.7
internal_count=3329723 909353 2420370 463996 21711 442285 29748 26430 1956374 1140550 67938 1072612 630259 36676 17451 7580 5684 815824 51687 764137 145805 102691 43114 593583 3318 24841 51164 879605 438357 51527 9172 857399 88899 67577 3570 768500 42936 9304 4099 2605 442353 236555 45643 190912 9158 4977 44175 181754 3827 7467 19225 33632 7341 2411 26291 41353 11884 29469 5912 7207 18273 23557 15532
cat_boundaries=0 2 4 6 8 10 12 14 16 18 20 22 24 26 28 30 32 34 36 38 40 42
cat_threshold=3221893034 11 3893588903 2 2639581336 70 3060024865 44 655569697 37 3490202652 8 3897426588 11 1219459356 58 3904946212 49 2998192906 7 1076047872 18 2167046480 4 706019459 32 2253582648 96 205056 5 1650075363 5 949341401 46 1073807768 80 1073746324 16 71959391 14 18491396 65
is_linear=0
shrinkage=0.03


Tree=52
num_leaves=64
num_cat=20
split_feature=3 7 3 3 10 1 5 1 3 7 1 10 1 19 1 19 1 8 4 1 10 1 19 1 15 6 4 11 11 14 5 19 10 6 1 9 4 12 19 1 1 14 19 1 18 10 18 1 12 6 4 1 4 18 1 1 19 4 1 18 1 1 14
split_gain=938.231 642.008 461.2 433.071 402.306 471.117 325.977 340.541 307.64 285.338 250.599 414.357 303.309 268.85 283.945 252.548 257.099 202.051 423.536 231.007 226.105 313.277 197.249 196.303 644.128 2806.54 426.35 245.781 4122.64 187.246 183.474 177.534 173.712 238.568 169.371 163.988 197.361 161.174 157.43 250.884 170.232 195.808 148.842 278.711 147.808 147.72 147.146 230.823 167.494 145.937 188.025 155.835 140.539 198.464 323.652 181.056 193.444 138.47 230.403 138.518 141.053 134.97 133.846
threshold=0.35258246958255773 -0.8938561975955962 1.8029391169548037 -1.7904666066169737 0.60826906561851513 0 2.0535342693328862 1 -0.66694861650466908 0.52602475881576549 2 1.5670744776725771 3 2.3243991136550908 4 1.0966395139694216 5 6.8574993610382089 0.57931941747665416 6 1.3058599829673769 7 -0.11680612713098525 8 -1.8659238815307615 0.35483151674270635 0.93011432886123668 -0.56653755903244007 -0.62671181559562672 0.22192367911338809 -0.2834745049476623 -0.65170550346374501 -0.20650522410869596 1.0904705524444582 9 -0.23888704180717465 -1.4865158200263975 0.10663073509931566 0.05331165902316571 10 11 0.47087781131267553 2.3243991136550908 12 1.4107015132904055 -0.68695411086082447 2.4603563547134404 13 -0.79874885082244862 -0.61848765611648548 -0.64905393123626698 14 -0.13379042595624921 0.46553806960582739 15 16 0.25580276548862463 -2.066596150398254 17 -0.64184212684631337 18 19 0.79738819599151622
decision_type=2 2 2 2 2 1 2 1 2 2 1 2 1 2 1 2 1 2 2 1 2 1 2 1 2 2 2 2 2 2 2 2 2 2 1 2 2 2 2 1 1 2 2 1 2 2 2 1 2 2 2 1 2 2 1 1 2 2 1 2 1 1 2
left_child=1 3 9 4 31 -6 17 22 10 38 13 15 -13 -3 -15 32 29 19 -19 20 -4 -22 -8 24 25 26 -10 28 -26 -17 -25 -1 33 35 -11 -12 -37 42 40 -40 41 -2 46 -44 -29 -43 -5 48 -48 50 -14 -51 53 -21 -55 -54 -57 58 -32 60 -59 -33 -18
right_child=2 8 6 37 5 -7 7 -9 23 34 11 12 49 14 -16 16 62 18 -20 52 21 -23 -24 30 27 -27 -28 44 -30 -31 57 61 -34 -35 -36 36 -38 -39 39 -41 -42 45 43 -45 -46 -47 47 -49 -50 51 -52 -53 55 54 -56 56 -58 59 -60 -61 -62 -63 -64
leaf_value=0.0077261935365757857 0.00036567175529579246 -4.3676380335395927e-06 -0.00058465287394119259 0.00078977353244106283 0.019481753683818361 0.0043592830571209332 -0.0057107712115707972 -0.010823637285494006 0.00022005329125393888 -0.0013261148191299939 0.0007827599648055633 0.0094727431673013208 0.0049298434129174153 -0.011452697785439211 -4.9125987805683165e-05 -0.0013498583499929337 0.0012148503142134324 -0.0014956716268854197 -0.016354350375105124 -0.0018172911875227505 0.014241464421350332 9.6353884918657744e-06 0.0032647067083391474 0.00026009989353457388 -0.00053828061985503582 -0.035413076306540128 -0.012637024388155083 -0.00015813456026684167 -0.056748805881343081 -0.0070500319307396581 0.0058844573294075438 -0.002946850263309033 0.00041931036556792646 0.0049534861048886976 -0.00041116365878634159 -0.001571098200826808 0.0032370691895631924 0.0071387182153430191 -0.0012405195405775496 -1.9358961510446258e-05 -0.00018351556636788722 0.0076722046597090324 -0.0078536861808844241 0.0015523687755120128 0.00348976056743578 0.0019839073739759561 0.0020895516687152323 -7.4580896282488e-05 0.011136703111484373 0.0078563461120405766 -0.0053132966476398735 0.0012811818322895391 0.0037317379425961168 -0.016017325956477403 -0.0043804887734129562 -0.00041753842989306961 -0.0089352234060458731 -0.00035649116929877044 0.00050036956998625228 -0.00033975561480469214 0.00077260522726482219 0.0029740461950706234 -0.0047676902645915264
leaf_weight=4286.7063827514648 278483.59045410156 473623.2548828125 46472.195289611816 878555.25659561157 3098.9100112915039 4641.0764694213867 5716.2547454833984 7583.641960144043 14808.287017822266 369781.57067871094 250785.93145942688 7596.8564453125 2698.5931205749512 3811.5698089599609 4050.2417144775391 11253.437809944153 24739.466873168945 5428.7155342102051 2527.4840507507324 15642.098587036133 2303.409782409668 3493.8890609741211 3579.9978256225586 1400824.3116455078 27886.848236083984 2556.122802734375 2747.7336120605469 129250.29418945312 1220.9383239746094 9620.2286329269409 7757.8479614257812 5463.245331287384 522369.59823608398 15336.150390625 358802.8828125 9024.03955078125 51605.301603317261 3615.2575836181641 283865.32165527344 324503.52587890625 1134919.4204711914 4931.8788452148438 5056.4126825332642 6424.564398765564 10829.631286621094 24539.012329101562 3116.356861114502 7132.7337913513184 4507.4512901306152 5925.1386413574219 3993.0885066986084 7183.7402782440186 5648.148551940918 2717.4239196777344 10287.760101318359 8652.364387512207 3315.9287033081055 177856.58447265625 89849.886169433594 1776208.0060796142 226217.70654296875 9417.0989146232605 3890.6218109130859
leaf_count=1468 97955 204764 20764 319756 1237 1745 1651 2892 6167 127704 89332 3029 1161 1676 2238 4666 13112 2324 933 5566 1052 1590 1185 475427 26956 857 1582 51374 934 2253 3369 2436 188117 3333 142566 3625 20439 2038 105132 141765 420728 1129 2326 3018 4340 5391 989 2880 1600 2077 1621 2326 1689 823 4027 3184 1411 51596 28758 612660 86290 3488 1045
internal_value=-3.27093e-08 0.000208073 -0.000445235 0.000932457 0.00468296 0.0104534 -0.00224007 -0.00611279 7.96437e-05 -0.000365576 0.00045942 0.000748061 0.00438214 -9.57277e-05 -0.0055962 0.000637249 -0.00144556 -0.00162594 -0.00622321 -0.00125443 0.00011243 0.00569625 -0.00225199 -5.85511e-05 -0.00100065 -0.00607561 -0.00179526 -0.000397261 -0.0029054 -0.0039761 -1.00685e-05 0.00235063 0.000758685 0.00130122 -0.000875562 0.00112128 0.00252135 0.000821342 -0.000184431 -0.00058918 -1.37731e-05 0.000611766 0.000796061 -0.00259732 0.000124 0.00293697 0.000839687 0.0038101 0.00743258 0.00242112 -0.00118189 0.00426195 -0.00279799 -0.00409505 -0.0068329 -0.000689764 -0.00277787 -0.000176213 0.00092923 -0.000225704 0.000275636 0.000799977 0.000401036
internal_weight=9.11403e+06 6.21084e+06 2.9032e+06 935315 26907 7739.99 123369 16879.9 5.27552e+06 2.77983e+06 1.40751e+06 926022 27397.4 481485 7861.81 898625 49503.8 106489 7956.2 98533.2 52269.5 5797.3 9296.25 3.86801e+06 189300 20112.1 17556 169188 29107.8 20873.7 3.67871e+06 19167.1 849121 326751 728584 311415 60629.3 908408 2.05124e+06 608369 1.44287e+06 307954 904793 11481 140080 29470.9 893312 14756.5 7623.81 19800.6 6691.68 13108.9 46263.7 28647.3 13005.2 17616.4 11968.3 2.27789e+06 97607.7 2.18028e+06 404074 14880.3 28630.1
internal_count=3329566 2238105 1091461 342981 10374 2982 49091 5728 1895124 1042370 544814 336136 10214 208678 3914 325922 21076 43363 3257 40106 23406 2642 2836 1350310 92210 8606 7749 83604 27890 6919 1258100 7392 304846 116729 270270 113396 24064 332607 772100 246897 525203 104475 330569 5344 55714 6520 325225 5469 2589 7185 2782 4403 16700 10416 4850 6284 4595 782673 32127 750546 137886 5924 14157
cat_boundaries=0 2 4 6 7 9 10 12 14 15 17 19 21 23 25 27 29 31 32 34 36
cat_threshold=2632885260 2 1293720565 72 2972863086 64 239861776 540035072 64 172594305 2376460752 101 134537232 37 1073742400 2622257857 88 2761775747 5 35391496 36 1917868621 97 1481535032 37 1082171648 12 1703968 2 1074397729 2 2818867200 2007470 8 2699043198 83
is_linear=0
shrinkage=0.03


Tree=53
num_leaves=64
num_cat=19
split_feature=7 0 1 18 10 5 3 4 4 1 0 6 1 10 1 10 1 0 10 3 1 15 11 13 10 19 19 4 1 0 1 11 7 1 18 1 18 19 1 1 19 1 0 1 0 19 1 4 13 16 19 4 1 1 18 0 0 0 1 1 4 0 6
split_gain=961.127 662.445 566.937 550.72 472.731 576.675 389.09 383.448 460.336 328.707 316.054 423.554 312.719 308.206 572.806 301.104 438.49 316.569 291.278 283.224 277.711 533.47 2603.33 279.177 273.446 378.357 265.831 264.169 251.626 267.757 251.092 298.069 246.055 245.693 240.816 232.506 231.717 267.959 243.891 229.226 228.162 360.945 238.664 573.049 256.233 251.998 249.254 218.653 227.982 217.792 431.593 327.59 320.613 234.918 213.061 221.69 211.799 388.748 389.368 332.964 439.707 503.13 444.598
threshold=-0.48774343729019159 803.50000000000011 0 -0.32160516083240503 2.0446702241897587 -2.2509361505508418 1.3444420695304873 1.5712455511093142 0.97164177894592296 1 873.50000000000011 0.63358229398727428 2 1.5670744776725771 3 2.0446702241897587 4 217.50000000000003 0.16963379830121997 -1.5114245414733884 5 1.2796644568443301 0.47151166200637823 0.9459579885005952 -0.18020389229059217 0.52390769124031078 -0.65170550346374501 1.8258113861083987 6 901.50000000000011 7 0.31637170910835272 2.76854419708252 8 -0.6997048258781432 9 -0.18056356161832807 -0.23114102333784101 10 11 2.3243991136550908 12 929.50000000000011 13 845.50000000000011 -0.19481515884399411 14 0.68512386083602916 1.6346192359924319 0.78038501739501964 0.40057253837585455 -0.28588008880615229 15 16 -1.2021519541740415 873.50000000000011 202.50000000000003 127.50000000000001 17 18 0.31123201549053198 157.50000000000003 -1.3786911368370054
decision_type=2 2 1 2 2 2 2 2 2 1 2 2 1 2 1 2 1 2 2 2 1 2 2 2 2 2 2 2 1 2 1 2 2 1 2 1 2 2 1 1 2 1 2 1 2 2 1 2 2 2 2 2 1 1 2 2 2 2 1 1 2 2 2
left_child=4 3 7 15 19 -6 13 8 49 -7 -9 12 -12 18 -15 35 -17 -18 20 26 21 23 -23 -5 25 30 34 36 -29 -30 -10 -32 -8 -28 39 -2 37 -4 47 -1 42 -42 44 -44 45 -21 -46 48 -39 -3 52 53 -51 -52 -54 -56 57 58 -20 60 61 62 -59
right_child=1 2 27 6 5 9 32 10 24 -11 11 -13 -14 14 -16 16 17 -19 56 40 -22 22 -24 -25 -26 -27 33 28 29 -31 31 -33 -34 -35 -36 -37 -38 38 -40 -41 41 -43 43 -45 46 -47 -48 -49 -50 50 51 -53 54 -55 55 -57 -58 59 -60 -61 -62 -63 -64
leaf_value=0.014675977319232144 0.00069110031147017012 -0.0012718130532965142 -0.00078213718157565471 0.00054753590633665973 0.016078499754618232 -0.0013180725773725985 -0.0014270188937405 -0.0012847849526443967 2.0253954142296816e-05 0.0049515834849960033 -0.0092085446415593845 -0.014411418457532157 -0.00081333505799336021 -0.00092579241326546464 0.0037610402513344942 -0.0012534761657898882 0.016276523957758995 0.004696024480720944 0.0022648995031500194 0.00083029874590690692 -0.00023097405295932876 -0.0008695643916671183 0.026960269098047288 -0.001905021060990482 -0.00031188524775632481 -0.0040252901307694542 -0.0012814940564473099 -0.00089769491193408791 0.0020576403702931532 0.01077574620882777 0.0017492879119238947 0.01156597628252835 -0.0070739187626318424 0.0027485139062263342 0.0015478517898668751 1.295717349284427e-06 -0.0010179323044604731 0.0027208011229553079 0.00013214508065416213 0.0038466221934393028 -0.0074434843422817431 5.286916309524543e-05 0.0041821169724999665 -0.00032317010621032494 -0.0020135036178858148 0.00013349854646099802 8.5699022506038341e-05 -0.00019355706233340183 0.0090487662092850925 -0.00455103716517121 0.0013142577002332307 -0.012431923042897893 -0.0038488490600196751 -0.0074069905747388663 -0.0021113693561686702 0.0015880529483808044 -0.00039440264306493146 -0.020975295852868517 -0.0013849084999724482 -0.0011452318096289635 -0.00084175862043851736 -0.0032776733189804549 -0.0077704159169107801
leaf_weight=3958.5230903625488 891372.94410705566 298749.39709472656 146577.40085601807 567559.04776000977 3197.71826171875 11615.716728210449 157676.701171875 15913.1474609375 4951.4442291259766 21348.357978820801 7105.8219909667969 5098.0296630859375 9114.3710021972656 45167.73828125 48830.63037109375 7039.1373291015625 3218.5088176727295 6250.330415725708 42531.94140625 958881.73362350464 1635933.8364843726 12577.482009887695 3978.1183319091797 45085.671234130859 54820.237121582031 4534.9549865722656 19915.816806793213 8808.6904296875 7667.0755615234375 5404.8985595703125 4339.5715198516846 7769.643949508667 7260.16796875 42985.1589012146 5580.1449584960938 868009.02073669434 253863.5069770813 40665.288864135742 123372.4094581604 3208.7563896179199 8511.3176689147949 17960.91695022583 49275.3876953125 52446.915283203125 72856.42724609375 910810.95759963989 168895.97894287109 20602.143905639648 5859.7308959960938 32192.918823242188 4538.4597625732422 6495.1236882209778 17890.549621582031 7156.1893763542175 26937.608825683594 31764.123657226562 1044257.001953125 2828.17919921875 68902.825927734375 90599.123901367188 24761.741140365601 24275.62841796875 12154.885934829712
leaf_count=1150 326734 105131 55938 193849 1184 4475 63829 4722 1787 8766 2049 1238 3109 17882 19376 2560 1128 2409 16595 341512 598723 3750 1170 14880 16173 1640 7696 3543 2797 1958 1583 1892 2738 17689 2059 310489 103215 17138 52113 1269 4667 7900 19392 17723 27036 347340 61619 8163 1358 7684 1170 1831 4684 1975 7279 8692 380683 1614 25191 29882 9928 10520 4798
internal_value=-1.01538e-06 -0.000182682 -0.000837879 -4.8122e-05 0.000521433 0.00392479 -0.000250403 -0.00154719 -0.00132939 0.00274355 -0.00448462 -0.0068723 -0.00449903 -0.000186331 0.00150931 0.000388629 0.0044208 0.0086297 -0.000230912 0.000468268 -2.49671e-05 0.000510648 0.00582374 0.000367034 0.000814542 0.00367338 0.00227361 -0.000213543 0.00302303 0.00566075 0.00572037 0.00804351 -0.00167579 0.00147276 0.0062232 0.000350783 -0.000333411 0.000182131 0.000924076 0.00985961 0.000407285 -0.00236109 0.000440403 0.00185972 0.000372021 0.000490857 -0.000547042 0.00237907 0.00351868 -0.00171422 -0.00275503 -0.00703178 -0.00203963 -0.00402854 -0.000983092 -0.000109608 -0.000586927 -0.00134256 8.25256e-06 -0.00231606 -0.00397195 -0.00594692 -0.0102691
internal_weight=9.11391e+06 6.76246e+06 1.15219e+06 5.61027e+06 2.35145e+06 36161.8 3.83438e+06 539372 502140 32964.1 37231.4 21318.2 16220.2 3.66944e+06 93998.4 1.77589e+06 16508 9468.84 3.57545e+06 2.31529e+06 2.26513e+06 629200 16555.6 612645 76415.9 21595.6 75648.4 612821 21880.7 13072 17060.7 12109.2 164937 62901 12747.4 1.75938e+06 590940 337077 190500 7167.28 2.23964e+06 26472.2 2.21317e+06 101722 2.11145e+06 1.86969e+06 241752 67127.2 46525 425724 126975 18189.8 108785 11694.6 76592.3 58701.7 1.31031e+06 266054 111435 154620 64020.4 39258.7 14983.1
internal_count=3329067 2457590 418862 2038728 871477 14425 1395408 172639 161521 13241 11118 6396 5158 1328841 37258 643320 6097 3537 1291583 857052 812372 213649 4920 208729 23075 6902 29863 246223 8298 4755 5262 3475 66567 25385 4478 637223 237925 134710 78772 2419 827189 12567 814622 37115 777507 688852 88655 26659 18496 138446 33315 4976 28339 3145 20655 15971 479211 98528 41786 56742 26860 16932 6412
cat_boundaries=0 2 4 6 8 10 12 14 16 18 20 22 24 26 28 30 32 34 36 38
cat_threshold=3355784099 11 3259714 64 271105 2 852532292 84 10722579 101 51392804 36 28886016 48 1073807488 11 577768254 68 906337491 55 73926672 36 3326779751 86 3864087041 33 2482560008 46 3372363878 32 1073742114 1 1073750274 8 3232056998 50 935363942 53
is_linear=0
shrinkage=0.03


Tree=54
num_leaves=64
num_cat=21
split_feature=7 5 10 5 4 18 4 4 1 1 10 1 10 1 12 10 1 18 1 15 15 10 1 5 19 18 1 1 8 17 1 1 8 8 9 19 13 11 12 1 16 6 19 1 16 19 9 19 1 1 9 10 17 4 1 1 10 10 1 9 9 1 12
split_gain=882.817 633.636 426.41 531.036 369.703 268.841 339.01 497.573 315.93 290.636 268.196 488.239 363.073 290.154 284.592 279.871 552.348 270.152 270.099 373.411 693.897 264.614 396.602 249.283 467.05 379.006 321.478 245.243 238.42 228.698 202.744 201.531 192.772 277.686 305.421 266.712 228.704 189.787 219.271 189.766 240.817 207.674 181.848 327.815 177.698 225.604 204.654 177.729 177.263 175.47 174.264 172.915 171.91 169.956 249.029 180.889 170.246 167.23 173.436 216.006 165.385 159.934 158.116
threshold=-0.69131106138229359 0.66214075684547435 2.0446702241897587 -2.2509361505508418 -2.066596150398254 -2.0651226043701167 -0.21171189099550244 -0.092088464647531496 0 1 1.5670744776725771 2 0.16963379830121997 3 -0.18212550878524777 -1.0245386958122251 4 2.0829391479492192 5 -1.8659238815307615 -1.9622159004211424 -1.1542026996612547 6 1.5394402146339419 -0.81347149610519398 1.2249385714530947 7 8 0.17263140529394153 9 10 11 3.9821166992187504 1.5619356632232668 -0.6355740725994109 1.6550678610801699 1.5262878537178042 -0.62671181559562672 -0.97862306237220753 12 1.05499804019928 -0.65374013781547535 1.0966395139694216 13 0.63852643966674816 -0.072470352053642259 -0.5233330726623534 1.6550678610801699 14 15 -0.6626620590686797 -0.13103542476892469 16 1.0205355882644656 17 18 2.0446702241897587 -1.8589775562286375 19 -0.60418492555618275 -0.75404673814773548 20 -0.39643137156963343
decision_type=2 2 2 2 2 2 2 2 1 1 2 1 2 1 2 2 1 2 1 2 2 2 1 2 2 2 1 1 2 1 1 1 2 2 2 2 2 2 2 1 2 2 2 1 2 2 2 2 1 1 2 2 1 2 1 1 2 2 1 2 2 1 2
left_child=2 10 5 -4 49 6 30 9 -9 -8 12 37 13 15 39 16 44 32 19 20 -14 22 28 48 25 26 -25 -5 -7 -24 -1 -23 33 35 -35 -18 -36 61 -39 40 41 -13 -31 -44 46 -46 47 -2 51 -3 -40 -6 -48 55 -55 -26 -57 58 -50 60 -60 -12 -21
right_child=1 4 3 27 23 21 7 8 -10 -11 11 14 18 -15 -16 -17 17 -19 -20 62 -22 31 29 24 53 -27 -28 -29 -30 42 -32 -33 -34 34 36 -37 -38 38 50 -41 -42 -43 43 -45 45 -47 52 -49 57 -51 -52 -53 -54 54 -56 56 -58 -59 59 -61 -62 -63 -64
leaf_value=0.0029245905729973804 -0.0044818765011748829 0.0024869398429233375 0.016001759252258611 -0.0010366881593425982 0.00037824408732700746 0.0084543812243755272 0.017577969793833591 0.0051106094781948781 -2.3639613630676459e-05 0.0060879704746487108 -0.0033908556957591711 -0.0037998091253681034 0.00059705192293362257 0.00037315108182563991 -0.0076752639424235913 -2.5272036486618951e-05 -0.00082984485393575863 0.0084991352100561371 -8.6115094791790165e-05 -0.00091663159141986555 -0.014675553499627243 0.00097384283558587961 -0.0069670021462842164 -0.007749402241354026 -0.00011390918348632983 -0.013796226205412923 0.00040620953877204297 0.0048229278621097485 0.0010026027104259364 -0.00074753646491106953 -0.0026182256781354671 0.00026729846682905351 -0.0046913467267575967 -0.0017414636376788899 0.0022359264955752948 -0.0077066390981622105 0.0091451550103729667 0.016184246755363806 0.0016665529495512846 0.0020662318327387828 -0.0078014692583754904 0.001328616252662904 0.0022278613001453047 -0.0066912273190123427 -0.0034734110311497291 -0.012304494965799394 0.0067507093245528877 -0.01454501885376917 -0.0072535950404289291 4.1134256815021224e-05 0.0109102238203023 -0.0005116968445942169 -0.0020773328185998627 -0.0049247519403688789 -0.001060285569233129 -0.001587239010473591 0.0023162518043172669 -0.00074941506328667226 0.0003728761828954611 0.0030844359823578174 -0.0089343229618197052 0.0052242013697423161 0.0010758797360703788
leaf_weight=9402.6371765136719 14322.438591957092 48138.401794433594 3027.099853515625 9838.691047668457 308568.072265625 4255.9295349121094 3085.3399200439453 19954.554171085358 23465.804557800293 5627.564582824707 2717.3870849609375 9326.4370155334473 5828.5245361328125 2269630.6088364124 3605.9386215209961 970785.21350097656 55248.355094432831 3048.5224609375 1103500.080078125 528711.4928817749 4946.6678466796875 662211.06101989746 6697.8074951171875 8638.9862289428711 176793.72619628906 4090.9257202148438 8751.3898086547852 18524.556755065918 41532.624298095703 95343.711517333984 16067.202603816986 805069.08840942383 9251.4659786224365 14780.358444213867 21374.234392642975 5584.6358337402344 5398.2442016601562 2590.0509567260742 3887.8851554393768 55052.071449279785 3798.2879638671875 29799.811336517334 5264.2385101318359 12510.71354675293 5441.638801574707 4996.6053695678711 2302.457275390625 1772.2166595458984 7205.0743103027344 58450.172424316406 3475.7976982593536 540986.72027587891 13844.418692588806 23816.820678710938 40592.903677940369 210760.26819705963 10555.2021484375 718309.68109130859 3038.6045265197754 5429.2605724334717 3948.4404735565186 6697.6393585205078 38446.668251037598
leaf_count=3877 9112 17661 1139 3673 109419 1855 1146 6631 8607 1819 1410 5530 2610 714902 1617 440855 29916 1489 444954 149049 1786 249329 2953 2378 73054 1328 3306 7745 11693 39592 6081 295923 3931 5938 9149 3882 813 897 1749 20700 803 8460 2565 5932 1860 1758 1004 1083 3201 19575 1644 188511 7226 8719 13777 65656 3429 271064 1125 2033 1527 3433 16158
internal_value=-3.99397e-06 -0.000147407 0.000603474 0.00406808 -0.00057698 0.000539881 0.00226506 0.00365089 0.00233738 0.0101916 3.25184e-05 0.00142864 -7.28729e-07 0.000177699 0.000595848 -0.000215517 -0.00138911 -0.000304569 -0.000361288 -0.000886679 -0.00641784 0.000457885 -0.000678863 -0.00066564 -0.00126165 -0.00558544 -0.00365052 0.00279184 0.0016957 -0.00158636 -0.000571705 0.000586186 -0.000545372 -0.000170536 0.00171972 -0.00146173 0.00363051 0.00579175 0.00868212 0.000900695 -0.000594551 0.000105836 -0.00126689 -0.00405237 -0.00430194 -0.00770456 -0.00320064 -0.00559412 -0.000483921 0.00114603 0.00603418 -0.000188458 -0.000813908 -0.00106078 -0.00249045 -0.000829448 -0.00140096 -0.00082406 -0.00355625 -0.00140169 -0.00488933 0.00273917 -0.000781554
internal_weight=9.12012e+06 7.37824e+06 1.74188e+06 31390.3 2.17807e+06 1.71049e+06 77603.1 52133.3 43420.4 8712.9 5.20017e+06 120951 5.07921e+06 3.39778e+06 101583 1.12815e+06 157366 114686 1.68143e+06 577933 10775.2 1.63289e+06 165605 2.07149e+06 484000 21481.3 17390.4 28363.2 45788.6 119816 25469.8 1.46728e+06 111637 102386 41552.8 60833 26772.5 19368.8 9953.73 97976.6 42924.5 39126.2 113119 17775 42679.8 10438.2 32241.5 16094.7 1.58749e+06 106589 7363.68 849555 16146.9 462519 64409.7 398109 221315 737931 19621.4 12416.3 6987.05 9415.03 567158
internal_count=3330041 2679481 650560 12557 785763 638003 28161 18203 15238 2965 1893718 46243 1847475 1232918 37110 518016 77161 55118 614557 169603 4396 609842 64590 748527 171647 7012 5684 11418 13548 51042 9958 545252 53629 49698 15900 33798 9962 9133 4290 35493 14793 13990 48089 8497 22043 3618 18425 10195 576880 37236 3393 297930 8230 164635 22496 142139 69085 278950 7886 4685 2652 4843 165207
cat_boundaries=0 2 4 5 7 9 11 13 15 17 18 20 22 24 26 28 30 31 33 35 36 37
cat_threshold=1208917585 62 2450563938 22 2382643224 4118299216 26 537919552 18 1073820578 96 134808449 106 2248861995 6 269589826 65 2621440 20139458 36 3424507912 61 10497379 88 287350788 4 3812299048 123 2871380932 98 524288 2497188108 60 1741952456 47 214171842 100663296
is_linear=0
shrinkage=0.03


Tree=55
num_leaves=64
num_cat=15
split_feature=3 10 17 7 3 5 12 18 3 2 2 18 17 17 6 16 17 12 2 18 6 17 12 12 10 14 6 14 17 17 17 18 17 14 8 11 17 17 10 9 10 17 5 7 15 10 17 10 8 12 17 13 6 6 14 11 18 17 6 9 15 2 10
split_gain=891.952 584.31 786.566 525.298 392.863 366.91 321.55 303.273 278.796 270.683 241.424 573.002 239.888 230.18 229.782 239.628 210.726 277.828 209.826 313.022 202.124 374.605 217 186.406 245.607 339.087 183.627 268.438 182.122 181.727 178.351 188.258 177.64 171.864 570.514 3089.73 170.23 165.354 163.729 163.687 161.759 226.024 156.316 151.092 150.08 141.581 343.994 232.004 231.167 235.917 227.539 217.743 211.517 188.284 149.604 149.178 141.149 220.228 136.499 133.833 129.96 190.139 187.957
threshold=0.49299670755863195 1.5670744776725771 0 -0.16895765066146848 -1.5114245414733884 1.346585273742676 -0.28054265677928919 -0.32160516083240503 -1.7904666066169737 -1.901797831058502 -1.1162397265434263 -1.6712154746055601 1 2 -0.55541878938674916 0.076260179281234755 3 -0.66427141427993763 1.1716156601905825 2.4603563547134404 -0.61848765611648548 4 -0.46044856309890742 -0.35152915120124811 -1.5311909317970274 0.60507917404174816 -0.75275856256484974 0.43740376830101019 5 6 7 -1.6712154746055601 8 -0.14088202267885205 1.6811403036117556 0.51916241645812999 9 10 -1.0245386958122251 -0.53137159347534169 -2.4664380550384517 11 -1.3735669255256651 0.74080178141593944 -0.50007539987564076 -1.1542026996612547 12 0.02079100534319878 2.2439718246459965 -0.57179841399192799 13 1.6346192359924319 0.63358229398727428 0.87857258319854747 0.94426351785659801 -0.47967211902141565 2.0829391479492192 14 -0.61848765611648548 -0.48408177495002741 0.50043657422065746 0.29558531939983373 -0.83188164234161366
decision_type=2 2 1 2 2 2 2 2 2 2 2 2 1 1 2 2 1 2 2 2 2 1 2 2 2 2 2 2 1 1 1 2 1 2 2 2 1 1 2 2 2 1 2 2 2 2 1 2 2 2 1 2 2 2 2 2 2 1 2 2 2 2 2
left_child=1 3 4 6 36 30 10 29 13 14 11 12 -1 -4 15 -7 17 32 -11 28 21 -10 59 43 25 -25 27 42 -20 -5 31 -2 -13 34 -12 -36 -3 -19 -30 -28 41 -31 -6 -9 -16 46 48 55 50 53 -35 -52 -49 -50 -48 -47 -45 -58 -8 -23 61 62 -33
right_child=5 2 8 7 26 9 58 23 20 18 33 16 -14 -15 44 -17 -18 37 19 -21 -22 22 -24 24 -26 -27 39 -29 38 40 -32 60 -34 45 35 -37 -38 -39 -40 -41 -42 -43 -44 56 -46 47 54 52 49 -51 51 -53 -54 -55 -56 -57 57 -59 -60 -61 -62 -63 -64
leaf_value=0.0034758612794565215 0.0019867494805543466 0.018575491828981803 0.012590120798974973 -6.4520870410259749e-05 0.012157099923910409 -0.00500094051846012 0.00061812790189916928 -0.00022979198248676593 -0.010677694231382729 -0.00088146499910853678 0.00035552315726684988 -0.002675795325621665 0.011460140997148706 0.0020858997583734855 -0.010078125196362649 0.0059169802964217661 -7.4296972738428809e-05 0.0022049206868500954 -0.00023379845350300103 -0.011074375649285425 0.0011316528487504557 -0.00074551948555969319 -0.0070283373712068239 0.015285846217794162 0.00057946856278191068 -0.00040498290832089969 0.0039590842908087294 0.013099256813119981 -0.010890167751364699 -0.011340627367989721 -0.00057960210803527791 0.0029919561261403326 0.0026034465924594701 0.0059175642613290723 0.0023500220967397835 0.039464957005566147 0.0074439955611609061 0.0093242715790464031 -0.0031997737138083934 -0.0017103637765297421 0.00068399058448666413 -0.00067007411584098209 0.0032434093325943696 -0.00089438324826693328 -0.0042883375249412933 -8.7924623671703332e-05 -0.0012789544096120191 9.5674308552235702e-05 -0.000841000887024886 -0.0062254033945838673 -4.1162849144981106e-05 0.0064194901120158878 -0.0014817892003584458 0.0046969619147180291 -0.0052434439289450714 0.00076367575843041288 0.0066171166651740878 2.8254608180971435e-06 0.0030301678492588072 0.0039759514037148082 -0.00061904544485660981 -0.0004881156676331757 0.0004671854196896415
leaf_weight=6801.2684316635132 40888.015625 2526.403923034668 3023.4359436035156 783485.0625 2059.0285491943359 3910.5877001285553 32764.999359130859 1701559.3731689453 3605.3782348632812 249570.96044921875 217621.15898132324 8239.3811340332031 6803.2757577896118 4956.6849060058594 6147.0244542360306 3358.3502142429352 67277.056925773621 4966.1234169006348 18658.056866168976 4080.86572265625 83810.26323890686 23993.814118862152 4093.2045638561249 2464.6064071655273 106330.44014257193 2488.1440811157227 17352.449047088623 4218.4705595970154 2967.686279296875 2317.9933128356934 1281571.3492431641 30682.17529296875 18799.402839660645 12095.953857421875 49458.5869140625 2099.6173553466797 2526.593147277832 7259.2788934707642 15452.967792034149 6224.4284439086914 612179.939453125 7653.3191871643066 12515.57756280899 561397.52893066406 11723.027865767479 232472.89950561523 106767.66452407837 899724.71557617188 28766.265213012695 5957.1369781494141 26671.82052230835 5692.95703125 83605.716796875 6833.5928649902344 9309.9010009765625 909039.60829162598 5514.3354187011719 25090.624542236328 59400.011505126953 6968.2365109920502 270943.46099853516 184514.88320922852 196258.64297485352
leaf_count=2418 16305 903 967 245287 969 2189 15368 594098 1059 89672 123706 1810 1960 2086 2443 1046 21260 2663 7615 1546 26408 13357 1894 1376 51141 865 6265 1505 1100 1244 481826 14357 9120 3482 29288 818 1119 1761 5775 1983 254953 3210 6668 205926 2824 113431 40614 304116 8549 1925 9853 1287 22166 1548 2268 259495 2294 9250 28131 3087 74681 91732 91820
internal_value=-8.96475e-06 0.000164421 0.00186119 0.000118822 0.00516925 -0.000516765 0.000430129 -0.00011062 0.000658005 -0.00146709 0.000370996 0.00168569 0.00748231 0.00608941 -0.00445336 4.38904e-05 0.000945186 0.00269113 -0.0012088 -0.00319326 0.000303918 -0.0014904 -0.000540911 -0.000315237 0.000883817 0.00741069 0.00422635 0.00643823 -0.00232449 0.00023945 -0.000367036 9.61412e-06 0.000994508 0.00031015 0.00102781 0.00386514 0.0130738 0.00644381 -0.00443896 0.00246227 0.000622234 -0.0031671 0.00450643 -0.000373416 -0.0062822 0.000227129 -0.000531642 0.000299298 0.000906103 -0.000702391 0.00240966 0.00109574 -3.84532e-05 0.000222553 -0.001597 0.000590245 -0.000786223 0.00119762 0.00217276 0.000317553 -0.000108865 0.000227091 0.00080859
internal_weight=9.11751e+06 6.79678e+06 177874 6.61891e+06 47423 2.32073e+06 2.80843e+06 3.81048e+06 130451 315870 2.71626e+06 120146 13604.5 7980.12 25139 7268.94 106541 39264.2 290731 41159.6 122471 38660.6 35055.3 2.40485e+06 111283 4952.75 42370 18793.1 37078.7 1.40564e+06 2.00486e+06 723287 27038.8 2.59612e+06 269179 51558.2 5053 12225.4 18420.7 23576.9 622151 9971.31 14574.6 2.29356e+06 17870.1 2.32694e+06 202095 2.12484e+06 86017.7 41557 44460.7 32364.8 983330 35599.9 116078 1.14151e+06 592002 30605 92165 30962.1 682399 411456 226941
internal_count=3329882 2444951 68270 2376681 19412 884931 1007037 1369644 48858 114210 963538 40992 4378 3053 8502 3235 36614 15354 105708 16036 45805 19397 18338 864950 53382 2241 17390 9142 14490 504694 770721 288895 10930 922546 153812 30106 2022 4424 6875 8248 259407 4454 7637 811568 5267 768734 69526 699208 26644 12022 14622 11140 326282 10097 42882 372926 217470 11544 43499 16444 272590 197909 106177
cat_boundaries=0 1 2 3 4 5 6 7 8 9 10 11 12 13 14 15
cat_threshold=34752543 36664001 8692384 53102966 25165824 6028480 25204255 502411 131074 33556487 35668080 35668288 37770251 4198400 16812569
is_linear=0
shrinkage=0.03


Tree=56
num_leaves=64
num_cat=23
split_feature=7 5 10 1 19 19 10 1 10 8 4 1 1 18 10 1 7 1 18 4 4 1 1 1 19 4 1 1 10 4 19 1 18 1 12 1 1 10 1 12 8 1 18 1 8 1 4 14 12 6 6 1 15 4 15 10 17 1 10 18 8 1 9
split_gain=866.103 472.256 423.06 435.311 372.317 365.285 315.556 557.179 334.306 307.239 446.113 496.628 366.275 306.385 300.737 412.11 288.637 254.913 247.496 293.499 470.32 361.685 269.044 259.885 223.664 254.409 506.537 287.692 222.891 220.679 213.194 773.371 215.871 349.032 207.309 291.341 223.689 214.202 201.223 198.896 194.261 475.505 193.821 414.145 205.226 204.604 232.318 216.843 192.83 200.895 189.321 253.943 186.499 245.597 349.501 185.974 248.884 185.747 183.525 185.965 241.023 176.369 171.665
threshold=-0.13901372998952863 1.4358447194099428 2.0446702241897587 0 0.6901068687438966 -0.7596001625061034 1.5670744776725771 1 0.16963379830121997 0.87295740842819225 1.6692219376564028 2 3 1.2249385714530947 -2.4664380550384517 4 -2.7041386365890498 5 -2.0651226043701167 -0.21171189099550244 -0.092088464647531496 6 7 8 0.025464545935392383 1.5712455511093142 9 10 -0.75480234622955311 1.6692219376564028 1.6550678610801699 11 2.4603563547134404 12 -0.66427141427993763 13 14 0.040951244533061988 15 -0.88874357938766468 0.66989099979400646 16 2.4603563547134404 17 3.4509546756744389 18 -2.3358898162841792 1.646689295768738 -0.54200291633605946 -0.65374013781547535 -0.61848765611648548 19 -1.5515179038047788 0.68512386083602916 -1.7879390120506284 -0.91917148232460011 20 21 -1.5311909317970274 0.42264564335346227 0.66989099979400646 22 -0.47100153565406794
decision_type=2 2 2 1 2 2 2 1 2 2 2 1 1 2 2 1 2 1 2 2 2 1 1 1 2 2 1 1 2 2 2 1 2 1 2 1 1 2 1 2 2 1 2 1 2 1 2 2 2 2 2 1 2 2 2 2 1 1 2 2 2 1 2
left_child=2 6 4 -4 18 13 8 29 30 12 14 -12 -6 28 15 -11 -5 -16 19 23 21 -21 -22 -1 61 38 -27 -28 -3 48 32 52 57 -34 36 55 58 -38 -26 -35 41 -33 45 -44 -45 47 -47 -7 -8 -50 51 -9 53 54 -32 56 -36 -2 59 -20 -61 -10 -43
right_child=1 5 3 16 9 42 7 50 24 10 11 -13 -14 -15 17 -17 -18 -19 34 20 22 -23 -24 -25 25 26 27 -29 -30 -31 31 40 33 39 35 -37 37 -39 -40 -41 -42 62 43 44 -46 46 -48 -49 49 -51 -52 -53 -54 -55 -56 -57 -58 -59 -60 60 -62 -63 -64
leaf_value=0.0026423992097570452 -0.00030481374702625484 -0.010190809390396207 -0.00039952077628964633 0.012150582262877661 0.0030964410833220993 -6.3158792987670653e-05 0.0039299196224627042 -0.0094199837659185402 -0.00086307130143687208 -0.00048836720652266179 -0.012164417875460187 0.0018039167991062528 -0.00059054627323255145 -0.010785133617082943 -0.0030546913030174618 -0.009375114096749522 0.0041346221343184653 -0.00020284995134556806 -0.00083987774416145581 0.014850287007653559 0.0039165000081497117 0.0041301341643385746 2.9772885068582794e-05 -0.0021308690344748068 -0.0015219122639668831 0.0012238314451697397 -0.013778936397233571 -0.0046639375137076779 -0.001724381706124494 0.010511398569439927 -0.0052839717856432069 -0.0042889210259788521 -0.0011633145802732658 -0.001052136926748138 -0.0057612493989784418 0.0010731138785586248 0.00076441442066692137 1.4065242941050789e-05 -0.00029236952569081527 0.0078810260349105946 -0.00034183365548242999 0.0054894923625353094 0.0015508813333398072 -0.0044071650879928814 -0.012204093751324235 0.0035062563885940911 -0.0013512009081721049 0.0068057929836298466 0.0038401241230791739 -0.0069127319946913337 0.00065897961695405508 -0.0011060364035835127 -0.0042814557457209555 -0.0013380338032858087 -0.023212911213161692 0.0002306234312112753 -0.00033752999330598395 0.00019627408479512817 -7.9006047361356911e-05 0.0019891316854664374 -0.0086935802076539542 -5.0248835647416861e-05 0.015123530994113768
leaf_weight=16976.902726650238 1064297.7912597656 3242.5050430297852 18465.313720703125 4892.212158203125 38339.102325439453 148155.94606018066 40580.151646137238 3983.20751953125 348946.9365234375 10300.25553894043 6610.6837878227234 3502.4642224311829 65935.387908935547 5452.6833648681641 32922.55296421051 8628.9958648681641 23245.92333984375 196522.65284633636 20814.445495605469 4652.0154266357422 30063.577623844147 7289.1827812194824 34325.539474487305 25919.391357421875 227174.30303955078 13272.086471557617 3698.6852111816406 19804.609664916992 20269.447334289551 4001.4046936035156 1889.407787322998 3888.1278915405273 10936.679443359375 2827.6969833374023 11218.087097167969 672341.9379119873 794561.10986328125 601695.0859375 253456.68280029297 10825.83292388916 29792.322538375854 5175.83145570755 9591.9315032958984 12738.171939849854 3990.0500144958496 9121.2981567382812 305799.4670715332 4250.04638671875 3015.6133556365967 3237.7220282554626 58907.997741699219 19174.610046386719 21699.338348388672 1851.7536625862122 2033.2832827568054 298412.19702148438 23658.724182128906 1778063.4482701421 925618.56866455078 2584.8241271972656 7160.8656311035156 771273.81494140625 2456.2621817588806
leaf_count=6971 443046 1092 7446 1993 21956 63596 16113 1287 108029 3528 2018 1558 33862 1769 12711 3261 9175 73073 7923 1677 10461 2272 11425 9403 88355 5656 1284 6195 6718 1485 1163 2500 3918 1016 5515 243238 260147 196294 102099 4369 12371 2563 3444 4839 1342 2682 99761 904 1889 1225 19137 9861 8663 1026 1151 148803 12290 587526 334541 1212 2567 285209 1362
internal_value=6.75229e-07 -0.00025144 0.000339856 0.00318085 0.000305373 -0.001107 -0.000156432 0.00128458 -0.000198309 -0.000609194 -0.00116371 -0.00733853 0.00076539 -0.00438105 -0.000912144 -0.00454605 0.00552826 -0.000612254 0.000400784 0.00174396 0.00285974 0.00832681 0.00184528 -0.000241564 -0.000541728 -0.0010576 -0.00346236 -0.00610623 -0.0028939 0.00375208 -6.73999e-06 -0.00165715 3.2861e-05 0.00283134 0.000353093 0.000713608 0.000198976 0.000441061 -0.000873571 0.00602681 0.000937321 0.00424486 -0.000914857 -0.00341947 -0.00626625 -0.00077376 -0.00121042 0.0001286 0.00317431 -0.00172834 -0.000244454 -0.00254233 -0.00555627 -0.0103486 -0.014595 -1.16567e-05 -0.00208439 8.64546e-06 -0.000154531 -0.00244171 -0.00586067 -0.000303453 0.00858668
internal_weight=9.11554e+06 5.22888e+06 3.88666e+06 46603.4 3.84005e+06 522612 4.70627e+06 132901 4.57336e+06 362762 258488 10113.1 104274 28964.6 248374 18929.3 28138.1 229445 3.47729e+06 119227 76330.3 11941.2 64389.1 42896.3 1.63763e+06 517406 36775.4 23503.3 23512 50834.9 2.93574e+06 68786.3 2.86695e+06 24590.2 3.35807e+06 1.00563e+06 2.35243e+06 1.39626e+06 480631 13653.5 41312.5 11520.2 493647 26320.2 16728.2 467327 314921 152406 46833.5 6253.34 82065.8 23157.8 27473.8 5774.44 3922.69 333289 34876.8 2.84236e+06 956179 30560.1 9745.69 1.12022e+06 7632.09
internal_count=3329965 1904645 1425320 18614 1406706 186147 1718498 50997 1667501 151967 96149 3576 55818 9579 92573 6789 11168 85784 1254739 42209 25835 3949 21886 16374 596827 203589 13135 7479 7810 20712 1070674 30799 1039875 9303 1212530 409846 802684 456441 190454 5385 18796 6425 176568 9625 6181 166943 102443 64500 19227 3114 30285 11148 12003 3340 2314 166608 17805 1030572 346243 11702 3779 393238 3925
cat_boundaries=0 2 4 6 8 10 11 13 15 17 19 20 22 24 26 28 30 32 34 36 38 39 41 43
cat_threshold=20028738 69 2936947354 35 1981366403 2 152285919 18 835279532 98 813711908 2471666280 22 1279137489 54 630263491 39 3450227824 117 33587714 3059572225 64 581407883 76 630530142 49 4032961232 94 198262624 97 1092616380 32 3909520178 1 1672548552 41 1073750304 8 10485952 3647750864 26 1140994852 24
is_linear=0
shrinkage=0.03


Tree=57
num_leaves=64
num_cat=17
split_feature=5 5 2 0 18 1 3 1 0 1 0 1 10 6 2 2 4 4 0 1 10 1 2 0 16 1 2 4 4 1 6 0 15 0 14 1 2 1 0 19 14 16 17 1 19 1 1 15 4 4 10 2 1 3 6 14 0 19 2 1 6 17 0
split_gain=772.357 493.623 701.497 880.778 450.354 436.464 435.286 353.536 335.578 572.481 409.32 926.648 552.705 442.132 415.768 327.778 327.652 325.38 320.506 734.959 418.465 426.572 360.634 383.243 606.963 336.116 314.501 368.827 378.24 313.943 301.58 300.036 280.063 278.991 283.809 350.445 273.396 313.887 271.381 263.209 376.976 263.844 378.472 259.379 256.295 384.998 252.494 248.869 431.961 770.571 426.908 326.742 248.705 245.34 244.239 383.733 318.772 270.31 243.233 903.34 349.081 432.056 253.829
threshold=0.276303380727768 -2.2509361505508418 -0.84132790565490712 172.50000000000003 -1.5294928550720213 0 0.90504136681556713 1 127.50000000000001 2 157.50000000000003 3 -0.10715288296341895 -0.90638580918312062 0.91000401973724376 -1.901797831058502 -0.13379042595624921 -2.066596150398254 789.50000000000011 4 1.3058599829673769 5 -0.34133480489253992 873.50000000000011 1.3521888256073 6 -0.74895048141479481 -0.84932526946067799 -1.4865158200263975 7 -0.75275856256484974 901.50000000000011 -1.72907018661499 929.50000000000011 0.27858866751194006 8 1.0000000180025095e-35 9 644.50000000000011 -0.15733292698860166 -0.11868756636977194 -0.15893782675266263 10 11 -0.11680612713098525 12 13 -1.5515179038047788 0.39812865853309637 0.7506980597972871 -1.0245386958122251 -0.30090421438217158 14 -0.66694861650466908 0.46874660253524786 0.72120228409767162 845.50000000000011 -0.025541910901665684 -1.3648050427436826 15 -0.068345718085765825 16 232.50000000000003
decision_type=2 2 2 2 2 1 2 1 2 1 2 1 2 2 2 2 2 2 2 1 2 1 2 2 2 1 2 2 2 1 2 2 2 2 2 1 2 1 2 2 2 2 1 1 2 1 1 2 2 2 2 2 1 2 2 2 2 2 2 1 2 1 2
left_child=1 2 3 -1 5 -5 17 31 9 30 11 13 36 14 -10 16 -8 -2 20 33 44 -22 23 -21 25 -25 -14 28 -28 -6 -3 -4 -27 -20 35 -35 37 -13 58 -11 41 -41 -43 -29 53 47 -40 48 50 -50 -46 -51 -32 -12 -24 -56 -57 -58 59 60 61 -19 -63
right_child=6 8 7 4 29 -7 15 -9 10 39 18 12 26 -15 -16 -17 -18 38 19 22 21 -23 54 24 -26 32 27 43 -30 -31 52 -33 -34 34 -36 -37 -38 -39 46 40 -42 42 -44 -45 45 -47 -48 -49 49 51 -52 -53 -54 -55 55 56 57 -59 -60 -61 -62 62 -64
leaf_value=0.019423732156235284 0.0011525430244856481 0.0054459861280026925 -2.4896894457745748e-05 0.014037224297572457 0.0069061240836911847 0.002787225933579798 -0.0075756418356138239 0.0023265283065561208 -0.0054905852408275082 0.0016887296447179252 0.0010648638141292945 0.012536742740543812 0.0061373515879863194 -0.0024350967252856899 -0.015803220731404166 -0.00097635639236525265 -0.00047722678874753753 0.020402317332144721 0.00026395075825017461 -0.00046733970964310843 0.004311289345771659 0.00058843501667366787 -0.00024783179216660679 0.002867547286373989 -0.013575405286631568 0.0029282779520782504 -0.0022260409066074851 0.0025999826422327043 -0.013649321159210612 -0.0013356691539248994 -0.0016219770204358966 -0.0061533953858372058 -0.0042595768030465704 0.0052833303213051554 -0.0021720269154856678 0.0011792691962565912 0.001628535866484108 0.0021424530275702333 -0.001300326657921784 0.00036045654994036288 -0.0011606208504470891 0.020000993099803813 0.0039128050552897893 -0.0029776368255204546 -0.0094796086534396241 0.00019749902910848921 -0.00032115110707495528 -0.00071937937933659428 -0.021661434202193942 -0.012816613132458405 0.0010987047773431467 -0.00072962244779614085 0.0026102794524831279 0.00028231963584553807 -0.0010194190023395163 -0.00028626642326075395 -0.0052069688644187642 -0.014635142306335957 -0.00011834146488824682 -0.00076935262513188533 0.0014147243529521525 0.01417837632308694 0.0037803327453222813
leaf_weight=3709.3163895606995 152264.36328125 28671.279479980469 43917.020538330078 6251.8258590698242 5954.9508113861084 6189.8463172912598 13816.71976852417 61238.816619873047 16194.511215209961 67136.573944091797 441815.1708984375 5026.2520446777344 4148.9069595336914 44984.639587402344 4494.2918243408203 485202.81640625 10151.38570022583 2845.2149591445923 353172.25634765625 58272.62841796875 46234.415283203125 69099.521484375 394544.44555664062 7900.9170455932617 5201.54736328125 5303.9647407531738 5785.4017639160156 11901.100017547607 4749.584810256958 13707.262038707733 14925.499755859375 8592.08642578125 60383.904834747314 30750.988639831543 11975.363075256348 47908.142425537109 35567.065795898438 5468.2782897949219 361340.685546875 8490.2877197265625 121561.97271728516 1806.1908416748047 4817.6761932373047 20254.862955093384 4214.3583679199219 926954.38409423828 688872.615234375 267796.80981445312 2797.9442443847656 2731.5139284133911 18432.316917419434 7614.0293836593628 76565.46830946207 1960834.1846008301 72184.25537109375 5858.6793823242188 7037.4570083618164 4483.3819198608398 1905014.6002540588 38329.477870941162 6150.8896813392639 3102.3304164409637 6620.1821305751801
leaf_count=1232 52623 15581 14930 1994 2234 2060 4588 23190 9472 21378 165040 1662 1179 15495 2757 190412 3576 1031 136829 19902 17633 27804 145700 3159 1270 2713 2100 4249 1517 4616 7463 2833 19548 14874 2766 17605 11904 1632 118037 6076 39291 946 2726 6330 2112 350949 262506 112155 1417 1254 8775 3355 25166 683307 20778 1330 1560 1045 686089 13877 1607 1079 2347
internal_value=4.6799e-06 0.000231446 0.00193108 0.0055924 0.00399154 0.00845713 -0.00033146 0.000778125 0.000183446 0.00111896 0.000122488 -0.00137716 0.000551159 -0.00410426 -0.00773411 -0.00114556 -0.00456993 -0.00020047 0.000171894 -0.000287376 0.000302375 0.00208138 -0.000953517 -0.00231201 -0.00367619 -0.0029756 -0.00174335 -0.00250987 -0.00738014 0.00116442 0.0027612 -0.001028 -0.00367846 0.000644991 0.00212975 0.00278477 0.0028845 0.00713828 -0.000268864 0.000150558 -0.000605029 0.00386246 0.00834757 -0.000913363 0.000245899 -0.000106184 -0.00065807 -0.00103339 -0.00338281 -0.00770793 -0.00087149 -0.00392558 0.0019199 0.000426221 -0.000568895 -0.00198314 -0.00598444 -0.00888074 -6.05367e-05 0.00186959 0.00726855 0.0101376 0.0070965
internal_weight=9.11932e+06 5.44561e+06 149561 35813.2 32103.9 12441.7 3.67371e+06 113748 5.29605e+06 323975 4.97208e+06 158575 92901.5 65673.4 20688.8 509171 23968.1 3.16454e+06 4.8135e+06 1.06498e+06 3.74852e+06 115334 621171 137063 78790.3 73588.8 46839.9 42690.9 10535 19662.2 120162 52509.1 65687.9 443807 90634.5 78659.1 46061.6 10494.5 3.01228e+06 203813 136676 15114.2 6623.87 32156 3.63319e+06 1.23054e+06 1.05021e+06 303587 35790.2 13143.5 22646.7 10345.5 91491 2.40265e+06 484108 89563.8 17379.5 11520.8 1.96206e+06 57048.1 18718.6 12567.7 9722.51
internal_count=3330665 1992893 53089 12136 10904 4054 1337772 40953 1939804 118627 1821177 58297 30573 27724 12229 198576 8164 1139196 1762880 389079 1373801 45437 217005 46592 26690 25420 15375 14196 3617 6850 48210 17763 22261 172074 35245 32479 15198 3294 1086573 70417 49039 9748 3672 10579 1328364 480017 380543 129068 16913 6026 10887 4609 32629 848347 170413 24713 3935 2605 706030 19941 6064 4457 3426
cat_boundaries=0 2 4 6 8 10 12 14 16 18 20 21 23 25 27 29 31 32
cat_threshold=2453860664 110 3244962100 97 1368492565 46 402148680 49 486312985 36 3645858712 2 20480 8 2920341508 65 75005952 36 3758424612 6 34603016 2282095232 14 412516864 22 1350576902 70 294682624 32 1850507300 16 657920
is_linear=0
shrinkage=0.03


Tree=58
num_leaves=64
num_cat=12
split_feature=7 5 10 5 10 12 1 10 1 19 1 10 13 15 1 1 1 10 11 11 11 8 7 2 14 19 18 8 9 14 5 14 1 2 19 8 5 9 16 8 8 1 18 1 10 10 19 2 18 1 19 1 1 15 11 11 14 14 15 8 12 2 19
split_gain=750.115 520.138 362.486 558.373 256.179 423.939 449.727 320.41 312.519 292.372 557.209 326.038 337.963 261.431 254.048 245.163 234.396 308.789 239.934 226.031 328 482.687 223.303 218.85 215.638 206.965 408.551 205.444 1886.21 2548.25 196.248 188.921 183.202 241.819 217.687 248.045 193.292 181.944 195.105 187.448 490.297 753.931 175.842 167.584 242.409 166.235 165.851 307.616 259.495 161.309 160.802 369.899 231.589 157.289 155.682 271.24 286.859 214.675 381.866 236.079 200.459 245.97 289.87
threshold=-0.8938561975955962 0.93066197633743297 2.0446702241897587 -2.2509361505508418 2.0446702241897587 -0.18212550878524777 0 0.19294773042201999 1 0.6901068687438966 2 -2.4664380550384517 -1.132983326911926 -1.1495832204818723 3 4 5 -0.91917148232460011 0.63976013660430919 1.9463328719139101 1.480081379413605 2.1537300348281865 2.76854419708252 0.38308377563953405 0.43740376830101019 -0.90130022168159474 -1.5294928550720213 2.6118419170379643 -0.29193235933780665 0.72120228409767162 -1.9876974821090696 0.65615862607955944 6 -0.0325724110007286 0.52390769124031078 -0.20236048847436902 -1.6821901202201841 -0.95061782002449025 0.2167661711573601 3.7915034294128422 5.4375948905944833 7 -2.0651226043701167 8 -1.5311909317970274 -0.43480555713176722 -0.2824870347976684 0.85586482286453258 0.68720510601997387 9 1.320500433444977 10 11 0.96551269292831432 0.16392654180526736 0.81554117798805248 0.23951256275177005 0.10981257632374765 0.16187284886837008 2.4131360054016118 -0.58841416239738453 0.065421745181083693 1.6550678610801699
decision_type=2 2 2 2 2 2 1 2 1 2 1 2 2 2 1 1 1 2 2 2 2 2 2 2 2 2 2 2 2 2 2 2 1 2 2 2 2 2 2 2 2 1 2 1 2 2 2 2 2 1 2 1 1 2 2 2 2 2 2 2 2 2 2
left_child=2 4 25 -4 7 6 23 9 -9 16 11 12 -11 -14 -5 -12 17 18 49 20 54 -22 43 24 -6 26 -1 31 -29 -30 -10 -19 33 36 -35 -36 42 38 -13 45 41 -41 -27 44 -3 -39 -24 -48 -49 -2 52 -52 -8 -37 60 56 -56 -57 59 -59 -17 -62 -63
right_child=1 22 3 14 5 -7 50 8 30 10 15 37 13 -15 -16 19 -18 27 -20 -21 21 -23 46 -25 -26 32 -28 28 29 -31 -32 -33 -34 34 35 53 -38 39 -40 40 -42 -43 -44 -45 -46 -47 47 48 -50 -51 51 -53 -54 -55 55 57 -58 58 -60 -61 61 62 -64
leaf_value=0.011218326558642931 -0.0025221316238723465 -0.0035886752977533848 0.016765872104973753 -0.0015799961978908441 0.0061003428360625334 -0.0098271815314594571 -0.0058320744169056129 -0.00071495466985863261 0.0027079974037373918 -0.016631046911822447 0.001483284811357681 -0.0018981737709451486 0.0035706352763024258 -0.0070958442763141127 0.0048670373688847069 -0.00087382489262955235 0.00031587531691666974 -9.7347398757791704e-06 -0.0060335700253716555 0.0055216413613394391 -0.012941552812062936 0.0015307697071328293 -0.0046377815780740354 0.00015030331842116719 0.015099004223239296 0.009316005629394792 0.0011060799684222049 -0.00029989045411527563 0.00028785185881313155 -0.042513728460395868 -2.6463811563355639e-05 0.001824671220003936 0.00017218462855533731 0.00070416908937757743 0.004328797707778274 -0.0014089412985455339 0.0012665866726070925 -0.0026684221299638705 0.010058740891808268 -0.022915419242613519 0.00037354843320715463 -0.0040363222547691703 0.0028552145026963681 -0.00024419945029643936 -0.00075663792998293007 0.0005331043856831271 -0.00041752796698038151 -0.002162484758344576 -0.015293125462546199 0.00018414433131268667 0.012307663897632128 -4.4334408173095556e-05 0.0010698167507402448 -0.0064314411823025034 0.00082916621137513094 0.0012172896865190379 0.00699407355075182 0.0052994001034215848 -0.0088090986010591465 -0.003125479922724854 0.0019294849270511294 -0.0044958076717689496 -0.018539488169134772
leaf_weight=4844.1156616210938 46085.3623046875 28387.0634765625 2802.8447265625 8412.6704483032227 6902.529693365097 2671.5046997070312 4975.590576171875 951085.3671875 24176.7705078125 2576.109546661377 76126.44384765625 2622.4495868682861 2688.396858215332 8919.330509185791 15859.994590759277 62944.229133605957 3230810.1712743044 341084.96630859375 11251.34529876709 5271.46484375 4693.7129304409027 3711.4755461215973 19428.903442382812 3082.5023994445801 3677.4574930667877 4274.81591796875 13917.090057373047 92859.348876953125 2760.1065063476562 2285.900634765625 1019215.7841796875 59309.628479003906 608847.50192260742 329344.29438781738 6084.48388671875 40381.187705993652 224116.21989440918 39495.604675292969 2302.9712657928467 2741.9962997436523 7957.54541015625 6208.0200214385986 33332.671875 858633.21401977539 648974.55551147461 23149.399801254272 40156.895362854004 3056.3499984741211 2430.5543212890625 34779.61856842041 3478.5707092285156 5821.5027770996094 35484.980323791504 6513.5620498657227 28192.640585422516 16903.142761230469 8944.9687175750732 4478.8724021911621 7389.4622192382812 9000.7279396057129 2616.6040530204773 4057.3256378173828 1961.0524291992188
leaf_count=1553 24130 10507 1061 3259 3404 1177 1844 311122 9338 1723 31930 1464 1575 3661 6513 28357 1036741 219259 4698 1467 1286 987 7381 1301 1173 1542 4864 35165 1397 815 411196 22240 227457 125392 3788 17911 82259 19883 757 1255 4404 2768 12099 313401 226878 11692 15437 1345 998 22013 1295 2676 12620 1337 10436 4989 3136 1157 1513 2542 1362 2054 1056
internal_value=-2.36411e-06 -0.000113278 0.000665291 0.00409979 1.09044e-05 0.00186859 0.00236198 -9.05967e-06 -0.000321628 0.000140937 -0.000708924 -0.00260233 -0.00681064 -0.00462497 0.00263405 8.17951e-05 0.000215433 -0.000334194 -0.00192985 -0.000584407 -0.000792421 -0.0065539 -0.000595463 0.00717996 0.00923381 0.000592149 0.00371934 -3.92102e-05 -0.00127104 -0.0191247 3.69096e-05 0.000262011 0.000545307 0.000898016 0.000417056 -0.00136768 0.00160061 -0.0018957 0.00369703 -0.00224218 -0.00504486 -0.00985993 0.00359075 -0.000522535 -0.000875336 -0.0014854 -0.00231671 -0.00132832 -0.00798764 -0.00135853 0.00103689 0.00459308 0.000219272 -0.00210717 -0.000461629 0.000494367 0.00231479 -0.00129554 -0.00333064 -0.000325215 -0.00146207 -0.00574708 -0.00908345
internal_weight=9.11655e+06 7.81782e+06 1.29873e+06 27075.5 6.21675e+06 66094.6 63423.1 6.15066e+06 1.99448e+06 4.15618e+06 334954 98661.8 14183.8 11607.7 24272.7 236292 3.82123e+06 590416 92116.3 160166 154894 8405.19 1.60107e+06 13662.5 10580 1.27166e+06 18761.2 498300 97905.4 5046.01 1.04339e+06 400395 1.25289e+06 644047 382324 52979.2 261724 84478 4925.42 79552.6 16907.6 8950.02 37607.5 1.53599e+06 677362 62645 65072.7 45643.8 5486.9 80865 49760.6 9300.07 40460.6 46894.7 146489 74909.8 37137.6 37772.2 20869.1 13479.6 71579.2 8634.98 6018.38
internal_count=3330040 2841005 489035 10833 2265058 25490 24313 2239568 731656 1507912 141454 49182 6959 5236 9772 92272 1366458 329717 50841 60342 58875 2273 575947 5878 4577 478202 6417 278876 37377 2212 420534 241499 471785 244328 148428 23036 95900 42223 2221 40002 8427 4023 13641 550786 237385 31575 25161 17780 2343 46143 18435 3971 14464 19248 56602 23773 13572 10201 5212 3699 32829 4472 3110
cat_boundaries=0 2 4 6 8 10 12 14 16 18 19 21 22
cat_threshold=2919498264 3 1091647395 105 506741282 56 1083283778 67 17342792 5 1633730640 16 3363625225 61 16896 16 2630019591 68 1627422784 1364868128 4 2236418
is_linear=0
shrinkage=0.03


Tree=59
num_leaves=64
num_cat=18
split_feature=3 10 1 0 1 9 3 1 18 0 1 7 1 5 0 1 1 1 10 1 0 15 6 13 5 1 18 14 0 15 1 4 16 10 17 11 9 1 4 10 18 10 4 9 13 6 1 10 4 17 18 18 6 1 1 11 14 1 9 10 16 0 0
split_gain=771.255 491.059 504.9 483.385 529.682 356.839 318.777 360.083 334.553 362.307 369.302 315.727 309.908 274.973 270.911 381.945 263.107 262.776 252.808 316.076 248.918 230.584 592.989 1509.25 224.17 222.484 212.697 210.263 283.6 538.739 337.493 250.656 324.927 228.21 357.167 223.126 212.211 370.203 559.017 407.897 239.08 305.733 210.234 207.234 202.607 199.7 195.513 258.848 193.87 797.327 188.356 184.857 266.655 226.427 185.66 178.515 351.543 176.556 173.467 170.892 244.459 170.507 165.598
threshold=-0.37822373211383814 2.0446702241897587 0 644.50000000000011 1 -0.23888704180717465 1.8029391169548037 2 1.312424421310425 112.50000000000001 3 -2.7041386365890498 4 -2.2509361505508418 929.50000000000011 5 6 7 0.46870224177837377 8 172.50000000000003 -1.8659238815307615 0.63358229398727428 -1.2431303858757017 0.99032792448997509 9 -2.3570466041564937 0.86274191737174999 831.50000000000011 -0.50007539987564076 10 0.32278256118297582 1.3521888256073 -1.1542026996612547 11 0.63976013660430919 -0.79810303449630726 12 0.23923791944980624 -0.68695411086082447 0.46553806960582739 -1.314770460128784 -0.94474059343338002 -0.82487791776657093 -0.80947932600975026 -0.52515694499015797 13 -1.0245386958122251 1.5712455511093142 14 -0.76156345009803761 -2.0651226043701167 0.20946202427148822 15 16 -0.44552002847194666 0.27858866751194006 17 -0.60418492555618275 -1.5311909317970274 0.23527489602565768 292.50000000000006 929.50000000000011
decision_type=2 2 1 2 1 2 2 1 2 2 1 2 1 2 2 1 1 1 2 1 2 2 2 2 2 1 2 2 2 2 1 2 2 2 1 2 2 1 2 2 2 2 2 2 2 2 1 2 2 1 2 2 2 1 1 2 2 1 2 2 2 2 2
left_child=1 5 -3 6 27 13 16 -8 43 10 -10 -4 -11 18 26 45 21 -13 51 -20 -14 22 48 -24 -15 -7 -6 36 30 31 42 32 57 34 -32 -31 37 38 39 -5 -38 -42 -29 -9 -34 55 47 -45 59 -50 -23 52 53 -1 -53 56 -16 -30 -33 60 -2 -51 -60
right_child=3 2 11 4 14 25 7 8 9 12 -12 17 20 24 15 -17 -18 -19 19 -21 -22 50 23 -25 -26 -27 -28 28 29 35 33 58 44 -35 -36 -37 40 -39 -40 -41 41 -43 -44 46 -46 -47 -48 -49 49 61 -52 54 -54 -55 -56 -57 -58 -59 62 -61 -62 -63 -64
leaf_value=-0.0026137753824735451 0.00029100529371844328 0.012831542270823846 0.011696841124207638 0.014857505929326572 0.0031247415314212606 0.0018558474838763876 0.0049023986007687261 -0.0073695902388678245 0.0070447742873000129 -0.0034235629726781592 -0.0074391490319386496 -0.0017166383171160378 -0.018852632912209191 0.00030937583063747842 0.0049227216626121324 -0.0002812978966107106 0.00027461627484873214 0.0036512619961529668 0.012854019182601191 0.002424368221924086 -0.0080337076332578222 0.00053204438295072112 0.0012971798723734023 -0.026813188246385015 -0.00050838315963903447 0.00012183574975958274 -0.00028980037095224293 0.0069396432753232474 -0.0074838567063291346 -0.010861548617201813 0.00026582253724367661 -0.0030272933710022232 -0.0046542798366210588 -0.0012069645838269681 -0.012692588256982766 -0.0046772896390962484 -0.00063036195717581134 -0.00041855485493734007 -0.0023814148095689636 0.0040358714455672852 -0.0089269611922241816 -0.0016432204396456111 0.000613468933863783 -0.0096540398652979094 -0.012041232875792441 0.0011112800130433347 0.0015928948737647978 -0.0010530119363340916 -0.018495020112347851 0.0075952643663649236 -0.00027196738442296353 -0.00191733353237628 0.011009356590147113 0.005185998631582622 0.0023097282265734532 0.0017686450550562956 0.016600535729082086 -0.00032249589200872872 -9.9922883900238954e-05 -0.00021713639911714012 -0.013792462248223064 -0.0030504537810631511 0.0053236906334554572
leaf_weight=5739.9219589233398 2387.1560142040253 4728.5542602539062 3051.2020263671875 4455.7388277053833 16703.78173828125 214925.77038574219 6351.9691162109375 4422.6199240684509 3363.9598903656006 6449.0800476074219 2968.1160163879395 13111.234307289124 3154.1679244041443 2011203.3833007812 15730.277770996094 61364.556884765625 2096895.2729020119 21905.528937339783 4108.2279968261719 7201.8981018066406 4892.444477558136 316596.37103271484 4303.308349609375 2856.877685546875 354935.47998046875 96504.637084960938 945908.52880859375 6578.2611694335938 3546.3141784667969 8668.3121032714844 3657.3611755371094 11977.481552124023 14268.203826904297 128673.50335693359 4011.4723815917969 13343.458770751953 544260.55888366699 98117.789306640625 8484.6273803710938 10566.354495048523 5320.1719970703125 199654.76106262207 16779.001037597656 3740.7310485839844 4364.5998840332031 22767.026336669922 20352.561980962753 19780.931605100632 2755.3645935058594 2231.576057434082 1527252.6239013672 19422.636573791504 3691.224609375 8008.5478286743164 18007.135459899902 10649.194915771484 2718.518310546875 23865.343490600586 19161.207214355469 79688.727745056152 2066.7690422534943 3426.905143737793 6882.8743896484375
leaf_count=2165 1819 1812 1218 1152 7105 75362 1765 1654 1312 2742 1323 5286 1097 748291 9448 21809 702565 8543 1382 2495 1715 117566 1811 965 132946 49136 390492 1666 949 1722 834 2708 3243 33445 1274 2708 182156 28250 2323 2694 1920 67278 4176 1551 1222 9540 8456 8128 1625 1119 578344 5833 1059 2832 7127 4925 857 7867 5407 46798 921 1742 1969
internal_value=-3.65173e-06 0.000412218 0.0036008 -0.000186769 -0.000544383 0.000362476 5.46339e-06 -0.00192617 -0.00255431 -0.00573238 0.000254402 0.00244867 -0.00834674 0.000240054 -6.72576e-05 0.00132076 4.1549e-05 0.00164197 0.00214726 0.00623029 -0.0122684 -0.000209905 -0.00161499 -0.0099296 0.000186706 0.00131859 -0.000230533 -0.000995976 -0.00173458 -0.00293697 -0.000935844 -0.00184274 -0.00333121 -0.00150663 -0.00653261 -0.00711459 -0.000770565 0.000391754 0.00377195 0.00724958 -0.000959247 -0.00183248 0.00239523 -0.00118386 -0.00638739 0.00321553 -0.000559556 -0.00242159 -0.000971273 -0.00531182 -0.000133914 0.00130514 0.00385568 0.00193173 0.000116411 0.00486258 0.00664754 -0.00125302 -3.99909e-05 -0.00053695 -0.00625233 0.00114895 0.00133416
internal_weight=9.11496e+06 2.78655e+06 42796.5 6.32842e+06 2.21248e+06 2.74375e+06 4.11594e+06 75476.6 69124.6 20827.8 6332.08 38068 14495.7 2.43232e+06 1.07584e+06 113230 4.04046e+06 35016.8 66179.6 11310.1 8046.61 1.94357e+06 99716.7 7160.19 2.36614e+06 311430 962612 1.13664e+06 265777 106078 159700 84066 46044.5 136342 7668.83 22011.8 870860 121625 23506.7 15022.1 749235 204975 23357.3 48296.8 18632.8 51865 43874.2 23521.7 92556.5 8413.85 1.84385e+06 54869.5 17439.7 13748.5 37429.8 29098 18448.8 27411.7 38021.6 84142.7 4453.93 5658.48 26044.1
internal_count=3329644 1045487 16859 2284157 799139 1028628 1485018 29743 27978 8189 2635 15047 5554 904130 444176 46579 1455275 13829 22893 3877 2812 752710 56800 2776 881237 124498 397597 354963 69190 27795 41395 23365 13281 35553 2108 4430 285773 34419 6169 3846 251354 69198 5842 19789 4465 24770 18135 9679 54024 4486 695910 19016 6056 4997 12960 15230 10305 8816 10084 49538 2740 2861 7376
cat_boundaries=0 2 4 6 8 10 12 14 16 18 20 21 22 23 25 26 28 30 31
cat_threshold=168034320 1 3892394918 90 2096 4 3432625159 56 3979485832 75 317767688 36 1442437056 17 271660131 32 2518310936 17 110720 17 1073741954 4227072 134218016 1275773569 27 69888 2855368020 65 592063678 17 536879104
is_linear=0
shrinkage=0.03


Tree=60
num_leaves=64
num_cat=19
split_feature=5 2 0 18 7 18 1 19 1 0 2 1 12 1 16 15 1 15 6 12 1 13 19 16 0 12 17 4 10 1 4 16 19 1 1 0 1 12 12 3 2 0 10 1 1 1 3 10 4 4 1 4 1 10 1 12 4 10 1 1 0 2 0
split_gain=749.18 624.825 1081.21 736.625 600.836 511.617 435.029 427.068 646.411 389.389 684.374 345.396 343.083 384.034 344.707 3789.41 332.677 954.583 2502.39 826.988 302.454 301.176 1161.71 296.175 284.846 282.808 479.211 260.333 259.704 515.616 253.749 250.64 247.945 431.719 247.039 243.302 231.435 349.184 229.756 225.408 323.855 361.885 225.614 416.901 221.435 214.955 212.946 208.84 203.478 245.362 200.874 200.036 197.52 196.232 303.466 195.209 190.793 188.744 183.852 182.905 182.453 180.037 193.419
threshold=-0.92820003628730763 -1.3648050427436826 172.50000000000003 1.6733871102333071 0.39938059449195867 -1.5294928550720213 0 0.1786586940288544 1 803.50000000000011 -0.84132790565490712 2 -0.66427141427993763 3 -0.15893782675266263 1.2796644568443301 4 -1.8659238815307615 0.35483151674270635 -0.72894573211669911 5 -0.89071041345596302 0.25580276548862463 0.20081280916929248 745.50000000000011 -0.65455603599548329 6 -2.066596150398254 -2.4664380550384517 7 1.8258113861083987 0.35129547119140631 0.34667599201202398 8 9 775.50000000000011 10 -0.85561785101890553 -1.0106252431869505 1.3444420695304873 -1.901797831058502 515.50000000000011 1.5670744776725771 11 12 13 -1.3334827423095701 -0.18020389229059217 0.063367111608386054 -0.17717035114765164 14 0.23923791944980624 15 1.5670744776725771 16 -1.0106252431869505 -0.25480918586254114 -0.26281349360942835 17 18 217.50000000000003 1.0981630086898806 760.50000000000011
decision_type=2 2 2 2 2 2 1 2 1 2 2 1 2 1 2 2 1 2 2 2 1 2 2 2 2 2 1 2 2 1 2 2 2 1 1 2 1 2 2 2 2 2 2 1 1 1 2 2 2 2 1 2 1 2 1 2 2 2 1 1 2 2 2
left_child=1 2 3 -1 12 6 -4 36 23 39 11 48 16 14 15 -14 17 18 19 -2 30 22 -19 -9 -8 26 -16 34 29 51 -12 53 59 55 -3 38 37 -7 -35 42 41 -41 52 -44 -42 -40 58 -27 49 -11 -31 -15 -6 -29 -55 -34 -56 -54 -18 -33 -47 62 -36
right_child=4 27 5 -5 9 7 24 8 -10 10 20 -13 13 28 25 -17 46 21 -20 -21 -22 -23 -24 -25 -26 47 -28 31 -30 50 -32 32 33 35 61 -37 -38 -39 45 40 44 -43 43 -45 -46 60 -48 -49 -50 -51 -52 -53 57 54 56 -57 -58 -59 -60 -61 -62 -63 -64
leaf_value=0.002298390926520896 -1.6132977709949074e-05 0.00060245801528655593 0.010958763881275301 0.021484793239365144 -0.00068173135094558952 -0.0039937292236104163 0.0090455538173847203 0.0068470040967224975 0.00036049089332446555 -0.0066339021451601431 -0.00015280896878325546 -0.0026094402520395552 -0.00095908990633051324 -0.0024070733776438745 0.00015296996774982329 0.028654735060810302 0.0024119127368601172 -0.0012891009360834064 -0.031836827186795834 -0.019164944482425162 -0.0016317681172096897 -3.2377792087471993e-05 -0.018036478917155527 0.019975004399109982 -0.0015429355019477048 0.0014686611668775986 0.010094749124142037 0.00068070934904795974 0.00010859956706890967 -0.014129787716829363 0.0057889556443400797 -0.0012634706174212294 0.0074742888220994778 -0.0071704092475572932 -0.0019714449217918201 -0.0066447009122842836 -0.0029103765234306063 0.0033488024951027723 0.00045103424254582365 -0.014690109495701011 0.00055303027535100148 -0.0016629347607710588 -0.001002916856590854 0.0037511162705912596 -0.002716467084755906 -0.01077962351408597 -8.6659271203776042e-05 0.00025781974214046172 -0.0038840263473196596 -0.015329827331092951 -0.0049089390652351378 0.0094202923804601948 0.0007249281501497261 0.0077537167128522849 0.0058221341034199962 0.00012857027549143993 -0.00034518241498777003 -0.00030331251768734479 -0.00025222837880189465 0.00046182972834117201 -0.00084681187919607352 0.003861784298790642 -0.0064773611973841455
leaf_weight=2999.5981140136719 13901.167297363281 35463.031555175781 9240.8999938964844 4506.8150939941406 797021.43817138672 8284.6214566230774 3424.8825039863586 3647.6095488071442 10851.995292663574 8356.7221851348877 160821.58026123047 42521.067321777344 21558.013946533203 2462.4416612386703 9758.4155254364014 4739.7296142578125 57958.970703125 41738.30500793457 3194.2378540039062 2371.8924560546875 205163.17138671875 163006.61389160156 4088.4397430419922 2691.0529725551605 6856.1925883293152 214135.11044311523 7885.6889667510986 1093610.3399784565 933180.85599172115 3199.7649230957031 6734.7551879882812 62744.652069091797 3513.4852905273438 6399.9925842285156 29100.824714899063 14196.515838623047 22657.579494476318 19635.506846904755 23278.411745071411 3587.9858980178833 33286.764352798462 4122.7621488571167 32354.713562011719 34075.461975097656 42360.402639389038 3227.136302947998 3163660.2426757812 319434.93505859375 9475.6973671913147 4497.0492587089539 6431.4563369750977 2687.3497740030289 223881.64184570312 8924.0080947875977 6093.5292837619781 43632.374084472656 17379.327855825424 568975.75909423828 38995.92529296875 465407.18478393555 3433.1779041290283 3417.3143310546875 12154.517801761627
leaf_count=1176 5869 13559 3098 1558 292135 1979 1080 1489 3972 2273 69120 17113 10897 1266 4338 1353 21665 11932 1076 1012 66556 64686 1734 866 2268 69187 1737 443188 429267 1379 2631 15850 1209 1440 9919 3555 8422 6691 5827 1178 11542 1412 13777 11904 19134 1119 1075753 104983 2724 1085 3286 1401 85128 4117 2772 15261 6804 207715 16400 131696 1045 1708 3912
internal_value=2.41454e-06 0.000527769 0.00290262 0.0138244 -0.000138338 0.00196268 0.00624121 0.000729792 0.00481404 -0.00055448 -0.00135444 -0.00419864 4.235e-05 0.000417629 0.00102746 0.00438274 -0.000121735 -0.00122879 -0.00758159 -0.00281221 -0.000859516 -0.000636476 -0.00278503 0.0124122 0.00198511 0.000867364 0.00460366 0.000404873 4.60958e-05 -0.00389867 8.61746e-05 0.000481362 3.45935e-08 -0.00138842 -0.00126717 -0.00331428 -0.000658724 0.00116934 -0.00201336 -0.000353267 -0.00187541 -0.00773037 -0.000276656 0.00143618 -0.00127815 -0.000909926 -4.42161e-05 0.00074377 -0.00721923 -0.00968106 -0.00798957 0.00376073 -0.000348228 0.000748882 0.00304971 0.000676592 0.00125621 -1.29621e-05 0.00134064 0.000256838 -0.00565557 -0.00275078 -0.00329959
internal_weight=9.1184e+06 1.92677e+06 94796.8 7506.41 7.19163e+06 87290.3 19522 67768.4 17190.7 2.17724e+06 437570 64850.5 5.01439e+06 1.52547e+06 577512 26297.7 3.48892e+06 228301 19467.3 16273.1 372720 208833 45826.7 6338.66 10281.1 551214 17644.1 1.83198e+06 947962 14781 167556 1.75184e+06 625833 97681.1 80135.7 50535.2 50577.7 27920.1 36338.7 1.73967e+06 83357.9 7710.75 1.65631e+06 66430.2 75647.2 29938.7 3.26062e+06 533570 22329.5 12853.8 9631.22 5149.79 1.58988e+06 1.12601e+06 32396.9 47145.9 23472.9 792857 96954.9 528152 6660.31 44672.7 41255.3
internal_count=3330228 695580 32599 2734 2634648 29865 6446 23419 6327 805427 161502 23195 1829221 629094 192495 12250 1200127 86309 7957 6881 138307 78352 13666 2355 3348 180245 6075 662981 436599 7332 71751 633883 177002 29456 29098 12986 17092 8670 9431 643925 33266 2590 610659 25681 30676 7991 1113818 174170 6082 3358 4665 2667 584978 456881 13693 16470 9576 292843 38065 147546 2164 15539 13831
cat_boundaries=0 2 4 6 8 9 11 12 14 16 18 20 22 24 25 27 29 31 33 35
cat_threshold=3276208424 46 2927101952 52 3255315234 10 3492452640 4 1073762816 396545116 116 4259888 553738271 2 3221291920 26 3003040152 1 1218312269 88 313589314 53 1080638257 7 34091049 167772160 17 2496327248 76 2550456344 96 685219985 31 2148007944 64
is_linear=0
shrinkage=0.03


Tree=61
num_leaves=64
num_cat=18
split_feature=3 10 1 19 1 3 12 10 5 9 2 1 10 1 8 1 2 4 1 6 1 1 19 1 14 1 7 6 1 15 9 6 8 1 4 2 1 9 9 5 1 3 18 2 18 1 1 12 12 18 18 2 9 7 9 4 1 1 12 12 12 14 6
split_gain=701.273 467.563 732.324 402.741 1125.69 374.306 327.993 324.03 316.516 296.822 281.432 495.207 337.882 280.02 277.531 318.764 262.404 383.109 300.102 581.567 285.421 275.785 259.364 538.776 353.314 343.35 257.5 246.22 242.524 439.076 2971.34 295.01 311.78 235.067 243.75 291.001 439.709 300.108 414.207 234.187 261.068 228.017 227.138 224.483 277.122 271.153 218.097 418.7 245.391 214.628 272.559 203.901 291.65 197.401 196.621 184.365 324.335 241.277 179.906 192.585 179.424 316.921 194.764
threshold=0.21928988397121432 1.5670744776725771 0 2.3243991136550908 1 1.8029391169548037 -0.58841416239738453 0.040951244533061988 -1.9876974821090696 -0.23888704180717465 -1.1162397265434263 2 -0.47646375000476832 3 3.621875643730164 4 -1.1162397265434263 -0.13379042595624921 5 -1.7492431998252866 6 7 0.6901068687438966 8 0.5515536665916444 9 0.43876922130584722 -0.75275856256484974 10 1.2796644568443301 -0.78595551848411549 0.72002345323562633 1.2204390764236452 11 0.17685678601264956 -0.12805795669555661 12 -0.37608027458190912 -0.50396466255187977 -2.2509361505508418 13 -1.3334827423095701 0.33709102869033819 0.41501186788082128 2.4603563547134404 14 15 -0.35152915120124811 -0.95020776987075795 1.8487074971199038 -1.5294928550720213 0.032384587451815612 -0.76398310065269459 0.96780309081077587 -0.67078721523284901 1.5712455511093142 16 17 -0.82281196117401112 -0.88874357938766468 -0.55796417593955983 0.15107047557830813 -0.2439286187291145
decision_type=2 2 1 2 1 2 2 2 2 2 2 1 2 1 2 1 2 2 1 2 1 1 2 1 2 1 2 2 1 2 2 2 2 1 2 2 1 2 2 2 1 2 2 2 2 1 1 2 2 2 2 2 2 2 2 2 1 1 2 2 2 2 2
left_child=1 3 8 7 6 26 27 9 -3 10 11 12 49 -9 -10 -16 17 21 -18 -20 -19 42 28 51 33 -26 -2 -5 29 31 -31 -12 -33 -25 -35 36 -36 38 -37 40 41 -15 -7 44 -4 -45 48 -48 -6 50 -1 52 -24 55 -29 -41 -57 -58 59 -32 62 -62 -53
right_child=5 2 43 4 46 16 -8 13 14 -11 22 -13 -14 39 15 -17 18 20 19 -21 -22 -23 23 24 25 -27 -28 54 -30 30 58 32 -34 34 35 37 -38 -39 -40 53 -42 -43 -44 45 -46 -47 47 -49 -50 -51 -52 60 -54 -55 -56 56 57 -59 -60 -61 61 -63 -64
leaf_value=0.011651839607777492 -9.7757471058698795e-05 0.013896481551622309 0.0008121712641197174 -0.012442445307691317 0.011285361341879524 -0.0052104788990333523 -0.016725170699282092 0.00063785972258099163 0.0032556683208424019 0.001339209416081554 0.0004830421800465883 -0.00020064507955782257 0.001597517213795919 0.012305486285232705 0.015900722702168607 0.0030008238385729872 0.0010575137612283084 0.0079235126332951236 -0.015694593338820693 -0.0018047531750408814 -0.0044590711308806121 -0.0038673709286898669 0.009480864077374208 0.0022837405497615534 -0.010844050964881958 -0.0024960497176594884 -0.00067218814330335106 -0.0087420155962902885 0.00013246284613265571 0.029649239251894648 0.00045138110481765862 0.010361889100352349 0.0021583437422500163 -0.00045869219692302993 0.0072687344688593192 -0.0044427755438111128 -0.0059068321906977266 0.003822098408294197 -0.015741342206159723 -4.7652278077166339e-05 -0.00051560207108855907 0.0032217737206971702 -0.015529113329863821 -0.00842164370780768 0.010466327444186107 -0.00023067456782327616 -0.0027234191339552817 0.010860175701691689 0.0013595128725557195 0.012643585883835155 0.0028347867525889631 0.0025339914581901869 0.0015532662084990544 -0.0010492946283023432 0.0010371955436203751 0.0012951433077161411 -0.0096113517216692909 -0.0018057853600731274 -0.00095463267748292107 0.0079430292339973015 -0.00013672397656872321 -0.012408078450975711 -0.0017219446986775876
leaf_weight=4465.9545593261719 2390407.6929931641 3377.4224853515625 83489.081039428711 4251.776350736618 2743.6036682128906 3462.1817188262939 3906.2184010744095 416485.361328125 34706.328651428223 275576.88898903131 734495.24087524414 42316.918182373047 18809.099884033203 3453.6047973632812 3655.0286254882812 3288.1217269897461 34222.125823974609 3369.8667204380035 2839.7140941619873 58655.879320144653 3304.2789306640625 13833.244188070297 5857.2321166992188 14444.202758789062 7246.760311126709 11451.100040435791 994546.15075683594 3379.9012378454208 1669393.645904541 3652.2565307617188 7007.1428833007812 4723.8150901794434 35301.251316070557 53981.529138565063 5015.8704452514648 28648.690274238586 4154.3871536254883 3363.1855993270874 3248.1041736602783 1544018.4162063599 11508.993896484375 8874.1249389648438 4325.7248287200928 5085.437255859375 2759.674560546875 12695.315811157227 21572.5357452631 2250.8566497564316 12163.750701904297 4909.0803833007812 10740.814422607422 29274.682191848755 14534.101501464844 246096.32611083984 4079.6360538005829 34140.589477539062 3692.60888671875 93292.190330505371 17509.153564453125 5517.800048828125 7185.2788190841675 2567.2425899505615 14450.932263374329
leaf_count=1303 889519 1174 31248 1846 969 1025 1652 210853 14587 108144 253064 15565 6026 1023 1197 1078 13190 1046 1407 24862 1254 5158 1959 7365 1910 3429 364406 1389 596674 1126 1856 1400 10030 23536 2148 12390 1840 1290 1401 510547 3391 3055 1268 1405 1106 5732 10329 1663 6243 1569 3669 11849 5918 83385 1594 11070 1290 26847 5066 1261 3620 789 4465
internal_value=6.74565e-06 0.000214967 0.00187266 0.000169675 -0.00239982 -0.000325842 -0.00919459 0.000195531 0.00506818 0.000400333 0.000306732 0.00204624 0.00448753 -6.80934e-05 0.00435192 0.00982538 -0.00194459 -0.00448247 -0.00119417 -0.00244698 0.0017995 -0.00642159 0.000254056 -0.000770297 -0.00192147 -0.00574066 -0.000266534 -0.00668461 0.000338989 0.000765564 0.00411821 0.000619731 0.00312771 -0.00128865 -0.00181312 -0.00345889 0.00130135 -0.00469691 -0.00559561 -0.000219258 0.00273573 0.00576585 -0.0109341 0.000488843 0.00112166 -0.00257993 0.000343183 -0.00143742 0.00318734 0.00719098 0.00542718 0.0012799 0.00383217 -0.000255928 -0.00339663 -0.000139371 -0.00121933 -0.00210442 0.00100913 0.00375364 0.000306685 -0.00337172 0.00112741
internal_weight=9.11378e+06 5.60481e+06 149056 5.45575e+06 54348.3 3.50897e+06 15617.5 5.4014e+06 45026.9 3.03984e+06 2.76427e+06 81241.9 38924.9 2.36156e+06 41649.5 6943.15 124013 28295.3 95717.7 61495.6 6674.15 21621.2 2.68302e+06 205423 131554 18697.9 3.38495e+06 11711.3 2.4776e+06 808207 33686.4 774520 40025.1 112856 98411.8 44430.2 9170.26 35260 31896.8 1.94508e+06 23836.7 12327.7 7787.91 104030 86248.8 17780.8 38730.7 23823.4 14907.4 20115.8 15206.8 73869.5 20391.3 1.92124e+06 7459.54 1.67514e+06 131125 96984.8 30034.1 12524.9 53478.1 9752.52 43725.6
internal_count=3328470 2025335 57527 1967808 25685 1303135 6481 1942123 18036 1090662 982518 28132 12567 851461 16862 2275 49210 9751 39459 26269 2300 7451 954386 83909 55309 5339 1253925 4829 870477 273803 9309 264494 11430 49970 42605 19069 3988 15081 13791 640608 7469 4078 2293 39491 32354 7137 19204 11992 7212 6541 4972 28600 7877 633139 2983 549754 39207 28137 8183 3117 20723 4409 16314
cat_boundaries=0 2 4 6 8 10 12 14 16 18 20 22 23 25 27 29 31 33 34
cat_threshold=2387493016 10 1649428481 65 3864825894 83 2820980800 17 168050688 8 2248698356 103 1318690425 8 2592743712 3 2173286720 100 570425385 16 202378787 36 1644167168 205538862 2 1448750108 32 4130 69 159519128 12 344066096 96 512
is_linear=0
shrinkage=0.03


Tree=62
num_leaves=64
num_cat=16
split_feature=3 0 1 7 0 1 14 1 0 3 0 1 1 15 6 8 19 1 12 18 3 18 0 1 7 11 18 4 3 1 1 0 1 1 4 1 18 6 1 13 13 8 14 6 8 13 8 8 16 18 16 14 0 8 0 4 6 0 1 12 12 17 1
split_gain=699.98 414.528 403.116 394.66 287.519 324.788 424.454 310.946 415.382 279.55 278.697 283.518 239.791 265.04 1401.88 279.631 285.233 330.825 206.659 204.245 202.884 259.434 243.1 260.396 194.344 189.966 182.332 243.61 241.945 310.811 189.067 173.508 322.157 170.165 171.927 318.412 173.507 168.152 168.136 167.818 210.291 451.103 246.733 190.105 732.247 277.326 165.557 164.483 264.173 588.087 315.739 312.984 449.379 463.429 310.114 225.133 406.85 234.675 255.232 211.682 197.558 232.88 188.479
threshold=-0.098669108003377901 644.50000000000011 0 -0.98193383216857899 831.50000000000011 1 0.86274191737174999 2 929.50000000000011 -1.7904666066169737 172.50000000000003 3 4 -1.8659238815307615 0.63358229398727428 5.9833793640136728 0.79499089717865001 5 -0.28054265677928919 -0.82670938968658436 1.3444420695304873 1.312424421310425 112.50000000000001 6 0.43876922130584722 -0.68913468718528736 -0.32160516083240503 -2.3358898162841792 -1.7904666066169737 7 8 929.50000000000011 9 10 -1.4160946011543272 11 0.73411637544631969 -1.125420033931732 12 0.40079388022422796 0.73691225051879894 2.0837389230728154 0.40836358070373541 0.5148199498653413 3.1577376127243046 0.34191104769706732 0.91807976365089428 2.4131360054016118 0.49736455082893377 2.0829391479492192 0.70798438787460338 0.65615862607955944 352.50000000000006 1.6811403036117556 412.50000000000006 1.0205355882644656 -1.3786911368370054 187.50000000000003 13 -0.86439907550811756 -0.63220345973968495 14 15
decision_type=2 2 1 2 2 1 2 1 2 2 2 1 1 2 2 2 2 1 2 2 2 2 2 1 2 2 2 2 2 1 1 2 1 1 2 1 2 2 1 2 2 2 2 2 2 2 2 2 2 2 2 2 2 2 2 2 2 2 1 2 2 1 1
left_child=3 12 25 9 18 6 -6 8 -8 10 -1 -12 47 14 15 16 17 -14 26 -15 -21 -22 23 -23 31 -3 27 38 29 -29 -30 -4 -33 34 35 36 -28 -20 -5 43 41 42 -41 45 -45 -27 -31 48 62 50 51 -50 -53 -54 -52 -49 -57 58 -58 -51 61 -56 -2
right_child=1 2 24 4 5 -7 7 -9 -10 -11 11 -13 13 19 -16 -17 -18 -19 37 20 21 22 -24 -25 -26 39 33 28 30 46 -32 32 -34 -35 -36 -37 -38 -39 -40 40 -42 -43 -44 44 -46 -47 -48 55 49 59 54 52 53 -55 60 56 57 -59 -60 -61 -62 -63 -64
leaf_value=0.012582210609259336 -0.00093398548153894145 0.0014993042698047206 -0.00022364188303750315 -0.0043270828158550505 -0.00069795582160457842 0.00016388293406677416 -0.0036460084852537175 -0.0019771548505771778 -0.013445801257048034 0.00087488515169965929 -0.001760838668335208 0.0054111192124126984 0.0092816600174060997 0.00055658440887407104 -0.02445170651311207 -0.0086958903399819206 -0.0077459923146714722 -0.00072009367500218727 -0.0011540805493645745 -0.00024631126521275419 -0.00064220671595422384 0.0080047926111207514 -0.0057707542087540743 -0.0032212831977972141 -0.00086812240608103277 -0.0015317117840972553 0.0015185942576561441 0.010696726838533349 0.0010592124305157987 -0.0038053016045994457 0.00019322176170059925 -0.0012524661073394824 0.0025063119886245709 -0.00023499251613319142 0.0001642691364198866 0.00015695283683659367 0.0047946184922027339 0.0020068108962919707 0.00012058498608592676 0.0021372181750915552 -0.0012186611342885826 -0.0019593153539119242 0.010100775488676052 -0.012905553733592709 -0.00068930070950596364 -0.0075439781618759404 0.0030929507573269174 7.5546515995620456e-05 0.0012855670598211268 0.00455608241092814 -0.0016144712529882305 0.001374507275998423 0.016164257178483455 0.002940175896283309 0.0056454675667828302 -0.010574976466163432 -0.0099223955219662329 -0.00027319531403683658 -0.0017561505075730848 0.014651616266255683 0.0079080037847112962 -0.00036701229365464558 0.00043625468786801181
leaf_weight=3067.3586273193359 103152.85607910156 20096.035873413086 776073.50830078125 15075.494537353516 185030.5673828125 308991.271484375 10827.038818359375 26976.2607421875 6078.006103515625 549063.380859375 7577.4202251434326 14331.629350662231 3137.51806640625 270674.4638671875 2432.2100219726562 4271.968017578125 4840.913761138916 53257.421382904053 17891.016296386719 1384593.999617815 68187.68017578125 2653.8460388183594 20816.653442382812 6118.0027160644531 416348.83056640625 288194.85243225098 32346.682861328125 4394.9482421875 396098.78045654297 3699.3029129505157 531188.39862060547 31824.022827148438 57739.173461914062 911403.68566894531 796236.72937011719 90539.0390625 26451.446044921875 98647.722473144531 15521.017181396484 8514.263671875 113938.81396484375 15429.756164550781 5946.61279296875 6565.9837646484375 13466.696350097656 7069.7974853515625 20252.333927869797 415268.39794921875 34789.358642578125 3579.1428117752075 45405.122866868973 9396.7061767578125 5628.3098449707031 4140.8363952636719 7937.1053924560547 4362.7890014648438 5082.3035049438477 58224.030822753906 10677.707237243652 3922.5659284591675 4661.2361114025116 21401.981063842773 727042.42126464844
leaf_count=1188 46600 10284 294049 4537 60189 125491 2176 6918 1213 202798 2966 5388 1222 92789 814 1793 3173 29845 8752 480980 26537 1242 7611 2163 157267 101442 8711 1860 148071 1788 186141 10249 23990 385492 243687 28680 7363 47055 5674 1718 30903 2774 1292 1856 5021 1523 7322 139303 11354 1027 12051 2327 1340 1084 1993 1769 1327 18951 3759 1095 1219 5845 295225
internal_value=-5.58221e-06 -0.000241672 -0.00061303 0.000287051 0.000167396 -0.000470631 -0.00132705 -0.00397961 -0.0071681 0.00101611 0.00411984 0.00293247 -4.26128e-05 -0.000272462 -0.00211087 -0.00127958 -0.000761533 -0.000161357 0.000283352 -0.000201209 -0.00033958 -0.00166027 -0.00400592 0.000183143 -0.00033552 -0.00135536 0.000232598 0.000562255 0.000646625 0.00337656 0.000563154 -7.93527e-05 0.00117087 5.7519e-05 0.000339459 0.00127352 0.00299215 0.00152152 -0.00207259 -0.00148035 -0.000631122 0.00160832 0.00541436 -0.00186773 -0.00469557 -0.00167579 0.00202611 0.000243151 0.000469816 0.00167105 0.00121112 0.00298184 0.00605974 0.0105634 7.81173e-06 -0.000202747 -0.00167772 -0.00115238 -0.00439933 0.00984118 0.00217418 0.00126203 0.00026599
internal_weight=9.11856e+06 5.04687e+06 1.76121e+06 4.07169e+06 3.49765e+06 537903 228912 43881.3 16905 574040 24976.4 21909 3.28566e+06 1.82098e+06 67940 65507.8 61235.9 56394.9 2.95975e+06 1.75304e+06 1.48237e+06 97776.2 29588.5 8771.85 1.28199e+06 479223 2.84321e+06 986230 955634 28346.6 927287 865637 89563.2 1.85698e+06 945574 149337 58798.1 116539 30596.5 459127 143829 29890.6 14460.9 315297 20032.7 295265 23951.6 1.46467e+06 971058 140862 133361 53955.2 19165.9 9769.15 79405.4 493615 78346.8 73984 15760 7501.71 34000.3 29339.1 830195
internal_count=3330266 1836806 642368 1493460 1281120 195987 70496 10307 3389 212340 9542 8354 1194438 648169 36847 36033 34240 31067 1085133 611322 518533 37553 11016 3405 485555 156813 1029326 355393 345182 10970 334212 328288 34239 673933 288441 44754 16074 55807 10211 146529 36687 5784 3010 109842 6877 102965 9110 546269 381160 39335 37213 16105 4751 2424 21108 165109 25806 24037 5086 2122 9057 7838 341825
cat_boundaries=0 2 4 5 7 9 10 11 13 15 16 18 19 21 22 23 25
cat_threshold=3892326944 72 1208100790 66 418 1615925108 44 2855544894 108 1073741824 1413530625 3221243148 48 520469696 37 67568019 2819465634 79 2819096736 3356327272 28 572522552 8519680 2181046304 8
is_linear=0
shrinkage=0.03


Tree=63
num_leaves=64
num_cat=19
split_feature=3 7 2 0 0 1 10 1 3 19 1 19 1 2 6 14 16 10 1 11 0 1 0 1 14 11 2 1 1 6 2 2 14 2 1 13 4 14 13 10 5 0 14 1 14 1 0 1 1 1 19 4 1 2 10 0 6 17 14 19 1 11 1
split_gain=701.524 462.414 420.704 849.539 370.66 412.004 357.651 469.66 350.746 299.61 340.123 293.366 393.289 289.02 354.651 297.734 271.386 402.71 267.038 1846.1 256.868 420.402 333.484 253.583 283.413 1936.3 5646.04 248.226 247.72 498.789 447.475 244.965 237.979 283.101 433.787 229.321 332.75 260.955 405.9 225.881 305.234 220.465 218.401 216.027 196.978 402.042 459.39 196.746 189.991 187.788 236.616 224.955 487.041 205.583 304.064 286.17 362.752 305.039 239.308 225.996 187.499 182.686 178.093
threshold=0.31830006837844854 -0.98193383216857899 -1.3648050427436826 172.50000000000003 831.50000000000011 0 1.5670744776725771 1 1.8029391169548037 1.6550678610801699 2 0.05331165902316571 3 -0.84132790565490712 -0.27576021850109095 0.72120228409767162 0.78038501739501964 -1.8589775562286375 4 -0.53948548436164845 745.50000000000011 5 929.50000000000011 6 -0.16810990124940869 0.63976013660430919 0.24094025045633319 7 8 -1.7492431998252866 -0.95707347989082325 -1.1162397265434263 1.0573982596397402 -0.66950801014900196 9 -0.33733980357646937 0.17685678601264956 0.79738819599151622 -0.76755958795547474 -0.57349923253059376 2.0535342693328862 127.50000000000001 0.79738819599151622 10 0.86274191737174999 11 929.50000000000011 12 13 14 -0.094954181462526308 1.5712455511093142 15 0.91000401973724376 -1.314770460128784 172.50000000000003 -0.34876284003257746 16 0.5515536665916444 0.92727679014205944 17 0.21374410390853885 18
decision_type=2 2 2 2 2 1 2 1 2 2 1 2 1 2 2 2 2 2 1 2 2 1 2 1 2 2 2 1 1 2 2 2 2 2 1 2 2 2 2 2 2 2 2 1 2 1 2 1 1 1 2 2 1 2 2 2 2 1 2 2 1 2 1
left_child=1 2 3 -1 6 13 11 -8 20 27 -11 23 -13 14 15 -6 18 -18 19 -14 49 31 -23 24 25 -3 -27 -9 -10 -30 39 42 -26 34 -34 37 -37 38 -19 -31 48 -39 -22 -5 61 46 -46 -24 -41 53 -51 -52 -53 54 55 56 57 -2 -57 -55 -35 -15 -54
right_child=8 4 -4 43 5 -7 7 9 28 10 -12 12 16 44 -16 -17 17 35 -20 -21 21 22 47 -25 32 26 -28 -29 29 30 -32 -33 33 60 -36 36 -38 41 -40 40 -42 -43 -44 -45 45 -47 -48 -49 -50 50 51 52 62 59 -56 58 -58 -59 -60 -61 -62 -63 -64
leaf_value=0.016200382024230495 0.010341358406525678 0.00056595128673611248 0.00067750782570909229 0.0044226194102937062 -0.0054473719489070748 -0.00012110380682566885 1.1236520911895833e-05 0.011004955211162794 0.00028500817822641752 0.018122503237631264 0.0026542212034788319 0.00048081499832349661 -0.023734166543372914 -0.0021620905293220044 -0.0020116994083018997 -0.01767909416650389 -0.01131319631994941 -0.013091547805522226 -0.00044769286810703799 0.0018762313961871017 -0.0029643772577488243 -0.00051399131352698453 0.0043340097275867137 2.4957457761807845e-05 0.00033119343951365613 -0.00067894636154695767 0.04943890253392997 0.0026089920693535126 -0.014402903604803024 -0.012171579885646832 -0.0011336078267005223 -0.0013705806640167816 0.011377136196634937 0.0069804494260231522 0.00055277872022758447 -0.011064701775789665 -0.00080924850164660321 0.0080450942459157158 0.00033817187514798437 -0.0070124995303115474 -0.0099152770709858059 -0.00032716459448642928 -0.0098257038285545877 0.00013295679153772083 -0.003057698428793765 -0.00077357822939908233 -0.012663597981188813 0.00068261016378611081 0.0015871630449404404 -2.7679834312752125e-05 -0.00061823268888835535 0.00066993565663559364 -0.012287776225472238 -0.00053625816155031378 0.00037788296980019665 -0.00025728544765602445 0.015188245955157196 -0.0060453452079812474 0.0059109042698650546 -0.0061263458171369753 0.00097895123037928253 0.00019321203134873175 -0.0048966542895876371
leaf_weight=4368.0995178222656 2042.2498092651367 68250.753051757812 761386.962890625 21440.680989265442 4535.6346402168274 564250.7890625 50409.6533203125 3462.7655639648438 32837.491943359375 2779.5574760437012 2387.9518013000488 399644.89172363281 3414.0144577026367 47325.812889099121 12302.702746868134 2962.2446441650391 4550.2962646484375 3539.390157699585 666934.89453125 9774.5871047973633 18112.156097412109 306908.21350097656 20402.804809570312 1660759.7571312189 1355908.2844238281 6423.1576366424561 2948.0536670684814 36213.492736816406 3188.5821228027344 4451.6546020507812 66527.532232284546 303423.93408203125 6354.1651611328125 4820.1526832580566 7003.4273681640625 5393.8991377353668 6026.9128875732422 3213.1292285919189 4725.8874089717865 3516.5954074859619 5987.570556640625 23511.858938217163 5424.3102111816406 20830.494883537292 13921.029296875 32128.820556640625 6605.77099609375 38039.652221679688 6686.3856353759766 1045914.7730712891 629580.32537841797 17028.002319335938 3608.9044189453125 80709.205810546875 406486.96807861328 16787.660636901855 3703.7088775634766 2019.2205123901367 8535.6364822387695 7074.974365234375 151982.14345932007 79286.482276916504 15907.96337890625
leaf_count=1527 1346 32647 281105 7282 2118 209128 20649 1065 15906 1175 1037 122400 1954 22249 3446 754 1411 1195 296379 5714 5940 129924 9779 611789 448043 2184 1102 13639 1242 1458 24957 98310 1576 1262 1642 1283 1124 983 1491 1060 1922 7433 1294 7254 2793 8523 1319 15041 2499 366289 243520 5997 1304 35429 160931 8016 1051 778 2010 3409 35327 23368 5693
internal_value=-8.00085e-06 0.000178819 0.000846943 0.00361261 7.60607e-05 -0.000535112 0.000179953 0.00199858 -0.000378703 0.00423139 0.0110241 0.000140537 -0.000275912 -0.00170847 -0.00514765 -0.0102884 -0.000689572 -0.00280104 -0.000531352 -0.00475618 -0.000312805 -0.000817849 -0.000118466 0.000284786 0.000553856 0.00232214 0.0151054 0.00334648 -0.0019468 -0.00275756 -0.0023311 -0.00159928 0.000463911 0.00152142 0.00571315 -0.00196535 -0.00565549 -0.000760258 -0.00541719 -0.00618929 -0.00454119 0.000680744 -0.00454742 0.00231009 -0.00132857 -0.00287052 -0.00614833 0.00195847 -0.00138412 -0.000156669 -0.000309139 -0.000751072 -0.00303917 0.000338311 0.000603018 0.00336829 0.00840469 0.00220761 0.00182256 -0.000987115 0.00116416 -0.000687216 -0.00627175
internal_weight=9.11669e+06 6.06178e+06 808026 46639.3 5.25375e+06 763319 4.49043e+06 95253.4 3.05491e+06 44843.8 5167.51 4.39518e+06 1.13073e+06 199068 19800.6 7497.88 731085 50961.4 680123 13188.6 2.93171e+06 692311 365351 3.26445e+06 1.60369e+06 77622 9371.21 39676.3 123196 90358.3 87169.7 326960 1.52607e+06 170160 13357.6 46411.1 11420.8 34990.3 8265.28 20642.2 16190.6 26725 23536.5 42271.2 179268 52655.6 20526.8 58442.5 10203 2.2394e+06 1.71204e+06 666125 36544.9 527360 439575 33088.5 7765.18 4061.47 25323.3 87784.2 156802 126612 19516.9
internal_count=3330475 2185370 297168 16063 1888202 273698 1614504 37565 1145105 16916 2212 1576939 441367 64570 6318 2872 318967 14920 304047 7668 1096061 260288 154744 1135572 523783 35933 3286 14704 49044 33138 31896 105544 487850 39807 3218 13509 2407 11102 2686 6939 5481 8416 7234 14536 58252 12635 4112 24820 3559 835773 622803 256514 12994 212970 174132 13201 3175 2124 10026 38838 36589 45617 6997
cat_boundaries=0 1 3 5 7 8 10 12 14 16 18 20 21 23 25 27 29 30 32 33
cat_threshold=3238011810 816880711 117 2249072688 2 2148151431 9 512 3758322598 65 773166242 87 134217856 8 87066736 77 160 16 3999199241 20 418 443580416 36 541724932 2 1124343868 32 2359972096 86 65665 33554432 1 536871426
is_linear=0
shrinkage=0.03


Tree=64
num_leaves=64
num_cat=14
split_feature=7 0 2 18 1 18 6 14 0 8 0 1 10 0 1 14 19 4 1 8 14 0 0 1 4 12 7 10 16 10 6 6 0 17 16 19 4 2 2 1 10 8 4 4 1 19 1 18 17 8 4 12 16 1 1 1 19 16 6 19 12 10 1
split_gain=601.676 646.371 597.473 627.823 633.461 420.655 401.983 639.711 543.587 469.996 457.004 454.018 353.59 435.463 326.813 325.423 321.904 395.066 321.587 371.973 317.572 307.107 306.331 704.297 496.436 347.545 322.917 320.38 304.497 330.124 302.847 325.495 298.962 335.716 444.281 391.785 360.804 338.672 291.086 418.973 346.621 299.229 293.794 335.314 281.126 275.927 387.173 275.468 267.279 477.982 475.967 456.91 552.569 262.872 243.781 236.809 236.017 234.135 229.575 227.914 222.795 239.82 213.331
threshold=-0.8938561975955962 775.50000000000011 -0.84132790565490712 -2.3570466041564937 0 -0.42175430059432978 0.46874660253524786 0.72120228409767162 845.50000000000011 3.4509546756744389 942.50000000000011 1 2.0446702241897587 187.50000000000003 2 1.0573982596397402 1.0966395139694216 0.64607051014900219 3 1.7532526850700381 1.0573982596397402 471.50000000000006 112.50000000000001 4 1.6692219376564028 -1.0106252431869505 0.57200080156326305 1.3058599829673769 0.78038501739501964 0.99966230988502514 -1.0732676982879636 -1.6477745771408079 901.50000000000011 5 0.29302562773227697 0.081984218209981932 -1.0000000180025095e-35 -0.096043132245540605 -0.95707347989082325 6 -0.23405145108699796 1.0209946036338808 0.37287023663520819 -0.21171189099550244 7 0.11274404823780061 8 -1.4067004919052122 9 1.0000000180025095e-35 -1.1511000394821165 -0.82281196117401112 0.58054399490356456 10 11 12 0.45825855433940893 1.3521888256073 -1.7492431998252866 1.0966395139694216 -0.78217837214469899 1.1323674321174624 13
decision_type=2 2 2 2 1 2 2 2 2 2 2 1 2 2 1 2 2 2 1 2 2 2 2 1 2 2 2 2 2 2 2 2 2 1 2 2 2 2 2 1 2 2 2 2 1 2 1 2 1 2 2 2 2 1 1 1 2 2 2 2 2 2 1
left_child=12 5 3 -3 -5 38 10 16 -9 20 14 -12 -1 -14 32 22 -8 -18 19 21 -10 -17 23 24 27 54 -24 30 -6 -30 31 -7 -4 34 -34 -36 -37 56 39 -2 41 -41 43 -42 -15 -33 -47 -45 49 -32 -51 -52 -53 -29 -25 59 -35 -13 -20 -27 -60 -62 -40
right_child=1 2 6 4 28 15 7 8 9 -11 11 57 13 44 -16 18 17 -19 58 -21 -22 -23 26 25 -26 55 -28 53 29 -31 48 45 33 37 35 36 -38 -39 62 40 42 -43 -44 47 -46 46 -48 -49 -50 50 51 52 -54 -55 -56 -57 -58 -59 60 -61 61 -63 -64
leaf_value=0.00052808764391791975 0.0061303659255888933 0.0079490857530219207 -0.00057539518771716259 -0.00069869253847167838 -0.0036410422396238383 0.0010438198338334607 -0.00062997944483842176 -0.00053429990063934187 -0.018316161182818633 -0.0033657663940397705 0.0030754964269904808 0.00023447270341771177 0.011945435258515918 -0.0015138966840710149 9.0220607181380654e-05 0.012439511767195793 -0.0015455619134860693 -0.014115244058264517 -0.0031105390440069364 0.0013505529419227432 -0.0080434358591770054 0.0025172908611988164 -0.00011397431245436894 0.0021393163445580263 -0.0074470551046244516 -0.0021297862784493116 -0.00076877025482879132 0.0030551298949145511 -0.0042909689710656802 -0.014044397136400079 -0.0052294668257135196 0.0052423424373731053 -0.00061881820998801746 -0.0029585902690319088 -0.0041423847240178264 -0.0067423640387261766 -0.01879746492489958 0.00023778356189724502 0.00068538748058528649 0.0031274533066952322 0.0013788256824441535 -0.006390141643861591 -0.0010344960821792623 0.014373214504954388 0.0052762487753222282 0.025116735138009071 0.0067274601012896383 0.004177988817771006 0.00074158254954645995 0.012786046558531175 -0.00064045284593237364 0.0036371299026150671 0.017395911970301492 0.016666140494968965 -0.0060862649948206539 0.00033238858276799464 -0.012143771148666195 -0.0060948563869728913 -0.00032948756605793403 -0.012585800767022294 0.00099942742847005175 0.0067093486634011348 9.3810768200512176e-06
leaf_weight=1273085.470703125 19033.427276611328 5227.27734375 406984.32205200195 81950.677421569824 76134.445014953613 6695.5633544921875 158220.17584228516 11613.716918945312 5093.3316040039062 8277.8729858398438 70350.387329101562 78646.367065429688 5036.146110534668 10102.873588562012 512390.03805541992 6115.1015930175781 5959.2655601501465 3612.3031044006348 15858.438232421875 25520.1328125 5808.426025390625 5192.5805358886719 2901785.4621582031 4081.3428192138672 4551.393798828125 11362.289138793945 884420.30883789062 2542.8026733398438 6965.055908203125 5666.9642333984375 4561.1442546844482 5538.4344329833984 20396.307678222656 15448.405212402344 22660.696624755859 5770.2794990539551 3651.4687614440918 55143.411804199219 863507.42761230469 4448.8863124847412 13071.306221723557 8941.5250034332275 13827.086021900177 4323.7800598144531 11988.61897277832 1961.5765075683594 2215.7392730712891 5325.5418384075165 75002.357370376587 5970.5706176757812 12868.189064025879 10016.453430175781 3557.9347686767578 2589.1856689453125 15711.213333129883 113061.79728531837 3004.453857421875 5632.08837890625 147332.89453125 2243.0814819335938 215345.53540039062 6825.33056640625 818272.33996582031
leaf_count=478390 6861 1747 137021 32255 24789 4499 46933 2663 1216 1916 28498 28895 1983 3666 214742 1199 1846 988 3802 5726 1293 995 1083098 1158 1637 5261 337905 1145 1900 1398 2166 2979 7217 5340 5742 1558 1054 20439 313556 1812 4425 2754 4774 1373 5199 1160 1115 1826 27726 1748 3680 3021 898 1125 4903 42287 1277 1294 33930 1240 58685 1960 296820
internal_value=2.74412e-06 -9.66345e-05 -0.000639809 -0.00228743 -0.00260109 4.03504e-05 -0.00043254 -0.00168278 -0.00565705 -0.00875805 -0.000225648 0.00129657 0.000600314 0.00398912 -0.000450799 -0.000113363 -0.000953272 -0.00629424 0.000679431 0.00335718 -0.0128491 0.00788627 -0.000195587 0.000753735 0.00229084 -0.000695471 -0.000266929 0.00262322 -0.0043567 -0.00867037 0.00232917 0.00613458 -0.000970819 -0.0022473 -0.00408022 -0.00628163 -0.0114219 -0.000939435 0.000434822 0.00234491 0.000900242 -0.00322799 0.00241323 0.00451118 0.00217304 0.0096405 0.0154585 0.00875146 0.0017712 0.00385816 0.00513876 0.00340996 0.00724847 0.00997007 -0.00439198 -0.000117771 -0.00445699 -0.000188812 0.000423389 -0.0038548 0.00057511 0.00117499 0.000356481
internal_weight=9.1185e+06 7.81829e+06 1.57461e+06 175944 170717 6.24368e+06 1.39866e+06 198585 30793.3 19179.6 1.20008e+06 154629 1.30021e+06 27127.6 1.04545e+06 4.49293e+06 167792 9571.57 422190 36827.8 10901.8 11307.7 4.07074e+06 284531 138071 146460 3.78621e+06 133520 88766.5 12632 128388 16411.3 533059 126075 52478.8 32082.4 9421.75 73596.3 1.75075e+06 68971.6 49938.1 13390.4 36547.7 22720.6 22091.5 9715.75 4177.32 9649.32 111977 36974.3 32413.1 26442.6 13574.4 5131.99 19792.6 126667 18452.9 84278.5 385362 13605.4 369504 222171 1.68178e+06
internal_count=3330508 2841270 572021 62089 60342 2269249 509932 56855 7088 4425 453077 58687 489238 10848 394390 1635048 49767 2834 106297 7920 2509 2194 1528751 107748 52899 54849 1421003 51262 28087 3298 48992 9753 179648 42627 15571 8354 2612 27056 634201 23825 16964 4566 12398 7624 8865 5254 2275 3199 39239 11513 9347 7599 3919 2270 6061 48788 6617 30189 98377 6501 94575 60645 610376
cat_boundaries=0 2 4 6 8 10 11 13 15 17 18 20 22 23 25
cat_threshold=1056101392 85 2531842124 37 3494572836 11 33554720 1 3500493750 38 50198 3222635425 50 1075035974 73 8667152 32 17072656 279185922 4 5251073 80 603983872 914824403 45
is_linear=0
shrinkage=0.03


Tree=65
num_leaves=64
num_cat=18
split_feature=5 10 7 1 19 8 1 1 0 15 12 12 13 9 15 12 1 11 16 19 1 8 10 1 16 6 6 8 1 1 18 15 6 16 1 18 1 15 13 10 1 0 19 10 1 10 18 0 1 6 1 1 10 0 12 1 1 12 10 0 8 1 9
split_gain=718.263 628.129 493.361 476.29 325.015 334.445 480.326 370.355 299.468 298.979 809.46 2272.94 4478.74 313.019 294.341 291.555 788.753 5378.86 291.084 302.179 286.83 252.747 235.721 845.955 360.238 290.15 442.372 248.286 264.53 214.915 218.469 211.7 211.132 353.703 235.301 210.189 227.044 359.79 1471.93 240.995 235.174 210.906 203.184 201.916 379.571 248.384 229.962 199.613 235.399 189.248 189.005 186.147 182.611 179.733 223.535 280.385 224.924 178.496 170.569 223.38 220.838 253.664 205.241
threshold=-0.92820003628730763 1.5670744776725771 0.39938059449195867 0 0.05331165902316571 2.7201130390167241 1 2 803.50000000000011 -1.5515179038047788 -0.85561785101890553 -0.79874885082244862 -0.93392103910446156 -0.53137159347534169 0.50043657422065746 -0.63220345973968495 3 0.58892410993576061 1.6322351694107058 0.60009330511093151 4 0.66989099979400646 -2.4664380550384517 5 0.53758552670478832 -0.65374013781547535 -0.38020783662796015 0.45725271105766302 6 7 2.0829391479492192 0.50043657422065746 0.30286863446235662 0.23527489602565768 8 -0.89262008666992176 9 -1.8659238815307615 -0.97394931316375721 -1.1542026996612547 10 442.50000000000006 2.3243991136550908 1.5670744776725771 11 0.21773372590541842 2.0829391479492192 157.50000000000003 12 -0.90638580918312062 13 14 -0.91917148232460011 929.50000000000011 -0.78217837214469899 15 16 -0.79874885082244862 0.39299380779266363 157.50000000000003 0.87295740842819225 17 -0.50396466255187977
decision_type=2 2 2 1 2 2 1 1 2 2 2 2 2 2 2 2 1 2 2 2 1 2 2 1 2 2 2 2 1 1 2 2 2 2 1 2 1 2 2 2 1 2 2 2 1 2 2 2 1 2 1 1 2 2 2 1 1 2 2 2 2 1 2
left_child=1 18 4 -3 15 7 42 31 21 10 -8 12 -12 -13 49 35 17 -17 29 -20 -10 50 23 25 27 -9 -27 28 -25 30 -1 -6 53 -34 -35 -2 41 38 -38 40 -39 -37 -7 45 46 -23 -45 48 -46 -11 -4 -18 -44 58 55 -55 -56 -32 -24 60 62 -62 -60
right_child=2 3 8 -5 5 6 9 22 20 14 11 13 -14 -15 -16 16 51 -19 19 -21 -22 43 32 24 -26 26 -28 -29 -30 -31 57 -33 33 34 -36 36 37 39 -40 -41 -42 -43 52 44 47 -47 -48 -49 -50 -51 -52 -53 -54 54 56 -57 -58 -59 59 -61 61 -63 -64
leaf_value=0.00082749941114487865 0.00067330202825739043 0.0067832160889910471 0.00020503855909434642 0.0015034025989649363 0.0011605204456705965 0.00022261816679723979 0.00097220123669371737 -0.0041981287020063252 -0.0021205939413945639 -0.0042422705939483786 0.00055905334043183073 -0.011115703987613849 -0.058056176149378733 0.00048118281098515439 -0.0089648363698066839 -0.00070323771619232301 0.0008921067737536776 0.041427543817735675 -0.00097233728311472468 -0.0085564870652770422 -0.00056311825931320387 0.00010126952041757104 0.00010607213363389033 0.0074438151913322533 -0.019924118719214533 0.012562846806322735 0.00036667353703600142 -0.010182829057104138 -0.0067581221667488683 0.00023076843415853135 0.0001605899799593675 -0.0045502065469301108 -0.00082346426868349753 -0.003681413862876124 -0.01273500820946274 0.00074787860659804935 0.0011620693388562002 -0.00055035000849377525 -0.02477042848797642 -0.00023934876673735957 -0.0051689308438145412 -0.00010709923561379266 -0.012959923422488688 -0.00017524333667484396 -0.0071760146151084881 -0.00074646397674091476 -0.0090527136324146992 0.0048649310177275576 0.0040927494397935442 -0.0010835335385256768 -0.001405666565974492 1.2633700334335011e-05 -0.0017871475782116407 0.0049586176012412298 0.007392302126755952 -0.0032266341338997593 0.00091995998645783841 0.0069759763218980673 -0.0019257627555669017 -0.00049894218246354053 -0.00068983870733812245 -0.0074856462371830374 0.0071848735402423097
leaf_weight=654394.68078613281 383903.06982421875 23706.037414550781 85285.124160766602 43783.146179199219 215980.78942871094 168215.73002624512 11921.018943786621 6436.6126899719238 182866.14306640625 19275.326293945312 2504.7924499511719 2725.7554626464844 2201.7431259155273 8992.2606353759766 4814.6119384765625 15447.888671875 506941.1728515625 3307.00390625 57611.054809570312 5146.133056640625 254610.90185546875 811400.42822265625 445140.41347503662 1887.4887161254883 2108.7017517089844 3593.6983613967896 10447.259230613708 6829.9950678348541 3096.5059010982513 1127534.6997070312 5436.962158203125 5999.8345947265625 45636.135864257812 7930.8823852539062 3843.0544204711914 430550.55798339844 7037.3793869018555 22368.263305664062 2730.4230117797852 1186063.3259372711 17833.877035140991 654246.5615234375 1935.3701171875 19905.323669433594 2992.8436279296875 504446.63330078125 3020.3201904296875 26201.808647155762 3732.3044509887695 149013.39051818848 283597.1141204834 378182.10455268621 4101.57080078125 5560.9342575073242 9583.7871246337891 11592.552772521973 9757.7648468017578 9500.551513671875 12012.881340026855 199028.13720703125 7788.6347646713257 13573.173066139221 2726.1514053344727
leaf_count=214842 130415 9235 53272 15496 89503 59134 5389 3312 55830 6223 1328 1306 982 4018 1041 5230 172542 1019 11868 1035 105800 274448 189105 936 709 1210 2981 3596 2202 438452 1714 1882 16866 2341 841 157730 2947 6587 992 357700 6176 245242 727 6789 1120 169223 1088 9164 1165 42443 127875 184957 2504 2437 3911 3757 4973 3128 6044 86628 3192 5436 1341
internal_value=2.24804e-06 0.000516603 -0.000135557 0.00335957 2.81833e-05 -0.0003587 -0.00112493 -7.93554e-05 -0.00051256 -0.00212251 -0.00497847 -0.00929647 -0.026894 -0.00221999 -0.00165484 0.00017895 0.000645413 0.00673105 0.000413418 -0.00159487 -0.00121422 -0.000336202 -0.00037734 -0.00280712 -0.00850782 0.00107355 0.00349157 -0.00646974 -0.00137626 0.000483564 0.000909393 0.00100602 -0.000269361 -0.00201982 -0.00665463 2.30645e-05 -8.44966e-05 -0.000362475 -0.00609588 -0.000316783 -0.00260099 0.000232237 2.84786e-05 -0.00014873 0.00161787 -0.000223721 -0.00134593 0.00368062 -0.000928293 -0.00144544 -0.00103331 0.000516345 -0.00537676 -0.000129142 0.00192173 -0.000571402 0.0041324 0.00449619 -0.000239181 -0.000892794 -0.00306377 -0.00501242 -0.000238782
internal_weight=9.12004e+06 1.92711e+06 7.19293e+06 67489.2 5.01487e+06 1.40626e+06 375702 1.03056e+06 2.17806e+06 201449 28345.6 16424.6 4706.54 11718 173103 3.60861e+06 903878 18754.9 1.85962e+06 62757.2 437477 1.74058e+06 808575 34400.3 13922.7 20477.6 14041 11814 4983.99 1.79687e+06 669332 221981 774175 57410.1 11773.9 2.70473e+06 2.32083e+06 1.23603e+06 9767.8 1.22627e+06 40202.1 1.0848e+06 174253 1.3717e+06 55852.6 1.31585e+06 22925.6 32927 6725.15 168289 368882 885123 6036.94 716764 36495 17153.5 19341.6 14937.5 680269 235129 36100.8 21361.8 14739
internal_count=3331379 695770 2635609 24731 1829835 558298 125095 433203 805774 62730 13023 7634 2310 5324 49707 1271537 363748 6249 671039 12903 161630 644144 341818 14946 7443 7503 4191 6734 3138 658136 219684 91385 326872 20048 3182 907789 777374 374402 3939 370463 12763 402972 62365 462997 19326 443671 7877 11449 2285 48666 181147 357499 3231 306824 15078 6194 8884 4842 291746 102641 16013 8628 7385
cat_boundaries=0 2 4 6 8 10 12 14 16 17 19 20 22 24 26 28 30 32 34
cat_threshold=2350301368 6 2285805835 57 1107374740 10 0 4 3356242850 11 2433271851 68 134349120 16 13429905 4 1048834 2939521802 105 673008 315700291 100 2701181228 18 760676635 34 944283568 17 492208129 49 2294826304 68 2560773121 48
is_linear=0
shrinkage=0.03


Tree=66
num_leaves=64
num_cat=14
split_feature=3 10 1 19 1 4 0 1 10 19 0 10 11 3 0 6 6 0 19 4 13 1 0 1 12 1 10 1 1 15 6 19 17 4 4 11 1 11 0 9 1 13 14 9 10 4 1 9 15 6 9 13 12 6 6 4 17 10 19 0 3 1 12
split_gain=658.581 391.667 569.664 377.617 470.204 388.365 328.606 376.913 496.35 416.094 399.235 306.624 404.177 339.739 288.339 254.604 247.046 382.939 308.021 304.458 217.711 217.645 214.97 242.01 243.675 211.191 216.917 209.081 206.545 220.761 1021.57 233.83 283.454 260.149 433.672 203.542 192.815 190.158 188.235 187.514 188.184 184.477 183.828 326.255 205.171 176.298 174.029 318.713 774.19 197.333 178.885 245.575 243.903 250.882 180.538 215.09 170.795 212.379 165.615 163.956 163.07 162.206 159.4
threshold=-0.098669108003377901 1.5670744776725771 0 0.92727679014205944 1 1.8258113861083987 644.50000000000011 2 -1.1542026996612547 0.29838812351226812 873.50000000000011 -0.10715288296341895 0.27018281817436224 -1.3334827423095701 127.50000000000001 -0.75275856256484974 -0.55541878938674916 172.50000000000003 2.3243991136550908 -1.0004346668720243 -0.28418399393558497 3 187.50000000000003 4 -0.72108411788940419 5 -0.83188164234161366 6 7 -1.8659238815307615 0.63358229398727428 0.79499089717865001 8 1.5712455511093142 1.6692219376564028 -0.68913468718528736 9 0.94000726938247692 82.500000000000014 -0.61342468857765187 10 -1.2831561565399168 0.79738819599151622 -0.70443472266197193 -0.75480234622955311 1.0000000180025095e-35 11 -0.78595551848411549 0.16187284886837008 -0.34876284003257746 -0.74177575111389149 1.5262878537178042 -0.72894573211669911 -0.61848765611648548 1.0904705524444582 -1.1511000394821165 12 -0.35914337635040278 0.45825855433940893 942.50000000000011 1.0403221845626833 13 -1.0888174772262571
decision_type=2 2 1 2 1 2 2 1 2 2 2 2 2 2 2 2 2 2 2 2 2 1 2 1 2 1 2 1 1 2 2 2 1 2 2 2 1 2 2 2 1 2 2 2 2 2 1 2 2 2 2 2 2 2 2 2 1 2 2 2 2 1 2
left_child=1 3 15 11 5 16 28 8 9 10 27 12 -1 25 36 20 17 19 -19 -5 -3 -13 23 24 61 26 -14 -8 62 30 31 32 -30 -34 -35 -10 -4 -11 -25 -40 -41 -33 -6 -44 -45 -26 47 48 -24 58 -48 54 -53 -54 -52 -56 -21 -58 -49 -18 -37 -15 -2
right_child=6 2 14 4 42 -7 7 -9 35 37 -12 21 13 22 -16 -17 59 18 -20 56 -22 -23 46 38 45 -27 -28 -29 29 -31 -32 41 33 34 -36 60 -38 -39 39 40 -42 -43 43 44 -46 -47 50 49 -50 -51 51 52 53 -55 55 -57 57 -59 -60 -61 -62 -63 -64
leaf_value=0.00013279130636123022 -0.0008431683250822306 0.0071205142286278568 0.012923658316491771 -0.019496896261168937 0.00059814555815490447 -0.013189366591352343 -0.011403475396610485 -0.00027482926204958275 0.0021494081889624102 -0.0057431630645256521 0.0039251040947305312 0.00045339876913525764 0.0071857989526435779 -0.0021754093557605236 0.00047467544101365672 0.0036069548692402344 -0.0007169957423395658 -0.00057226416656033167 -0.0087420797169270262 0.00014071542171366282 0.017281175115221026 -0.00018292594477360577 0.0014209679355145644 -0.0031535614499686006 0.0037661346895616452 0.0012377263474943835 0.0027774990964956055 -0.0026841492191203489 0.0080800673101241761 -0.00023715397975286503 -0.020974415868757236 -0.015805486617678076 -0.0006103773824559694 -0.017734176640508897 0.0013366631292567833 -0.00085164486328486182 0.0014434883960230548 -0.012608588169964276 -0.00011086253157725718 0.0066697540583175972 0.0016068570077770762 -0.0036113686407609935 0.0041573175562918839 -0.01009548344219682 -0.0022540134347866832 0.0097024256066856242 -0.00085655642675204187 0.0018934651321390545 0.014350259633350912 0.00018443859865848909 0.00022447403279532777 0.00053019041935230022 0.010922513327912248 0.0031198630756574318 0.0088647639955639727 0.0015640178563240622 -0.017403395769076051 -0.0041661310231287619 0.0075023935967488027 -0.007333448303831239 -0.002296934185822518 0.0037683328431113378 0.00024855255742228338
leaf_weight=822507.08447265625 130270.1484375 6930.1979627609253 2870.899658203125 2119.9547233581543 124669.92004394531 2953.6595230102539 3321.8042602539062 1211952.740234375 17987.254898667336 9565.2256164550781 7080.9041748046875 772882.45727539062 15411.464599609375 6397.0035095214844 83629.105239868164 14544.637954711914 61505.694935798645 19373.829467773438 5281.9814453125 2324.2011575698853 2617.0473833084106 1293159.8356933594 15320.277603149414 8305.8635683059692 9480.1276521682739 36922.569043159485 28872.57963848114 9689.7958374023438 3102.4661865234375 1504584.677734375 2458.6179809570312 1598.1760611534119 49482.862213134766 2166.3622741699219 2120.5585327148438 410738.78800904751 2444.4438323974609 5865.0201110839844 27242.569243431091 10055.091613769531 19292.524201393127 3693.1325325965881 4625.5772032737732 4730.248664855957 8220.3016953468323 8588.6851406097412 87328.08602142334 51638.235977172852 5721.638427734375 97472.046478271484 323905.07199859619 16933.075531005859 5445.9314575195312 11624.237274169922 4455.5331573486328 19567.446273803711 1928.1163139343262 2513.4023838043213 5212.549072265625 3561.2525787353516 84757.107482910156 11622.910095214844 1582696.5294780135
leaf_count=376669 40058 3891 1147 950 60567 842 1145 464670 9114 3824 2093 347333 4030 1527 32517 4704 20707 9555 2591 999 785 401507 3608 1892 3741 12302 7780 2860 1209 546389 824 956 27820 1042 1187 126519 1058 1821 5862 1768 5173 2421 1054 1327 2314 2862 18108 13851 1477 24776 95124 2543 748 2394 879 4593 1047 1311 1468 1178 29946 3218 572055
internal_value=-1.04918e-05 0.000273283 0.00201448 0.000223569 -0.000920145 -0.00247914 -0.000239634 -0.000570242 -0.00122234 -0.00465167 -0.00180557 0.000298622 0.00060365 0.00107205 0.000905419 0.00610507 -0.00215793 -0.00424917 -0.00232389 -0.00958708 0.0099133 5.51176e-05 0.000871347 0.00215832 0.00412724 0.00291468 0.00431131 -0.0049245 -6.22541e-05 -0.000310899 -0.00202779 -0.00127681 -0.000715279 -0.00122474 -0.00831007 -0.000985082 0.00767743 -0.00835594 0.00106238 0.00168157 0.00334517 -0.0073059 0.000193166 -0.00267866 -0.00512094 0.00658975 0.000669718 0.00147601 0.00493923 0.00100375 0.000368349 0.000648439 0.0030816 0.00561163 0.000410604 0.00291965 -0.00646986 -0.00990342 0.00240835 -0.00107966 -0.00109889 0.00165919 0.000165525
internal_weight=9.11534e+06 4.07221e+06 113036 3.95917e+06 243808 101562 5.04313e+06 1.76096e+06 549006 35522.8 20092.5 3.71536e+06 1.64932e+06 826816 88944.4 24091.9 98608.4 33541.5 24655.8 8885.67 9547.25 2.06604e+06 745609 100985 36088.7 81206.6 44284 13011.6 3.28217e+06 1.56921e+06 64622.2 62163.6 56872.2 53769.8 4286.92 513483 5315.34 15430.2 64896 56590.2 29347.6 5291.31 142246 17576.1 12950.6 18068.8 644624 175365 21041.9 154323 469259 381931 34003.2 17070.2 347928 24023 6765.72 4441.52 56850.8 65066.9 495496 18019.9 1.71297e+06
internal_count=3329730 1493777 44102 1449675 104442 39180 1835953 641992 177322 11743 6098 1345233 596393 219724 34722 9380 38338 16453 12146 4307 4676 748840 195612 26043 11348 24112 11810 4005 1193961 581848 35459 34635 31258 30049 2229 165579 2205 5645 14695 12803 6941 3377 65262 4695 3641 6603 169569 45180 5085 40095 124389 106281 5685 3142 100596 5472 3357 2358 15319 21885 156465 4745 612113
cat_boundaries=0 1 3 5 7 9 11 13 15 16 18 19 21 22 24
cat_threshold=2387345552 777537187 64 3758111264 88 787798080 51 1207961217 31 1074073987 70 8192 88 2721458239 110 16777216 1083427843 44 524320 134492194 4 8524032 134217856 17
is_linear=0
shrinkage=0.03


Tree=67
num_leaves=64
num_cat=16
split_feature=7 0 2 1 18 18 6 14 0 8 0 1 10 4 6 19 4 2 1 10 14 8 1 14 0 1 1 1 0 1 0 1 2 12 10 2 1 4 9 12 1 12 1 10 12 19 1 10 16 4 4 1 2 6 1 19 4 4 1 6 10 18 8
split_gain=625.284 526.974 574.467 594.8 565.65 445.106 405.212 610.263 463.704 519.431 400.91 421.398 357.48 349.499 341.207 338.309 390.604 327.813 374.755 336.589 319.989 368.688 439.781 308.319 306.965 293.88 283.309 278.608 275.627 743.333 491.618 1193.58 452.496 451.189 445.699 571.094 489.551 420.656 418.766 499.52 380.005 375.489 365.5 391.861 364.045 369.813 409.869 419.212 359.833 576.473 391.495 362.707 356.006 308.803 299.36 309.666 283.909 356.696 270.689 269.825 264.749 275.921 262.324
threshold=-0.8938561975955962 775.50000000000011 -0.95707347989082325 0 -2.3570466041564937 -0.37130455672740931 0.46874660253524786 0.72120228409767162 845.50000000000011 3.4509546756744389 942.50000000000011 1 2.0446702241897587 -2.066596150398254 -0.46366593241691584 1.0966395139694216 0.64607051014900219 -1.3648050427436826 2 -0.20650522410869596 1.0573982596397402 1.8103517293930056 3 1.0573982596397402 187.50000000000003 4 5 6 127.50000000000001 7 157.50000000000003 8 0.85586482286453258 -1.0888174772262571 0.02079100534319878 0.96814846992492687 9 -1.4160946011543272 -0.73448827862739552 -0.79874885082244862 10 -1.0888174772262571 11 -0.91917148232460011 -1.1314230561256406 0.60009330511093151 12 -0.68695411086082447 0.37747050821781164 1.0205355882644656 -1.4160946011543272 13 -0.0325724110007286 -1.2450084686279295 14 0.40057253837585455 -0.84932526946067799 0.37287023663520819 15 -1.3786911368370054 -0.91917148232460011 1.145769536495209 0.39055208861827856
decision_type=2 2 2 1 2 2 2 2 2 2 2 1 2 2 2 2 2 2 1 2 2 2 1 2 2 1 1 1 2 1 2 1 2 2 2 2 1 2 2 2 1 2 1 2 2 2 1 2 2 2 2 1 2 2 1 2 2 2 1 2 2 2 2
left_child=12 5 3 14 -5 17 10 15 -9 23 25 13 -1 -12 -3 -8 -17 18 -2 -20 28 22 -22 -10 26 -4 -14 -26 29 41 31 34 33 -33 36 62 37 -30 39 40 -31 -7 -41 -44 -40 53 -47 -48 49 -43 -50 -52 -39 -46 55 -51 -49 -58 -6 -34 -24 -62 -36
right_child=1 2 6 4 58 20 7 8 9 -11 11 -13 24 -15 -16 16 -18 -19 19 -21 21 -23 60 -25 27 -27 -28 -29 30 38 -32 32 59 -35 35 -37 -38 52 44 42 -42 48 43 -45 45 46 47 56 50 54 51 -53 -54 -55 -56 -57 57 -59 -60 -61 61 -63 -64
leaf_value=0.000536316552577654 0.0078835168068970372 -0.015020829150903164 0.00016788283875523427 0.0095256167881872158 5.9653410209177464e-05 -0.0062232575983870685 -0.00062472142984598645 -0.0006972083190073939 -0.017760083280034134 -0.0027628671782820705 -0.0094336595673237579 0.0025271357430274549 0.0034698115239289382 -7.5464732849010136e-05 -0.0052217806086053246 -0.0016604737831005178 -0.014137679326702011 0.00036236632602939053 -0.0057357094667472731 0.0035660091346878431 0.00071071733911552562 0.00029835378427192139 0.012682583637137437 -0.0077595096088055194 0.0067979822178967312 -0.00084047435812899002 0.017487798278320262 -0.00018100995528410918 0.016902156755856781 0.0076146774059846966 -0.00022448805700251028 -0.012763832736812477 -0.01768986736494017 -0.0029120002762502524 0.005117512789114557 -0.014372346021379554 0.00022067338973108614 0.01397490993730174 0.0095905910774325333 0.0018189016348225658 -0.000523226914170126 0.0011857774075106989 0.019716082612861827 0.0075509255681663013 0.0056216273593619158 0.0011535919002746919 -0.012381789970790587 -0.010161612463760029 -0.011047943859398338 -0.0044298117253706113 -0.0081234154269200966 -0.00013623246982130195 0.0019461020135905171 0.00094147470701665549 -0.0021183834550323145 -0.018994374255582949 0.0058586439075303028 -0.0053077095247685288 -0.0029495907372925519 -0.007391918688861833 0.0014245451445318513 0.0089328516002230227 -0.0017887898225150017
leaf_weight=1269922.421875 11188.772315979004 3959.0422677993774 452127.03985595703 3972.78125 39903.036569595337 11849.38671875 161575.00830078125 11409.849487304688 5352.4161529541016 8622.6347503662109 3805.6141357421875 91525.181762695312 2599.0276222229004 62532.6025390625 16617.299529075623 5908.1175322532654 3651.6736054420471 1821990.951171875 4985.2813949584961 11728.7294921875 32920.763488769531 357720.32531738281 4470.9095764160156 5784.1102294921875 8263.1955261230469 612529.13250732422 2617.7357597351074 13622.291091918945 2801.7775573730469 6670.0597534179688 3410442.2939453125 4491.8624420166016 2935.9811401367188 60222.227752685547 5584.49243080616 3048.482063293457 39688.486511230469 2723.2270271778107 4240.4974365234375 7785.3499450683594 22698.376068115234 87409.594819068909 2906.7836608886719 13217.585357666016 14197.819358825684 19203.117736816406 5137.9160766601562 3165.4371919631958 5051.2714538574219 3022.2889251708984 6652.3174591064453 22019.039584159851 11769.671379804611 119026.31238341331 11137.284557342529 2324.7996368408203 4991.7535352706909 5306.4504241943359 82598.156789779663 10429.749954223633 10641.945770263672 7513.8742065429688 43254.940178751945
leaf_count=477424 3953 1025 186651 1358 17958 3730 47941 2635 1272 1995 1279 36441 1126 22149 4626 1841 991 660739 1624 3894 10039 88785 1006 1298 3645 215081 912 5171 954 2140 1278716 1621 1930 27053 2488 1108 12412 952 1207 3174 8068 35297 1246 5076 9053 8453 2285 1421 1502 1355 1548 7339 4491 41243 3912 1032 2126 2114 26824 4444 2453 1772 13464
internal_value=-9.07165e-07 -0.000102204 -0.000593125 -0.00237832 -0.00160807 2.14885e-05 -0.000408875 -0.00165253 -0.00551307 -0.00829308 -0.000203066 0.00120776 0.000609084 -0.000612893 -0.00710693 -0.00094927 -0.00643145 0.000411793 0.00363859 0.000790231 -0.000143031 0.00065147 0.00292527 -0.0125718 0.00401802 -0.000412263 0.0105541 0.00245799 -0.000225625 0.000544975 -0.0003066 -0.00180448 -0.00463459 -0.00359676 0.000225733 -0.00178568 0.00205733 0.00626713 0.00162075 0.00394984 0.00132842 -0.00110002 0.0071688 0.00974336 0.000912752 0.000697319 -0.00192128 -0.00509292 -0.000658752 0.000215267 -0.0033511 -0.00199339 0.00421036 0.00144044 -0.00492973 -0.0107539 -0.00231161 0.000105071 -0.00196965 -0.00965979 0.00614344 0.0045335 -0.000998653
internal_weight=9.10747e+06 7.81044e+06 1.57187e+06 147050 126474 6.23857e+06 1.42482e+06 202304 31169 19759.2 1.22252e+06 157863 1.29702e+06 66338.2 20576.3 171135 9559.79 1.84989e+06 27902.8 16714 4.38867e+06 413268 55547.5 11136.5 27102.2 1.06466e+06 5216.76 21885.5 3.97541e+06 378013 3.59739e+06 186951 78079.8 64714.1 108871 51887.9 56983.2 17294.7 228547 53278.2 29368.4 149466 23909.7 16124.4 175269 171029 37804.7 18601.6 137617 103894 33722.6 28671.4 14492.9 133224 16484.4 5347.09 13463.6 10298.2 122501 13365.7 22626.7 18155.8 48839.4
internal_count=3326862 2838584 571365 51791 46140 2267219 519574 57973 7200 4565 461601 59869 488278 23428 5651 50773 2832 670210 9471 5518 1597009 104055 15270 2570 10854 401732 2038 8816 1492954 143321 1349633 70917 35048 28674 35869 17060 18809 6397 87606 19704 10208 55715 9496 6322 67902 66695 16399 7946 51985 41596 10389 8887 5443 50296 6299 2387 5661 4240 44782 6374 5231 4225 15952
cat_boundaries=0 2 4 6 8 10 12 14 16 18 20 22 23 25 26 27 29
cat_threshold=74624 2 1746346547 74 3929376677 50 2147487744 16 262603995 100 2784823361 101 2410496152 20 777916488 81 1208463031 78 1073742390 2 1084244356 32 10569092 1073867270 34 68681736 672399368 418432016 5
is_linear=0
shrinkage=0.03


Tree=68
num_leaves=64
num_cat=16
split_feature=5 3 2 0 4 19 1 3 0 1 0 14 2 14 13 10 19 1 16 19 1 0 1 2 4 0 10 0 12 1 8 1 16 17 13 8 1 2 4 1 1 4 1 19 10 1 16 15 8 0 10 12 12 12 10 12 10 1 2 1 16 4 1
split_gain=626.095 456.419 430.348 516.346 340.141 305.507 318.72 299.333 286.834 568.466 415.231 299.279 274.239 265.669 319.909 256.829 255.506 429.335 284.632 253.41 462.067 423.776 415.976 280.99 363.811 533.265 415.623 271.578 375.503 393.913 487.95 316.152 314.816 272.455 293.749 1271.66 250.385 246.066 315.936 343.911 292.983 245.92 328.607 303.34 354.208 790.574 297.246 243.8 242.986 284.969 562.284 422.196 425.909 457.998 406.957 241.648 230.778 229.548 227.144 225.157 240.047 367.864 493.853
threshold=0.56161129474639904 -1.0212610363960264 -1.1162397265434263 172.50000000000003 -2.066596150398254 -0.60042807459831227 0 0.84802833199501049 775.50000000000011 1 929.50000000000011 0.27858866751194006 -0.84132790565490712 0.16857351362705233 1.2713049650192263 -1.8589775562286375 0.60009330511093151 2 0.78038501739501964 -0.11680612713098525 3 307.50000000000006 4 -1.1162397265434263 -1.6872163414955137 217.50000000000003 0.061080347746610648 202.50000000000003 -0.79874885082244862 5 5.9833793640136728 6 0.43152049183845526 7 -0.85125407576560963 5.0616915225982675 8 -1.901797831058502 -0.13379042595624921 9 10 -2.066596150398254 11 0.40057253837585455 -1.5311909317970274 12 0.20081280916929248 1.7827306985855105 2.2439718246459965 187.50000000000003 -0.35914337635040278 -0.76559293270111073 -0.83035868406295765 -0.9378223419189452 1.5670744776725771 -0.50810357928276051 -0.75480234622955311 13 0.35280406475067144 14 0.49736455082893377 -0.28588008880615229 15
decision_type=2 2 2 2 2 2 1 2 2 1 2 2 2 2 2 2 2 1 2 2 1 2 1 2 2 2 2 2 2 1 2 1 2 1 2 2 1 2 2 1 1 2 1 2 2 1 2 2 2 2 2 2 2 2 2 2 2 1 2 1 2 2 1
left_child=1 2 3 -1 15 -5 -7 -6 19 10 -10 -12 36 -14 41 -2 -4 -18 55 21 48 22 -3 24 -22 26 -26 28 31 30 56 32 -25 34 35 -29 -11 38 39 -9 -40 42 -15 -43 45 -45 -46 -33 49 50 51 52 53 -21 -52 -19 -30 -53 -50 -48 -61 -62 -63
right_child=4 8 16 5 7 6 -8 37 9 12 11 -13 13 14 -16 -17 17 18 -20 20 23 -23 -24 27 25 -27 -28 33 29 -31 -32 47 -34 -35 -36 -37 -38 -39 40 -41 -42 43 -44 44 46 -47 59 -49 58 -51 54 57 -54 -55 -56 -57 -58 -59 -60 60 61 62 -64
leaf_value=0.0156677348334202 -0.0068096427273773279 0.00186240543169028 0.00099105037121917285 0.0060011135860042527 -0.00030232178601325858 0.0050240489852327831 -0.0018505528148852288 -0.014496820713020723 0.00010265858776024255 -0.0060957022039043246 0.0034294726355937398 -0.0013469347930656302 0.00010385441296107454 0.0035575330029571552 -0.0075953234165050199 0.0013081495679125265 0.0016288060408075811 -0.0031451639052638616 -0.0078918091387514891 0.012382085498292608 -0.0051276610060454761 0.00018324992538341756 0.00026421063824524476 -0.0028853899075967438 0.01810917967485013 0.0010063551777255641 0.0045741751664465854 -0.0019075791077146965 0.0077490844431609392 -0.00093805318244535743 -0.010086992443764629 -0.00098702945799756625 -0.0083995232539743319 -2.5960157817514095e-05 -0.00036268743183486175 -0.020601527493199198 -0.0016839055032653377 -0.00098958647861678898 0.0062338908250312835 -0.0040440996126724933 -0.0040527399161928417 -0.00047972898150905395 -0.0058143963245655926 -0.020496771684811042 -0.008888891147617338 -0.0020118175850153603 -0.0072174341888893954 -0.0061920368732130181 -0.00061782784504341181 0.00068971313759629374 -0.00017235500888523916 -0.0033332668270654483 0.018254184336418691 -0.0020094444242451785 0.0098680606251085531 0.0022639305733076014 0.0020339880554316623 0.0051468627591990859 0.0011553761365688769 0.0019428876648535688 0.0022008291265286045 -0.014220692837915895 -0.001382788305975688
leaf_weight=3050.7502288818359 3597.87744140625 303251.0517578125 477409.77310180664 17113.877874612808 2229289.6923828125 9910.4013833999634 15611.125786542892 3987.1109930276871 355544.27734375 14834.2685546875 62668.403999328613 14543.744438171387 259547.88201904297 4126.1324462890625 6747.8370513916016 132761.45849609375 35761.822143554688 27159.357924461365 8021.6531982421875 4802.9561805725098 5542.5259475708008 2213002.5454101562 283704.59521484375 37870.052093505859 3218.6315841674805 26412.609893798828 5583.2416076660156 26663.213760375977 9030.450834274292 148826.34828186035 2484.5526123046875 105559.19012451172 12359.436676025391 698846.70825195312 43631.670883178711 3728.8188323974609 52720.4990234375 408355.1962890625 3972.5212631225586 9817.1896781921387 6629.1097062826157 328691.78425085545 18136.553979277611 3105.1103229522705 4811.2097358703613 6289.5610637664795 4747.187010884285 8767.4656372070312 189652.39630126953 219077.59692382812 38896.066523075104 3951.5288696289062 4117.771598815918 3393.7292556762695 4002.499267578125 10229.37898349762 21486.735322952271 10440.451900482178 98927.110046386719 20627.942221999168 8145.3621940612793 4258.9040298461914 7335.1186347007751
leaf_count=1119 1437 98554 188607 5361 800358 4318 5250 1639 142143 5243 26755 4053 105803 1158 1539 46510 18629 9948 2081 1697 2331 776791 102863 15478 1082 9193 1981 14587 3954 59886 1073 36278 3474 270748 19685 1974 17059 158284 1318 2909 2456 96497 5065 1045 1906 2080 1499 1489 56246 100435 18490 1936 1512 1497 1911 4915 9356 5117 29600 7638 2429 1030 2414
internal_value=5.93734e-06 0.00017139 0.000955465 0.00375473 -0.000367629 0.00290056 0.000820665 -0.000442486 8.84729e-05 -0.000328867 0.000535712 0.00252976 -0.000831671 -0.000649686 -0.00111867 0.00109372 0.000726484 -0.000829515 -0.00276522 0.000196724 -8.7905e-05 0.000373326 0.00108996 -0.000433043 0.00201361 0.00313816 0.00953107 -0.000522149 -0.00122018 -0.000280492 0.00268404 -0.00225846 -0.00424205 -0.0002093 -0.0019398 -0.00420416 -0.00265422 -0.0011645 -0.00409035 -0.00708075 -0.000195074 -0.00101206 -0.00407802 -0.000836095 -0.0028105 -0.00815303 -0.00180446 -0.00138632 0.000605646 0.00122104 0.00289317 0.00631011 0.0103869 0.00642587 0.000765471 -0.00166516 0.00372616 0.00281943 -9.95141e-06 -0.00104804 -0.000319855 -0.00268451 -0.00611616
internal_weight=9.11679e+06 6.31838e+06 604268 45686.2 2.79841e+06 42635.4 25521.5 2.66205e+06 5.71411e+06 1.17688e+06 432756 77212.1 744125 676571 417023 136359 558582 81172.2 45410.4 4.53723e+06 1.73727e+06 2.79996e+06 586956 1.16001e+06 40757 35214.5 8801.87 1.11925e+06 346384 181828 33001.7 164556 50229.5 772870 74023.7 30392 67554.8 432761 24405.9 13804.3 10601.6 410275 22262.7 388012 59320.4 9394.67 49925.7 114327 577262 288683 69605 26706.4 12314.5 8196.69 42898.6 37388.7 30517.2 14392 288580 45114.5 40367.3 19739.4 11594
internal_count=3329713 2314802 240228 16048 1014911 14929 9568 966964 2074574 425356 172951 30808 252405 230103 124300 47947 224180 35573 16944 1649218 671010 978208 201417 452569 14587 12256 3063 437982 130988 74269 14383 56719 18952 306994 36246 16561 22302 166606 8322 4548 3774 122761 6223 116538 20041 3125 16916 37767 218441 132595 32160 11759 4706 3194 20401 14863 13310 7053 85846 15010 13511 5873 3444
cat_boundaries=0 2 4 6 8 10 12 14 15 17 19 21 23 25 27 29 30
cat_threshold=2365509760 33 351833112 52 2812716880 39 3238093031 8 2719976196 126 403046928 2 775979008 83 4352 74560 2 2419106633 42 576260184 12 2147483904 2 1074008609 1 81952 8 33554433 65 1610620962
is_linear=0
shrinkage=0.03


Tree=69
num_leaves=64
num_cat=17
split_feature=5 7 2 0 4 3 4 1 19 0 1 4 12 0 2 0 2 1 1 0 16 19 1 16 16 2 1 12 14 1 19 3 1 0 14 2 0 2 1 19 1 2 0 0 4 12 17 12 0 1 19 1 1 4 4 16 17 0 14 17 1 11 14
split_gain=597.546 446.403 352.141 823.689 906.365 335.337 320.071 294.11 312.997 278.272 390.234 259.249 257.043 253.596 234.848 318.834 231.878 230.675 230.093 229.777 224.631 292.957 400.44 331.755 292.158 288.263 243.974 633.6 1320.88 224.305 228.926 212.956 313.872 276.552 208.473 201.785 224.404 264.378 392.836 198.452 192.542 191.858 237.008 190.423 189.647 189.243 183.601 182.681 281.689 181.358 192.981 179.764 177.031 188.744 658.862 7570.63 582.669 927.306 407.733 277.597 215.317 192.712 376.161
threshold=-0.69347921013832081 1.3254648447036745 -1.3648050427436826 172.50000000000003 -0.17717035114765164 -1.0212610363960264 -2.3358898162841792 0 0.6901068687438966 745.50000000000011 1 1.8258113861083987 -0.92724311351776112 775.50000000000011 -1.1162397265434263 942.50000000000011 -1.1162397265434263 2 3 127.50000000000001 0.35129547119140631 0.34667599201202398 4 1.6322351694107058 0.70798438787460338 1.0304943919181826 5 -0.80643746256828297 0.22192367911338809 6 2.3243991136550908 1.3444420695304873 7 559.50000000000011 0.40836358070373541 0.3243319988250733 172.50000000000003 1.0981630086898806 8 -0.29883658885955805 9 -0.12805795669555661 442.50000000000006 929.50000000000011 -1.0000000180025095e-35 -0.67374533414840687 10 -0.83836826682090748 486.50000000000006 11 -0.23114102333784101 12 13 0.57931941747665416 0.39812865853309637 -0.15893782675266263 14 427.50000000000006 0.087903894484043135 15 16 1.757744371891022 0.12330462038517
decision_type=2 2 2 2 2 2 2 1 2 2 1 2 2 2 2 2 2 1 1 2 2 2 1 2 2 2 1 2 2 1 2 2 1 2 2 2 2 2 1 2 1 2 2 2 2 2 1 2 2 1 2 1 1 2 2 2 1 2 2 1 1 2 2
left_child=2 5 3 4 -1 29 17 8 12 52 16 43 -5 -9 15 19 34 -4 -13 -3 26 -22 23 -23 25 47 27 -8 -29 30 -2 33 -33 49 -11 -16 37 -37 -39 -19 -35 -41 -43 -12 -36 -20 -26 48 -24 50 -21 -45 -7 54 58 -56 57 -57 -54 -55 -58 -60 -63
right_child=1 14 6 7 -6 9 20 13 -10 10 11 18 -14 -15 35 -17 -18 39 45 31 21 22 24 -25 46 -27 -28 28 -30 -31 -32 32 -34 40 44 36 -38 38 -40 41 -42 42 -44 51 -46 -47 -48 -49 -50 -51 -52 -53 53 59 55 56 60 -59 61 -61 -62 62 -64
leaf_value=-0.0022992084313944272 1.7607062987845499e-05 0.0046618454826605326 -2.2793228802257407e-05 -0.0016367253383412436 0.018574147938735498 -0.00031052236333482846 0.0039938188660757247 0.0017450890861431332 0.011560748084618115 -0.0013885109217244161 -0.00043668386977519609 -0.0034053187930478917 0.00393099949654435 -0.0022721502496473784 -0.00025704280437417878 -0.011553969469351177 -0.0010659344196140876 -0.0010350863508372158 0.0025143838918836718 -0.00085245567590584769 0.0002113458424485364 0.00036584276505376699 0.00078850243121671951 -0.0056683523063256937 -0.0041162364041733802 -0.0092926474060326062 0.00061662121739039619 0.0015640452243235079 -0.032290096169142059 0.0012200073057026381 -0.0076484250233470538 0.0003048892413097849 -0.010673454153347559 -0.0012463719493078164 -0.010517846493266911 -0.0022477327094215702 -0.001141424289090456 -0.0017852314243574547 -0.01682950364692674 -0.0024726822509297921 -0.0055242496267349783 -0.012575986079083196 -0.0025606201863780445 0.0027966357828446411 -0.002543237135628412 0.009057181351230249 -0.012380106313795316 0.0015960166200568537 -0.0089624580480299528 -0.00096078662290559726 0.0097365161791489793 0.00011029071584736377 -0.0004669745455335382 0.00042059269995092417 0.048142926505750201 0.015748860382451341 -0.0055494405163775849 -0.0017636060705486403 0.00034918380715698012 -0.0005759636296910882 0.00025923423233743158 0.01000258780236067 0.0012386701772470737
leaf_weight=2891.3105192184448 176092.18334960938 4232.4431762695312 35144.609497070312 10239.039190292358 5301.6659669876099 1435228.623337388 4016.6467895507812 31045.948257446289 3698.091552734375 11739.02522277832 560916.86743164062 4557.9161376953125 27493.347162246704 25966.874694824219 301241.50146484375 3367.635498046875 458591.91845703125 15430.477020263672 17947.766159057617 2675.8615837097168 697836.53033447266 78279.933464050293 5632.0329048633575 9154.5871658325195 4678.7592163085938 4521.635498046875 1507132.6995239258 2476.7360229492188 1779.1217041015625 283344.8525390625 3572.085205078125 3747.8309173583984 6263.3565979003906 19728.750555038452 6329.9262475967407 14715.455169677734 155184.13818359375 3024.7369956970215 3241.7756080627441 8529.6626892089844 18236.075475692749 5566.5192241668701 3444.1944599151611 32857.191528320312 4663.997260093689 5109.4712677001953 5091.2731552124023 11711.091448545456 5057.3219127655029 12430.426990509033 3670.7891273498535 70520.883178710938 600785.57864379883 392225.2294921875 3209.9339599609375 5533.3716125488281 6647.3214111328125 5348.1653594970703 1078857.2924499512 701441.47265625 41635.108535766602 4545.556884765625 140631.87744140625
leaf_count=1140 73057 1470 11265 2595 1865 579349 2053 11095 1256 4314 220636 2355 9249 9594 112390 1182 144283 4759 6149 991 195882 26565 1530 1825 1062 1118 612141 2134 1001 113226 1997 1288 2259 6640 1565 5853 62793 1133 1426 3037 7146 1937 1175 16429 1193 1723 1266 3162 1180 4374 1426 24269 281895 143672 1809 1815 2504 1736 332186 208293 12203 739 31669
internal_value=-6.29161e-06 -0.000156092 0.000387517 0.00207445 0.011211 -8.16198e-05 0.00031273 0.00131353 0.00323654 -0.000145891 -0.000556569 -0.000100219 0.00242013 -8.46136e-05 -0.000972979 -0.00254125 -0.00121254 -0.00171434 0.00274765 -0.00211289 0.000371807 -2.75219e-05 -0.00137038 -0.000266208 -0.00399999 -0.00238761 0.000588404 -0.00454494 -0.0126096 0.000694239 -0.00013501 -0.00254275 -0.00657581 -0.00183067 -0.00416972 -0.000728707 -0.00153522 -0.00444677 -0.00960479 -0.00351605 -0.00330345 -0.00569967 -0.00875132 -0.000218628 -0.00713744 0.00396419 -0.00844364 -0.000992034 -0.00382688 0.00114719 0.00526657 0.000964481 -3.67846e-05 9.5016e-05 0.000276744 0.00330855 0.0008722 0.00713825 0.000173106 -0.000218567 -0.000541955 0.000487273 0.00151341
internal_weight=9.11621e+06 6.60409e+06 2.51212e+06 106636 8192.98 6.05233e+06 2.40548e+06 98443.3 41430.5 5.58932e+06 1.17323e+06 691910 37732.4 57012.8 551761 74353.2 481325 68115.5 27615.2 70985.5 2.33737e+06 821963 124127 87434.5 36692.1 26922.1 1.51541e+06 8272.5 4255.86 463009 179664 66753.1 10011.2 56741.9 22732.9 477408 176166 20982 6266.51 32970.9 37964.8 17540.4 9010.71 664295 10993.9 23057.2 9770.03 22400.4 10689.4 18777.1 6346.65 103378 4.41609e+06 2.98086e+06 1.88719e+06 62373.9 59164 10881.5 1.82482e+06 1.09367e+06 48282.4 1.22403e+06 145177
internal_count=3329323 2419437 909886 36794 3005 2209066 873092 33789 13100 2020786 422916 271561 11844 20689 210371 26776 151355 22173 10227 25594 850919 233590 37708 28390 9318 6990 617329 5188 3135 188280 75054 24124 3547 20577 7072 183595 71205 8412 2559 10908 13786 6149 3112 261334 2758 7872 2328 5872 2710 6791 2417 40698 1597870 1018521 666556 20067 18258 3551 646489 351965 14707 364594 32408
cat_boundaries=0 2 4 6 8 10 11 13 15 17 19 20 22 24 26 27 28 30
cat_threshold=3361261612 4 1744862118 2 3080493211 3 2158231552 9 3221304208 26 512 330451503 76 1832651888 18 625695635 6 3097380010 97 135168 1863352628 20 2423291912 44 1422968341 64 1703952 2080912 16785408 2
is_linear=0
shrinkage=0.03


Tree=70
num_leaves=64
num_cat=18
split_feature=3 5 2 0 12 18 19 17 17 5 19 0 7 10 17 2 2 19 0 17 18 17 16 19 7 12 9 17 11 0 17 2 17 0 2 17 17 17 19 0 17 10 0 0 16 10 17 12 17 17 17 2 0 8 17 5 9 10 8 0 15 17 12
split_gain=634.082 443.874 636.664 664.362 346.772 330.194 470.567 403.93 319.362 276.288 391.217 270.776 252.762 239.057 640.017 355.358 247.391 256.636 263.06 246.964 302.966 230.063 218.507 263.622 215.586 210.879 297.698 1286.64 8579 399.744 404.062 448.716 261.374 277.093 255.811 242.206 220.471 216.461 206.6 206.347 199.644 269.874 200.757 188.689 213.642 185.603 415.64 293.795 326.886 279.399 179.525 262.269 399.306 207.972 205.537 182.627 179.115 177.87 189.537 235.26 176.02 2199.17 526.925
threshold=0.74549677968025219 -1.2087602019309995 -1.3648050427436826 172.50000000000003 -0.28054265677928919 -1.6712154746055601 0.25580276548862463 0 1 2.0535342693328862 -0.65170550346374501 515.50000000000011 0.80853313207626354 -2.4664380550384517 2 -0.064099583774805055 0.47969232499599462 0.52390769124031078 337.50000000000006 3 0.46553806960582739 4 1.6322351694107058 0.14480974525213244 2.76854419708252 -0.66427141427993763 -0.75404673814773548 5 0.42059455811977392 127.50000000000001 6 0.26829253137111669 7 942.50000000000011 -1.1162397265434263 8 9 10 0.40057253837585455 217.50000000000003 11 2.0446702241897587 157.50000000000003 382.50000000000006 1.6322351694107058 2.0446702241897587 12 -0.58841416239738453 13 14 15 0.24094025045633319 262.50000000000006 0.53798204660415661 16 -1.6821901202201841 -0.81198406219482411 2.0446702241897587 1.2204390764236452 859.50000000000011 -1.8659238815307615 17 -0.6848483383655547
decision_type=2 2 2 2 2 2 2 1 1 2 2 2 2 2 1 2 2 2 2 1 2 1 2 2 2 2 2 1 2 2 1 2 1 2 2 1 1 1 2 2 1 2 2 2 2 2 1 2 1 1 1 2 2 2 1 2 2 2 2 2 2 1 2
left_child=1 2 3 -1 12 8 -7 -8 -5 45 11 -11 13 14 15 -3 17 -17 -19 -18 -21 -16 50 -24 -12 40 27 28 39 30 -29 -32 33 34 35 -28 -31 -35 -34 -27 41 42 -15 44 -6 56 -47 48 -48 -49 -4 -52 54 55 -53 -54 -2 -14 -59 -60 61 -42 -63
right_child=9 4 22 5 43 6 7 -9 -10 10 24 -13 57 25 21 16 19 18 -20 20 -22 -23 23 -25 -26 26 32 29 -30 36 31 -33 38 37 -36 -37 -38 -39 -40 -41 60 -43 -44 -45 -46 46 47 49 -50 -51 51 52 53 -55 -56 -57 -58 58 59 -61 -62 62 -64
leaf_value=0.014623669404669082 0.00036159916890696187 -0.004611217114166088 0.00093470298835426544 0.013797589414163008 0.0020235180927094232 -3.6644024142049102e-05 0.017108067136042657 0.0035887993565593269 0.0036282394979234747 -0.015512275338477583 -0.00059196243181956938 -0.0046118336313296137 -0.00055395643323136233 -0.0015060160699353791 -0.0092656086213282161 0.013805726032461404 0.0063055339032373463 0.010217841729391315 -0.0026239815134478754 -0.0060284082222332664 0.0056061035796045851 -0.0032901758905045362 -0.00070686043379807073 -0.0076911884358499757 -0.006577301393840905 0.0081746546878838956 0.0001396741578927312 -0.0037782122510493007 0.054432836073663615 -0.0012342589629155691 0.0022794923884894209 0.016841930578586045 5.0009424586824001e-05 0.0099022370789086898 0.00048375496994175374 0.0068959229515315086 0.0010557601016384793 0.0015572233100365988 -0.001387497833424015 -0.00027615609440066513 -0.02142349584458848 0.0084503964368130811 0.00063101040602458211 0.00051465671816032477 0.009902124502257019 -0.0071833001787935591 0.011563584968964808 -0.0064903392336895594 0.0027242016614693401 0.0044855706724326039 0.00089050483406840893 -0.0055496774701912603 -0.0045098973182147719 0.00051209517640953949 -0.0015749958458454263 -9.2657651129440449e-05 -0.00068425766906117242 -0.0009104534068421873 0.0058500449545974336 -0.0022174846375706469 -9.6440848993717429e-05 0.00029091103354222491 -0.010199195841438689
leaf_weight=4532.526611328125 167944.44706726074 6748.0731048583984 540344.07783508301 4171.8749694824219 76271.090902626514 36475.64905166626 2731.9825744628906 7290.1731948852539 8358.7916450500488 3152.330717086792 34626.234619140625 5872.660982131958 942230.00244140625 43283.97171497345 7461.4405822753906 3258.2324981689453 4645.6655426025391 2650.2438888549805 3122.0972366333008 6094.7951126098633 3002.9846878051758 26130.554260253906 31553.287689208984 5745.4264831542969 6415.597900390625 3051.4860496520996 8387.7506256103516 2652.8451728820801 3108.84326171875 60305.837730407715 3683.0151162147522 3942.2542128562927 600532.7509765625 5148.9936828613281 469894.07572937012 11094.472106933594 101497.41458892822 6138.9789733886719 105835.27099609375 17425.823886871338 4685.9013671875 3815.809326171875 459724.91433238983 140451.70385742188 3224.237548828125 4019.2004699707031 5276.1490898132324 4577.9647521972656 13148.531299471855 3812.6978455781937 235252.07664489746 16079.874084472656 15014.974853515625 186709.13623809814 43106.876647949219 19181.876945495605 1203246.529006958 13445.403594970703 13013.884735107422 4333.918701171875 3258435.6281738281 75334.851776123047 4566.0188903808594
leaf_count=1623 62971 2232 202976 1288 37642 11969 883 2831 2765 1011 12534 1853 347380 20354 3885 979 1389 1017 1167 2172 1092 10823 6499 1160 2305 1086 3039 1149 1031 21848 1340 1599 253869 1260 168729 3351 42461 2754 46943 6063 1644 1976 213653 67320 729 1351 1938 1835 5247 1945 77898 7780 6927 62968 13015 9288 476704 6015 4270 1352 1028313 36766 2054
internal_value=-7.79047e-06 0.000101102 0.000642668 0.00356137 4.86809e-06 0.00271078 0.00154562 0.00730141 0.00703201 -0.000582601 -0.00277231 -0.00842572 -3.60846e-05 4.52886e-05 -0.00178997 0.00143263 0.00322471 0.00708054 0.0032758 0.00068946 -0.00218473 -0.00462098 0.000472921 -0.0017836 -0.00152827 6.73426e-05 0.000382256 0.00146773 0.00803636 0.000566704 0.00630222 0.00980151 0.000206288 0.000730643 0.00062344 0.00399152 0.000202222 0.00537664 -0.000165379 0.000984854 -4.73972e-05 0.000507434 0.000447106 0.00117575 0.00234367 -0.000504396 0.00179722 0.00314585 0.00526568 -0.0015056 0.000552654 0.000152046 -0.00046819 0.000118143 -0.00265642 -0.00203253 -0.00055616 -0.000480627 0.00176288 0.00383451 -0.000131515 -0.00148257 -0.000309119
internal_weight=9.11727e+06 7.66518e+06 1.15655e+06 63561 6.50863e+06 59028.5 46497.8 10022.2 12530.7 1.45209e+06 50066.8 9024.99 6.28868e+06 5.31566e+06 63114.1 29522.1 22774 9030.57 5772.34 13743.4 9097.78 33592 1.09299e+06 37298.7 41041.8 5.25255e+06 1.4027e+06 195668 23586.2 172081 10278.1 7625.27 1.20703e+06 500664 489376 19482.2 161803 11288 706368 20477.3 3.84985e+06 506825 503009 219947 79495.3 1.40203e+06 30834.5 26815.3 18424.7 8390.66 1.05569e+06 515345 280093 220906 59186.8 34196.9 1.37119e+06 973023 30793.2 17347.8 3.34302e+06 84586.8 79900.9
internal_count=3330310 2760616 409870 21359 2350746 19736 15683 3714 4053 569694 17703 2864 2245055 1886038 24756 10048 7816 3163 2184 4653 3264 14708 388511 7659 14839 1861282 556522 76577 8180 68397 4088 2939 479945 179133 175119 6390 64309 4014 300812 7149 1304760 235983 234007 105691 38371 551991 12316 10965 7185 3780 380852 177876 99978 79183 20795 16215 539675 359017 11637 5622 1068777 40464 38820
cat_boundaries=0 1 2 3 4 5 6 7 8 9 10 11 12 13 14 15 16 17 18
cat_threshold=33734934 22020158 13009571 4194307 35670336 40960 17434001 57035802 4457480 25304712 37748738 33704128 4587776 50874882 29346 34945321 4866240 16777216
is_linear=0
shrinkage=0.03


Tree=71
num_leaves=64
num_cat=13
split_feature=7 0 2 1 18 14 19 1 10 1 1 18 16 10 14 1 10 2 0 1 18 4 0 18 2 0 18 1 16 8 12 12 11 4 0 1 4 12 17 10 9 16 4 0 1 2 14 10 2 1 12 9 12 16 2 9 1 2 11 19 12 9 17
split_gain=570.728 475.858 492.032 521.994 388.077 343.128 349.768 693.324 388.301 918.533 381.03 341.41 339.463 310.642 303.291 343.781 459.641 293.583 1082.05 676.901 648.288 284.849 516.664 278.429 277.188 387.56 637.771 276.781 273.335 323.511 284.567 264.622 337.503 372.247 244.601 614.845 482.843 297.062 310.749 293.581 309.635 456.537 275.102 272.022 873.751 515.847 509.189 445.436 608.63 446.435 643.187 545.109 303.313 289.375 400.169 314.524 527.97 278.898 329.778 348.78 274.143 307.868 435.079
threshold=-0.8938561975955962 775.50000000000011 -0.84132790565490712 0 -2.0651226043701167 0.15107047557830813 0.40057253837585455 1 -1.8589775562286375 2 3 -0.37130455672740931 0.78038501739501964 0.8035532832145692 1.0573982596397402 4 -1.1542026996612547 -1.1162397265434263 172.50000000000003 5 -1.5294928550720213 2.2173740267753606 901.50000000000011 0.88939473032951366 -1.3648050427436826 397.50000000000006 -1.6712154746055601 6 0.70798438787460338 2.0114151239395146 -0.74644035100936879 -1.0565763711929319 -0.080687671899795518 0.089645657688379302 112.50000000000001 7 1.6692219376564028 -1.0565763711929319 8 1.3058599829673769 -0.73448827862739552 0.63852643966674816 0.68512386083602916 172.50000000000003 9 1.0981630086898806 0.79738819599151622 0.061080347746610648 1.2526544928550722 10 -1.0106252431869505 -0.81198406219482411 -0.64327299594879139 0.49736455082893377 0.032384587451815612 -0.5479924976825713 11 -0.064099583774805055 -0.12783293426036832 0.21624313294887546 -0.84638148546218861 -0.56978487968444813 12
decision_type=2 2 2 1 2 2 2 1 2 1 1 2 2 2 2 1 2 2 2 1 2 2 2 2 2 2 2 1 2 2 2 2 2 2 2 1 2 2 1 2 2 2 2 2 1 2 2 2 2 1 2 2 2 2 2 2 1 2 2 2 2 2 1
left_child=17 11 3 -3 -5 21 8 23 9 -7 -9 24 -6 -14 34 16 -16 18 19 -1 27 -4 -23 28 25 -2 -27 -20 30 -30 -8 -12 33 -33 35 36 39 38 -37 40 41 42 -13 44 45 46 -36 49 53 50 -46 -52 -48 55 -55 -49 -57 -53 59 -59 61 -51 -63
right_child=1 2 5 4 12 6 7 10 -10 -11 31 14 13 -15 15 -17 -18 -19 20 -21 -22 22 -24 -25 -26 26 -28 -29 29 -31 -32 32 -34 -35 43 37 -38 -39 -40 -41 -42 -43 -44 -45 47 -47 52 48 -50 60 51 57 -54 54 -56 56 -58 58 -60 -61 -62 62 -64
leaf_value=0.0028961437817607277 -0.0004453358818049808 -0.00022280743983881183 4.6452160660504372e-05 0.0036916422596852652 -0.0032987779505553698 0.013121922968482696 -0.0020609496774262673 -0.014578349723243109 -0.0006467275361118403 -0.0034006213821147673 0.0038449616898739505 0.0050733065606410714 -0.0035482410679185351 -0.013194591697234605 0.011674347557802923 0.00034216839068933929 0.0020448718158469462 0.00044429518333472711 0.0015782403646767602 0.018853168426139117 0.00019353429099409 0.00055629577933420952 0.015281087469573226 0.0054082576850330265 0.00031600275800099928 0.017290485483161241 0.0030310144150880072 0.010544977853768466 -0.010954075237357069 -0.00079262192271466615 0.0028237791823308772 -0.0043990404425716945 -0.0036348390057106515 -0.017377581618548518 -0.0018884610064142605 0.0027447814689648144 -0.0074409625322204576 -0.00031098770486011823 -0.0077196165733805638 0.0093905225762672875 0.0012857256215949131 0.01335248546445207 -0.001790997628182378 -0.00018301117370226797 0.014184133992845216 -0.0096232216603189449 -0.014011538639967886 -0.0016800790008755803 -0.012270722148771842 -0.0033818218907089091 0.014076717850308994 0.0066522194249665602 -0.0032671127726895152 -1.1503676706842839e-05 -0.0090701778624164824 0.0074500302972267205 -0.00059757075142407255 0.00022971663996043741 0.0016864124259089088 -0.013880918021293131 0.0010879904939383473 0.01073244257696762 -0.0020596289523319485
leaf_weight=4389.5681915283203 13170.46654510498 77689.85302734375 645915.4430847168 6288.9921875 79679.086175918579 5980.1851015090942 23754.607480883598 3448.9814147949219 617275.41015625 6112.3783750534058 3362.294189453125 19017.429147720337 5637.0345821380615 6440.7879333496094 4998.5604858398438 368293.05395507812 41199.635559082031 1189290.89453125 4893.9552173614502 5286.7136383056641 86980.827529907227 6873.9291381835938 3112.4383239746094 6984.6621608734131 1823303.802734375 3761.72705078125 11278.51148223877 8506.2596416473389 4840.7593517303467 6746.6006927490234 19573.280988812447 4269.7151775360107 35656.093377113342 3725.953408241272 76016.991821289062 3439.3649139404297 4669.654541015625 128328.91913729906 9869.0786895751953 5145.8407897949219 101098.69620704651 4671.0468139648438 7257.1723442077637 3319120.1416015625 4669.9650268554688 10954.464569091797 5308.6928215026855 68573.205561161041 4553.5814971923828 32085.46044921875 3164.4843215942383 6110.6581642627716 4267.6991767883301 8545.166999578476 9018.5315589904785 10467.387817382812 24450.736428976059 3365.5929696559906 16321.103098869324 2960.491828918457 74765.082336425781 3733.4267196655273 6609.9643325805664
leaf_count=1489 4483 30810 281549 1951 26106 1385 8493 704 182128 2075 1086 7874 1527 1622 1110 94269 8989 449621 2004 1915 31234 3216 1460 2511 661068 1251 3830 2436 1381 1737 7800 1544 11300 1249 41483 1055 1710 48476 2993 2302 39113 1169 2697 1243812 1475 6333 1491 22417 1623 9315 1169 2120 1427 2141 2475 3762 8897 1437 6024 1365 24632 935 1993
internal_value=-7.37974e-07 -9.75034e-05 -0.000563786 -0.00205989 -0.0035151 -0.000375662 -0.000817687 -0.00235945 -0.000542414 0.00478042 -0.00496877 1.99805e-05 -0.0040096 -0.00869572 -0.000124028 0.000648244 0.00308725 0.00058148 0.00206382 0.0116421 0.00113999 0.000124208 0.0051509 -0.000231172 0.000361666 0.00331239 0.00660202 0.00728105 -0.000948919 -0.00504059 0.000145787 -0.00425938 -0.00488497 -0.0104541 -0.000204485 0.000644734 0.00204063 -0.000753465 -0.00501897 0.00236377 0.00208959 0.00471515 0.00317737 -0.000269641 -0.00103446 -0.00349454 -0.00271006 -0.000184179 -0.00150958 0.000898372 0.00379028 0.00226896 -0.00922751 -0.0011043 -0.00466417 -0.000499947 0.00181754 0.000967421 -0.00056758 -0.00637955 -5.03611e-06 -0.00193099 0.00256898
internal_weight=9.11728e+06 7.81793e+06 1.57337e+06 175736 98045.9 1.39763e+06 741731 112363 629368 12092.6 50463 6.24457e+06 91756.9 12077.8 4.39305e+06 414491 46198.2 1.29935e+06 110057 9676.28 100381 655902 9986.37 61899.9 1.85151e+06 28210.7 15040.2 13400.2 54915.2 11587.4 43327.9 47014.1 43651.8 7995.67 3.97856e+06 283497 141860 141637 13308.4 137190 132044 30945.6 26274.6 3.69506e+06 375943 96547.8 85593.4 279395 125609 153786 36592.3 31922.3 9576.39 121055 17563.7 103491 34918.1 28757.8 22647.2 6326.08 117194 42428.9 10343.4
internal_count=3329048 2840349 571634 62016 31206 509618 223393 37805 185588 3460 15883 2268715 29255 3149 1598083 104368 10099 488699 39078 3404 35674 286225 4676 21922 670632 9564 5081 4440 19411 3118 16293 15179 14093 2793 1493715 107389 54865 52524 4048 53155 50853 11740 10571 1386326 142514 50734 44401 91780 41315 50465 13590 12115 2918 39692 4616 35076 12659 10946 8826 2802 36875 12243 2928
cat_boundaries=0 2 4 6 7 9 11 13 15 16 18 20 21 22
cat_threshold=988861464 85 2769559984 11 2181825419 64 134219777 33554722 1 849698563 73 749799381 57 3500493750 46 8393092 3084931136 17 1073742359 2 1208257920 43042
is_linear=0
shrinkage=0.03


Tree=72
num_leaves=64
num_cat=0
split_feature=3 3 10 18 4 4 4 18 18 5 10 12 7 4 18 4 16 14 10 10 11 12 8 6 19 12 6 11 14 14 10 12 10 14 9 16 7 18 15 12 15 13 6 4 10 12 19 7 12 4 13 8 14 9 6 13 9 6 8 10 10 19 10
split_gain=597.742 387.46 389.579 276.599 335.964 263.816 414.123 510.736 262.495 255.109 250.677 236.848 228.974 213.343 237.326 220.026 175.913 227.501 201.756 191.557 344.053 173.604 174.764 165.232 325.803 168.46 208.042 320.016 195.258 371.374 194.771 169.773 311.88 205.691 184.359 158.977 150.814 148.56 148.295 148.09 164.436 686.33 1868.97 580.924 145.819 241.153 211.66 143.141 142.208 142.246 185.172 331.98 1456.42 141.787 141.417 176.043 140.575 136.337 370.984 287.792 224.371 136.433 136.255
threshold=0.49299670755863195 -1.3334827423095701 1.5670744776725771 1.4107015132904055 -0.80504435300827015 -0.13379042595624921 -0.17717035114765164 -0.64184212684631337 -1.2021519541740415 -0.33140484988689417 0.4288236945867539 -0.99393814802169789 1.3254648447036745 -1.7580090165138242 2.0829391479492192 1.3573725223541262 0.35129547119140631 0.47087781131267553 -0.62821972370147694 -1.314770460128784 1.757744371891022 -0.28054265677928919 1.6196998357772829 -0.52515694499015797 1.6550678610801699 -0.66427141427993763 -0.90638580918312062 1.757744371891022 -0.013213995378464459 -1.0000000180025095e-35 -0.041806276887655251 -0.52321842312812794 -1.314770460128784 0.79738819599151622 -0.16046284139156339 0.019171066582202915 2.76854419708252 0.29563382267951971 1.5680735111236574 -0.28054265677928919 -1.8659238815307615 -1.132983326911926 0.63358229398727428 0.93011432886123668 2.0446702241897587 -0.43091976642608637 1.6550678610801699 -2.0705847740173335 -0.35152915120124811 -0.21171189099550244 -0.85125407576560963 5.0616915225982675 0.22192367911338809 -0.81198406219482411 -1.9899588227272031 -0.70058324933052052 -0.23888704180717465 -1.179573595523834 4.1946566104888925 -1.8589775562286375 -2.4664380550384517 0.60009330511093151 -1.0245386958122251
decision_type=2 2 2 2 2 2 2 2 2 2 2 2 2 2 2 2 2 2 2 2 2 2 2 2 2 2 2 2 2 2 2 2 2 2 2 2 2 2 2 2 2 2 2 2 2 2 2 2 2 2 2 2 2 2 2 2 2 2 2 2 2 2 2
left_child=1 2 3 4 -1 6 -6 10 -4 13 35 -5 44 38 16 -16 17 48 -19 20 -18 54 -23 24 25 -11 31 28 -28 -30 37 32 33 -27 -34 -8 -33 -29 62 40 41 -25 43 -43 53 46 -46 -10 49 -15 51 -51 -53 57 55 -7 -21 58 59 -2 61 -59 -3
right_child=12 9 8 11 5 21 7 -9 47 23 -12 -13 -14 14 15 -17 19 18 -20 56 -22 22 -24 39 -26 26 27 30 29 -31 -32 36 34 -35 -36 -37 -38 -39 -40 -41 -42 42 -44 -45 45 -47 -48 -49 -50 50 -52 52 -54 -55 -56 -57 -58 60 -60 -61 -62 -63 -64
leaf_value=-0.00013287054493382839 -0.011768183715459924 -0.0037411282628147121 0.013585500371497951 -0.0084666252538196703 0.0016719073179855056 0.00097992659631612028 0.0029481530856562323 -2.9770697172051305e-05 0.0098868776395853245 2.7418694191420399e-05 0.017220426224371706 -0.00076817218150397983 -0.0013427073224602552 6.9527928044446765e-05 0.0032547784963397265 -0.0047829283202830133 -0.0026372686970424848 0.009683511070756155 0.002127730853473014 -7.8693604272722409e-05 0.0069764112456788879 0.0078560615570185538 2.9096823770899727e-05 0.00025153827300064774 -0.0025286839971858329 0.0036381791476931113 -0.00053353601871077353 0.0046854734492325885 0.0117492016086581 0.0014671263857526393 0.0016710882498066372 -0.0005311299351077191 0.0002527378965240308 0.014053383063113349 0.00507429287363195 0.0098465378085385493 -0.0086958915464753865 0.01257365614471714 0.0031710865434505736 0.0011733474364694655 -0.00022271668090022428 -0.00053880873022245845 -0.02890247577846191 -0.015402231103344592 0.0016544788197777494 -0.0052973566977240847 0.0092773175986015904 0.002614679916489887 0.0024443749107425201 7.0905413953016897e-05 0.00088637341803820017 0.0038886136242642705 -0.02762393586729512 -0.00044933302866694041 0.00057043327219862244 0.01329636637080203 0.0010472961909673143 0.010975865971798086 -0.013708368517275893 -9.3553355214609263e-05 0.00040536203688007293 0.0022422095615585065 -0.00063473648600994247
leaf_weight=123503.40547180176 1990.0060729980469 13860.868949890137 2750.9619750976562 3996.6349487304688 46994.00830078125 2511.0041246414185 4398.8892731666565 7503.7528343200684 2853.8493957519531 992019.43518066406 3009.5413360595703 35558.406982421875 217776.78125 552611.51702880859 38833.887584686279 3323.4123420715332 42793.964111328125 4179.7010192871094 13274.196990966797 623758.52542877197 3630.107177734375 6438.3756217956543 4268.3206329345703 49884.874816894531 39038.5234375 7074.5343418121338 46960.247192382812 4306.980076789856 3238.1011962890625 125861.43225097656 6241.2843170166016 114832.47119140625 140261.58608627319 2246.6325283050537 7514.9823951721191 9533.1439604759216 2067.87451171875 4302.0271100997925 8484.35693359375 65941.883621990681 2197509.268371582 16054.609405517578 2819.196044921875 2770.8514099121094 22874.329238891602 3830.5179901123047 3822.4848022460938 16523.277496337891 32975.796783447266 193514.66179656982 762300.73643493652 3740.3205490112305 2033.9702758789062 1791957.2616119385 121861.74155426025 1784.3735914230347 118788.63069915771 2840.4379119873047 2047.8534545898438 40057.585296630859 229953.26182556152 3714.6992950439453 152261.28583526611
leaf_count=49817 964 5527 1054 1367 21872 1764 1810 2625 1128 414756 948 14251 82889 222658 14028 1103 12383 1174 3756 167426 805 2814 1730 23275 19773 4334 23937 1048 1030 50769 1458 59393 76137 562 1955 3055 1184 960 1932 31332 653156 6263 1109 1435 8754 1641 1778 6528 19557 116858 244672 1923 1222 689150 47863 660 40359 907 576 20354 76270 1544 56682
internal_value=-1.04604e-06 0.000140932 0.00105465 0.000824188 0.00110688 0.00184191 0.00331961 0.00648618 0.00492125 8.47648e-05 0.00937138 -0.00154699 -0.000416714 0.000315974 0.000389759 0.00262064 0.000349795 0.000533968 0.00393938 -1.54459e-05 -0.00188486 0.0010705 0.00473724 -7.03644e-05 0.000175783 0.000248258 0.000719478 0.00147974 0.00112293 0.00172547 0.00570819 0.000189742 0.000833906 0.00615469 0.000498095 0.00767029 -0.000675924 0.00863231 -0.000696417 -0.000228065 -0.000268795 -0.00168428 -0.00614484 -0.00273001 -0.000320824 0.00173731 0.00274746 0.003688 0.000495539 0.00045309 0.000673515 -0.00014069 -0.00722585 -0.000351143 0.000759138 0.0061059 0.000101442 0.000275904 -0.00125547 -0.000647418 0.000561439 0.00603211 -0.000894032
internal_weight=9.11567e+06 6.7948e+06 393490 371362 331807 208303 71439.3 24445.3 22128.1 6.40131e+06 16941.6 39555 2.32087e+06 2.57037e+06 2.39576e+06 42157.3 2.3536e+06 1.56463e+06 17453.9 788971 46424.1 136864 10706.7 3.83095e+06 1.49597e+06 1.45693e+06 464908 190910 176060 129100 14850.3 273998 157098 9321.17 147777 13932 116900 8609.01 174607 2.33498e+06 2.26904e+06 71529.5 21644.7 18825.5 2.10309e+06 30527.3 26696.8 19377.1 1.54718e+06 1.5142e+06 961590 199289 5774.29 2.07256e+06 126157 4295.38 742547 280604 44095.4 42047.6 236508 6555.14 166122
internal_count=3330044 2445217 159286 150576 134958 85141 30310 8438 8710 2285931 5813 15618 884827 912065 847924 15131 832793 611820 4930 220973 13188 54831 4544 1373866 657296 637523 222767 79202 75736 51799 3466 143565 82988 4896 78092 4865 60577 2008 64141 716570 685238 32082 8807 7698 801938 12173 10532 7656 606890 587333 364675 120003 3145 789765 50287 2424 207785 100615 21894 21318 78721 2451 62209
is_linear=0
shrinkage=0.03


Tree=73
num_leaves=64
num_cat=17
split_feature=3 10 1 3 7 9 2 5 1 5 2 6 1 1 10 1 0 14 11 9 1 0 1 13 16 1 4 4 4 12 5 2 1 1 4 4 2 6 6 1 1 11 16 7 3 1 2 6 4 1 4 11 14 0 0 1 6 1 2 0 1 7 3
split_gain=544.813 389.088 471.638 330.385 292.52 267.887 212.397 347.224 203.251 202.904 183.767 232.384 303.428 249.063 220.533 287.853 200.823 176.394 248.235 1453.76 231.977 174.718 353.484 334.994 290.427 172.251 171.203 173.1 168.265 212.821 168.04 253.483 272.002 261.256 161.787 160.754 160.21 183.742 158.892 609.735 245.174 156.772 216.964 155.964 178.206 169.175 158.622 149.436 146.155 201.381 276.662 314.239 192.82 165.737 192.746 335.637 149.814 146.043 145.994 138.5 206.388 230.369 195.545
threshold=-0.098669108003377901 1.5670744776725771 0 -1.7904666066169737 0.68053114414215099 -0.23888704180717465 -1.901797831058502 -1.6821901202201841 1 0.76489081978797924 -1.3648050427436826 -0.032940823584794991 2 3 2.0446702241897587 4 382.50000000000006 -0.14088202267885205 0.63976013660430919 -0.74177575111389149 5 831.50000000000011 6 1.1729706525802615 0.10680698603391649 7 -0.21171189099550244 0.32278256118297582 -1.7580090165138242 -0.48269473016262049 -1.9876974821090696 -0.84132790565490712 8 9 -1.4865158200263975 0.93011432886123668 0.51371878385543834 -0.75275856256484974 -0.61848765611648548 10 11 1.1362043619155886 1.05499804019928 -1.7302342057228086 1.3444420695304873 12 -1.901797831058502 1.0904705524444582 1.3573725223541262 13 0.99514910578727733 1.9463328719139101 0.23951256275177005 873.50000000000011 673.50000000000011 14 1.0904705524444582 15 0.41501186788082128 929.50000000000011 16 0.02624323591589928 -1.5114245414733884
decision_type=2 2 1 2 2 2 2 2 1 2 2 2 1 1 2 1 2 2 2 2 1 2 1 2 2 1 2 2 2 2 2 2 1 1 2 2 2 2 2 1 1 2 2 2 2 1 2 2 2 1 2 2 2 2 2 1 2 1 2 2 1 2 2
left_child=1 5 3 -3 43 9 7 -4 -9 17 11 13 -13 16 25 -16 -6 18 20 -20 -1 30 59 41 -25 -12 -17 -28 29 -7 31 32 -19 -33 -35 -29 37 -5 39 -8 58 -24 -43 -2 -45 47 -47 -46 49 50 51 52 -30 54 -50 -56 -54 -11 -40 62 -61 -62 -23
right_child=4 2 6 36 10 28 38 8 -10 57 14 12 -14 -15 15 26 -18 21 19 -21 -22 22 23 24 -26 -27 27 35 48 -31 -32 33 -34 34 -36 -37 -38 -39 40 -41 -42 42 -44 44 45 46 -48 -49 53 -51 -52 -53 56 -55 55 -57 -58 -59 -60 60 61 -63 -64
leaf_value=0.0020446004362953108 0.00070436188180878379 0.014363842777324595 0.013896454488078634 0.0089817123722545876 0.0082101988355109019 0.0026596980750272963 -0.014648026287460111 0.0070993346835465211 -0.0036033192247816059 -0.00095316355369756331 -0.0011609676912291875 -0.010090332065318237 -0.0024166325311874644 -0.0028081976100971448 0.0065808043664367134 0.003994829167982444 0.00021088149009694862 0.0078591688040467612 0.023038029756630964 -0.00030272871538375993 0.00022053672181858563 0.0043234616878923002 -0.00075814593421663157 -0.0017113128568607861 -0.011692286816846732 -0.00032053591138962674 -0.0072261886809947742 0.0054620497231500937 0.0030734660623421006 -0.0024055458569051612 0.00019957797426454197 0.0032992311613646835 2.8785330391237409e-05 -0.0044620216568993301 0.00026623806405465407 -0.0029462113786012868 -0.0014218189773154628 0.0030499643672890434 0.00036985692017283756 5.7522352629031372e-05 0.003518081584849011 -0.0016659490152079466 -0.0087337705172391786 -8.7227724371453415e-05 -0.00035169058008379598 -0.0067376637285826374 -0.0014049668177227455 0.0039603027542309578 -0.0014919878753691619 0.0010242186434213743 0.0089982010061670208 0.0081165904134343769 0.00080967232175308543 -0.0075659925419117105 0.011695220478630789 -0.0010349738562675356 -0.0052020442817706496 -3.9313262720674589e-05 -0.0056843328808966814 -0.0034436982400221864 0.0038025974588272848 -9.9851410106304578e-05 -0.00035224244377764002
leaf_weight=85932.327850341797 205915.8125 3274.938232421875 2847.6622314453125 7529.376172542572 3572.6881942749023 10402.057067871094 2802.1293640136719 2936.1022911071777 3467.0213661193848 228286.88403320312 355921.66227722168 6597.2677764892578 15619.395767211914 25101.708702087402 8719.6076049804688 6377.2480487823486 13419.093856811523 10285.915573120117 3065.3662109375 11025.871765136719 232517.78860473633 8514.975341796875 149888.09435653687 5349.3807067871094 5148.4842224121094 572592.88557434082 3957.926570892334 3364.5572719573975 21217.608764648438 26409.462951660156 2011095.8008422852 25362.001369476318 6529.6773223876953 7528.1625176668167 48093.362357974052 5206.4856986999512 3820.4491893053055 12515.604936003685 19339.464345932007 25581.129148483276 24672.625045776367 14210.691757202148 5388.9129180908203 3554989.1898726821 116190.69799804688 5207.39453125 136406.78833007812 7708.55859375 22387.446929931641 263496.18151855469 6243.1011352539062 6954.8740234375 10918.012390136719 2912.0948486328125 3061.4866333007812 4730.2319641113281 5661.482421875 506723.9111328125 4395.3375205993652 6575.5482788085938 32545.645778656006 23401.6682472229 145920.11706924438
leaf_count=47393 82027 1235 1047 3594 1228 2674 904 1089 1287 71840 137540 1920 4584 10068 3278 2538 4533 2909 1008 3883 139733 2731 56891 1758 1311 202073 1456 1304 8176 11727 672753 8764 1997 2572 15394 1793 1542 4289 6004 13443 8368 3581 1008 1273674 48966 1840 56299 1600 8201 110521 1896 1912 2067 1054 904 1929 1390 196348 1395 1603 10271 7637 45448
internal_value=-6.58184e-06 0.000251621 0.00198592 0.0054329 -0.000214857 0.000202022 0.000897639 0.00519091 0.00131146 0.000121071 -0.000668537 -0.0022208 -0.00470273 -0.000910443 -0.000564121 0.00207704 0.00189362 0.000236108 0.000885308 0.00478112 0.000712848 0.000149954 -0.000427443 -0.00141028 -0.00660953 -0.000642714 -4.77314e-06 -0.00204136 0.000954545 -0.000974062 0.000258634 0.00147297 0.00482415 0.000776864 -0.00037399 0.000355706 0.00420687 0.00527976 0.000380252 -0.00140174 0.00142515 -0.00108815 -0.00361098 -9.98756e-05 -0.000143223 -0.000892933 -0.00160118 -8.32584e-05 0.00115881 0.00135836 0.00308382 0.00225851 0.00117966 -0.000737575 -7.75327e-05 0.00398488 -0.00124413 -0.000323164 -0.000751935 0.000387969 0.0015792 0.00217003 -9.43099e-05
internal_weight=9.11784e+06 4.07097e+06 113182 27140.4 5.04687e+06 3.95778e+06 86041.5 9250.79 6403.12 3.57339e+06 1.02045e+06 64310.2 22216.7 42093.5 956140 27625.8 16991.8 2.83838e+06 332541 14091.2 318450 2.50584e+06 396944 179986 10497.9 928515 18906.2 12529 384394 36811.5 2.10889e+06 97799.1 16815.6 80983.5 55621.5 8571.04 23865.4 20045 76790.7 28383.3 48407.4 169488 19599.6 4.02642e+06 3.8205e+06 265513 141614 123899 347583 314491 50995.1 44752 37797.1 33091.3 30179.2 7791.72 16579.5 735011 23734.8 216958 62522.9 55947.3 154435
internal_count=3330202 1493481 44197 10660 1836721 1449284 33537 3423 2376 1296833 372315 22333 6504 15829 349982 10369 5761 1028645 192017 4891 187126 836628 132239 64549 3069 339613 7091 4553 152451 14401 704389 31636 4906 26730 17966 3097 9425 7883 30114 14347 15767 61480 4589 1464406 1382379 108705 58139 50566 138050 125962 15441 13545 11633 12088 11034 2833 3457 268188 7399 67690 19511 17908 48179
cat_boundaries=0 2 4 6 8 10 11 13 15 17 19 21 23 25 26 28 30 32
cat_threshold=2387346064 2 1619051814 17 101249160 11 1780013081 6 2969723576 65 201720837 2533006369 84 2571957824 24 358278429 66 1345671561 48 1073750016 72 268436519 53 3775229428 102 106624 65664 16 268669591 8 8388608 80
is_linear=0
shrinkage=0.03


Tree=74
num_leaves=64
num_cat=11
split_feature=5 0 2 10 14 9 8 18 17 2 18 17 2 17 16 19 17 0 8 3 19 2 19 17 8 18 2 18 0 0 17 2 17 6 9 17 19 10 13 19 9 0 3 17 12 9 2 10 8 18 10 17 10 13 17 9 16 8 2 0 2 0 10
split_gain=483.338 427.262 571.439 378.913 326.182 402.35 386.389 322.652 314.818 290.387 347.226 514.032 277.157 264.677 262.307 325.89 248.46 251.243 293.309 237.731 267.305 227.767 276.665 357.938 297.29 324.37 388.107 241.108 431.129 335.031 264.846 322.292 228.545 225.399 224.365 652.167 426.949 286.585 346.724 367.731 474.754 528.497 348.497 303.176 238.778 240.421 283.927 220.846 269.834 220.384 216.78 670.635 212.994 212.135 211.353 223.782 206.678 206.316 204.17 201.618 195.883 395.655 192.77
threshold=-0.92820003628730763 644.50000000000011 -1.1162397265434263 1.5670744776725771 1.0573982596397402 -0.84132489562034596 2.3281401395797734 -0.82670938968658436 0 -0.16073241829872129 1.0067070126533511 1 -1.3648050427436826 2 0.78038501739501964 0.1786586940288544 3 942.50000000000011 0.45725271105766302 1.3444420695304873 -0.90130022168159474 0.065421745181083693 1.0966395139694216 4 0.96627950668334972 -1.0364525914192197 1.1716156601905825 -2.0651226043701167 142.50000000000003 745.50000000000011 5 -0.59996080398559559 6 0.038077691569924361 -0.84132489562034596 7 -0.38006861507892603 -1.314770460128784 -1.436900198459625 0.52390769124031078 -0.67982825636863697 887.50000000000011 -1.2063708901405332 8 -0.97862306237220753 -0.95061782002449025 0.21456344425678256 1.3058599829673769 1.4503113627433779 -1.0364525914192197 -2.4664380550384517 9 -1.8589775562286375 0.27320145070552831 10 -0.65286713838577259 0.35129547119140631 3.1577376127243046 -0.34133480489253992 929.50000000000011 -1.1162397265434263 262.50000000000006 1.3058599829673769
decision_type=2 2 2 2 2 2 2 2 1 2 2 1 2 1 2 2 1 2 2 2 2 2 2 1 2 2 2 2 2 2 1 2 1 2 2 1 2 2 2 2 2 2 2 1 2 2 2 2 2 2 2 1 2 2 1 2 2 2 2 2 2 2 2
left_child=3 4 14 21 7 57 9 60 -5 10 -7 -12 13 -10 -3 -16 34 47 54 -9 -21 27 56 -24 52 26 -26 28 -1 50 31 -30 59 -32 35 36 -4 38 -36 42 -41 43 -40 -42 -38 -46 -47 49 -49 -18 51 -29 -25 -44 -19 -56 -23 -6 -34 -31 61 -2 -8
right_child=1 2 16 8 5 6 62 19 12 -11 11 -13 -14 -15 15 -17 17 18 -20 20 -22 22 23 24 25 -27 -28 29 30 32 33 -33 58 -35 37 -37 44 -39 39 40 41 -43 53 -45 45 46 -48 48 -50 -51 -52 -53 -54 -55 55 -57 -58 -59 -60 -61 -62 -63 -64
leaf_value=-0.0036840182317751853 -0.0024635091382335093 -0.001743986752589104 -0.00023533016056886337 0.0078605035212919814 0.0030418873161663887 0.0022524183732335851 -3.5396137369712886e-05 -8.7927080715217293e-05 0.011333205510503881 0.00096251282939540598 0.0021710883819022549 0.013958667816118221 0.00069572976809688836 0.0024764009871938351 -0.0034326591354122645 -0.013131724900805322 0.00077734093980491418 0.0015684838193374586 0.00086134246450174986 -0.0084340966077185355 -0.0010873065979309423 0.00048695793715783402 -0.0055626635064785204 0.0092682298847182772 -0.011057940068738229 0.00024170612701367552 1.0177080003694464e-05 0.0050452548363579186 0.014329501634745766 0.00025671379470049345 0.00044087387145432325 0.0021380243964896424 -0.0019125191476810795 0.0054481188459462315 -0.010676825028218758 -0.0007398413800952647 0.0025211849005442647 -0.00063193258697180133 0.0094765559505274044 -0.016253370237381465 0.004229462814418888 -0.010972023994925931 0.00074028888427106628 -0.0062362444974270858 0.018127690532991344 0.01480581408479004 0.0020642685749151079 5.1106923036714135e-05 0.00484270494409356 -0.00042028166838753802 0.0011232405082402485 -0.0150103696814181 0.0007469138455416548 -0.0052255863851568074 0.0057203539989019664 0.017598282613900704 -0.00039422745959284228 0.0099519403373066993 0.00028110332195228102 0.0042575266297847757 0.00050830162213242203 0.0060086879976704397 0.0054515045167666011
leaf_weight=7752.9573467969894 7245.9322595596313 141607.94592285156 7624.5597229003906 8952.12646484375 12328.230346679688 28684.8095703125 290189.7917175293 3591475.8358671665 4705.4515609741211 70570.760375976562 6632.4535217285156 6703.3184509277344 44964.695068359375 8578.2620620727539 14103.588745117188 4000.03173828125 166190.82281494141 5367.175048828125 66928.740447998047 4595.64697265625 143024.71142578125 680517.36483764648 17197.363616943359 3966.143798828125 6240.4851379394531 21437.728105545044 5246.6015014648438 3107.741081237793 4431.2658081054688 54959.20919418335 16929.058966636658 3487.9502154588699 90591.9033203125 15494.429772377014 4705.5335693359375 57238.945922851562 4014.9665679931641 1030935.6369628906 3131.4669570922852 3015.8378448486328 7003.5439682006836 5391.4503631591797 17063.796350479126 3847.0360336303711 3084.6400451660156 2903.2324361801147 3435.0166330337524 26725.95044708252 17500.75072479248 823498.31329345703 468083.03079605103 2878.552864074707 7878.3921947479248 7818.0447521209717 4332.0595855712891 2130.2724761962891 369683.47183227539 5680.707275390625 66007.409912109375 14277.685791015625 567444.78125 15711.264029502869 5874.4912414550781
leaf_count=2667 2417 52276 2360 4188 2791 7729 73243 1351099 1516 17542 1801 1682 16093 2873 3802 1099 68127 2852 26015 1657 61587 281182 7961 1935 2152 7803 1777 1316 1877 21107 5980 1507 30584 4354 2123 16601 1281 338161 1053 1044 2485 1993 5973 1494 1241 790 1516 12836 7033 333693 161627 1035 3874 2070 2061 1083 104893 1161 22060 5468 213661 5290 1423
internal_value=-7.85501e-06 -0.00012095 -0.000444256 0.000414028 4.44774e-05 0.000835876 0.000642447 -3.35144e-05 0.00262703 0.00213828 0.00411255 0.0081113 0.00182044 0.0056272 -0.00217882 -0.00557872 -0.00032242 -2.05793e-06 0.00163124 -0.000136425 -0.0013163 0.000334074 6.183e-05 -0.001886 -0.000471866 -0.00193824 -0.00600489 0.000738857 0.00279342 0.000597654 0.00403854 0.00895331 -0.000353315 0.00283332 -0.000629385 0.000921364 0.00543271 -0.000741523 -0.00291494 -0.00214125 -0.00533195 -0.00329967 5.27779e-05 0.00051587 0.00865166 0.011261 0.0079076 -0.000126481 0.0019475 -0.000219171 0.00105067 -0.00461975 0.00360298 -0.0011349 0.00598491 0.00963153 0.00017677 0.00522374 -0.000987854 0.00108183 0.00061823 0.00333467 7.35649e-05
internal_weight=9.11713e+06 7.18976e+06 2.4336e+06 1.92737e+06 4.75616e+06 426665 408656 4.3295e+06 67200.5 112591 42020.6 13335.8 58248.4 13283.7 159712 18103.6 2.27389e+06 1.11267e+06 78758.2 3.7391e+06 147620 1.86017e+06 1.11217e+06 61966.7 44769.4 32924.8 11487.1 748001 48095.7 699906 40342.7 7919.22 225836 32423.5 1.16121e+06 78301.4 21062.4 1.08291e+06 51976.7 47271.2 19257.9 16242 28013.3 10850.6 13437.9 9422.89 6338.25 1.03392e+06 44226.7 989689 474069 5986.29 11844.5 24881.8 11829.5 6462.33 1.0502e+06 18008.9 156599 69236.9 590402 22957.2 296064
internal_count=3329974 2634145 891062 695829 1743083 107372 103420 1635711 24670 28754 11212 3483 20482 4389 57177 4901 833885 453700 32011 1414343 63244 671159 411577 25502 17541 11732 3929 259582 16385 243197 13718 3384 79219 10334 380185 23789 7188 356396 18235 16112 7016 5972 9096 3979 4828 3547 2306 421689 19869 401820 163978 2351 5809 8043 5996 3144 386075 3952 52644 26575 221368 7707 74666
cat_boundaries=0 1 2 3 4 5 6 7 8 9 10 11
cat_threshold=33556537 10490880 19628546 63213849 4571930 5245053 38078855 33587209 33591552 350894 2171396
is_linear=0
shrinkage=0.03


end of trees

feature_importances:
symbol_id=1072
time_id=419
feature_58=385
feature_08=302
feature_70=293
feature_61=254
feature_11=229
feature_36=226
feature_04=177
feature_01=169
feature_31=153
feature_20=145
feature_24=141
feature_29=129
feature_06=128
feature_30=126
feature_21=115
feature_27=100
feature_23=97
feature_28=65

parameters:
[boosting: gbdt]
[objective: regression]
[metric: rmse]
[tree_learner: serial]
[device_type: gpu]
[data_sample_strategy: bagging]
[data: ]
[valid: ]
[num_iterations: 2000]
[learning_rate: 0.03]
[num_leaves: 64]
[num_threads: 0]
[seed: 42]
[deterministic: 0]
[force_col_wise: 1]
[force_row_wise: 0]
[histogram_pool_size: -1]
[max_depth: -1]
[min_data_in_leaf: 1000]
[min_sum_hessian_in_leaf: 0.001]
[bagging_fraction: 0.8]
[pos_bagging_fraction: 1]
[neg_bagging_fraction: 1]
[bagging_freq: 1]
[bagging_seed: 400]
[bagging_by_query: 0]
[feature_fraction: 0.8]
[feature_fraction_bynode: 1]
[feature_fraction_seed: 30056]
[extra_trees: 0]
[extra_seed: 12879]
[early_stopping_round: 0]
[early_stopping_min_delta: 0]
[first_metric_only: 0]
[max_delta_step: 0]
[lambda_l1: 0]
[lambda_l2: 5]
[linear_lambda: 0]
[min_gain_to_split: 0]
[drop_rate: 0.1]
[max_drop: 50]
[skip_drop: 0.5]
[xgboost_dart_mode: 0]
[uniform_drop: 0]
[drop_seed: 17869]
[top_rate: 0.2]
[other_rate: 0.1]
[min_data_per_group: 100]
[max_cat_threshold: 32]
[cat_l2: 10]
[cat_smooth: 10]
[max_cat_to_onehot: 4]
[top_k: 20]
[monotone_constraints: ]
[monotone_constraints_method: basic]
[monotone_penalty: 0]
[feature_contri: ]
[forcedsplits_filename: ]
[refit_decay_rate: 0.9]
[cegb_tradeoff: 1]
[cegb_penalty_split: 0]
[cegb_penalty_feature_lazy: ]
[cegb_penalty_feature_coupled: ]
[path_smooth: 0]
[interaction_constraints: ]
[verbosity: -1]
[saved_feature_importance_type: 0]
[use_quantized_grad: 0]
[num_grad_quant_bins: 4]
[quant_train_renew_leaf: 0]
[stochastic_rounding: 1]
[linear_tree: 0]
[max_bin: 63]
[max_bin_by_feature: ]
[min_data_in_bin: 3]
[bin_construct_sample_cnt: 200000]
[data_random_seed: 175]
[is_enable_sparse: 1]
[enable_bundle: 1]
[use_missing: 1]
[zero_as_missing: 0]
[feature_pre_filter: 0]
[pre_partition: 0]
[two_round: 0]
[header: 0]
[label_column: ]
[weight_column: ]
[group_column: ]
[ignore_column: ]
[categorical_feature: 1,17]
[forcedbins_filename: ]
[precise_float_parser: 0]
[parser_config_file: ]
[objective_seed: 16083]
[num_class: 1]
[is_unbalance: 0]
[scale_pos_weight: 1]
[sigmoid: 1]
[boost_from_average: 1]
[reg_sqrt: 0]
[alpha: 0.9]
[fair_c: 1]
[poisson_max_delta_step: 0.7]
[tweedie_variance_power: 1.5]
[lambdarank_truncation_level: 30]
[lambdarank_norm: 1]
[label_gain: ]
[lambdarank_position_bias_regularization: 0]
[eval_at: ]
[multi_error_top_k: 1]
[auc_mu_weights: ]
[num_machines: 1]
[local_listen_port: 12400]
[time_out: 120]
[machine_list_filename: ]
[machines: ]
[gpu_platform_id: -1]
[gpu_device_id: -1]
[gpu_device_id_list: ]
[gpu_use_dp: 0]
[num_gpu: 1]

end of parameters

pandas_categorical:[[0, 1, 2, 3, 4, 5, 6, 7, 8, 9, 10, 11, 12, 13, 14, 15, 16, 17, 18, 19, 20, 21, 22, 23, 24, 25, 26, 27, 28, 29, 30, 31, 32, 33, 34, 35, 36, 37, 38], [9, 11, 13, 16, 24, 25, 34, 40, 50, 59, 62, 66, 76, 150, 158, 171, 214, 230, 261, 336, 376, 388, 410, 522, 534, 539]]
