tree
version=v4
num_class=1
num_tree_per_iteration=1
label_index=0
max_feature_idx=19
objective=regression
feature_names=time_id symbol_id feature_08 feature_36 feature_61 feature_04 feature_20 feature_06 feature_24 feature_29 feature_58 feature_23 feature_30 feature_28 feature_31 feature_27 feature_21 feature_11 feature_01 feature_70
feature_infos=[68:967] -1:22:28:20:10:14:26:38:3:30:7:5:34:11:32:17:24:8:23:37:31:2:12:36:1:6:19:21:13:15:16:18:0:25:4:29:9:33:27:35 [-6.4680838584899902:10.658413887023926] [-3.5879833698272705:3.611722469329834] [-5.3835306167602539:2.5774424076080322] [-3.9236674308776855:3.6751019954681396] [-3.5648505687713623:2.0042605400085449] [-18.312473297119141:27.697994232177734] [-1.4127810001373291:10.744451522827148] [-1.5957297086715698:2.7339985370635986] [-13.27663516998291:11.677576065063477] [-1.9807209968566895:2.7033905982971191] [-1.4726793766021729:0.8173288106918335] [-3.0834453105926514:2.4178903102874756] [-0.40096586942672729:4.1158304214477539] [-3.3220875263214111:2.6435503959655762] [-0.38646817207336426:3.4403641223907471] -1:12:16:13:14:5:23:1:2:8:3:24:15:18:20:7:10:4:9:22:21:6:11:17:0:19:25 [-3.8837339878082275:5.8153181076049805] [-1.6251426935195923:40.170951843261719]
tree_sizes=7346 7341 7289 7328 7292 7348 7283 7366 7339 7286 7337 7265 7327 7338 7336 7328 7271 7346 7340 7284 7306 7302 7284 7314 7310 7292 7293 7324 7314 7323 7348 7320 7346 7282 7332 7313 7308 7338 7340 7319 7295 7256

Tree=0
num_leaves=64
num_cat=17
split_feature=5 10 7 7 5 0 1 1 0 1 19 1 1 5 1 0 5 19 0 14 10 10 7 5 19 10 10 1 1 10 1 1 19 1 0 14 11 6 1 10 0 10 19 1 14 1 18 14 6 1 14 1 0 18 10 18 16 0 10 12 1 18 18
split_gain=7199.19 4010.04 3163.22 2299.94 1698.27 1629.68 1249.52 995.995 980.286 1091.28 794.886 731.02 728.171 712.136 657.156 567.576 565.136 1102.23 616.728 473.853 450.44 453.13 450.329 439.896 897.416 415.877 415.253 413.788 412.235 366.022 412.514 359.505 344.634 580.15 344.595 338.461 712.699 923.522 316.442 313.905 306.24 304.908 319.944 349.535 293.197 289.076 332.447 274.732 341.498 265.768 587.948 260.367 258.851 288.372 250.611 248.206 247.383 245.205 240.927 267.503 564.712 229.513 224.536
threshold=1.0000000180025095e-35 1.9918488860130312 0.28201435506343847 -0.16305290162563321 -1.9815356135368345 731.50000000000011 0 1 773.50000000000011 2 -1.0000000180025095e-35 3 4 -1.9815356135368345 5 773.50000000000011 2.0247550010681157 -0.4862269908189773 514.50000000000011 0.2086225971579552 1.9918488860130312 0.14382502436637881 -0.66991674900054921 -2.2401353120803829 -0.80178231000900257 0.45411628484725958 0.039558771997690208 6 7 -1.8566475510597227 8 9 1.3512750267982485 10 773.50000000000011 -0.17379648983478543 0.62992408871650707 0.24058687686920169 11 0.26327961683273321 745.50000000000011 1.9918488860130312 0.95743000507354747 12 0.82875183224678051 13 2.4054126739501958 0.74418517947196972 0.47643430531024938 14 0.24513973295688632 15 802.50000000000011 1.6505818963050845 0.64535522460937511 -0.58096221089363087 1.6026234030723574 232.50000000000003 0.039558771997690208 -0.61884894967079151 16 -0.81929251551628102 0.88319799304008495
decision_type=2 2 2 2 2 2 1 1 2 1 2 1 1 2 1 2 2 2 2 2 2 2 2 2 2 2 2 1 1 2 1 1 2 1 2 2 2 2 1 2 2 2 2 1 2 1 2 2 2 1 2 1 2 2 2 2 2 2 2 2 1 2 2
left_child=1 3 12 7 11 16 31 13 26 39 23 -3 15 -1 -7 41 20 18 25 -12 21 28 55 24 -9 -18 32 -22 -4 30 -21 -6 38 -34 -25 36 -15 -38 57 56 58 42 -2 -44 -32 -19 -47 -17 -49 50 -31 -36 -16 -54 -26 -14 -10 -5 59 -24 -61 -11 -8
right_child=2 4 5 8 6 14 62 10 9 61 19 -13 22 35 52 47 17 45 -20 29 27 -23 40 34 54 -27 -28 -29 -30 49 44 -33 33 -35 51 -37 37 -39 -40 -41 -42 -43 43 -45 -46 46 -48 48 -50 -51 -52 -53 53 -55 -56 -57 -58 -59 -60 60 -62 -63 -64
leaf_value=8.0249994407362128e-05 -0.0048448187039360604 0.022060701986013277 -0.0042291504493991881 -0.001830913657220417 0.015149865993722755 -0.0063891705601709543 -0.0038596127550986807 0.012148687403655743 -0.0058718798650262546 -0.0032179319358115206 -0.0037116199285519604 0.0062930565402239012 -0.0016732939219185885 -0.0017508165448460776 -0.0072279515084709128 -0.0061054189824659077 -0.015650665869495407 -0.0041866627869437158 -0.009582599334348376 -0.0052340563709287365 -0.0048843606067230641 -0.0063243920069953451 -0.0043490498671059962 -0.003008652587017561 -0.0026820294012404704 -0.030254842949492294 -0.004649674329352621 0.0031058432091802066 -0.0057100547115574284 -0.022482510311559255 -0.010046068941560137 0.0050506506080870888 -0.0024961823377863072 -0.0098900572911271162 -0.005584009044393266 -0.0029235417228827727 -0.0024883673471982697 0.021156289590593791 -0.004175275047091997 -0.0082345791988949341 -0.0055781537464216283 0.0005546370522516884 -0.010375939118303357 -0.005712179315163211 -0.020772372766713666 -0.0070768613235544084 -0.016452335035739403 -0.0075162286715187345 -0.01484961930092641 -0.004959113511610394 -0.006758650099201945 -0.0033668288199283861 -0.0089034957447159183 -0.015424621116116487 0.0065112865052864332 -0.0037155982010157228 -0.010696924265207406 -0.003456802821727791 -0.0048853910071412947 0.008533048025843485 -0.0031674453498626194 -0.0049965050963206217 0.0022049243644683561
leaf_weight=89171.44140625 1055819.1834716797 5592.8191986083984 253784.85372924805 105218.49889749289 3797.1051635742188 212256.42578125 23882.789695739746 4778.9091796875 169726.00799560547 117024.708984375 198917.0400390625 5128.9410552978516 65353.09423828125 112965.10450744629 96205.3505859375 207513.07202148438 3975.0381088256836 25278.841613769531 6980.5769653320312 9758.3515930175781 13996.052093505859 589291.9912109375 379207.09057617188 643209.58544921875 28139.388122558594 3157.1867446899414 835622.494140625 9989.2306213378906 507395.9602355957 2371.6189270019531 6353.3308715820312 20036.474113464355 17450.144500732422 21070.140655517578 94079.630859375 871809.85394287109 3089.0583953857422 2862.7982788085938 515524.34674072266 100886.52099609375 215943.9580078125 9011.755859375 18879.860473632812 61754.4873046875 3591.9552307128906 17392.043090820312 4228.6103515625 30276.666351318359 7042.2674865722656 184248.87930297852 21543.107238769531 96595.28955078125 223476.64810180664 6272.0032653808594 2943.7847290039062 296651.26904296875 10129.96142578125 404106.72900390625 398170.39331054688 3787.20263671875 158165.57421875 147721.08642578125 7131.9567108154297
leaf_count=30948 369786 1947 103065 32432 1631 106418 8744 1576 57789 47842 99307 1894 24885 61343 27646 77375 1347 8234 2365 3600 5879 217774 137345 236959 10297 993 306350 3687 178990 1422 2163 7974 7789 9200 32062 288710 1193 1045 215754 31510 82080 3628 8249 23451 993 6864 1678 8085 1636 58652 8921 37494 64102 1735 1028 113076 2091 126139 152506 1270 64568 59936 2925
internal_value=-0.00453893 -0.00372491 -0.00535382 -0.00382514 0.00364382 -0.00628075 0.00150809 -0.00316056 -0.00447122 -0.00559213 -0.00372111 0.0145615 -0.00472461 -0.00248761 -0.00768859 -0.00522057 -0.00575288 -0.00857803 -0.0159271 -0.00478151 -0.00562746 -0.00569984 -0.00427015 -0.00320076 5.24164e-05 -0.0221289 -0.00414923 -0.0015527 -0.00521632 -0.00571547 -0.00962303 0.00667101 -0.00375598 -0.00654157 -0.00334069 -0.00271873 -0.00121737 0.00889657 -0.00365127 -0.0068951 -0.00455946 -0.00494033 -0.00498393 -0.00680532 -0.0139169 -0.00636559 -0.00891085 -0.00653166 -0.00890127 -0.00534549 -0.00831983 -0.00446078 -0.00853453 -0.00908175 -0.00180972 -0.00334686 -0.0061438 -0.00312092 -0.00432527 -0.00391315 -0.00289255 -0.00421033 -0.00246486
internal_weight=9.76774e+06 4.88648e+06 4.88126e+06 4.82091e+06 65570.1 1.97368e+06 54848.3 2.37643e+06 2.44448e+06 545488 1.29653e+06 10721.8 2.90758e+06 1.0799e+06 538210 1.3903e+06 1.43547e+06 61012.3 14112.8 426784 1.37446e+06 1.35047e+06 1.51728e+06 869747 35862.1 7132.22 1.89899e+06 23985.3 761181 227867 19703.6 23833.6 1.06337e+06 38520.3 833885 990727 118917 5951.86 1.02485e+06 280742 1.15527e+06 1.14547e+06 1.13645e+06 80634.3 9945.29 46899.5 21620.7 244832 37318.9 208164 23914.7 190675 325954 229749 31083.2 362004 179856 509325 939330 541160 161953 264746 31014.7
internal_count=3598377 1799660 1798717 1774545 25115 730777 21274 877713 896832 199168 494474 3841 1067940 383239 199901 492210 530876 21481 4705 175058 509395 499829 575730 319416 12901 2340 697664 9566 282055 75751 6756 9605 391314 16989 306515 352291 63581 2238 374325 91390 437769 405114 401486 31700 3156 16776 8542 87096 9721 68995 10343 69556 93483 65837 11325 137961 59880 158571 355689 203183 65838 107778 11669
cat_boundaries=0 2 4 6 8 10 12 14 16 18 19 21 23 24 26 27 29 31
cat_threshold=2672804504 12 479054993 44 3774952359 90 3193618620 6 1892901527 66 938787928 53 1353834342 52 590352430 53 3271565826 3 2281963528 96707037 13 302365863 12 809501185 4010425328 9 553648640 3774882598 2 0 4
is_linear=0
shrinkage=1


Tree=1
num_leaves=64
num_cat=19
split_feature=5 3 10 7 3 2 7 3 0 2 1 0 1 2 3 3 4 1 7 3 1 1 1 5 1 2 18 1 16 10 10 5 10 1 0 1 1 1 1 1 0 5 10 15 6 2 1 2 6 2 1 10 1 15 8 0 2 1 5 7 2 1 18
split_gain=6970.42 3712.31 3310.76 3005.47 1868.49 1763.53 1760.6 1542.05 1521.81 1246.82 1230.76 1170.67 1353.47 1096.54 1069.25 927.303 806.076 691.297 687.903 661.525 649.526 615.543 581.919 580.167 578.167 513.092 659.229 477.759 465.007 458.557 467.038 450.765 436.594 460.419 419.912 578.674 409.277 396.393 388.319 385.297 355.531 320.774 319.862 303.958 394.481 297.516 295.759 285.646 278.057 274.614 266.561 253.509 283.218 252.306 588.793 251.414 353.894 332.527 251.449 249.423 246.747 239.289 238.338
threshold=-0.18189734965562818 1.7640202045440676 1.9918488860130312 0.28201435506343847 -1.7656701207160947 -1.3434706330299375 -0.7305830419063567 -1.7656701207160947 731.50000000000011 -0.75336000323295582 0 788.50000000000011 1 -1.3434706330299375 -0.095320485532283769 0.095426820218563094 -0.13379042595624921 2 0.18993539363145831 0.59018751978874218 3 4 5 -1.8075131773948667 6 -1.1064002513885496 -1.5107637643814085 7 1.6026234030723574 1.9918488860130312 1.0000000180025095e-35 2.0247550010681157 -1.1474289894104002 8 745.50000000000011 9 10 11 12 13 773.50000000000011 -1.9815356135368345 0.26327961683273321 1.2876382470130923 0.24058687686920169 -0.15012039244174954 14 0.41615805029869085 -2.1325372457504268 -1.3434706330299375 15 1.9918488860130312 16 1.2876382470130923 1.2673923969268801 788.50000000000011 -1.1064002513885496 17 -1.9815356135368345 -0.5646880269050597 0.7251608967781068 18 0.88319799304008495
decision_type=2 2 2 2 2 2 2 2 2 2 1 2 1 2 2 2 2 1 2 2 1 1 1 2 1 2 2 1 2 2 2 2 2 1 2 1 1 1 1 1 2 2 2 2 2 2 1 2 2 2 1 2 1 2 2 2 2 1 2 2 2 1 2
left_child=2 3 6 14 -4 16 7 9 19 21 23 15 -13 27 17 25 18 53 -3 29 -15 -1 -7 -6 41 26 -8 -10 42 30 36 -20 33 -26 59 -36 -5 -17 -31 43 51 49 -14 -27 -45 -44 -32 -25 -24 -9 -42 61 -53 -2 -55 56 58 -57 -34 -16 -35 -19 -12
right_child=1 5 4 8 10 22 11 24 13 -11 62 12 28 20 34 37 -18 40 31 -21 -22 -23 48 47 32 39 -28 -29 -30 38 46 -33 55 60 35 -37 -38 -39 -40 -41 50 -43 45 44 -46 -47 -48 -49 -50 -51 -52 52 -54 54 -56 57 -58 -59 -60 -61 -62 -63 -64
leaf_value=0.026978352744653582 0.0016944239107312927 -0.010493466302739906 0.026756565825207149 0.0016615880565861376 0.020375655418307888 0.0040618552147994608 0.01571194102934706 0.010520279197910877 -0.013451383008739208 0.0041002650136737588 0.0010822688299792873 0.00090133387257802561 -0.00094461719262502186 -0.0039332884943917498 0.00039704854496045111 0.00058298455213188019 -0.003597279497369414 -0.00020407080894993451 -0.015287026510122521 -0.0020716327721779083 -0.0017158530837272127 0.011131265845159395 -0.014315458621525372 0.010841769700937934 0.0020500654285295992 0.0015655088851947601 0.0032550168835230168 -0.0057251379855173734 -0.0062756780633877619 0.012625487968536389 -0.00020115308889032878 -0.029573905113038434 0.013189757718518921 -0.0015509029697331892 -0.0028778993592216903 -0.00043623024520143589 -0.00045920669033880672 -0.00058638724969706886 0.0018698034853632704 0.00067838455207000731 0.00057977701612924623 0.0022204752602094369 -0.0045571686070662231 0.0022942086311883987 0.01188511025912933 -0.0015396240413947536 -0.0016636115624531083 0.0013583644541243461 -0.0049182406397867105 0.0038995622507786852 -0.0016662561253220954 0.014022106969756453 0.001616490824826945 0.0018827259097173529 0.016739986083006076 0.0025448618426553234 0.0015705921302605875 -0.00074449599127110672 0.0041277052356544384 -0.00050555358809415817 -0.0066365872808129712 0.00080636098706740079 0.0072904249413340413
leaf_weight=4007.5639343261719 287465.92895507812 6027.0891349315643 4387.7890625 101955.5078125 5225.3311767578125 6502.6290893554688 4240.7393798828125 6392.441650390625 9886.3093872070312 14972.646057128906 24171.757186889648 285403.630859375 234187.99014282227 178067.84729003906 367324.8642578125 623110.23394775391 4447.156733751297 323001.20852661133 3351.3281059265137 379758.4990234375 357923.98474121094 5034.2138366699219 2951.514910697937 15365.895077705383 22102.785888671875 673565.95330810547 38503.870727539062 26763.878112792969 20137.455078125 3715.9773483276367 171815.03257751465 4952.965576171875 3541.7083740234375 23310.466613769531 146202.294921875 217051.07275390625 415982.23229980469 448785.623046875 15952.928901672363 734059.68774414062 73580.604248046875 397654.79063415527 52010.381591796875 11126.242889404297 5907.3500061035156 67673.754058837891 451634.8429107666 3513.4792394638062 69237.582074165344 47694.781005859375 134423.46948242188 2585.5289459228516 4592.4844818115234 8269.2224578857422 3378.5614776611328 39484.137451171875 336579.10221862793 92265.271331787109 12398.308044433594 1102690.5489692092 13591.799865722656 607951.86056518555 7226.3341941833496
leaf_count=1309 123001 2006 1665 39457 1803 1738 1383 2001 3412 6064 9006 109906 85196 57348 138916 196918 1484 128628 1163 143117 141968 1725 1263 5966 8441 224974 13442 9745 4135 1429 68124 1590 1298 9740 48049 85557 152044 199382 6342 287306 31038 136455 17719 3095 1616 23258 160347 1345 28895 16144 42527 1002 1938 2333 1167 18858 134370 33042 4765 399142 6410 200771 3009
internal_value=9.22336e-06 -0.000698243 0.000917108 -0.000593348 0.00792078 -0.00650062 0.000817649 0.00190359 -0.0014755 0.00941482 0.00642943 0.000471693 -0.00065454 -0.002796 -2.46762e-05 0.000764158 -0.0147601 0.000585511 -0.0182216 -0.000984734 -0.00245267 0.0182083 -0.0045288 0.0115258 0.00172226 0.00125413 0.00449258 -0.00781606 -0.00184179 -0.000629224 -0.000707495 -0.0238209 0.00106275 -0.00137355 -0.000505715 -0.00141907 -4.16952e-05 9.33868e-05 0.0039119 0.00115696 0.000250312 0.0025153 -0.00158944 0.0016656 0.0056229 -0.00285107 -0.00126061 0.00907772 -0.00530268 0.00468295 -0.000871788 0.000499112 0.00611343 0.00186982 0.00619756 0.00135963 0.00177751 0.000241491 0.00614471 -0.000280012 -0.00342377 0.000455791 0.00251122
internal_weight=9.76708e+06 5.48944e+06 4.27763e+06 5.39197e+06 59890.6 97470.3 4.21774e+06 1.01903e+06 2.11346e+06 24014.4 55502.8 3.19871e+06 659413 572642 3.27852e+06 2.5393e+06 18778.5 1.44525e+06 14331.4 1.54082e+06 535992 9041.78 78691.7 24104.7 995016 1.4674e+06 42744.6 36650.2 374010 1.16106e+06 1.14139e+06 8304.29 543274 59005.1 1.83327e+06 363253 517938 1.0719e+06 19668.9 1.42466e+06 1.14614e+06 451742 353872 690600 17033.6 119684 623450 18879.4 72189.1 54087.2 208004 938131 7178.01 299114 11647.8 484269 352519 131749 15940 1.47002e+06 36902.3 930953 31398.1
internal_count=3597287 2025541 1571746 1987402 22794 38139 1548952 380622 783333 9098 21129 1168330 240214 212473 1204069 928116 6243 532405 4759 570860 199316 3034 31896 9114 371524 531816 14825 13157 130308 427743 419972 2753 216924 24591 671664 133606 191501 396300 7771 516991 405904 154600 126173 229685 4711 40977 228471 7311 30158 18145 73565 332339 2940 126501 3500 192333 140433 51900 6063 538058 16150 329399 12015
cat_boundaries=0 2 4 6 8 10 12 14 16 18 20 22 24 26 28 30 32 34 36 38
cat_threshold=2651766968 36 519998488 36 218370048 29 3355456290 74 2487935149 33 526384 4 411946121 44 3221240772 11 21103362 67 3825218470 66 51384356 33 303025343 100 2332434576 10 403029143 13 707006730 51 820563016 32 2454217876 2 108007440 16 1355825693 64
is_linear=0
shrinkage=0.03


Tree=2
num_leaves=64
num_cat=14
split_feature=5 3 10 7 7 3 3 0 5 19 0 17 17 3 5 19 3 19 16 17 10 17 17 3 17 17 7 0 14 11 0 0 17 19 17 17 14 0 10 19 17 3 3 0 10 5 9 15 4 19 16 12 19 10 19 10 17 0 10 19 17 12 17
split_gain=6421.12 3277.45 3239.64 2517.09 2003.11 1700.99 1684.21 1325.55 1169.44 1076.73 961.61 1100.99 892.962 882.53 736.955 713.947 678.568 677.177 606.581 548.171 525.922 504.659 497.599 494.262 492.036 455.6 396.704 365.571 365.135 1618.18 359.772 352.68 453.812 351.831 344.13 342.124 336.77 324.217 301.708 299.468 298.113 296.888 288.326 280.602 279.664 277.28 267.376 285.72 471.565 256.655 254.113 253.133 307.885 271.364 253.011 250.053 244.828 253.79 242.125 278.159 236.132 230.731 224.688
threshold=1.0000000180025095e-35 1.7640202045440676 1.9918488860130312 0.28201435506343847 -0.16305290162563321 -1.7656701207160947 -1.7656701207160947 717.50000000000011 2.0247550010681157 -0.64048501849174488 788.50000000000011 0 1 -0.095320485532283769 -1.4566094875335691 0.024302059784531597 0.39831686019897466 -0.25017762184143061 0.36483025550842291 2 1.9918488860130312 3 4 0.50854587554931652 5 6 0.18993539363145831 759.50000000000011 -0.17379648983478543 0.62992408871650707 514.50000000000011 745.50000000000011 7 0.95743000507354747 8 9 0.82875183224678051 928.50000000000011 0.26327961683273321 1.1253315210342409 10 -0.22691761702299115 0.72557580471038829 942.50000000000011 -1.0000000180025095e-35 -1.4566094875335691 -0.21066977083683011 1.2876382470130923 0.38342870771884924 0.72087940573692333 1.6026234030723574 -1.0111786127090452 0.28451441228389746 -1.5217533111572263 0.050588730722665794 0.71075326204299938 11 914.50000000000011 0.060423258692026145 0.95743000507354747 12 -0.65255156159400929 13
decision_type=2 2 2 2 2 2 2 2 2 2 2 1 1 2 2 2 2 2 2 1 2 1 1 2 1 1 2 2 2 2 2 2 1 2 1 1 2 2 2 2 1 2 2 2 2 2 2 2 2 2 2 2 2 2 2 2 1 2 2 2 1 2 1
left_child=2 3 4 13 5 9 -4 20 -3 22 16 38 14 21 49 19 45 26 56 28 23 46 -1 44 -19 42 -10 41 29 -7 -28 54 -33 55 -22 43 -37 -13 50 -23 -20 -21 -9 -29 60 -6 47 -2 -49 -8 -12 52 -42 61 -15 -11 57 -17 59 -47 -5 -53 -61
right_child=1 8 6 7 10 15 12 25 17 33 11 37 -14 31 -16 18 -18 24 40 27 34 39 -24 -25 -26 -27 30 35 -30 -31 -32 32 -34 -35 -36 36 -38 -39 -40 -41 51 -43 -44 -45 -46 58 -48 48 -50 -51 -52 53 -54 -55 -56 -57 -58 -59 -60 62 -62 -63 -64
leaf_value=0.024556561240265663 0.00089830118165122933 -0.0046711233036452375 0.02476454189333686 0.0011516138934932192 0.001786490688327879 0.0036477407833135993 0.0136319778054834 -0.0030756754555917479 -0.010393357475482264 0.004694684333604305 -0.0013709851828081377 -0.00019108493889294945 0.0032768004706277623 -7.2253690337474509e-05 0.0069388599529547103 0.0014371970883325239 -0.00050966186684173599 -0.017581842776908496 -0.00023251923099894048 0.0021477493701844968 -0.00091016094289843774 0.00027217802010885819 0.010580667111468526 -0.0019825110498959036 -0.0024034525815335105 -0.0018353865739190352 -0.030248868586528452 0.0013354733659315002 0.002189609090916931 0.02811795035909154 -0.015855540030753037 -0.0025451539147443992 -0.00028916185823000553 -0.0029806227014209405 0.0060721160045797149 0.00025371689767500629 -0.0027394539236223789 0.0024988100842530943 -0.003741937531058029 -0.0021469458572813344 -0.001150004111281522 0.0010571496581809516 -0.0054388068970059791 0.0072120160650349747 -0.0011796391791757555 0.0010723949680354031 0.0032823792499708637 0.0011751840851231311 0.014603681069204798 0.024833257523628086 -0.0065438738787792243 -0.002276048659866681 -0.011739892577631939 -0.00099902698321750944 -0.0010019905800616013 0.012578941687881687 0.00044742757775968604 0.0052162912004276333 6.296265043489759e-05 -0.0063097145097119282 -0.00052499782448598179 -0.012511347168927734 -0.00044302182390766018
leaf_weight=3652.4288949966431 250079.81018066406 72753.408203125 4663.7578125 97428.184326171875 193113.26123046875 40614.565002441406 4323.626708984375 235431.9033203125 3487.5485382080078 26706.378982543945 159765.37890625 183538.43127441406 38297.962783813477 915715.92877197266 14866.97184753418 165589.28318786621 554699.87060546875 2776.532160282135 124940.7190246582 390319.14697265625 10767.018844604492 875463.009765625 6332.2992544174194 386423.56890869141 6213.8621420860291 270834.65625 3128.7853841781616 83452.625 348622.40979003906 2582.3244018554688 3164.4182596206665 165443.30932617188 155853.27484130859 4777.3057861328125 15481.383499145508 168809.70352172852 42304.917083740234 51679.2802734375 97796.9755859375 48607.251953125 4371.7197418212891 529310.88037109375 57906.4228515625 8010.819091796875 521344.15509033203 650427.62555813789 62632.25048828125 6527.0924987792969 3676.7120666503906 3239.7277221679688 9025.39013671875 4281.5696874856949 5681.2153778076172 43439.833892822266 369808.41931152344 4186.5714569091797 348046.6997833252 17699.626220703125 505824.61254882812 7281.9503784179688 337280.79614257812 3690.4012597799301 30191.714416503906
leaf_count=1050 104745 29221 1783 37664 68412 21064 1348 69501 1136 10641 55414 73999 15419 322125 5346 75025 209534 1269 37522 138084 4660 307298 2401 143860 2002 121534 986 32764 116204 756 1023 51339 66744 2021 5635 61823 10784 21129 30961 20349 1053 192200 18303 3306 191028 233913 23862 1938 1158 1125 1862 1093 1490 12826 147090 1598 145451 7779 184847 4097 122702 1181 12205
internal_value=-9.22877e-07 -0.000770862 0.000767767 -0.000663334 0.000677794 0.00129774 0.00740007 -0.00149924 -0.00639422 0.00703222 7.45733e-05 -0.00109609 0.0060646 -9.71658e-05 0.0108165 0.00118545 0.000377142 -0.0130696 0.000398246 0.0015355 -0.000994851 0.000501695 0.015738 -0.00107708 -0.00712043 -0.00272292 -0.0185316 0.00122242 0.00251197 0.00511366 -0.0230298 -0.000561916 -0.00145094 0.00459346 0.00321034 0.000317899 -0.000346114 0.000399931 -0.00241597 0.000144917 -0.00107417 0.00152004 -0.00354213 0.00185033 -0.000711114 0.000731841 0.0015226 0.00109914 0.00601862 0.0184432 -0.00164777 -0.00278437 -0.00713753 -0.00193309 -0.000339715 0.00576501 0.000914812 0.00180217 0.00056122 0.000927593 -0.000149208 -0.00701907 -0.00158554
internal_weight=9.76439e+06 4.87823e+06 4.88616e+06 4.78671e+06 4.82077e+06 2.37742e+06 65392 1.9329e+06 91524.6 45655 2.44334e+06 501805 60728.3 2.85381e+06 22430.3 2.33177e+06 1.94154e+06 18771.1 717741 1.61403e+06 1.36873e+06 1.24699e+06 9984.73 1.34248e+06 8990.39 564173 9780.75 1.22221e+06 391819 43196.9 6293.2 1.60682e+06 321297 35670.3 26248.4 302578 211115 235218 266588 924070 186405 919630 293338 91463.4 956053 1.38684e+06 322916 260284 10203.8 7563.35 168791 61464.7 10052.9 51411.8 1.28552e+06 30893 531336 183289 1.19373e+06 687901 434709 7971.97 37473.7
internal_count=3596682 1797172 1799510 1761535 1774489 878116 25021 714887 35637 17711 896373 183365 23238 1046648 7819 860405 713008 6416 283420 576985 505549 459350 3451 495254 3271 209338 3145 438961 138024 21820 2009 587298 118083 14260 10295 108677 72607 95128 88237 327647 55165 330284 87804 36070 351394 503474 131703 107841 3096 2473 57276 17643 2543 15100 469215 12239 228255 82804 435062 250215 160366 2274 16302
cat_boundaries=0 1 2 3 4 5 6 7 8 9 10 11 12 13 14
cat_threshold=32022160 34646075 38021160 39873728 9617982 36774972 30709264 30184976 6628704 2294022 29365521 18998275 6472576 53020936
is_linear=0
shrinkage=0.03


Tree=3
num_leaves=64
num_cat=21
split_feature=5 10 3 7 7 3 3 2 2 1 3 3 1 7 5 3 1 19 1 2 1 1 5 1 10 3 10 19 1 1 14 10 2 1 1 1 1 1 10 1 14 7 1 1 2 15 6 10 1 19 1 10 5 13 11 15 3 1 2 18 1 2 14
split_gain=6219.47 3266.27 2974.67 2477.5 1944.26 1834.96 1542.98 1515.48 1367.85 1111.15 1018.27 828.657 827.344 764.783 696.357 678.945 605.153 560.617 551.131 512.463 512.059 471.319 425.712 435.047 412.009 400.364 394.149 497.009 653.192 382.486 353.231 338.504 308.619 302.909 283.929 275.699 273.557 269.255 264.873 295.221 572.686 253.626 253.478 246.835 233.404 229.876 229.538 228.024 227.878 223.148 497.227 217.801 211.349 209.002 206.99 204.709 204.17 203.564 202.15 201.513 216.059 191.728 207.207
threshold=-1.0000000180025095e-35 1.9918488860130312 1.7640202045440676 0.026768094860017303 -0.16305290162563321 -1.7656701207160947 -1.7656701207160947 -1.3434706330299375 -0.95199516415595997 0 0.63265207409858715 0.39831686019897466 1 -0.35646493732929224 -1.4566094875335691 -0.095320485532283769 2 -1.0000000180025095e-35 3 -1.3434706330299375 4 5 1.7954444885253908 6 0.10106483474373819 0.095426820218563094 -0.063112985342740999 0.95743000507354747 7 8 0.2086225971579552 1.9918488860130312 -1.8392598628997801 9 10 11 12 13 -1.8566475510597227 14 0.24513973295688632 1.1335500478744509 15 16 -1.3434706330299375 1.2876382470130923 -0.48747150599956507 -0.2294681519269943 17 1.3512750267982485 18 1.9918488860130312 -2.2401353120803829 1.1787539720535281 0.86522331833839428 1.573121249675751 0.095426820218563094 19 -1.3434706330299375 1.6505818963050845 20 0.41615805029869085 0.33820785582065588
decision_type=2 2 2 2 2 2 2 2 2 1 2 2 1 2 2 2 1 2 1 2 1 1 2 1 2 2 2 2 1 1 2 2 2 1 1 1 1 1 2 1 2 2 1 1 2 2 2 2 1 2 1 2 2 2 2 2 2 1 2 2 1 2 2
left_child=1 4 3 15 6 -3 8 13 16 14 18 26 25 -4 -7 21 -1 44 51 36 -9 -2 -15 -24 49 32 27 34 -29 -10 55 41 -8 -13 45 -33 -12 -17 42 40 -40 -26 -32 -16 52 -6 -37 -34 -28 59 -51 -5 -14 -47 -52 -19 -46 -22 -36 -20 -61 62 -45
right_child=2 5 7 10 11 9 12 20 29 -11 19 33 17 22 43 37 -18 30 24 -21 57 -23 23 -25 31 -27 48 28 -30 -31 38 35 47 -35 58 46 -38 -39 39 -41 -42 -43 -44 61 56 53 -48 -49 -50 50 54 -53 -54 -55 -56 -57 -58 -59 -60 60 -62 -63 -64
leaf_value=0.023900880903193918 0.0014364457130610307 0.025775993337875169 -0.0043908935340331284 -5.7731047802687102e-05 0.0015837296998255786 0.017369980218399434 0.0081473463557198318 0.0041460368110033275 0.006751962654893741 0.0024157693658522997 -0.0028329053267259346 -0.0015773096188069712 0.010365419076578054 -0.009638873432515337 0.013447133905874129 0.00014221108919673574 0.0097577965070177221 0.00088259340358527358 -0.00076371744355707922 -0.0021706736497282015 -0.0071547503326043265 8.9453073107892677e-05 -0.012503494311170024 -0.026395039766650752 -0.0014889338749246406 0.0010504231990073015 0.00060780464028577035 0.0012914877693297297 -0.0053079812212143297 0.00039586629713556001 -0.0095150096710254119 0.0054712041085917115 0.0028651606812153526 -0.00029446892669699869 0.0054196587909470387 -0.0063893344393328401 -0.0090815103739611686 -0.00077263413354101854 -0.018024276774459357 -0.00031500056433213605 -0.0023299447298404858 -0.0027387895329809039 -0.0021104686185737472 0.0045055799195761401 0.0013934128117616864 0.011977125326185455 0.001316247990960306 0.0017038276601542186 -0.00036265831646207516 -0.009091435313952418 0.00058046311707471183 0.0055755225457508988 0.002749097844097824 0.0030042844334455484 -0.0066042710249553755 -0.0041716215449790562 0.00044513244282241382 -0.0036986940319371675 0.00046648461261042151 0.0035814371028527639 -0.00058835015888600501 -0.002032180009867829 0.013979101859447228
leaf_weight=4791.0304088592529 431335.0498046875 4552.59716796875 5495.1873092651367 406669.39855957031 340949.28784179688 9045.6763916015625 7945.32666015625 6094.7448501586914 18113.591691970825 33837.909511566162 10862.967178344727 279483.10595703125 4065.59521484375 4041.7209548950195 4262.8313903808594 512941.505859375 6435.5253772735596 194509.03829956055 792765.04034423828 572366.59765625 23879.386245727539 510475.0068359375 3274.0393886566162 5703.3096714019775 563871.86431884766 389622.826171875 343531.0234375 28024.115295410156 26019.858337402344 16093.547834396362 5946.1834716796875 10197.370178222656 265176.36395263672 406759.42565917969 7548.732421875 4707.1781806945801 15139.007431030273 664791.105232656 2322.5567169189453 186179.07865905762 20749.355834960938 197247.27905273438 13857.246215820312 8146.8670053482056 525656.27418518066 3584.2615661621094 13293.061016082764 357122.673828125 594765.03491210938 9187.1884002685547 18366.230049133301 6267.36962890625 16899.4931640625 6707.0500793457031 4486.2055740356445 7485.098876953125 334308.10054016113 43220.57251739502 405819.48645019531 20397.523254394531 24733.267272949219 2673.3385000228882 2788.5534706115723
leaf_count=1519 163395 1758 1832 179763 109060 3175 2453 1631 7578 12999 3644 116936 1474 1431 1778 199051 2222 101337 272092 217378 9637 182957 1063 1845 192423 138738 152733 11079 12108 6338 2023 4360 89943 142575 2862 1987 5646 234269 1389 60066 8585 69785 4832 3681 192425 884 4052 119226 184782 3542 8297 2942 6099 2024 1501 2120 129592 18272 161374 7732 7472 991 647
internal_value=-5.03063e-06 0.000751676 -0.000762353 -0.000659883 0.000661387 0.00741554 0.00127218 -0.00611421 0.00674737 0.00603772 -0.0012677 6.70728e-05 0.00116548 -0.0137811 0.0105848 0.000105953 0.0158314 0.000667241 -0.000952908 -0.00235784 -0.00417409 0.000706376 -0.0177414 -0.0213819 -0.00119698 0.0018064 0.000412367 0.000893417 -0.00188681 0.00376417 -0.000219293 -0.00169327 0.00227378 -0.000816961 0.00108994 0.00153425 -0.00647663 -0.000374195 -0.00102575 -0.000711857 -0.0039117 -0.00181286 -0.00434147 0.00715248 0.00110104 0.00171708 -0.000699637 0.00219872 -7.34632e-06 -0.000746678 -0.00320361 2.78338e-05 0.00422819 0.00613365 -0.000830759 0.000695206 0.00102478 -0.00492995 0.000556988 -0.000652711 0.0012971 0.00516285 0.00692663
internal_weight=9.76759e+06 4.88578e+06 4.88181e+06 4.7901e+06 4.82047e+06 65307.8 2.37728e+06 91709 45433.7 60755.2 2.67056e+06 2.44319e+06 2.33185e+06 18514.3 26917.3 2.11954e+06 11226.6 1.31198e+06 2.07219e+06 598369 73194.7 941810 13019.1 8977.35 1.65925e+06 1.01987e+06 1.75695e+06 818653 54044 34207.1 431049 789317 630244 686243 764609 28197.6 26002 1.17773e+06 229054 209251 23071.9 761119 19803.4 17871.6 880929 351241 18000.2 622299 938296 869935 32039.6 412937 20965.1 10291.3 22852.4 201994 859964 67100 413368 837896 45130.8 13608.8 10935.4
internal_count=3597404 1799405 1797999 1762288 1774376 25029 877959 35711 17657 23271 982616 896417 860302 6171 10272 779672 3741 509942 755948 226668 29540 346352 4339 2908 573243 350360 636906 299391 23187 13916 180352 272607 211622 259511 276204 10399 9290 433320 76895 70040 9974 262208 6855 7097 329590 111968 6039 209169 337515 300636 13340 182705 7573 2908 9798 103457 322017 27909 164236 287296 15204 5319 4328
cat_boundaries=0 2 4 6 8 10 12 14 16 18 20 22 24 26 28 29 31 32 34 36 38 40
cat_threshold=2651766968 38 411946129 44 2521751565 1 186912776 49 526384 4 2368478560 61 1813256829 10 25932286 13 1217233669 25 3912250208 25 303373483 12 2764750992 8 727532568 96 2336021512 60 553648640 537919520 80 2281963672 1020575953 45 604505633 64 696484874 16 3826336437 10
is_linear=0
shrinkage=0.03


Tree=4
num_leaves=64
num_cat=13
split_feature=5 3 10 2 7 7 3 3 2 0 4 17 0 17 2 7 3 19 0 5 3 16 17 17 9 10 10 0 17 7 2 17 2 0 17 19 17 5 10 3 17 16 2 17 8 17 0 10 19 0 16 19 4 0 2 0 19 0 17 0 17 6 7
split_gain=5795.32 2829.6 2774.16 1957.59 1839.96 1804.51 1762.13 1399.59 1348.8 1148.46 943.599 842.718 837.51 953.447 777.578 728.048 645.243 636.22 620.184 602.174 581.078 556.447 535.179 470.161 462.875 462.373 478.864 455.663 421.167 387.611 361.391 354.918 341.824 339.58 380.236 326.164 315.391 297.983 373.965 294.846 286.336 282.473 281.695 274.572 271.387 268.413 294.347 268.153 264.296 260.935 291.044 259.445 338.163 257.447 247.081 239.235 233.674 237.816 319.204 233.334 233.252 231.227 225.632
threshold=1.0000000180025095e-35 0.77648988366127025 1.9918488860130312 -1.8392598628997801 -0.19215949624776837 -0.026401109062135216 -1.7656701207160947 -1.7656701207160947 -0.95199516415595997 731.50000000000011 -0.13379042595624921 0 788.50000000000011 1 -1.1064002513885496 0.28201435506343847 -0.1932459473609924 1.0000000180025095e-35 514.50000000000011 -1.4566094875335691 1.7640202045440676 0.36483025550842291 2 3 -0.1255623400211334 1.9918488860130312 0.12204815819859506 788.50000000000011 4 0.55570524930953991 -0.36284026503562922 5 0.41615805029869085 788.50000000000011 6 1.3512750267982485 7 2.0247550010681157 -0.39147907495498652 -0.1282941401004791 8 1.0239290595054629 -1.3434706330299375 9 1.3343958854675295 10 928.50000000000011 -1.8566475510597227 0.95743000507354747 802.50000000000011 0.22385132312774661 0.95743000507354747 1.5712455511093142 886.50000000000011 -1.3434706330299375 942.50000000000011 0.050588730722665794 127.50000000000001 11 646.50000000000011 12 -1.702743351459503 -2.6574690341949458
decision_type=2 2 2 2 2 2 2 2 2 2 2 1 2 1 2 2 2 2 2 2 2 2 1 1 2 2 2 2 1 2 2 1 2 2 1 2 1 2 2 2 1 2 2 1 2 1 2 2 2 2 2 2 2 2 2 2 2 2 1 2 1 2 2
left_child=2 5 4 10 7 24 -4 8 22 25 15 19 16 30 49 -3 54 23 -17 -8 29 45 -1 -9 31 26 35 39 -16 -5 53 51 44 34 -12 36 42 60 -39 -25 -23 -29 -7 -27 -21 -19 -47 -42 -10 -11 -51 -2 -53 -14 -6 -15 57 58 -18 -31 -22 -62 -13
right_child=1 3 6 20 12 9 11 17 48 14 33 62 13 55 28 18 56 21 -20 32 37 40 -24 27 -26 43 -28 41 -30 59 -32 -33 -34 -35 -36 -37 -38 38 -40 -41 47 -43 -44 -45 -46 46 -48 -49 -50 50 -52 52 -54 -55 -56 -57 -58 -59 -60 -61 61 -63 -64
leaf_value=0.023286885810113563 -0.00011369826976517987 -0.0073870299685307545 0.024622954196472042 -0.0013110921553765116 0.0045198415060199067 0.0087780099732847616 0.016390032951016348 0.0021440501436898025 0.0045770192607398341 -0.0021716772004138326 0.0083763502191809697 0.010979268169040922 -0.0023171498052399694 -3.1737955955954795e-05 -0.0025646011506509675 -0.028726160977097497 0.0061924099827304659 -7.5763160103687184e-05 -0.013366915995588083 0.0050149150245585687 -0.00046546368253411484 -0.0001446268048908937 0.009800324906490375 0.0020531219431625179 0.0022478988144823547 0.0082735519939855454 -0.0011995638788657029 0.00019197081445106919 -0.00088078010808317507 -0.0020282142612439713 -0.0016602356396361812 0.00063461771806989941 -0.0021543473092262328 -0.010458432155623986 -0.0047189813276647258 -0.0030085931111024076 -0.00039131650241156272 -0.017883226417214831 -0.0056874644825892218 0.00083036055918336653 -0.008182096286521336 -0.0033577643738536491 0.0007351012067914422 0.0013335974067069684 0.013990198506243653 0.0011295564813450089 0.0043366297184765455 -0.0019290457162281171 -0.0034582201586132572 -0.0051677892199035744 -0.011090373344313653 -0.0016713703576941034 -0.011371884445387172 -0.0063293318192684678 0.0009365951455809024 0.0026678920967488462 -0.00077111239346689233 5.2356945484479139e-05 0.00075098452604483563 -0.0040118905515279142 -0.012498417287837203 -0.004162283597166928 0.0019657819413628824
leaf_weight=4750.9986419677734 671895.44741821289 7595.2578779459 4662.4599609375 505575.88943481445 17699.3642578125 3982.7774658203125 8305.3424072265625 617736.7399597168 28631.528945922852 12249.798461914062 2953.2114347219467 2693.1868896484375 28493.73779296875 216872.47644042969 286821.89044189453 4066.5419173240662 13148.561644256115 167854.9041595459 5690.9545578956604 7443.5653924942017 15371.009265899658 127276.4373626709 6118.9770050048828 341485.83642578125 107988.7509765625 7709.1900787353516 735945.6201171875 166423.79351806641 250484.27557373047 135148.3288269043 208597.287109375 845679.85140991211 3310.9120454788208 4574.8796787261963 6074.9592208862305 35806.060791015625 755053.3577041626 3072.8616027832031 8578.7214050292969 369569.18521118164 6928.00244140625 22953.9130859375 228027.29817962646 15328.582382202148 5121.906063079834 345419.98811340332 27827.68701171875 56314.399063110352 4224.3625946044922 20636.393798828125 11714.269653320312 47763.377944946289 3464.5107269287109 29100.3466796875 797058.31518554688 34197.5234375 321886.69549560547 825410.03366088867 36945.547180175781 88214.65185546875 3187.8080215454102 48667.753025054932 34021.142866134644
leaf_count=1481 220607 2580 1768 198866 6145 1482 2674 188573 11578 4399 861 1138 8985 87964 90974 1316 5692 74723 2023 2977 6161 38151 2180 131678 47223 3271 268808 68613 105825 52108 68353 321629 1086 1654 2326 15554 265972 1052 3016 147498 1914 5841 87266 5897 1538 145633 11465 16209 1793 8263 3319 17872 1186 9312 297564 14192 126876 290916 11515 34465 1492 19689 13875
internal_value=-2.33027e-06 -0.000733753 0.000727722 -0.00231938 0.000644396 -0.000404592 0.0068572 0.00125976 0.00657531 -0.000938563 -0.00972244 0.00549507 8.6424e-05 -0.000990238 -0.0020957 -0.014359 0.000363202 0.00115643 -0.0197795 0.00984197 -0.00203563 0.0004297 0.0157334 0.00150665 0.000348143 -0.000560668 -0.000615981 0.00106931 -0.00177971 -0.00177093 -0.00224105 0.000217366 0.00641863 -0.00380466 -0.000429044 -0.000196094 -9.40554e-05 -0.00448154 -0.00891013 0.0014176 -0.000964598 -0.000238359 0.000873318 0.00366139 0.00867751 0.000920628 0.00136868 -0.00261423 0.00354354 -0.00590185 -0.00731376 -0.000270609 -0.00232846 -0.00434474 0.00101446 0.000336003 -7.99464e-05 0.00017417 0.0021811 -0.00281172 -0.00371338 -0.004675 0.00262766
internal_weight=9.76781e+06 4.87932e+06 4.88849e+06 838773 4.82293e+06 4.04055e+06 65558.5 2.29352e+06 43725.9 2.36376e+06 30955.8 60896.1 2.52941e+06 517261 581907 17352.8 2.01215e+06 2.24979e+06 9757.5 24181.7 807817 731621 10870 1.51817e+06 1.67679e+06 1.78185e+06 1.75882e+06 900433 537306 728939 266191 1.5688e+06 15876.4 13603.1 9028.17 1.02287e+06 987063 78878.2 11651.6 711055 190519 189378 232010 23037.8 12565.5 541103 373248 63242.4 32855.9 44600.5 32350.7 723123 51227.9 57594.1 814758 251070 1.19739e+06 875504 50094.1 223363 67226.6 51855.6 36714.3
internal_count=3597056 1797156 1799900 327609 1774844 1469547 25056 847330 17032 861030 10760 23288 927514 188806 212780 5919 738708 830298 3339 8275 316849 288095 3661 542203 608517 648250 639082 353630 196799 285439 86650 561294 5601 4841 3187 370274 354720 31410 4068 279176 56274 74454 88748 9168 4515 231821 157098 18123 13371 15981 11582 239665 19058 18297 303709 102156 434999 308123 17207 86573 27342 21181 15013
cat_boundaries=0 1 2 3 4 5 6 7 8 9 10 11 12 13
cat_threshold=34777147 32020112 9486910 38185002 30971664 26743333 17473543 40550784 29365265 36850335 47844304 17236789 443479
is_linear=0
shrinkage=0.03


Tree=5
num_leaves=64
num_cat=20
split_feature=5 10 3 0 3 5 3 3 1 19 3 1 5 19 1 9 19 10 1 1 1 10 19 1 0 1 19 0 10 1 16 0 10 1 10 0 5 10 1 15 11 1 0 17 1 1 14 12 11 14 5 1 3 1 0 10 1 13 14 0 1 1 10
split_gain=5487.68 2876.1 2782.29 1964.06 1645.19 1403.13 1383.43 1318.52 1205.5 1099.59 972.399 955.294 790.746 768.382 707.479 699.319 618.018 614.268 530.806 505.86 504.405 502.138 498.234 1010.49 494.685 478.843 464.428 455.92 420.764 413.252 410.734 544.683 402.573 574.656 394.967 390.246 361.376 359.293 347.108 351.29 534.727 340.363 336.155 435.414 333.41 326.539 314.596 300.78 289.368 282.842 272.273 271.866 266.909 260.145 287.742 258.15 556.791 294.826 257.224 256.009 471.203 266.589 253.329
threshold=-0.230524867773056 1.9918488860130312 1.4813593029975893 773.50000000000011 -1.7656701207160947 2.0247550010681157 -1.4995263218879697 -0.095320485532283769 0 -0.64048501849174488 0.36292561888694769 1 -2.2401353120803829 -0.56574794650077809 2 -0.21066977083683011 0.28451441228389746 1.9918488860130312 3 4 5 0.10106483474373819 1.1253315210342409 6 788.50000000000011 7 0.72087940573692333 773.50000000000011 -1.8566475510597227 8 0.73552611470222484 773.50000000000011 1.9918488860130312 9 0.10106483474373819 543.50000000000011 -1.2799339294433592 -0.28870198130607599 10 1.2876382470130923 0.51064997911453258 11 928.50000000000011 12 13 14 0.2086225971579552 -0.88928541541099537 -0.11950968950986861 0.51059040427207958 -1.9815356135368345 15 -0.43753561377525324 16 322.50000000000006 -1.5217533111572263 17 1.5142251849174502 0.82875183224678051 157.50000000000003 18 19 -0.9167400300502776
decision_type=2 2 2 2 2 2 2 2 1 2 2 1 2 2 1 2 2 2 1 1 1 2 2 1 2 1 2 2 2 1 2 2 2 1 2 2 2 2 1 2 2 1 2 1 1 1 2 2 2 2 2 1 2 1 2 2 1 2 2 2 1 1 2
left_child=1 6 3 7 -3 -4 9 15 52 12 14 36 25 35 37 17 27 22 -19 24 -15 45 34 46 -12 -1 44 -16 -26 -28 -18 53 59 -34 38 -7 -6 48 39 -2 -41 -29 -10 -44 62 -9 -24 -48 -8 -49 -13 -17 -5 -32 -55 56 57 -47 -43 60 -23 -61 -11
right_child=2 4 5 8 11 13 10 21 42 26 19 50 -14 20 16 51 30 18 -20 -21 -22 32 23 -25 28 -27 29 41 -30 -31 31 -33 33 -35 -36 -37 -38 -39 -40 40 -42 58 43 -45 -46 55 47 49 -50 -51 -52 -53 -54 54 -56 -57 -58 -59 -60 61 -62 -63 -64
leaf_value=0.024639206760769212 0.0011588176089071568 0.025103757985799047 -0.0031477092323296944 -0.001719034389734386 0.015506381350410896 -0.026621968061125035 0.00087607814635661853 0.00023801322852836201 -0.001177048915192511 0.0087593397883669773 -0.00056955689888478879 0.0090775542384194264 0.0059036740821643849 -0.00043768779209333648 0.0010964713046272933 0.0030457136996431947 -0.00034871660758683555 0.014896848034259348 0.0029072858331512489 0.00025475996301589464 -0.010943964517040246 -0.00057951669133431204 -0.0042804036049470104 0.00033281673465883522 -0.016063077081937778 0.0090689078874941261 -0.0054895862698142225 0.00097229762092176269 -0.0031268198717283179 0.0030152795368999963 0.00068360067486059669 -0.010098641825130292 -0.0032998265209983738 0.005556397286223788 -0.0003175041578309146 -0.012890971913911916 0.0074769563432076766 0.0010587414424648623 0.00015573115977054544 0.0019470154493525201 0.015422281248528825 -0.00039264769634885839 0.0020285238944133428 -0.0015907532926137224 0.0012090105151402926 -0.00095861737739520714 -0.0039591206586663532 -0.020628176284455312 0.0025368618095608993 -0.008374813875403106 0.0017165379609887662 0.00062884188798845522 -0.0034198466789881199 -0.008406592351833473 0.0013935003402118437 -0.00053299160574784427 -0.0059050918043168938 0.0082454648770873794 -0.0029672626006555991 1.0697227990874849e-05 -0.0040535218425140152 -0.0012905429579000496 0.0037406923867267651
leaf_weight=3956.7856583595276 394645.91094017029 4386.41650390625 165722.52734375 116587.5703125 9276.9179077148438 3195.2766227722168 129700.84182739258 619577.48889017105 522053.9169921875 11092.989990234375 226630.2626953125 5381.39697265625 18254.04443359375 6319.4706993103027 904105.96475219727 115591.38037109375 233745.07861328125 4195.7896957397461 15868.983985900879 818153.26910400391 11808.693119049072 66421.3583984375 18025.678314208984 52117.5107421875 2351.0640869140625 3308.7309432029724 11494.390464782715 117772.31640625 57471.405639648438 9282.2870254516602 17075.136138916016 9119.6067504882812 10277.871307373047 18348.634552001953 633212.65167236328 4505.3915901184082 11091.894939422607 861197.67456054688 547510.95978736877 8092.6676177978516 3937.2767791748047 123562.41690063477 73724.587036132812 50324.196166992188 43161.518440246582 25232.582550048828 3733.942476272583 3427.8418207168579 347182.98825073242 3372.4971055984497 28219.963520050049 65724.01611328125 288744.68603515625 7936.9989471435547 4080.5196380615234 762900.92663574219 25459.577087402344 3570.9912414550781 48681.0634765625 174435.30418395996 74630.781234741211 755229.6438293457 49228.39916229248
leaf_count=1050 152890 1667 68255 37163 3490 1006 65528 207112 209982 4109 95660 1865 6850 2108 342058 42543 106193 1917 6332 303734 4455 23636 8465 22681 1072 1228 4325 55616 24390 4462 4954 2533 4411 7011 236019 1434 4647 279253 186281 2447 947 41012 31038 18498 18381 10647 1252 1306 94098 1045 10540 34905 90992 1967 1077 292380 11301 729 11968 79000 27788 257194 18892
internal_value=-7.0807e-07 0.000832305 -0.000607846 -0.000483099 0.00744472 -0.00416156 0.000737218 -0.000205054 -0.00164811 0.00356667 0.000628793 0.00600729 0.00923815 -0.0106648 0.000925772 0.000399436 0.000470519 0.000209276 0.00542641 -0.00012512 -0.00728889 -0.00065065 0.000146504 -0.00215326 -0.00121007 0.0176059 0.00240158 0.000764469 -0.00363652 -0.00169129 -0.000820142 -0.00370344 -0.00113323 0.00237748 0.000263393 -0.018602 0.0111314 0.00142455 0.000648885 0.00131278 0.00636191 -0.000270527 -0.000843474 0.000560283 0.00322336 -0.000281392 -0.006687 -0.0108074 0.00208518 -0.014562 0.00289575 0.00216988 -0.00293059 -0.00169736 -0.00507558 -0.0006752 -0.00267445 0.00018365 -0.00112031 -0.00122711 -0.00241802 -0.0010464 0.00466349
internal_weight=9.76543e+06 4.1169e+06 5.64853e+06 5.45698e+06 58356.6 191551 4.05855e+06 4.40554e+06 1.05143e+06 149779 3.90877e+06 53970.2 25519.6 25828.8 2.80416e+06 1.86946e+06 1.46608e+06 1.68814e+06 20064.8 1.10461e+06 18128.2 2.53609e+06 1.66808e+06 80677.5 286453 7265.52 124260 1.19412e+06 59822.5 20776.7 271957 38212.3 1.09934e+06 28626.5 1.5874e+06 7700.67 20368.8 1.33808e+06 954187 406676 12029.9 290016 646103 124049 103483 1.43674e+06 28560 10534.3 476884 6800.34 33601.4 181315 405332 29092.7 12017.5 817164 54263.2 28803.6 172243 1.07072e+06 141052 929665 60321.4
internal_count=3597789 1512619 2085170 2007912 22209 77258 1490410 1620239 387673 59297 1431113 20542 9128 9003 1006257 699030 567378 621582 8249 424856 6563 921209 613333 34749 121122 2278 50169 450654 25462 8787 116724 10531 399040 11422 578584 2440 8137 438879 342565 156284 3394 108596 259518 49536 41382 522169 12068 3603 159626 2351 12405 77448 128155 7998 3044 315057 22677 11376 52980 387618 51424 336194 23001
cat_boundaries=0 2 4 6 8 10 12 14 16 18 20 22 24 25 27 29 31 32 34 36 38
cat_threshold=3758109607 2 2651766936 36 416144529 12 2386952848 2 3758109248 25 1631062705 9 643831329 117 2521489455 68 2068863115 80 11573314 100 2939225377 53 120717384 49 35741998 3433025925 33 185768235 36 77952 17 3221234176 2418630676 11 3366869548 58 721682522 1
is_linear=0
shrinkage=0.03


Tree=6
num_leaves=64
num_cat=17
split_feature=5 10 7 3 3 7 3 0 3 3 5 19 17 0 17 5 17 19 17 17 17 19 3 3 0 19 17 10 3 0 12 15 10 17 17 10 13 10 10 17 17 14 19 0 19 19 8 17 18 12 19 7 17 0 3 17 10 0 17 17 19 17 14
split_gain=5148.46 2859.09 2552.43 1750.63 1573.9 1508 1297.94 1204.47 1144.27 954.931 941.829 718.922 650.12 631.476 772.619 605.659 560.349 535.963 515.833 507.355 502.59 494.321 448.903 443.459 428.135 401.941 446.89 581.26 388.014 363.955 345.047 1408.64 417.536 325.222 323.438 315.782 290.44 277.966 276.977 265.03 264.818 260.661 246.761 270.383 438.015 246.654 237.338 230.137 228.2 226.983 248.154 234.528 225.138 299.972 221.319 221.11 217.356 351.819 372.86 246.909 263.748 215.877 214.691
threshold=-0.18189734965562818 1.9918488860130312 0.28201435506343847 1.7640202045440676 -1.7656701207160947 -0.7305830419063567 -1.7656701207160947 731.50000000000011 0.50854587554931652 -0.1932459473609924 2.0247550010681157 -0.46807844936847681 0 773.50000000000011 1 -1.6736505627632139 2 -0.4862269908189773 3 4 5 0.6297641694545747 -1.7656701207160947 0.47112230956554418 773.50000000000011 0.024302059784531597 6 -1.3066854476928709 1.7640202045440676 830.50000000000011 -0.6293509006500243 1.2876382470130923 1.9918488860130312 7 8 1.9918488860130312 -0.57660001516342152 0.039558771997690208 0.039558771997690208 9 10 0.1713412627577782 0.077543921768665328 157.50000000000003 1.697729289531708 -0.64048501849174488 2.2679877281188969 11 -1.2875885963439939 -0.2909384816884994 0.95743000507354747 -0.61591699719429005 12 187.50000000000003 0.77648988366127025 13 -0.10639236122369765 202.50000000000003 14 15 0.95743000507354747 16 0.55367529392242443
decision_type=2 2 2 2 2 2 2 2 2 2 2 2 1 2 1 2 1 2 1 1 1 2 2 2 2 2 1 2 2 2 2 2 2 1 1 2 2 2 2 1 1 2 2 2 2 2 2 1 2 2 2 2 1 2 2 1 2 2 1 1 2 1 2
left_child=1 5 8 7 -3 6 11 23 16 21 61 19 15 36 -15 -6 30 -12 54 -1 -19 22 45 35 49 39 27 40 -10 38 32 -32 -2 -31 -26 37 42 -4 52 -8 -27 -16 -11 44 -44 48 55 62 -7 50 51 -18 53 -24 -9 -37 57 58 -38 -59 -61 -5 -23
right_child=2 4 3 10 12 9 25 18 28 13 17 -13 -14 14 41 -17 24 20 -20 -21 -22 47 29 -25 34 26 -28 -29 -30 33 31 -33 -34 -35 -36 46 56 -39 -40 -41 -42 -43 43 -45 -46 -47 -48 -49 -50 -51 -52 -53 -54 -55 -56 -57 -58 59 -60 60 -62 -63 -64
leaf_value=0.025062384948646634 0.00046063553091108792 0.024422703448076698 -8.101789023818158e-05 0.0016107568532613616 0.017844122872087104 0.013250779521173749 0.0011267593270249097 -0.0029136267213975627 -0.00085884823852509459 5.6336934663409126e-05 -0.023203071521208155 0.0047866369412816025 0.0032328542190186989 0.0006159732376658369 -0.000937581567109882 0.0068114556166867955 0.00093378985820907973 -0.018604698482442613 -0.0014869991751487645 0.0097935579119376986 -0.0022506090596098208 -0.0011460667137160681 0.0048540346677538931 -0.001616940153676662 0.00047383371272219875 -0.0015699805322097866 0.0014375139532439042 6.4871791884710402e-05 -0.0034681189847780326 -0.0019940669428687571 0.0017253723362049694 0.018844152489007265 0.010612365747231987 0.00066021463032212371 -0.00158150789269644 0.0085591146546457018 -0.00070382607929486782 -0.0010564902259271095 0.00065967559644461145 0.0023965489420895878 -0.009050248769302608 -0.0029673137023798631 -0.0026024685044078464 -0.00071054435528188683 -0.014006041442727062 0.0028249800445931087 0.0087030913677987633 0.0004689487149949509 0.0044357470807626078 0.002573255305194842 -0.0013839998076449764 3.2690424530470647e-05 0.0011392161042633076 0.0019243288355310162 -0.0049901737558601302 -0.00093126439307790075 0.00013069606468917971 0.0051365232109416856 0.0042277168737572309 0.00069300158585844992 -0.0033555130873661404 -0.0057291600088179582 -0.0053614855785132512
leaf_weight=3200.1302313804626 380040.19848632812 4458.765625 513771.69854736328 4145.0469646453857 6179.7020263671875 4396.1748962402344 224936.3194732666 252149.37255859375 808695.8828125 414482.92343139648 4302.1458740234375 15615.307708740234 33163.270935058594 138759.40878295898 92048.000885009766 16278.144226074219 339803.06762695312 3086.8183472156525 263646.82369995117 5172.288622379303 3746.38343501091 53241.878509521484 36128.651977539062 471375.333984375 97417.385986328125 7370.6846313476562 228626.35147094727 90146.531616210938 54761.65625 59272.555908203125 180235.80810546875 4427.581298828125 3676.673828125 138821.13494873047 235416.18676757812 2827.818523645401 18538.117195129395 538437.80783081055 398032.27728271484 432595.96437072754 10135.383239746094 149331.91073608398 27957.235961914062 119846.26965332031 3395.765869140625 35969.451965332031 5367.9246292114258 68253.617980957031 6637.1846618652344 35578.32539242506 89423.526733398438 1106149.5260009766 321994.49755859375 243044.787109375 56567.39501953125 9909.7392690181732 487496.33679199219 10630.245851516724 53962.041984558105 284917.47585868835 15253.036590576172 27688.062410354614 13660.798431396484
leaf_count=982 147074 1694 189798 1602 1996 1488 89359 79537 310905 185558 1366 6224 13413 53116 38600 5770 119975 1141 113978 1862 1275 23100 11120 175407 44035 2886 90220 35721 21710 19935 70751 1256 1442 51334 73787 1282 5582 198244 145671 149306 3904 46118 13607 58745 1764 14362 1708 29620 2512 19659 36380 379788 127624 76602 18904 4225 145837 2955 16521 86521 5458 11189 4117
internal_value=3.37401e-06 0.000784217 -0.000604218 -0.00140842 0.0072822 0.000691563 0.00169724 -0.00128657 -8.41664e-05 0.000371301 -0.00740288 0.00859217 0.00590609 -8.05766e-05 -0.00116786 0.00984622 0.000244215 -0.0149109 -0.0024618 0.0156827 -0.00967708 0.000966382 0.00115355 -0.000850251 -2.5757e-06 0.00153077 0.000687111 -0.000906592 -0.00102435 0.00104064 0.00107081 0.00213632 0.000558044 -0.000134083 -0.000979963 -0.000512589 0.000207157 -0.00058019 0.00127353 0.00196223 -0.0059082 -0.00219324 -0.000322105 -0.0013595 -0.0038396 0.00402931 0.00341518 -0.000756718 0.00795245 0.000204503 0.000149605 0.000244454 0.00167995 0.00230347 -0.00329409 0.00118418 0.000550973 0.00108549 0.00296726 0.00064649 0.000487209 -0.00477461 -0.00200685
internal_weight=9.7666e+06 4.27395e+06 5.49265e+06 2.15702e+06 60079.9 4.21387e+06 1.0178e+06 2.11405e+06 3.33563e+06 3.19607e+06 42968.5 23987.7 55621.1 1.81662e+06 380139 22457.8 2.47217e+06 11135.3 572364 8372.42 6833.2 1.37945e+06 1.2443e+06 1.54169e+06 1.90379e+06 993811 336279 107653 863458 1.19729e+06 568380 184663 383717 198094 332834 1.07031e+06 1.43648e+06 1.05221e+06 999200 657532 17506.1 241380 565682 151199 31353 47002.8 18105.5 135156 11033.4 1.57095e+06 1.53538e+06 1.44595e+06 601168 279173 308717 12737.6 870797 383301 72500.2 310801 300171 31833.1 66902.7
internal_count=3597622 1571204 2026418 799656 22873 1548331 380464 783083 1226762 1167867 16573 9068 21179 660382 137834 7766 894147 3782 212419 2844 2416 507485 450648 570664 673624 371396 132731 42511 332615 432286 220523 72007 148516 71269 117822 395257 522548 388042 361017 238665 6790 84718 259674 74116 15371 18362 7215 56837 4000 555802 536143 499763 215346 87722 98441 5507 262874 117037 22103 94934 91979 12791 27217
cat_boundaries=0 1 2 3 4 5 6 7 8 9 10 11 12 13 14 15 16 17
cat_threshold=34646587 34021671 40003712 63739412 9585214 8070206 65702224 61376144 65902 26756821 58722368 53383948 6601216 3167380 46203919 147520 319489
is_linear=0
shrinkage=0.03


Tree=7
num_leaves=64
num_cat=13
split_feature=7 3 3 0 2 2 1 3 3 1 2 1 0 4 1 18 1 1 0 6 0 2 9 15 12 18 18 1 6 14 6 0 8 7 1 19 12 0 9 1 14 8 1 18 2 1 0 14 9 0 4 7 1 2 19 1 2 18 2 18 0 19 19
split_gain=4879.01 2842.3 2351.51 2034.13 1766.86 1681 1436.51 1344.13 920.368 805.251 792.62 703.995 583.259 510.637 505.704 453.85 421.286 405.096 379.512 378.098 373.895 441.185 373.593 400.009 2292.69 370.058 363.954 363.156 594.317 293.894 571.073 337.821 337.963 283.399 279.886 275.554 273.122 384.521 409.714 271.106 269.507 250.178 492.883 246.183 415.459 243.115 242.99 253.301 242.644 238.813 214.066 212.176 209.225 199.952 208.887 305.94 199.011 221.874 197.457 249.847 212.135 195.211 195.023
threshold=-0.25446474552154535 1.7640202045440676 -1.7656701207160947 773.50000000000011 -0.95199516415595997 -1.3434706330299375 0 0.19364956766366961 0.095426820218563094 1 -0.84180259704589833 2 543.50000000000011 -0.13379042595624921 3 -1.0282843112945554 4 5 942.50000000000011 -2.1325372457504268 788.50000000000011 -1.3434706330299375 -0.25967420637607569 1.2876382470130923 -0.60809090733528126 1.8201950192451479 -0.32205373048782343 6 -0.48747150599956507 0.74418517947196972 0.37434487044811254 844.50000000000011 3.2590231895446782 -1.0470342636108396 7 -0.15877311676740644 -0.9650721251964568 858.50000000000011 -0.69700115919113148 8 1.1538919210433962 0.64383435249328624 9 -0.4723485261201858 -1.3434706330299375 10 773.50000000000011 0.82875183224678051 -0.83641499280929554 844.50000000000011 0.64131778478622448 -0.86882248520851124 11 -1.3434706330299375 0.050588730722665794 12 0.93501132726669323 0.82937389612197887 -1.3434706330299375 -1.3924984931945799 172.50000000000003 -0.09551051631569861 0.050588730722665794
decision_type=2 2 2 2 2 2 1 2 2 1 2 1 2 2 1 2 1 1 2 2 2 2 2 2 2 2 2 1 2 2 2 2 2 2 1 2 2 2 2 1 2 2 1 2 2 1 2 2 2 2 2 2 1 2 2 1 2 2 2 2 2 2 2
left_child=2 3 4 7 9 13 10 14 11 12 27 33 -1 25 22 -8 51 -6 53 -7 21 50 23 43 -25 -3 52 -5 -29 -12 36 -32 -33 -4 -21 -23 37 -31 -39 62 -22 42 -37 44 -2 -45 61 -48 -41 56 -13 -10 -9 54 -17 -56 -36 -58 59 -16 -61 -18 -28
right_child=1 5 8 6 17 19 15 26 16 -11 29 20 -14 -15 58 18 46 -19 -20 34 40 35 -24 24 -26 -27 39 28 -30 30 31 32 -34 -35 49 41 -38 38 -40 48 -42 -43 -44 45 -46 -47 47 -49 -50 -51 -52 -53 -54 -55 55 -57 57 -59 -60 60 -62 -63 -64
leaf_value=0.030812562881087677 0.010423984282638779 -0.01420287645223962 0.0025061870112177533 -0.0038055113490342895 -0.0010939620375502886 -0.014146772267461085 0.00076945392431293264 -0.0010242842090163716 0.0015155104065157658 0.0082122746420168324 -0.0017345185265492267 0.0071229905911026686 0.014825220886801074 -0.0041927567418384992 0.010024472619016726 -0.0060947543693120748 0.00050048657381016027 0.0053772493466831377 0.0012734182280029931 -0.00080677734957403211 -0.00010684963546616637 0.0013670502016670816 0.0017302804583429036 0.00084034972660029089 0.02599692977399834 -0.02594587191788908 -0.0011390510301169368 -0.018195978198820056 -0.0063953756198800093 -0.0011736588410898184 -0.0028683629100756201 -0.014499349091138815 -0.0052484237730794194 0.0014284381184937137 -0.0028511678069730868 4.7321042936700836e-05 -0.0020291352103659287 -0.015542432934137975 -0.0032898680975008603 0.00067660432303902525 -0.0037682317748548365 -0.00015256423477016178 0.0057745084734476121 -0.0014951790196391524 0.00093242894825686226 0.00025497988579660237 -0.00064051559128231665 -0.003496250019848567 -0.00084769762757222933 -0.0092034925221718602 -0.00058533395626219297 0.00036263620079590568 0.00023395152919904552 -0.0011397307133956659 0.006790850420881539 -0.0036710710144061249 -0.0044587389125118806 -0.015381977904556839 -0.0001902725612635343 0.0074694490648145656 0.00040341245570389098 -0.00054392991438103645 -0.002366218968393704
leaf_weight=3607.1989059448242 4197.7818603515625 9347.6682410240173 322971.11328125 33825.06005859375 11804.200141906738 3072.8217449188232 174054.056640625 163505.67919921875 242725.005859375 7723.6653366088867 360932.29736328125 15006.249413490295 4805.0404205322266 3428.5660119056702 3179.5899658203125 15461.453628540039 383289.93310546875 33156.965507507324 58027.021484375 24955.526767730713 202661.92749023438 416047.48323059082 247617.68276053667 27817.673400878906 3688.4640502929688 3270.6846923828125 385758.41455078125 4688.3608140945435 21226.391627311707 8191.7630310058594 8350.73486328125 8120.6971054077148 6332.6348037719727 686085.36059570312 36354.63178062439 40300.978736877441 119578.64541625977 5387.5083808898926 4517.0571708679199 107093.09814453125 19862.26904296875 284437.90356445312 20342.228218078613 78637.263740539551 333737.744140625 778241.24663543701 152580.2509765625 34220.20556640625 767817.24365234375 8711.9627666473389 4134.8223638534546 352065.90625 436271.42626953125 415738.78515625 3393.1378479003906 9594.8450469970703 4831.93186378479 2560.6631622314453 1355340.5257568359 4344.5352934598923 31645.738021969795 277791.9638671875 167022.56201171875
leaf_count=1140 1375 3216 114692 9281 4829 1361 72710 68326 94272 2829 118636 5304 1652 1175 1066 6142 138958 13547 24362 9231 78912 149711 96989 7601 1019 1102 136590 1457 6587 1891 1994 1907 1527 237418 15258 20713 32100 1251 1061 35822 4598 104199 12283 25161 111687 261530 61941 9140 285315 3710 1316 134815 152006 174976 1554 3784 2103 1131 531113 1644 11350 110507 66474
internal_value=8.40018e-06 -0.000494527 0.000902476 -0.000414393 0.00673639 -0.0056022 -0.00149069 -0.000137967 0.000799287 0.0152509 -0.0025845 0.00121395 0.0216691 -0.0144669 0.00027994 -0.000550663 0.000221028 0.0036793 -0.00100819 -0.00383405 0.000650984 0.000960343 0.000667388 0.000452768 0.00378912 -0.0172557 -0.000729217 -0.00585761 -0.00853009 -0.00220948 -0.00327764 -0.00767446 -0.0104493 0.00177339 -0.00342382 0.000847196 -0.00254911 -0.00598353 -0.00995903 -0.000989739 -0.000433738 0.000220423 0.00196973 0.000364776 0.00105048 9.43424e-05 -0.000208352 -0.00116374 -0.000661106 -0.00466754 0.00545813 0.000833101 -0.000109076 -0.00130627 -0.00373926 -0.000933909 -0.00376436 -0.00825019 -0.000129581 0.00197016 0.0012573 6.16135e-05 -0.00150983
internal_weight=9.76549e+06 6.24987e+06 3.51562e+06 6.15334e+06 61097.1 96534.5 1.25742e+06 4.89592e+06 3.45452e+06 16135.9 581151 2.01185e+06 8412.24 16046.9 2.86845e+06 676269 1.44267e+06 44961.2 502215 80487.5 1.00279e+06 780270 1.47394e+06 1.22632e+06 31506.1 12618.4 2.02747e+06 59739.8 25914.8 521411 160479 22804.1 14453.3 1.00906e+06 77414.7 761129 137675 18096.3 9904.57 1.42769e+06 222524 345081 60643.2 1.19481e+06 337936 856879 847882 186800 874910 52459.2 19141.1 594791 599777 444188 28449.4 12988 43747.2 7392.6 1.39451e+06 39169.9 35990.3 661082 552781
internal_count=3597351 2294575 1302776 2256288 23997 38287 461220 1795068 1278779 5621 177692 729146 2792 5493 1050535 283528 549633 18376 210818 32794 377036 293526 505362 408373 8620 4318 744533 17325 8044 160367 41731 5428 3434 352110 31433 286906 36303 4203 2312 524201 83510 137195 32996 399753 113062 286691 320546 71081 321137 22202 6620 229087 220332 186456 11480 5338 18492 3234 545173 14060 12994 249465 203064
cat_boundaries=0 2 4 6 8 10 12 14 16 18 20 22 24 26
cat_threshold=3221304231 74 2655707181 19 212720769 61 2852508071 29 171756600 44 868223098 66 2147487783 64 797168 102 1422396992 93 2454847592 64 4096 28 3245368068 64 780435456 1
is_linear=0
shrinkage=0.03


Tree=8
num_leaves=64
num_cat=17
split_feature=7 3 3 2 2 0 10 3 1 4 1 1 1 0 10 4 18 2 18 0 2 10 1 3 1 19 1 14 10 19 1 15 12 11 18 10 19 8 1 10 1 1 1 7 1 2 10 4 0 3 18 10 18 0 1 2 1 1 19 10 1 4 10
split_gain=4803.03 2366.58 2177.88 1801 1503.74 1257.61 1306.46 1219.6 956.407 820.475 814.425 813.441 754.578 680.214 646.308 584.91 783.925 568.768 586.727 502.649 483.315 471.371 454.129 429.983 419.048 410.288 622.754 380.214 379.516 440.799 354.329 435.581 941.548 361.894 353.922 342.283 336.87 348.599 489.991 318.84 514.566 315.902 294.996 292.647 290.524 290.286 288.226 378.695 654.552 284.537 281.448 279.614 274.498 284.502 458.378 261.372 258.644 257.354 360.94 257.268 257.241 284.068 256.378
threshold=-0.026401109062135216 -1.7656701207160947 0.63265207409858715 -0.95199516415595997 -1.8392598628997801 802.50000000000011 1.9918488860130312 0.36292561888694769 0 -0.13379042595624921 1 2 3 802.50000000000011 0.039558771997690208 -0.25480918586254114 1.5106814503669741 -0.75336000323295582 -2.0339684486389156 745.50000000000011 -1.1064002513885496 0.64535522460937511 4 -0.68426263332366932 5 1.3512750267982485 6 1.1538919210433962 1.526500463485718 0.82685971260070812 7 1.2876382470130923 -0.65255156159400929 1.9390753507614138 -1.1072419881820676 1.9918488860130312 -0.09551051631569861 0.71892219781875621 8 -1.5217533111572263 9 10 11 -0.79447859525680531 12 -0.95199516415595997 -1.1474289894104002 0.32278256118297582 336.50000000000006 1.7640202045440676 -0.81929251551628102 -0.9167400300502776 -0.58096221089363087 157.50000000000003 13 0.29376143217086798 14 15 2.3787169456481938 -1.0232232213020322 16 1.007509380578995 1.9918488860130312
decision_type=2 2 2 2 2 2 2 2 1 2 1 1 1 2 2 2 2 2 2 2 2 2 1 2 1 2 1 2 2 2 1 2 2 2 2 2 2 2 1 2 1 1 1 2 1 2 2 2 2 2 2 2 2 2 1 2 1 1 2 2 1 2 2
left_child=1 3 5 10 9 6 14 11 17 15 21 23 -8 49 25 -4 -17 18 -7 20 -13 -1 45 35 -9 30 -27 -21 29 42 31 33 -33 -2 -10 -3 -22 38 -38 40 -26 -31 59 -25 -20 -15 47 -40 -49 -6 -12 -35 53 54 -16 -14 -11 58 -39 -5 -51 -62 -36
right_child=2 7 4 28 13 8 12 24 34 56 50 19 55 22 52 16 -18 -19 44 27 36 -23 -24 43 39 26 -28 -29 -30 41 -32 32 -34 51 62 -37 37 57 46 -41 -42 -43 -44 -45 -46 -47 -48 48 -50 60 -52 -53 -54 -55 -56 -57 -58 -59 -60 -61 61 -63 -64
leaf_value=0.015426006622067147 0.00062258661638057826 0.0021052911776309243 -0.0033757397021617402 0.011386674642685623 -0.0011643818928348528 0.0058536650485560724 0.010413201738562326 0.00051959348974509674 0.0013557630938206555 0.00076476973822232842 0.0143448602083165 0.0039807207002760152 0.0035855613211764662 -0.010427822106508541 -0.0073921290461356716 -0.011951437442671119 -0.029623731283599339 -0.0020378442285710493 -0.011797051361068688 -0.00014707225926663815 0.0010338061208172303 0.030480192556186256 -0.0018864810200728474 0.0017676599021495059 0.0010663964558314659 -0.0059811852384298227 0.00033058742341868008 -0.0033094211040384327 0.013748119667913257 0.0047311775096997378 -1.2994193931434569e-05 0.0020172857630598737 0.018711667230620222 0.011686977441223181 -0.0010409237242052598 0.0097241661357030367 -0.00044124399562392116 -0.0010867060429830015 0.0018095975403876645 -0.00042362699574372925 -0.005335428553680255 -0.0071531783788903961 0.00037701819989847929 0.00073989667493408635 -0.0053342973383086337 -0.0043235406480077758 0.0029080145258575021 0.026370367472013566 0.0034076100722098914 -0.0011646083735545145 0.0043388687222383291 0.0029426159455612708 -0.00080171243319994857 0.00054129089233177796 0.00028934824421019794 -0.0037035945658150694 -0.0073186818819950244 0.00019049276260303937 -0.0091125830713817847 0.0043158502518651281 -0.0041709726608246765 -0.012952588008928036 0.0046537142955932536
leaf_weight=4755.6075057983398 602143.86485564709 430592.806640625 3959.8083003759384 5526.3329620361328 802957.20318603516 3823.1163330078125 15442.27587890625 510993.126953125 86654.1572265625 7044.402822136879 4361.7733268737793 40426.957763671875 22618.772956848145 7667.043701171875 11054.601196289062 8328.989839553833 3102.6256408691406 328439.26025390625 7450.7457618713379 407000.08776855469 801768.45428466797 3107.4932708740234 97533.38427734375 376956.6005859375 18082.68896484375 23470.787078857422 35091.121612548828 37353.583984375 2992.822509765625 2985.459077835083 946274.86367797852 15048.132553100586 3805.8852691650391 3975.4425354003906 240010.34521484375 5368.607421875 43258.034912109375 126117.12448120117 3464.0811061859131 823012.0556640625 30106.06591796875 6118.9516124725342 14706.412612915039 736575.37359619141 39701.02755355835 81835.123718261719 33971.183715820312 2257.3334617614746 2210.5856761932373 24942.598907470703 6030.4822196960449 19043.028167724609 1184334.7890625 262378.89501953125 18983.621948242188 5500.3027267456055 7193.935115814209 292856.90481567383 5248.25634765625 28564.422714233398 25583.328004837036 3806.1267986297607 7327.7509765625
leaf_count=1548 207811 162591 1596 2034 306049 1000 6074 186605 38731 2474 1500 14117 8782 2461 3674 2799 1011 96033 2140 154725 282456 1038 41235 131301 5682 9959 15662 8710 1205 1384 355259 4171 1150 1028 107348 2224 24387 50123 1900 328788 14343 2425 6450 249958 10869 28742 18500 1156 1103 9544 2232 5403 430907 95399 6874 2172 2553 100296 2082 11337 10599 1645 3184
internal_value=-2.36876e-06 0.000673314 -0.000657636 0.00581775 -0.00185332 -0.000326898 -7.07264e-05 0.00058718 -0.00146488 -0.00851729 0.0140816 0.000896898 0.00508854 -0.0016642 -0.000142639 -0.0133178 -0.0167587 -0.00249543 -0.00544376 0.000462368 0.000750145 0.0213638 -0.00330337 0.00140052 -0.000162455 0.000265621 -0.00220034 -0.000412942 0.00333941 0.00280026 0.000356436 0.000899234 0.00539129 0.000763732 -0.000294077 0.00219922 0.000650521 4.7227e-05 0.00179878 -0.000562503 -0.00293419 -0.00325834 0.00393087 0.00108782 -0.00636029 -0.00484646 0.00411013 0.00925867 0.0150256 -0.00130657 0.00853519 0.00445504 -0.000598477 0.000224659 -0.0025407 0.00215858 -0.00332514 -0.000304409 -0.00140758 0.00546198 -0.00340758 -0.00530845 -0.000872121
internal_weight=9.7633e+06 4.80677e+06 4.95653e+06 79149.8 1.07395e+06 3.88257e+06 3.16917e+06 4.72762e+06 713406 29629.8 18255.4 3.34543e+06 43561.4 1.04432e+06 3.12561e+06 15391.4 11431.6 379414 50974.9 1.79593e+06 1.35158e+06 7863.1 187036 1.54949e+06 1.38219e+06 1.64885e+06 58561.9 444354 60894.4 57901.6 1.59029e+06 644016 18854 625162 333992 435961 1.31115e+06 509384 85161.2 871201 48188.8 9104.41 48797.2 1.11353e+06 47151.8 89502.2 41903.2 7932 4467.92 857289 10392.3 23018.5 1.47675e+06 292417 30038.2 28119.1 14238.3 424222 131365 34090.8 54332.1 29389.5 247338
internal_count=3596538 1772200 1824338 31153 410708 1413630 1154325 1741047 259305 10433 6318 1205629 17028 400275 1137297 5406 3810 110042 14009 659555 496120 2586 72438 546074 535418 600443 25621 163435 24835 23630 574822 219563 5321 214242 149263 164815 482003 199547 47046 348813 20025 3809 19821 381259 13009 31203 22659 4159 2259 327837 3732 6431 536854 105947 10548 10954 5027 152501 52205 13371 21788 12244 110532
cat_boundaries=0 2 4 6 8 10 12 14 16 17 19 21 23 24 26 28 30 32
cat_threshold=3221828519 90 2496323629 2 212655233 61 2400109232 10 3909300771 88 302828604 36 2118913569 96 51720357 45 2421162088 16855297 66 377990736 44 3625833861 25 8960 3225495267 6 2052702777 44 1645216320 64 2169060210 79
is_linear=0
shrinkage=0.03


Tree=9
num_leaves=64
num_cat=18
split_feature=5 2 5 3 2 0 1 3 4 1 10 2 0 1 10 1 10 5 0 15 13 16 1 1 9 18 0 4 1 0 17 0 1 1 1 3 3 14 9 9 6 10 1 10 10 1 3 8 2 1 16 0 1 0 2 1 3 5 18 8 1 14 1
split_gain=4784.55 2312.86 2373.44 2311.3 1503.12 1225.65 1013.36 902.333 885.797 857.027 808.131 792.538 753.694 738.602 716.648 971.202 708.183 691.342 686.2 625.952 4430.93 582.591 551.797 491.075 482.739 481.403 635.996 956.899 1043.49 472.536 550 461.538 692.269 391.243 388.913 385.437 378.027 360.384 389.961 1846.91 2284.96 343.614 470.116 339.811 411.472 339.292 332.78 328.438 325.8 321.247 313.601 312.205 311.676 304.325 288.099 284.406 283.057 265.677 264.387 435.124 256.647 250.809 240.774
threshold=-0.32619352638721461 -1.3434706330299375 -2.2401353120803829 0.50854587554931652 -1.8392598628997801 773.50000000000011 0 -1.3360869288444517 -0.13379042595624921 1 1.9918488860130312 -1.3434706330299375 788.50000000000011 2 1.9918488860130312 3 1.0971629023551943 1.7954444885253908 802.50000000000011 1.2876382470130923 1.1787539720535281 1.3221465945243838 4 5 -0.25967420637607569 -1.821556508541107 217.50000000000003 -0.13379042595624921 6 788.50000000000011 7 528.50000000000011 8 9 10 -0.063199985772371278 1.7640202045440676 -0.17379648983478543 -0.77983126044273365 -0.79112413525581349 -0.33648444712162012 1.9918488860130312 11 1.9918488860130312 0.10106483474373819 12 1.4813593029975893 2.8590955734252934 -0.84180259704589833 13 1.3221465945243838 745.50000000000011 14 759.50000000000011 -1.3434706330299375 15 0.16104643046855929 -1.2013698816299436 -2.0339684486389156 3.5255826711654668 16 0.55367529392242443 17
decision_type=2 2 2 2 2 2 1 2 2 1 2 2 2 1 2 1 2 2 2 2 2 2 1 1 2 2 2 2 1 2 1 2 1 1 1 2 2 2 2 2 2 2 1 2 2 1 2 2 2 1 2 2 1 2 2 1 2 2 2 2 1 2 1
left_child=1 2 7 5 8 13 12 16 17 11 37 -7 35 19 25 -16 53 -5 36 24 -21 58 -20 -12 41 34 27 -27 -29 30 -10 -19 -33 -9 -4 -3 -6 38 39 -8 -41 -2 -43 44 -15 -23 51 -45 -24 -31 -26 -28 -53 -1 60 -38 -35 -39 59 62 -11 -60 -14
right_child=3 6 14 4 18 9 10 33 29 54 23 -13 21 43 15 -17 -18 31 22 20 -22 45 48 -25 50 26 46 28 -30 49 -32 32 -34 56 -36 -37 55 57 -40 40 -42 42 -44 47 -46 -47 -48 -49 -50 -51 -52 52 -54 -55 -56 -57 -58 -59 61 -61 -62 -63 -64
leaf_value=0.019409123846149665 0.0001831791020924847 0.0010079214693397571 0.016003389186404374 -0.0050490658396047982 -0.00095084424837136889 -0.010912537704274368 0.0022719243685413145 0.015332660110125601 0.011411963057991819 -0.00038100981690587706 0.013858131344912249 -0.002256853076539922 -0.0019281430619981449 2.8580649933982519e-05 0.02070102569831319 0.0017649505871738479 0.030572831799028938 -0.023341167362504217 -0.0010515206148821162 0.036812209114424406 0.00067592949772944536 -0.003323059977563199 -0.0077800601847843251 0.004047333578488398 0.0011811002576546539 -0.0023652270249258454 0.0027665660261698838 0.029226502788423286 0.0032894445196957577 -0.015404717758811618 -0.0028889142029705816 -0.00029696141948253518 -0.01996452971960664 0.0096273340057842251 0.0031401427662941491 -3.1298250206067783e-05 0.0016194550590995223 0.001427847889530862 0.0017594327588261367 0.0017875446290946822 0.045752422992908479 -1.991379235711956e-05 0.011809751841187335 0.002018544264805109 -0.00084435128186306091 -0.011278502237858626 -0.0076903150438977531 0.013015100326421511 -0.0034036935101434871 -0.0023833567278073995 0.0039104961025294288 -0.0047846349202406166 0.00094732603176161988 0.0080595618823200814 -0.00036466525679262223 -0.0039792394918471835 -6.9866965624611993e-05 0.00066697567436511712 -0.00029037177896426699 0.009201018087828864 -0.005998678106319451 -0.0021223115895387676 0.0036316410294770667
leaf_weight=4683.3968160152435 1166700.5841674805 646510.2880859375 3694.4635543823242 8103.4077820777893 1250611.0914916992 9869.190673828125 23212.053680419922 4387.057243347168 3060.3894195556641 13580.478256225586 6277.5338745117188 266126.95239257812 17286.714360833168 1171623.7507809401 4472.0464324951172 5358.3820343017578 3322.2776794433594 5004.2144317626953 102374.76342773438 3454.6784057617188 26037.029602050781 35383.011749267578 17214.531005859375 17133.910461425781 230970.93231201172 4206.6884210109711 36949.754989743233 2849.0019226074219 2747.4781123399734 3688.3979759216309 11348.732511043549 2912.950005531311 3605.4910802841187 5337.5205383300781 4969.2027549743652 638353.71533203125 9441.9472045898438 651469.63061523438 175506.69723510742 2128.50439453125 2123.0216369628906 6816.4940795898438 5424.6896362304688 18752.192903518677 830444.83984375 5581.6269226074219 4378.29931640625 2806.4096355438232 138352.93731689453 3190.1433563232422 45318.115234375 13390.935838699341 23502.881388664246 3912.3560221195221 531793.12377929688 60250.100646972656 5495.8663101196289 1128470.9005432129 198905.87368774414 5991.4115905761719 15883.143569946289 101623.19540405273 11770.832300543785
leaf_count=1417 413308 239762 1217 2928 476927 2952 13845 1570 799 5318 2920 82665 6008 426678 1548 2004 1154 1566 46534 1084 7821 8216 5527 5932 95274 1628 12740 939 1097 1026 4234 945 1302 1740 1687 242035 3519 220383 94016 1070 1096 2528 2065 8292 309078 1165 1679 874 47178 1411 11492 4767 8300 1246 208433 24495 1978 386163 88822 2045 5902 29458 5411
internal_value=3.18395e-06 0.000834958 0.00471127 -0.000526912 -0.00149437 -0.000166439 0.000693693 0.0126306 -0.00717112 -0.00119778 0.00114747 -0.00256647 0.000145704 7.96874e-05 0.00269311 0.0104083 0.0188118 -0.0117677 -0.00134719 0.000587864 0.00491448 -0.00103461 -0.00276243 0.00668804 0.000500168 0.0019082 0.00124384 0.00844502 0.0165656 -0.00293159 0.000157303 -0.0164883 -0.0112135 0.00778599 0.00865359 0.000491612 -0.00107069 0.00108204 0.00227971 0.00560361 0.0237696 0.000235652 0.00523472 -0.000293161 -0.000333507 -0.00441183 0.000340873 0.00345272 -0.00388795 -0.0093976 0.00162885 0.000817543 -0.00113455 0.0142511 -0.000524659 -0.003221 0.00470576 0.000945463 -0.00062229 0.0018433 -0.00341203 -0.000909863 0.000324876
internal_weight=9.76615e+06 3.80139e+06 133658 5.96476e+06 1.61916e+06 4.3456e+06 3.66773e+06 27138.5 40913.7 837253 2.00632e+06 275996 1.66141e+06 3.50835e+06 106519 9830.43 11918 19626.1 1.57825e+06 1.48472e+06 29491.7 376543 257942 23411.4 1.45523e+06 96688.7 88025 9803.17 5596.48 21287.7 14409.1 11522.7 6518.44 15220.4 8663.67 1.28486e+06 1.3203e+06 1.98291e+06 202970 27463.6 4251.53 1.17894e+06 12241.2 2.02363e+06 2.00207e+06 40964.6 78221.9 21558.6 155567 6878.54 276289 73843.6 36893.8 8595.75 561257 69692 10833.4 1.77994e+06 335578 35049 29463.6 300529 29057.5
internal_count=3597213 1395058 46711 2202155 618391 1583764 1348347 9105 14211 305270 725425 85617 622922 1278494 37606 3552 3817 6741 604180 533572 8905 141125 99239 8852 524667 34054 31150 3664 2036 7470 5033 3813 2247 5288 2904 481797 504941 716573 110027 16011 2166 417901 4593 744922 735756 9381 27486 9166 52705 2437 106766 25807 13067 2663 219653 28014 3718 606546 131744 13464 11220 118280 11419
cat_boundaries=0 2 4 6 8 10 11 13 14 16 18 20 22 24 26 27 29 31 33
cat_threshold=3778163554 83 3221234599 2 2869236130 61 3905454140 53 317506648 61 201605272 2857036824 4 16941062 705910469 112 2689656864 96 3511339064 40 536940802 36 2684367360 16 3796503968 81 654517246 2152204848 36 450154512 68 3223331106 65
is_linear=0
shrinkage=0.03


Tree=10
num_leaves=64
num_cat=19
split_feature=7 3 5 3 2 2 3 5 1 1 5 3 5 3 1 18 3 1 1 19 16 1 1 2 7 1 19 1 5 1 1 19 1 19 1 19 9 18 1 4 2 2 5 9 11 12 1 5 1 2 14 11 9 1 2 1 16 17 14 2 7 2 5
split_gain=4485.28 2183.51 1967.12 1700.12 1623.69 1352.11 1260.72 1043.55 766.879 707.018 633.864 581.661 568.097 461.298 427.032 409.634 409.232 408.382 395.98 391.779 390.415 374.496 351.628 325.1 311.34 299.772 398.822 293.783 293.723 266.867 260.729 234.666 275.214 233.33 217.147 418.7 214.082 213.034 210.559 202.617 225.177 189.428 257.45 185.8 188.749 185.662 177.641 169.714 165.947 165.161 165.007 1258.69 225.363 164.174 162.454 161.265 160.511 242.359 336.028 152.808 152.418 184.719 159.425
threshold=0.026768094860017303 -1.7656701207160947 0.41084240376949316 1.7640202045440676 -0.95199516415595997 -1.3434706330299375 -0.063199985772371278 -2.2401353120803829 0 1 -0.98980399966239918 0.72557580471038829 -0.32619352638721461 -0.095320485532283769 2 -0.69546580314636219 1.4813593029975893 3 4 0.024302059784531597 0.73552611470222484 5 6 -1.3434706330299375 -0.95361450314521778 7 0.48895178735256201 8 -2.2401353120803829 9 10 -0.46807844936847681 11 0.20613797754049304 12 2.3787169456481938 -0.67012792825698841 2.4054126739501958 13 -1.0004346668720243 0.12920522689819339 -1.8392598628997801 -1.3648995757102964 -0.49196413159370417 0.15533566474914554 -0.3569346666336059 14 -0.6327262520790099 15 -1.3434706330299375 -0.17379648983478543 0.62992408871650707 -0.25967420637607569 16 0.35156635940074926 17 0.14144571870565417 18 0.24513973295688632 -1.8392598628997801 -0.79447859525680531 -1.3434706330299375 -1.2799339294433592
decision_type=2 2 2 2 2 2 2 2 1 1 2 2 2 2 1 2 2 1 1 2 2 1 1 2 2 1 2 1 2 1 1 2 1 2 1 2 2 2 1 2 2 2 2 2 2 2 1 2 1 2 2 2 2 1 2 1 2 1 2 2 2 2 2
left_child=1 4 10 11 7 18 9 8 -1 24 21 14 17 55 -4 -9 38 -8 -5 47 34 -2 -6 31 41 -22 36 -17 46 33 -15 -13 -33 -7 35 56 -27 -30 -14 -24 43 42 -3 44 -41 -36 -23 -11 -18 53 51 -26 -52 -16 -37 -12 -21 58 -58 -50 61 62 -19
right_child=2 6 3 5 22 29 12 15 -10 19 13 23 16 30 49 27 48 60 -20 20 25 28 39 -25 50 26 -28 -29 37 -31 -32 32 -34 -35 45 54 -38 -39 -40 40 -42 -43 -44 -45 -46 -47 -48 -49 59 -51 52 -53 -54 -55 -56 -57 57 -59 -60 -61 -62 -63 -64
leaf_value=0.031712286120601306 -0.0006897456452211189 0.0139081378704021 -0.00016682119373095873 -0.022363941933460738 0.00030369776042012819 -0.0036117548328247458 -7.0956679198167831e-05 0.014610809972186372 0.012759280059402956 0.0014240057957674616 0.0005395353063955263 -0.011791355091736585 0.00031448201264219484 -0.00010561439178730508 -0.0064231002713881552 -0.0034754005287177202 -0.00032619900109108187 0.0076952150258514755 -0.010638887985292301 0.00053723447143064164 -0.00099073229201479605 0.0061033583794572639 0.0014361144525401705 -0.0020891098771169173 0.0018616788854959084 -0.0061642538698830499 -0.011694372601203996 0.0089865444290898166 0.00079032713255079647 -0.0055964694840123074 -0.0011018248241356525 -0.00013732758862799646 -0.0081922597559358178 0.007365228169335763 0.00051816651728752924 -0.0043065680314189701 0.0020356252616313304 0.0067874738354402817 -0.0004588289074073965 0.0088775622044625479 0.0039207401477544647 0.0023359816748734922 0.002761573056961974 0.0048533829605542219 0.019080664937263084 0.0046791237110311518 0.0019101415343696507 0.00060820760621982601 -0.0084728754971057363 -0.0012092244014543037 0.00084602220261013709 0.022085304113153174 0.0021499564535997213 -0.0021142516793095372 -0.014269678227369735 -0.00028941176210879632 -0.011293471667543267 -0.00054315418816278127 -0.0013722244322761929 -0.0027522140612018979 0.00072888344510566548 0.0014895779456157486 0.0010314275889840613
leaf_weight=3603.5509719848633 139699.07177734375 3029.1604614257812 416458.32849121094 5251.8585205078125 24137.850852966309 4251.4686298370361 480281.8173828125 4160.2090721130371 4230.8523483276367 376141.2265625 427691.6162109375 4803.9662475585938 486146.84851074219 339826.587890625 9916.8248901367188 3452.6479601860046 26282.241027832031 8276.0179443359375 5285.5560302734375 67337.643730640411 39189.446044921875 15285.815246582031 11121.12103843689 362785.54296875 80459.227321624756 6143.6512832641602 6379.0229187011719 3334.1107411384583 462442.55493164062 27932.388830184937 777297.0185546875 7600.8517673015594 7666.7952663898468 2946.2162704467773 261684.95652008057 3480.2687358856201 5363.095085144043 5388.181884765625 910126.29987949133 4888.2104339599609 16751.319862365723 271505.8515625 4847.7536010742188 5121.0311145782471 2459.5956039428711 10015.847434997559 22507.907409667969 588746.3798828125 4542.318359375 1132223.3028564453 523291.20156860352 2863.5995826721191 154518.61215209961 40338.657043457031 2557.0623188018799 417276.53515625 5034.8431396484375 42088.809394359589 7874.8328857421875 55668.380065917969 387126.73315429688 220083.2275390625 5301.4312744140625
leaf_count=1079 58003 975 170352 1788 9707 1473 182247 1457 1476 133635 154594 1614 182432 126727 3623 1175 11717 2884 1728 28014 10946 5516 4657 138292 43429 1394 1469 1325 161835 11470 282941 2567 2997 1026 108065 1454 1214 1987 332228 2375 6648 96122 1649 2268 655 6484 7462 212325 1600 393189 164670 1028 59422 13505 1069 164274 1628 17431 2514 21978 141508 83233 1897
internal_value=9.42593e-07 0.000612118 -0.000675475 -0.00137636 0.00543063 -0.00709888 0.000532612 0.013192 0.0215484 0.00101832 -0.000130485 -0.00124447 6.96976e-05 -0.000398737 -0.000992973 0.00720442 -0.00031363 0.000585909 -0.0165218 0.000583483 -0.000139941 0.000685127 0.00316908 -0.0022948 0.00161258 -0.00246097 -0.0056775 0.00265697 0.00106499 -0.00427048 -0.000798792 -0.00601104 -0.004189 0.000882204 0.000191207 -0.000825539 -0.00234321 0.00085947 -0.000189583 0.00488202 0.00619472 0.00246913 0.00705422 0.00924691 0.0123036 0.000671613 0.00360881 0.000926235 -0.00231603 -0.00128392 0.00129818 0.002558 0.00114329 -0.00296676 -0.00853468 0.000130174 -0.000444824 -0.00164715 -0.00524038 -0.00318392 0.00109408 0.00169916 0.00509462
internal_weight=9.76453e+06 5.12965e+06 4.63488e+06 2.02746e+06 83260.5 45667.5 5.04639e+06 18781.4 7834.4 2.46255e+06 2.60742e+06 1.98179e+06 2.58384e+06 1.96209e+06 1.59894e+06 10947 1.48277e+06 1.10107e+06 10537.4 1.42204e+06 457149 645324 64479.1 382857 1.04052e+06 57075.2 17885.8 6786.76 505624 35130.1 1.11712e+06 20071.6 15267.6 7197.68 400074 128373 11506.7 467831 1.39627e+06 40341.3 29220.2 279383 7876.91 12468.8 7347.81 271701 37793.7 964888 86492.9 1.18248e+06 761133 83322.8 677810 50255.5 6037.33 844968 122336 54998.5 12909.7 60210.7 620787 233661 13577.4
internal_count=3596446 1889483 1706963 743624 32822 17485 1856661 6512 2555 894937 963339 726139 961724 728536 580669 3957 549955 411769 3516 527642 181682 234803 26310 145470 367295 15023 4077 2500 176800 13969 409668 7178 5564 2499 166659 52110 2608 163822 514660 16603 11946 98746 2624 5298 3030 114549 12978 345960 35295 410317 268549 44457 224092 17128 2523 318868 49587 21573 4142 23578 229522 88014 4781
cat_boundaries=0 2 4 6 8 10 12 14 15 17 19 21 23 25 27 29 31 33 35 36
cat_threshold=2525667500 34 210558080 61 723783720 49 3875681218 19 2458051970 117 2164273730 25 3017822458 66 3221234432 1913786234 108 535344 7 101057567 36 1801356440 105 571474444 64 187468808 60 307350664 4 1612449908 44 8897 14 1057340561 21 8392704
is_linear=0
shrinkage=0.03


Tree=11
num_leaves=64
num_cat=16
split_feature=7 5 5 2 2 4 0 10 7 0 10 19 5 17 0 17 17 2 10 0 0 17 19 17 10 5 5 17 18 14 11 17 8 10 0 17 17 0 14 2 10 19 17 17 10 16 16 17 10 8 18 0 17 17 15 17 16 0 17 0 8 16 10
split_gain=4223.71 1885.07 1517.99 2841.62 1212.43 1020.15 1067.15 994.745 994.349 891.29 878.528 836.707 784.266 742.776 727.635 627.484 616.688 610.756 578.785 574.273 478.764 494.187 462.683 452.285 445.88 411.855 373.155 370.718 367.998 359.995 398.478 614.108 1023.61 355.971 352.107 351.545 324.45 314.966 306.329 288.06 308.888 283.351 297.059 286.902 299 575.344 276.739 275.719 274.55 266.795 257.275 249.899 249.374 244.607 252.853 243.31 236.054 229.535 225.889 220.246 217.452 214.692 261.891
threshold=1.0000000180025095e-35 0.27365265786647802 -2.2401353120803829 -1.1064002513885496 -1.8392598628997801 -0.13379042595624921 788.50000000000011 1.526500463485718 -0.86882248520851124 802.50000000000011 1.9918488860130312 0.024302059784531597 1.6443790793418886 0 830.50000000000011 1 2 -0.95199516415595997 1.9918488860130312 528.50000000000011 788.50000000000011 3 0.95743000507354747 4 1.9918488860130312 -1.4566094875335691 0.091554652899503722 5 -2.0339684486389156 0.1713412627577782 -0.042074384167790406 6 5.1770596504211435 0.039558771997690208 759.50000000000011 7 8 928.50000000000011 0.6180149018764497 -0.32256881892681116 0.16588113456964496 1.3512750267982485 9 10 -1.3066854476928709 0.59188929200172435 0.65159371495246898 11 0.10106483474373819 1.5186024904251101 -1.0282843112945554 470.50000000000006 12 13 1.2876382470130923 14 0.89068683981895458 872.50000000000011 15 928.50000000000011 0.10131619870662691 -0.15813454985618589 -2.4717153310775752
decision_type=2 2 2 2 2 2 2 2 2 2 2 2 2 1 2 1 1 2 2 2 2 1 2 1 2 2 2 1 2 2 2 1 2 2 2 1 1 2 2 2 2 2 1 1 2 2 2 1 2 2 2 2 1 1 2 1 2 2 1 2 2 2 2
left_child=2 10 3 7 5 12 13 28 18 24 14 20 -3 51 25 37 -12 38 22 -14 26 -22 -4 -19 33 -2 -10 -8 -1 -13 31 32 49 41 -30 -26 -20 50 52 40 -17 43 -43 44 45 -6 -18 -5 -27 -31 -16 -7 -11 54 -28 -24 -33 -42 -21 -23 61 -57 -63
right_child=1 4 8 47 9 6 27 -9 11 17 16 29 19 -15 15 39 46 23 36 58 21 59 55 -25 35 48 53 -29 34 30 -32 56 -34 -35 -36 -37 -38 -39 -40 -41 57 42 -44 -45 -46 -47 -48 -49 -50 -51 -52 -53 -54 -55 -56 60 -58 -59 -60 -61 -62 62 -64
leaf_value=0.018787966904171161 0.0012694345470079063 -0.0032938968718210443 0.0012842613164713627 0.0034071738367987517 -0.00034520534670692441 0.014235109574588052 -0.01800128238283176 0.028081616246530033 0.0010751844675483012 -0.0077980147720051922 0.0099768044704926385 4.6366116277009054e-05 -0.023617074772376147 -0.0031728648815728924 0.0011534979584487447 -0.0012736910774894656 0.0033732018661506132 -0.0031770131109029503 0.011375271755389878 -0.016426378873164685 -0.0014183081994049325 0.00023486859083610595 -0.0041139346323208455 -0.0010688331103529769 -0.001783835073712016 0.00023422154954674037 0.00083099440101389759 -0.0059894473220581277 0.012759672453069415 0.0023392360338273625 -0.00052364098377901422 -0.00095667380151641065 -0.020681224275353152 -0.0013523859590271353 0.0034231071781705936 0.0051015683869886485 0.003698695435436251 0.0021518044462379357 -0.012451867807983444 -0.0017854230313449654 -0.0014728325574017915 0.0015426768047562833 -0.0045668303278674632 -0.00067983994640619713 0.00026179993215040694 0.010563594943556713 -0.0039523185029741378 7.1846450471217921e-05 -0.00051525831880435303 -0.0054706098935406178 -0.0018149554812228439 0.0038332309233826641 -0.0022833485388682631 -9.752246869502419e-05 0.0068424081348413563 -0.0038657273507858511 -0.0067646377170843984 -0.0073449187992083746 -0.0060393796923101416 0.0029384520885831896 -0.00087613392375828002 0.014692664558138686 0.0029164640417659845
leaf_weight=4101.617073059082 231880.71252441406 7375.4674980640411 1217547.6088867188 42580.637020111084 10063.501220703125 3416.656099319458 3897.1889190673828 3584.588623046875 1213065.654617548 14301.233589172363 12065.594161987305 565706.57141113281 4919.0586700439453 14458.523127317429 40330.243041992188 19179.592895507812 23162.844404220581 174904.64053344727 6520.2820281982422 3318.9457008838654 206386.85217285156 153384.06384277344 17122.046447753906 192342.76663208008 10100.935073852539 1072853.5294799805 291369.27435302734 5763.6090469360352 8206.7270216941833 4759.9524917602539 332994.72839355469 95741.120132446289 3820.9603271484375 930325.65338134766 6531.8150849342346 19631.931625366211 20703.522659301758 46098.71484375 5872.9963073730469 161199.5234375 7730.65625 9535.4289779663086 28732.885475158691 700069.83153533936 157412.83106231689 7660.435302734375 5799.5106525421143 46843.384708404541 745591.12890625 22690.065040588379 75392.660217285156 5309.7743034362793 15303.07772064209 577715.16552734375 6431.5967407226562 2916.2425003051758 6736.7995910644531 26664.265747070312 4456.1047599315643 32938.609375 66291.276231765747 2135.52001953125 8270.7556209564209
leaf_count=1332 83607 2681 454727 16786 4932 1120 1140 1280 429272 4434 4603 258170 1572 5256 16319 6739 9359 55676 2511 1350 69935 56022 8456 80556 4541 397392 107031 2324 2689 1946 96346 39215 1822 339571 2261 7083 8481 18795 1567 55345 2479 4506 12024 253235 60060 1911 1462 15503 276007 7604 30419 1708 6692 199016 1962 1842 2167 8588 1376 12109 26400 1054 4322
internal_value=-1.31006e-05 -0.000648007 0.00060008 0.00405537 -0.00126016 -0.00574915 -0.0024924 0.013603 0.000520477 -0.0011558 -7.02732e-05 0.000255201 -0.0110772 0.000998617 -0.000143871 -0.00135592 0.00428276 -0.00243619 0.0012153 -0.0155963 0.000553821 -0.000407196 0.0011256 -0.00207302 -0.000880563 7.87559e-05 0.000734518 -0.0108667 0.0108415 -0.000462472 -0.00107919 -0.00246227 -0.00614125 -0.000939337 0.00862447 0.00276365 0.00554457 5.49283e-05 -0.00619483 -0.00241879 -0.00432464 -0.000518663 -0.00304529 -0.00040817 0.00067776 0.00437132 0.00190523 0.00166051 -7.30776e-05 -0.00411617 -0.000780424 0.00790264 -0.00495164 0.000262507 0.000960903 -0.000871317 -0.00133866 -0.00602551 -0.0105099 0.000712843 -0.000173194 0.00332344 0.00533901
internal_weight=9.76422e+06 4.79712e+06 4.9671e+06 111849 2.32917e+06 52915.3 32845.8 22424.7 4.85525e+06 2.27626e+06 2.46795e+06 3.51374e+06 20069.6 23185 2.42692e+06 376596 41027.9 402725 1.34151e+06 12694.1 2.48129e+06 392710 1.31428e+06 367247 1.87353e+06 2.05033e+06 2.08858e+06 9660.8 18840.2 1.03245e+06 466744 133749 31271 1.8438e+06 14738.5 29732.9 27223.8 161822 35477.3 214774 53574.5 913475 38268.3 875207 175137 17723.9 28962.4 89424 1.81844e+06 27450 115723 8726.43 29604.3 875516 297801 96735.8 102478 34394.9 7775.05 186323 79613.8 13322.5 10406.3
internal_count=3596690 1766429 1830261 39851 855315 18527 11548 7562 1790410 836788 911114 1282617 6979 8084 895690 138684 15424 148925 507793 4298 875347 138066 496801 136232 687863 757006 737281 3464 6282 407270 149100 52754 11372 676239 4950 11624 10992 65533 12693 73151 17806 336668 16530 320138 66903 6843 10821 32289 673399 9550 46738 2828 11126 308009 108993 42074 41382 11067 2726 68131 33618 7218 5376
cat_boundaries=0 1 2 3 4 5 6 7 8 9 10 11 12 13 14 15 16
cat_threshold=19580438 34038063 35260603 25745049 62952720 16549444 50335744 4530528 36833307 39913256 4899200 35993960 18094746 7007632 17465612 17163317
is_linear=0
shrinkage=0.03


Tree=12
num_leaves=64
num_cat=18
split_feature=5 10 7 7 5 2 5 2 1 5 19 0 19 0 0 1 0 1 1 2 0 14 1 1 0 18 0 1 0 7 14 9 15 1 5 10 1 1 7 1 1 1 2 1 10 1 9 16 18 16 0 16 0 19 1 2 1 18 19 8 10 19 1
split_gain=3882.95 1911.09 1676.12 1320.75 1310.44 1105.97 1232.59 1097.94 929.289 793.984 874.039 741.969 674.264 644.313 612.958 797.575 562.961 554.732 544.427 536.141 527.684 526.516 491.048 451.273 432.014 430.599 389.177 374.607 361.673 350.523 336.468 465.021 1546.57 329.452 313.397 301.118 294.642 289.095 287.08 280.788 275.667 267.955 265.26 251.94 248.972 368.084 268.287 247.344 242.335 236.751 228.816 266.772 228.483 225.319 224.387 224.249 332.343 251.797 222.091 245.983 221.862 251.146 278.325
threshold=0.046377277001738555 1.9918488860130312 0.31444072723388677 -0.16305290162563321 -2.2401353120803829 -1.3434706330299375 -1.9815356135368345 -1.3434706330299375 0 2.0247550010681157 -0.39944824576377863 660.50000000000011 0.48895178735256201 528.50000000000011 788.50000000000011 1 646.50000000000011 2 3 -1.1064002513885496 703.50000000000011 0.2086225971579552 4 5 773.50000000000011 -1.2875885963439939 928.50000000000011 6 773.50000000000011 -0.5646880269050597 -0.17379648983478543 -0.77983126044273365 1.2876382470130923 7 -1.2013698816299436 1.9918488860130312 8 9 -1.1601982116699217 10 11 12 -0.36284026503562922 13 -2.4717153310775752 14 -0.62661615014076222 0.65159371495246898 -0.52634912729263295 0.73552611470222484 788.50000000000011 1.0239290595054629 942.50000000000011 -0.4862269908189773 15 0.29376143217086798 16 1.0667310953140261 0.43000911176204687 2.5359776020050053 1.9918488860130312 0.95743000507354747 17
decision_type=2 2 2 2 2 2 2 2 1 2 2 2 2 2 2 1 2 1 1 2 2 2 1 1 2 2 2 1 2 2 2 2 2 1 2 2 1 1 2 1 1 1 2 1 2 1 2 2 2 2 2 2 2 2 1 2 1 2 2 2 2 2 1
left_child=1 3 17 5 19 6 20 9 36 11 13 33 22 -11 34 52 35 29 28 -3 25 43 26 -23 44 -1 30 -18 -12 48 31 32 -7 53 41 54 -6 -37 -27 -13 -22 -5 -17 -14 45 -19 -47 -26 -2 -44 -24 -52 -16 -4 -9 57 -57 -10 -51 -60 61 -46 -63
right_child=2 4 7 14 8 12 -8 16 55 10 18 39 21 -15 15 42 27 24 -20 -21 40 23 50 -25 47 38 -28 -29 -30 -31 -32 -33 -34 -35 -36 37 -38 -39 -40 -41 -42 -43 49 -45 60 46 -48 -49 -50 58 51 -53 -54 -55 -56 56 -58 -59 59 -61 -62 62 -64
leaf_value=0.024294947213799673 0.0025756313594614902 0.027543297336623265 -0.0022865945727317451 1.466910607607571e-05 0.015003473033401125 0.0030967758116760562 0.0019734066344803658 -0.00028772455181101442 0.00088399300562467707 -0.026051369497147276 0.0060036832674218148 -0.011140778615262211 0.0021363237256189181 -0.0097420318021275692 7.1601783686780354e-05 -0.003664898456376648 -0.00075446131970017215 -0.0097410466221099865 -0.01104615669487711 0.010110263937223507 0.011104402292763372 -0.0041473933146980013 0.00089211814417539993 -0.00039689681134302894 -0.0012484717343687949 0.015757392926554436 0.0044853342816396973 -0.0023309646483383067 -0.0071897373634059927 -3.531314870390396e-05 0.0012600309390143317 0.0023295999100901234 0.02900044438307257 -0.0020791874815058137 7.3620434863512851e-05 -0.0011235169503396587 0.0069372407825458006 0.00621466397740425 0.0041420083417453967 -0.0045338374026377441 0.0017972478770042918 0.0015761766120957648 -0.00084290641213850977 -0.00021041924173260365 -0.00020916534842178988 -0.0061044356939858506 0.0044574230379400091 -0.0036494847231867368 0.00066268231417997787 -0.0023377340227747775 0.00021133741870778722 -0.0028999668288812886 0.0028727831443464396 0.0064848406730404493 -0.0011686511933496674 -0.011654076085493422 0.0009887685438082995 0.0081801539536007807 -0.013464573884712464 -0.0027428330129822495 0.0042348254321485342 -0.0055495065781563284 -0.001075249656045189
leaf_weight=3220.0004425048828 73450.432373046875 3078.2579345703125 3647.3551940917969 157984.87280273438 5081.1141357421875 9970.3177947998047 48536.857421875 436942.68197631836 20721.975803375244 3787.9607305526733 4628.5436935424805 7237.1417694091797 61858.502723693848 5150.6153039932251 195195.1708984375 62273.008056640625 193420.11669921875 6231.2138671875 6580.9396171569824 3292.4593505859375 5127.2075424194336 50152.554954528809 881528.92596435547 68050.168922424316 213891.23120117188 5011.3065643310547 40167.3583984375 454492.31628417969 3130.4308891296387 1014231.455078125 798207.71197509766 89360.238006591797 2614.8800506591797 19842.254776000977 1599419.6726046801 8715.6853942871094 21052.040679931641 10824.775543212891 3105.014289855957 29172.488021850586 6501.6840515136719 264493.21313476562 163048.79742431641 123061.22243499756 1109853.8129882812 3872.3098859786987 4894.9137468338013 47120.477783203125 316028.06762695312 58319.908142089844 215300.11340332031 28026.80078125 30266.05859375 9477.7660980224609 643546.8342590332 2801.9870300292969 5573.7463798522949 5353.1686859130859 3607.1221690177917 4132.1714100837708 9675.23828125 15594.291381835938 63182.165161132812
leaf_count=1012 28355 1116 1141 62213 2265 6058 17358 175627 7313 1237 1482 2776 27721 1704 75935 21309 83242 2445 2549 1178 1412 16673 339438 23041 79417 1638 13446 158056 1052 391023 249720 46940 940 7470 590969 3896 8529 3814 1031 10412 2589 89696 62012 59102 382862 1453 1933 12200 122079 15442 86199 6968 12053 3171 224399 737 2289 2142 1023 1165 3824 6509 24046
internal_value=-1.92433e-06 0.000576626 -0.000620553 0.000508914 0.0056111 0.00100735 0.00468321 -0.00132758 0.00424922 -0.00450993 -0.00930369 -0.0029009 0.000896364 -0.0166643 2.98988e-05 -0.00089209 -0.00115887 -0.000168385 -0.00471138 0.0185487 0.0104087 -0.000424888 0.00109029 -0.0019887 -0.000574787 0.0150138 0.00159625 -0.00186039 0.000678598 0.000258461 0.00146733 0.00309027 0.00848827 0.000359568 0.000265581 -0.000745673 0.00851328 0.00294475 0.011319 -0.00585275 0.00591489 0.000992299 -0.00192869 0.000574743 -0.000336599 -0.00417721 -0.000208125 -0.00168199 0.00102347 -0.00145679 0.000667315 -0.00014708 0.00044767 0.00404431 -0.000812427 0.00101114 -0.00325788 0.00238316 -0.00297183 -0.00774548 -0.000288512 -0.000325348 -0.00196209
internal_weight=9.76412e+06 5.0455e+06 4.71862e+06 4.97854e+06 66954.8 2.4398e+06 71502.1 1.8406e+06 60584 92655.5 23278.5 69377 2.3683e+06 8938.58 2.53874e+06 516842 1.74794e+06 2.87803e+06 14339.9 6370.72 22965.2 303122 2.06518e+06 118203 1.47432e+06 11336.3 940321 647912 7758.97 1.40371e+06 900153 101945 12585.2 32967.4 2.0219e+06 1.10003e+06 26133.2 19540.5 8116.32 36409.6 11628.9 422478 291381 184920 1.2133e+06 14998.4 8767.22 261012 389478 229108 1.12486e+06 243327 225461 13125.1 1.08049e+06 34450.9 8375.73 26075.1 66059.2 7739.29 1.19831e+06 1.18863e+06 78776.5
internal_count=3596846 1858672 1738174 1833103 25569 901286 25040 682028 23275 32994 8024 24970 876246 2941 931817 188939 649034 1056146 5083 2294 7682 126537 749709 39714 514689 3681 317104 241298 2534 541457 303658 53938 6998 11782 742878 407736 10794 7710 2669 13188 4001 151909 100951 86823 423072 5831 3386 91617 150434 79642 432605 93167 87988 4312 400026 12481 3026 9455 17630 2188 417241 413417 30555
cat_boundaries=0 2 4 6 8 10 12 14 16 17 19 21 23 25 27 28 30 32 33
cat_threshold=2655961752 46 519752728 36 2402065512 61 1867094205 24 478993441 44 588775971 81 594019416 37 3932000564 16 2281963544 816958531 46 3223335684 24 2321192994 4 2938647104 51 1091118051 29 1624375680 733294642 51 536940578 1 805306881
is_linear=0
shrinkage=0.03


Tree=13
num_leaves=64
num_cat=21
split_feature=7 5 10 5 19 2 5 2 19 0 5 5 1 10 1 1 0 1 0 1 1 4 0 12 1 16 19 1 13 1 0 1 2 1 8 1 10 2 1 10 4 17 1 4 5 2 10 1 1 10 0 8 1 9 9 1 19 1 0 0 1 15 12
split_gain=3787.8 1774.68 1492.71 1544.11 1117.01 1075.93 982.802 967.23 903.657 1081.29 923.111 902.118 801.478 758.613 710.536 646.003 639.911 718.57 605.34 549.781 535.258 709.466 530.52 515.683 465.09 395.342 388.64 384.502 380.261 372.342 350.069 404.393 313.701 460.643 366.584 335.423 334.496 352.152 311.393 388.511 303.755 298.446 293.89 293.705 292.608 290.776 268.312 288.911 263.395 259.234 258.627 251.281 311.445 1172.88 2588.19 250.147 249.578 228.228 217.821 216.411 214.265 286.77 678.693
threshold=-0.053535034880042069 0.27365265786647802 1.9918488860130312 -2.2401353120803829 0.72087940573692333 -1.3434706330299375 -0.74174416065216053 -1.3434706330299375 -0.43314242362976069 660.50000000000011 2.0247550010681157 -2.2401353120803829 0 1.9918488860130312 1 2 788.50000000000011 3 646.50000000000011 4 5 1.7814109921455386 528.50000000000011 -0.66263461112976063 6 0.81020987033844005 1.697729289531708 7 -0.80746611952781666 8 703.50000000000011 9 -0.21523885428905484 10 0.49596138298511511 11 -2.4717153310775752 0.772863268852234 12 -2.4717153310775752 1.3573725223541262 13 14 -1.0004346668720243 -1.2799339294433592 -0.36284026503562922 0.12204815819859506 15 16 1.9918488860130312 886.50000000000011 2.3576424121856694 17 -0.77983126044273365 -0.83641499280929554 18 1.0000000180025095e-35 19 292.50000000000006 928.50000000000011 20 1.2876382470130923 -0.65255156159400929
decision_type=2 2 2 2 2 2 2 2 2 2 2 2 1 2 1 1 2 1 2 1 1 2 2 2 1 2 2 1 2 1 2 1 2 1 2 1 2 2 1 2 2 1 1 2 2 2 2 1 1 2 2 2 1 2 2 1 2 1 2 2 1 2 2
left_child=2 13 4 -4 6 8 7 11 10 12 -3 30 -10 16 -5 -15 44 45 42 -9 21 25 -12 46 -25 26 -6 -11 -28 -20 31 -1 33 43 35 -34 37 -37 39 57 -40 -16 -7 -22 48 50 55 -48 -2 -44 -18 52 53 54 -26 -8 -21 -36 -57 -19 61 -46 -63
right_child=1 5 3 14 20 18 23 19 9 27 22 -13 -14 15 41 -17 17 59 29 56 32 -23 -24 24 51 -27 28 -29 -30 -31 -32 -33 34 -35 38 36 -38 -39 40 -41 -42 -43 49 -45 60 -47 47 -49 -50 -51 -52 -53 -54 -55 -56 58 -58 -59 -60 -61 -62 62 -64
leaf_value=0.023669046002537008 0.0017755330836753652 -0.0049115640630116777 0.023642058506685871 0.00051854241274220877 -0.00050724567022691501 -0.0011465900233229495 -0.00035430625672276417 0.0017939058763123215 0.0089064124274909756 -0.0030151808326211067 -0.024505435997747824 0.0028117924375816164 -0.0013620616454080498 0.00020018476345734542 0.015747189862218351 0.0076168894058649588 -0.0019646227433644634 -0.00033403463821913665 -0.00079164774669246657 0.000923385474359617 -0.00067782029974144194 -0.014995544246915685 -0.010123817856598749 -2.1712288165159989e-05 0.0012751563371000876 -0.0076535482734212965 -0.010612447074508029 -0.0089413779072459385 -0.0021846138618613572 -0.0021419540749999565 0.0064943093460529989 0.01016190380691025 -0.0011219027477081733 -0.00054412945583242201 -0.015845772066983392 0.020211791391168868 0.002355572559606561 0.0030027329541934744 -6.4779772724154938e-05 -0.0022052367707326541 -0.0082653085624396425 0.0063377243343413501 -0.00036411555771041315 0.0060163277394983073 0.00030734195220159615 -0.0015751893826892673 -0.00090378454417909288 0.00027569912678608946 3.8299098102135316e-05 0.0042764620475233819 -0.0059278823125200521 0.00063653185649039865 0.0015237191028763322 0.0023815945533044738 0.036179075827229061 0.0014668953269477466 -0.00042513087466141211 -0.0048859354478227373 0.00038369512134238002 0.001790944465785363 -0.0002640708259616033 0.0012736430034262878 0.015466415663544156
leaf_weight=3316.2882537841797 173240.01184082031 19328.597961425781 3936.765380859375 24806.08568572998 67360.856231689453 648674.92315673828 299557.02206420898 690648.2619934082 9596.6038513183594 21593.741081237793 4081.0751781463623 37967.5947265625 23725.172515869141 20845.891540527344 3517.3206367492676 21438.991271972656 29589.322509765625 201970.169921875 281418.50537109375 480455.12753295898 8020.5349006652832 4112.019287109375 5335.7881031036377 264733.52783203125 5067.972900390625 10981.082733154297 7467.9643726348877 18176.833808898926 13573.519269943237 530026.05627441406 7205.8714418411255 5166.6459684371948 22048.379776000977 44834.556884765625 2996.2188720703125 2134.6434097290039 19838.454193115234 2145.1978988647461 103898.84642124176 71980.982803344727 4225.7395162582397 22330.324390411377 878658.60406494141 22283.584362030029 670126.16125178337 213437.88366699219 380520.38464355469 367314.04968261719 143705.02368164062 10964.3330078125 29695.806640625 196274.70672607422 292012.28610229492 66709.351531982422 3065.7649230957031 220110.54266357422 166261.0078125 4045.9447021484375 693471.60272216797 54841.0185546875 1086665.6825866699 15857.846649169922 3744.6366271972656
leaf_count=1105 59321 6682 1428 9371 28364 233499 120128 250213 3833 7945 1331 13163 7911 7345 1636 8535 9251 83496 123695 169346 3436 1270 1738 134721 1791 3354 4009 6559 6033 176222 2446 1620 12200 18717 1025 1018 9911 1023 43339 28043 1739 9362 326178 9458 230269 69058 100544 158088 54801 4352 9458 66685 117110 20235 911 69933 63836 1454 226001 22941 422637 4380 1125
internal_value=4.07163e-06 -0.000559023 0.000624167 0.00555549 0.000565534 -0.00114156 0.000712426 0.00136378 -0.00416037 -0.00238784 -0.00866624 0.00531303 0.00159839 -2.3169e-05 0.00414762 0.00396286 -8.74375e-05 -0.00101911 -0.00101072 0.00120531 -0.000924908 -0.00279161 -0.0163662 0.000387541 0.00101539 -0.00228622 -0.00161911 -0.00572749 -0.0051776 -0.0016737 0.0113633 0.015493 -0.000298437 0.00138736 -0.000841378 0.00155273 0.00399635 0.0115996 -0.001432 -0.00286321 -0.000385606 0.00762655 -0.000660992 0.00424338 0.000148241 -0.00209145 0.00012248 -0.000324468 0.00098793 -0.000306895 -0.00395014 0.00150291 0.00196647 0.00369303 0.0144453 0.000397999 0.000576693 -0.00958635 0.000644672 0.000119768 -1.57859e-06 0.000411974 0.00398812
internal_weight=9.76314e+06 5.11674e+06 4.6464e+06 54590.5 4.59181e+06 2.45158e+06 4.17986e+06 1.39102e+06 101838 73092.4 28745.5 53656.4 33321.8 2.66516e+06 50653.7 42284.9 2.62287e+06 529534 2.34974e+06 1.33736e+06 411949 103495 9416.86 2.78884e+06 827864 99383.4 88402.3 39770.6 21041.5 811445 15688.8 8482.93 308453 75138.7 233314 46166.7 24118.3 4279.84 187148 79023.1 108125 25847.6 1.5383e+06 30304.1 2.09334e+06 272723 1.96097e+06 747834 316945 889623 59285.1 563130 366855 74843.1 8133.74 1.21314e+06 646716 7042.16 913582 256811 1.77639e+06 689729 19602.5
internal_count=3596628 1882562 1714066 21797 1692269 899945 1517876 501729 35999 26248 9751 18334 11744 982617 20369 15880 966737 194204 863946 483395 174393 43030 3069 1016147 341453 41760 38406 14504 10042 299917 5171 2725 131363 31611 99752 24152 11952 2041 75600 30522 45078 10998 564029 12894 772533 87767 674694 258632 114122 330530 18709 206732 140047 22937 2702 416062 233182 2479 295934 106437 658411 235774 5505
cat_boundaries=0 2 4 6 8 10 11 13 15 17 19 21 23 25 26 28 30 31 33 35 37 39
cat_threshold=3994320956 16 565296483 64 1085292387 89 3758437287 90 484297875 44 1645232675 2782208094 98 534757403 96 661390424 53 2618482972 96 160176460 17 2229804040 52 478425356 17 33556497 1422446153 68 1073954727 64 1356320191 135296 4 1088574160 18 201597184 16 2718241943 5
is_linear=0
shrinkage=0.03


Tree=14
num_leaves=64
num_cat=16
split_feature=7 3 3 2 2 3 0 10 1 3 1 1 1 0 2 10 10 0 0 16 6 18 1 1 14 11 10 10 0 19 1 7 3 19 4 1 19 1 10 1 1 1 15 14 18 1 10 2 4 8 2 1 11 10 10 18 0 1 2 0 0 2 1
split_gain=3453.52 1929.1 1921.94 1506.07 1204.93 921.511 900.474 905.11 851.8 703.009 642.356 606.18 576.309 571.027 541.945 541.217 540.601 530.655 460.999 457.773 432.193 430.828 427.626 394.697 393.504 1618.54 381.576 366.631 352.239 351.594 667.316 344.246 372.997 337.091 386.816 477.695 326.01 419.855 318.372 317.331 309.51 304.278 426.889 975.849 286.388 279.002 267.846 341.322 264.38 263.697 260.568 253.462 252.746 270.903 248.609 246.469 290.22 335.649 245.764 245.67 321.304 508.296 444.311
threshold=-0.026401109062135216 -1.4995263218879697 0.63265207409858715 -1.1064002513885496 -1.8392598628997801 0.32709132134914404 802.50000000000011 1.9918488860130312 0 1.7640202045440676 1 2 3 802.50000000000011 -0.84180259704589833 0.58930984139442455 0.039558771997690208 514.50000000000011 773.50000000000011 0.33624260127544409 -0.37038938701152796 -0.69546580314636219 4 5 -0.17379648983478543 0.62992408871650707 1.526500463485718 1.526500463485718 928.50000000000011 1.3512750267982485 6 -0.5646880269050597 1.4813593029975893 0.72087940573692333 1.0704205036163332 7 0.32895113527774816 8 1.9918488860130312 9 10 11 1.2876382470130923 -0.17379648983478543 -0.88467910885810841 12 1.9918488860130312 -1.1064002513885496 -0.80504435300827015 0.85656121373176586 -0.95199516415595997 13 1.9390753507614138 -0.9167400300502776 0.039558771997690208 -0.58096221089363087 127.50000000000001 14 -1.8392598628997801 112.50000000000001 172.50000000000003 1.0638288259506228 15
decision_type=2 2 2 2 2 2 2 2 1 2 1 1 1 2 2 2 2 2 2 2 2 2 1 1 2 2 2 2 2 2 1 2 2 2 2 1 2 1 2 1 1 1 2 2 2 1 2 2 2 2 2 1 2 2 2 2 2 1 2 2 2 2 1
left_child=1 3 6 11 9 12 7 16 14 -4 -9 15 24 -6 20 -1 29 -11 27 -20 40 -13 -15 -5 25 -3 48 33 58 41 -31 38 -33 54 49 -36 -21 -38 -7 -40 -8 42 52 -44 -10 -29 47 -46 -25 51 -24 -35 -2 -54 -14 56 57 -18 -26 -57 61 -61 -63
right_child=2 5 4 23 13 31 8 10 44 17 -12 21 18 22 -16 -17 55 -19 19 36 -22 -23 50 26 28 -27 -28 45 -30 30 -32 32 -34 34 35 -37 37 -39 39 -41 -42 -43 43 -45 46 -47 -48 -49 -50 -51 -52 -53 53 -55 -56 59 -58 -59 -60 60 -62 62 -64
leaf_value=0.011393471763802942 0.00062198691707328953 0.0021316480807891526 -0.0045005757635807539 -0.00064972591027818527 -0.0011793905240345725 0.00025487954864426583 -0.019331113957824494 0.00047499019079256952 0.00076408895258779587 -0.022845971538036771 0.0077731653820472318 0.013547960304376432 0.0010897261334995882 -0.001338389386891074 -0.0020113474892603901 0.027642901395308579 -0.0073878770236802341 -0.0083641325234555409 0.00032420505540916488 -0.0011068994885450642 -0.0041729548614860678 0.0032698604798864234 -0.009124226588130618 0.0012345545510842647 0.0052328920775832951 0.018354277509582913 0.012760007961470246 0.0076198261562824502 0.0037784345525096537 -0.0058628432850533147 0.00065833629288823735 -0.00037538892778091453 -0.0026983947990326029 0.0075716067796833203 -0.010676230111763307 -0.00072421613199874599 -0.008526599328165017 -0.00067732552024546064 0.00072619762713539346 0.0094438136792672524 -0.0070766114230751227 2.8924360712199631e-05 0.017427697320043772 0.0014907299950876628 -0.004390144808475444 0.0013352591105043495 0.0044146041965258571 -0.00071989431358405261 0.0043738449142259944 -0.00091990493710344349 -0.0037928291808391528 0.0007895421105898647 0.011014782160654307 0.0023502852934850584 0.00029020082871999514 0.001133365217647377 0.00054069126343093737 0.00021723964404720821 0.00096145511246804654 -0.0019390223920914094 -0.00064055405421847139 -0.0025739743658966413 -0.020475967832667748
leaf_weight=4668.0896148681641 602011.42237496376 85656.367004394531 20328.052734375 26242.090774536133 855887.12121582031 631508.7041015625 3298.7114868164062 20881.041168212891 140001.0849609375 3920.3276195526123 22607.691253662109 6214.8115921020508 862263.17370605469 79601.197265625 260833.73046875 3059.4453277587891 9250.3713073730469 5447.0083179473877 281913.72900390625 136579.943359375 22875.948944091797 8965.8507308959961 8999.954345703125 40372.389251708984 12269.276245117188 5912.6383666992188 3825.8970336914062 11846.823974609375 43276.548095703125 23805.205718994141 34689.787445068359 745858.82421875 67863.984375 6552.7273864746094 7475.0252075195312 10343.526428222656 13102.358407974243 11537.684072494507 8367.1690216064453 6820.5018768310547 4332.9162292480469 945536.87020874023 4540.9835052490234 14451.865371704102 25096.145080566406 13739.412109375 8294.554931640625 249252.54949951172 60078.324111938477 94470.111429214478 98927.818969726562 20291.816213607788 3912.3444213867188 19025.481750488281 589201.69604492188 62666.492431640625 271783.48706054688 11978.051788330078 985970.70153808594 92259.388385772705 1027616.2224121094 2455.7946357727051 2549.8199081420898
leaf_count=1601 207748 48900 7226 13187 327371 249729 917 8219 55860 1273 8794 2033 306317 34940 80892 1023 2905 1932 116134 36972 6618 3200 2889 14972 3920 1902 1447 4537 14437 10074 15522 279756 27939 3797 2724 4545 3630 3824 3210 2972 1531 355084 1484 3893 9671 5850 3395 100563 23646 34586 34692 11272 1009 5404 213760 23223 98824 4410 329894 33682 373159 810 1290
internal_value=1.75449e-06 0.000574823 -0.000553649 0.00388457 -0.00167752 0.00046568 -0.000243292 -2.66302e-05 -0.00120585 -0.00763592 0.00427131 0.0109785 0.000751237 -0.00150791 -0.00245385 0.0178175 -8.63813e-05 -0.0144339 0.000452236 -0.00040497 -0.00623702 0.00747576 -0.00300722 0.0026391 0.00129464 0.00318009 0.00346649 0.000687272 0.00112887 0.000287408 -0.0019967 -0.000158533 -0.000569142 0.000629956 -0.000780618 -0.00490739 -0.00168 -0.0048558 0.000358125 0.00464963 -0.0124173 0.000371472 0.000874436 0.00530467 -0.00034548 0.00424953 -0.000895097 -0.00105571 0.00311225 -0.000174306 -0.00423742 0.00244925 0.00073977 0.00383021 0.000765172 -0.000502436 0.000276802 -0.00310106 0.00101398 -0.000694703 -0.000796549 -0.00244453 -0.0117504
internal_weight=9.76537e+06 4.80625e+06 4.95912e+06 153427 1.07311e+06 4.65282e+06 3.88601e+06 3.17202e+06 713986 29695.4 43488.7 22908.2 3.1924e+06 1.04342e+06 291341 7727.53 3.12853e+06 9367.34 2.05932e+06 443134 30507.6 15180.7 187529 130519 1.13309e+06 91569 104277 1.61618e+06 1.04152e+06 1.64797e+06 58495 1.46042e+06 813723 1.5906e+06 139133 17818.6 161220 24640 646696 15187.7 7631.63 1.58948e+06 643942 18992.8 422644 25586.2 282643 274349 100451 121315 107928 26844.5 624949 22937.8 1.45146e+06 1.48056e+06 293012 21228.4 998240 1.18755e+06 1.12488e+06 97265 5005.61
internal_count=3597020 1771716 1825304 61109 410323 1710607 1414981 1155534 259447 10431 17013 7857 1147001 399892 89958 2624 1138521 3205 747948 160560 9066 5233 72521 53252 399053 50802 40065 587388 348251 600218 25596 563606 307695 577001 56924 7269 44426 7454 255911 6182 2448 574622 219538 5377 169489 10387 113629 110234 38618 49655 37581 15069 214161 6413 520077 538303 106139 7315 333814 432164 408941 35782 2100
cat_boundaries=0 2 4 6 8 10 12 14 15 16 18 19 21 23 25 27 29
cat_threshold=3221304231 10 280050755 117 2622136332 3 202169344 61 385404248 39 836780138 64 1919700513 97 1922040195 1124081715 400071938 85 8964 51720357 45 3527541432 2 1245838 2 3259053734 22 2857268367 2
is_linear=0
shrinkage=0.03


Tree=15
num_leaves=64
num_cat=21
split_feature=3 10 3 7 1 3 7 3 19 1 0 19 1 0 7 0 1 19 16 1 1 19 1 6 7 0 1 7 10 1 3 1 15 15 1 19 1 18 1 11 1 19 6 0 18 1 8 13 16 1 1 1 19 13 8 12 1 14 10 14 10 1 1
split_gain=3356.61 2074.39 1628.86 1512.25 1400.97 1288.9 1168.07 1031.98 889.982 660.672 596.256 583.748 608.903 582.364 551.767 545.226 506.691 457.466 509.474 527.219 450.258 416.358 395.634 456.378 411.523 390.536 509.561 366.638 358.924 372.085 346.172 399.05 331.178 609.982 318.392 315.219 319.163 311.069 310.401 306.826 288.181 278.618 275.949 269.574 265.15 242.568 265.877 377.24 238.893 257.221 227.89 225.309 339.312 228.8 225.019 223.352 270.995 1404.17 211.839 208.769 204.196 287.575 202.896
threshold=0.19364956766366961 1.9918488860130312 1.7640202045440676 0.026768094860017303 0 -1.7656701207160947 0.42499698698520666 -1.7656701207160947 -0.80178231000900257 1 942.50000000000011 -0.64048501849174488 2 802.50000000000011 -0.66991674900054921 646.50000000000011 3 0.37477213144302374 0.73552611470222484 4 5 0.95743000507354747 6 -2.1325372457504268 2.6530530452728276 745.50000000000011 7 -0.79447859525680531 -0.063112985342740999 8 -1.4995263218879697 9 1.2876382470130923 1.3890588879585268 10 1.3512750267982485 11 -1.2875885963439939 12 1.9390753507614138 13 0.024302059784531597 -1.133573532104492 745.50000000000011 -0.81929251551628102 14 5.1770596504211435 -0.80746611952781666 0.73552611470222484 15 16 17 2.3787169456481938 -0.84812572598457325 1.5697209239006045 -0.65255156159400929 18 -0.17379648983478543 -0.063112985342740999 0.82875183224678051 1.9918488860130312 19 20
decision_type=2 2 2 2 1 2 2 2 2 1 2 2 1 2 2 2 1 2 2 1 1 2 1 2 2 2 1 2 2 1 2 1 2 2 1 2 1 2 1 2 1 2 2 2 2 1 2 2 2 1 1 1 2 2 2 2 1 2 2 2 2 1 1
left_child=1 3 6 7 5 -3 14 8 16 27 30 12 -4 28 60 50 -1 43 51 -20 58 34 -13 -24 -25 41 -27 -9 29 32 31 -6 39 -34 -10 -31 -37 -14 -23 -5 -17 -16 48 -11 -22 46 -43 -48 49 -32 -8 52 -19 -54 -7 -29 57 -57 -15 -45 -2 -62 -39
right_child=2 4 11 13 10 54 15 9 21 17 -12 22 37 20 25 40 -18 18 19 -21 44 38 23 24 -26 26 -28 55 -30 35 42 -33 33 -35 -36 36 -38 62 -40 -41 -42 45 -44 59 -46 -47 47 -49 -50 -51 -52 -53 53 -55 -56 56 -58 -59 -60 -61 61 -63 -64
leaf_value=0.023386163054770245 0.00047766420155245879 0.028184164309347705 -0.01421005572832814 0.00098671297377277774 0.0020065777243959428 0.0056215271480784864 -0.00018431748283504512 0.0018586288118980047 0.0013026162007203849 0.00077960927005286593 -0.0092536868493996709 0.0011115125456307696 0.003472801231391846 -0.0008812906515594872 -2.9032086045130388e-06 -0.0030658368851063031 0.0080594646464276359 -0.00079672181710737278 -0.0019948649944975549 -0.010519094476558034 0.00059051616639276363 0.0062502829017315924 -0.013851439656072842 -0.0028331190295412668 -0.012368530044654543 -0.0022860916944552299 -0.00011298503869902026 0.00054625613558308714 -0.00027815083735833459 0.00023465822561999673 0.010016504841418512 0.016817530965724532 0.016555349747055172 0.00047097328251944162 0.005746594701121592 0.001060005213337622 -0.0057553070086748398 -0.0030963607415724569 -0.0062184364925278552 0.0055337707033546049 -0.0015103629117775806 -0.0021328206823301478 0.0032973290636031482 0.00014396199202571544 -0.0011208051739296312 -0.00064034171912001028 -0.01854033866505108 -0.001944024414859503 -0.012671285614047425 -0.0052771761388683003 -0.0013035152614206671 0.00065793356830146457 -0.014055911526833073 -0.0035693975470201898 0.011496639572896376 0.023067686993632069 0.0013052984231781591 4.5276693228014595e-05 -0.0032688657249502801 -0.0018231108159218465 -0.001539432643744389 0.007755013152003205 -0.010479404407619349
leaf_weight=2930.4315490722656 622771.25708007812 3373.0126953125 8930.6786918640137 279843.32684326172 3180.5395812988281 12582.100459575653 278337.54833984375 490710.67578125 24044.204113006592 990324.56481933594 3669.3853759765625 18618.005252838135 3474.562255859375 50817.486572265625 1146502.5007324219 193838.42529296875 5842.0069274902344 108789.81494140625 23697.602294921875 9009.31201171875 130220.78881835938 2442.4071388244629 3791.7728538513184 93381.969467163086 4254.8237152099609 215847.71606445312 176545.69287109375 687752.34399414062 1172845.4375915527 604544.26611328125 1538.7413558959961 3387.3346862792969 3615.1983642578125 5128.4230346679688 36669.407215118408 10054.475402832031 16048.054382324219 7133.8648252487183 6688.6934471130371 14020.669921875 240039.03759765625 43663.700622558594 34515.308671951294 263933.61938476562 217699.83129882812 408127.52026367188 2246.2697811126709 2727.1809635162354 1831.8302803039551 2711.7260150909424 397733.8623046875 106654.04638671875 2789.816792011261 5690.292582988739 11020.474003314972 3165.1772766113281 360583.11827200651 9618.0697937011719 97855.553466796875 59501.7548828125 4766.6728210449219 8046.3652648925781 6359.9166879653931
leaf_count=820 244041 1373 2811 96882 1232 6053 100297 172471 9674 361660 1120 7059 1366 17640 408099 63214 2240 45033 6620 2094 49607 1228 1565 38072 1722 71691 73378 223598 431602 229531 974 1249 1060 1603 14521 4746 7162 3281 2581 3960 96679 20332 11820 103057 83961 160891 1224 1026 468 2020 148538 49339 1574 2066 3895 952 138503 3363 31402 14642 1679 3553 2249
internal_value=3.4744e-06 0.000455575 -0.000680565 0.000390334 0.00532123 0.0108453 -0.000559268 0.000827017 0.00422158 0.000741535 0.00238649 -0.00378977 -0.00787428 -0.000146706 -0.00021498 -0.00137543 0.0132256 0.000307716 -0.000850783 -0.00434799 -0.00107086 0.00308982 -0.00290828 -0.00364592 -0.00324927 -0.000460146 -0.00130844 0.00118053 7.12002e-05 0.000510238 0.00329347 0.00968084 0.00137497 0.00712699 0.00398807 9.52782e-05 -0.0031322 -0.00452543 -0.00288165 0.00120375 -0.00220542 -0.000252526 0.00225905 0.000534022 -0.000480274 -0.000879084 -0.00288144 -0.00945088 -0.00363073 0.000275797 -0.00084277 -0.000339887 -0.00124732 -0.00702554 0.00836658 0.000866953 0.00145767 0.005748 -0.00245267 -0.000217939 0.000554812 0.00430292 -0.0065888
internal_weight=9.76848e+06 5.88134e+06 3.88714e+06 5.80353e+06 77810.5 26975.6 3.74119e+06 3.20084e+06 78617.2 3.12222e+06 50834.9 145946 25899 2.60269e+06 2.63124e+06 1.10995e+06 8772.44 1.57039e+06 256631 32706.9 496594 69844.7 120047 101429 97636.8 1.99566e+06 392393 1.55183e+06 2.1061e+06 933254 47165.5 6567.87 302608 8743.62 60713.6 630647 26102.5 16968.3 9131.1 293864 433877 1.60327e+06 40597.6 1.31376e+06 347921 456765 48637.2 4973.45 6082.3 4250.47 676071 223924 117270 8480.11 23602.6 1.06112e+06 373366 12783.2 148673 323435 635584 12813 13493.8
internal_count=3598163 2145396 1452767 2115192 30204 11321 1394642 1156036 31064 1124972 18883 58125 9707 959156 985914 408728 3060 586085 106726 8714 182610 28004 48418 41359 39794 736641 145069 538887 776546 344944 17763 2481 103505 2663 24195 241439 11908 6896 3809 100842 159893 591572 15282 479359 133568 183473 22582 2250 3462 2994 248835 98012 48673 3640 9948 366416 142818 4315 49042 117699 249273 5232 5530
cat_boundaries=0 2 4 6 8 9 11 13 15 17 19 21 22 24 26 28 30 32 34 36 38 40
cat_threshold=2404303000 10 212720769 61 1154148367 20 1073786919 80 3221234432 3221234598 10 67668084 4 3758322599 11 17903780 29 805376835 52 2745186938 74 3229778266 3565594208 12 3355720486 90 9437696 5 536871200 49 1779900734 34 2987393580 64 0 4 25206018 85 689180736 8
is_linear=0
shrinkage=0.03


Tree=16
num_leaves=64
num_cat=15
split_feature=5 3 3 2 2 7 5 7 4 17 3 19 3 2 7 18 5 4 17 18 17 3 17 17 17 9 12 17 17 6 17 15 12 11 14 17 5 19 17 6 8 19 17 2 18 19 2 18 19 4 17 16 8 16 8 6 14 17 17 8 11 6 4
split_gain=3392.96 1684.55 1617.27 2125.26 1137.91 1072.95 1069.65 1023.51 696.502 616.059 611.366 473.49 449.246 433.406 410.576 461.094 340.28 336.204 364.783 335.927 327.174 324.514 303.242 292.349 277.345 269.58 260.777 256.898 228.275 253.462 225.857 435.864 2082.03 219.647 1033.87 212.862 209.669 355.921 207.429 290.05 204.991 212.262 204.299 236.2 198.144 190.961 188.977 186.309 207.848 430.924 181.593 194.633 180.748 177.528 176.737 347.798 194.255 171.487 169.956 168.536 192.915 302.673 166.238
threshold=0.091554652899503722 1.2055628299713137 -1.2182800769805906 -1.1064002513885496 -1.8392598628997801 0.25002679228782659 -2.2401353120803829 -0.7305830419063567 -0.13379042595624921 0 0.32709132134914404 0.72087940573692333 -0.68426263332366932 -1.3434706330299375 0.28201435506343847 1.3005267977714541 -2.2401353120803829 -0.84932526946067799 1 -1.1072419881820676 2 0.22596810013055804 3 4 5 -0.21066977083683011 -0.6293509006500243 6 7 -1.9564183950424192 8 1.2876382470130923 -0.60809090733528126 0.51064997911453258 -0.094522822648286806 9 2.0247550010681157 -0.64048501849174488 10 -1.9564183950424192 1.5186024904251101 0.95743000507354747 11 0.93501132726669323 -0.37160776555538172 0.13731157034635547 0.82265040278434765 1.8201950192451479 0.6297641694545747 2.2173740267753606 12 0.24469386786222461 1.394970238208771 0.49804693460464483 1.4558228850364687 -0.20263070613145825 -0.13996602594852445 13 14 3.6779094934463505 -0.56908559799194325 0.13050895184278491 -0.21171189099550244
decision_type=2 2 2 2 2 2 2 2 2 1 2 2 2 2 2 2 2 2 1 2 1 2 1 1 1 2 2 1 1 2 1 2 2 2 2 1 2 2 1 2 2 2 1 2 2 2 2 2 2 2 1 2 2 2 2 2 2 1 1 2 2 2 2
left_child=2 5 3 6 8 12 9 13 14 -1 30 17 25 16 -3 -16 58 18 -5 -8 -10 35 -12 -13 40 -2 -26 45 29 -19 31 44 -33 -28 -35 -7 38 -38 -6 -40 -14 -42 -39 -44 -9 -15 52 48 -32 59 -18 -52 53 -47 55 -31 -56 -25 -4 -50 61 -61 -57
right_child=1 4 7 11 36 21 19 10 20 -11 22 23 24 27 15 -17 50 28 -20 -21 -22 -23 -24 57 26 -27 33 -29 -30 54 47 32 -34 34 -36 -37 37 42 39 -41 41 -43 43 -45 -46 46 -48 -49 49 -51 51 -53 -54 -55 56 62 -58 -59 -60 60 -62 -63 -64
leaf_value=0.022862852203503613 0.00052811551387818405 -0.0075624280389216883 0.014903743698191439 -0.0016032678324686992 -0.00086578946761004449 7.1662819424556828e-06 0.0107702481347422 0.0013834476408173058 -0.0084156400652259915 0.01000180470078614 0.00013911393474039452 -0.0072817114933226238 0.00023986500095901314 0.00085854151327057219 -0.010906361303178241 -0.025530868823069184 0.00065759366463024845 0.012395574187741908 0.0021331719912619303 0.0027091528055219328 0.0043841646912900706 -0.0014840783167756472 -0.00081258722004436731 0.0036488538117056685 -0.00019538991410932997 0.0026388121521225675 3.6752652967429729e-06 0.0014206382213078888 0.0014392321977668328 0.0031926705887196632 0.0002970334537617165 0.0011648408987512092 0.026917452665338997 0.017670732380120305 0.0012398604155644619 -0.00093258294760120556 -0.013542442429900353 0.0036463969650875985 -0.011773439550789291 -0.0024401064022728947 -0.00079583074251715321 -0.0032045216712201785 -0.0030618101145018961 -0.012406048343565018 0.00028209466674529264 0.0012319543701887028 -0.0028471031838623508 0.0020425964807697264 -0.00013698943293257172 -0.011844481169041351 0.0031843454790558782 0.010304560577531154 -0.0010501298632863902 0.0096007213854198484 0.0059515493583188724 0.0049266196130388204 0.0021858803324096726 -0.0012729172474988412 0.0057875094770623832 -0.017443153109749622 -0.0017368114392392396 -1.1907535565716039e-05 0.013613505612879113
leaf_weight=6410.0998992919922 369324.4931640625 6238.455295085907 3399.1908054351807 35666.356201529503 95439.896278381348 302537.42016601562 6881.2866363525391 256378.99340820312 3467.0997772216797 7166.7399444580078 525577.2724609375 6087.1997528076172 171463.57189941406 267343.05659484863 4076.5838165283203 3720.7809600830078 16807.57986831665 3021.3252334594727 68968.566284179688 14359.700180053711 3701.6387448310852 739464.25390625 706179.837890625 8136.5223617553711 939106.267578125 63875.5751953125 150179.85607910156 665087.08256530762 53595.440551757812 16291.36882019043 1703991.9603271484 18766.780334472656 3321.3318481445312 3523.4480285644531 148642.43844604492 766660.40014648438 3647.4990539550781 3148.6348366737366 3044.4425029754639 174545.24910926819 560844.4990234375 34976.6357421875 14275.794278860092 2931.8159711360931 344657.18241620064 26894.872700929642 26446.652465820312 50616.4765625 132625.27560424805 3122.16162109375 13734.710510253906 4615.3805198669434 47586.627316713333 2488.0428290367126 15215.46954536438 3043.868700504303 64977.581264972687 29160.514183044434 4120.5074367523193 1875.0782436132431 27330.724248528481 1713.7124309539795 5725.6635652780533
leaf_count=1730 141162 2071 1056 13608 42610 141767 2353 87566 1340 2694 200515 2585 78186 101040 1350 1275 6149 1233 27764 5369 1168 266236 265378 4296 336863 27391 79691 242227 24517 7863 608798 5870 891 1072 42353 256403 1175 1045 1323 67822 170357 12144 5280 1209 117579 14582 12392 18488 57457 999 5200 1290 16576 836 7604 1188 21508 12084 1586 1217 9989 942 1907
internal_value=-8.21954e-06 -0.000604672 0.000515899 0.00250148 -0.00270994 -0.00044705 0.00952851 0.00037491 -0.00942325 0.0161043 0.000142112 0.00171181 -3.68487e-05 0.00118998 -0.0133079 -0.0178968 0.00415263 0.00218495 0.000859586 0.00532257 -0.00181352 -0.00100088 -0.000406513 -0.00119451 -0.000225813 0.000839366 5.13195e-05 0.0010679 0.00304162 0.0038342 0.000407705 0.000904009 0.00504241 0.000817608 0.00162089 -0.000666684 -0.00223054 -0.00491851 -0.00199413 -0.00260029 -0.000674197 -0.000937254 -0.0033703 -0.00465431 0.000751897 0.000435078 -0.00065957 0.000246731 0.000198135 -0.000812977 0.0029129 0.00497482 9.21998e-05 0.00194211 0.00358823 0.0057873 0.00290069 -0.000198175 0.00994306 -0.000602024 -0.00259639 -0.00913102 0.0106028
internal_weight=9.76822e+06 4.56884e+06 5.19939e+06 344708 318238 4.2506e+06 34817.8 4.85468e+06 21204.6 13576.8 3.77616e+06 309890 2.44194e+06 1.07852e+06 14035.8 7797.36 42677.4 266506 104635 21241 7168.74 1.80866e+06 1.23176e+06 43384.2 2.00874e+06 433200 1.24145e+06 1.03585e+06 161871 108275 2.5444e+06 623124 22088.1 302346 152166 1.0692e+06 297033 24003.7 273030 177590 767285 595821 20356.2 17207.6 601036 370759 103416 1.92128e+06 1.87066e+06 166667 35157.7 18350.1 76969.5 29382.9 105254 25060.9 80193.1 37297 7519.7 163545 30919.5 3588.79 8769.53
internal_count=3598219 1681293 1916926 138303 127668 1553625 12146 1778623 7204 4424 1375689 126157 889219 402934 4696 2625 15281 107192 41372 7722 2508 664406 465893 18965 720666 168553 459979 387653 65820 41303 909796 211906 6761 123116 43425 398170 120464 8709 111755 69145 260687 182501 7534 6489 205145 145426 44386 697890 679402 70604 12639 6490 31994 15418 40070 10958 29112 16380 2642 69605 12148 2159 3095
cat_boundaries=0 1 2 3 4 5 6 7 8 9 10 11 12 13 14 15
cat_threshold=9617970 45261125 49366712 1550895 21004556 25170693 26919888 39902475 38150177 40585864 17811027 296257 13752001 1076305 13542840
is_linear=0
shrinkage=0.03


Tree=17
num_leaves=64
num_cat=17
split_feature=7 3 3 3 0 10 10 1 1 19 10 19 10 1 3 0 1 19 3 18 1 19 1 1 1 15 8 14 10 1 18 1 14 10 10 4 6 12 1 1 0 16 10 1 1 6 18 3 10 1 0 1 8 4 4 10 8 6 0 6 0 1 10
split_gain=3045.28 2074.69 1607.66 1273.19 1080.43 1065.76 868.503 836.291 749.603 740.089 703.096 748.308 620.782 605.378 526.185 488.097 465.115 461.882 446.796 431.112 410.138 403.401 610.679 382.011 367.551 484.266 2209.97 401.494 364.064 362.484 356.186 721.419 333.264 395.555 331.632 341.386 329.686 325.756 316.578 294.291 297.301 292.069 297.876 279.2 277.646 275.99 270.679 266.598 261.943 377.287 266.938 260.71 255.534 297.407 246.349 240.964 240.187 302.862 238.153 555.199 231.979 377.407 228.15
threshold=-0.32057279348373408 0.50854587554931652 -1.7656701207160947 1.7640202045440676 773.50000000000011 1.9918488860130312 1.9918488860130312 0 1 -0.64048501849174488 1.9918488860130312 0.72087940573692333 0.039558771997690208 2 -0.063199985772371278 717.50000000000011 3 -0.80178231000900257 -1.4995263218879697 -0.69546580314636219 4 1.3512750267982485 5 6 7 1.2876382470130923 1.3343958854675295 0.30800788104534155 1.526500463485718 8 2.4054126739501958 9 0.74418517947196972 1.526500463485718 -1.1474289894104002 -0.17717035114765164 0.37434487044811254 -0.2909384816884994 10 11 914.50000000000011 0.46092490851879125 -1.5217533111572263 12 13 -0.57713365554809559 -0.81929251551628102 -0.68426263332366932 0.019631844945251945 14 928.50000000000011 15 3.9924119710922246 0.94605156779289257 0.063367111608386054 0.12204815819859506 2.3576424121856694 -0.54711666703224171 202.50000000000003 -0.64668485522270192 127.50000000000001 16 -1.1474289894104002
decision_type=2 2 2 2 2 2 2 1 1 2 2 2 2 1 2 2 1 2 2 2 1 2 1 1 1 2 2 2 2 1 2 1 2 2 2 2 2 2 1 1 2 2 2 1 1 2 2 2 2 1 2 1 2 2 2 2 2 2 2 2 2 1 2
left_child=2 4 5 15 6 9 12 32 -8 19 11 14 21 -12 37 55 41 23 -10 29 -17 24 52 -5 25 27 -27 -2 46 -1 -19 -32 -6 36 35 56 -34 48 -16 -30 -41 42 58 -11 -14 51 -9 -26 49 50 -4 -24 53 -23 -42 -3 57 -29 59 -13 61 -49 -40
right_child=1 3 10 17 7 -7 8 28 18 43 13 16 44 -15 38 20 -18 30 -20 -21 -22 22 45 -25 47 26 -28 34 39 -31 31 -33 33 -35 -36 -37 -38 -39 62 40 54 -43 -44 -45 -46 -47 -48 60 -50 -51 -52 -53 -54 -55 -56 -57 -58 -59 -60 -61 -62 -63 -64
leaf_value=0.0094986296497250704 -4.3565194339297056e-05 -0.00039324732447151514 0.0019445888636697758 -0.016867927850136712 -0.0014632573909092543 0.021712468368953637 0.00015115664178650903 0.00057575048769892506 0.01871541038764139 0.0054270888357902764 -2.218828336355748e-05 -0.010950320731427481 0.00027101406120544656 0.0074392940133426819 0.00088119064121009783 -0.0030111466879559966 -3.9084595902796184e-05 -0.0032935026428068718 0.0064160368605181376 0.0047075271162381966 -0.0011215679464896787 -0.0032722772298922481 -0.010399417585349149 -0.005156388221219832 0.0010744943844088225 0.00049552660871308291 0.025649271062591399 0.01804070064305828 -0.00088781732513148527 0.024146407272702033 0.00053205257928495755 -0.01839872569607072 -0.0021863627876128971 -0.011177149167064698 0.001582983619587808 0.0018000435555551369 -0.0067590603669567574 0.0036347672117007057 -0.0018837986256562958 0.0029911515568878831 0.018865466169073315 -0.0059181378159281076 -0.00072861208660407798 0.00054274878742334443 -0.00054916334833055632 0.0019867077867284266 -0.00082709505202371511 -0.00073510122241459146 0.00060947087656719923 0.00078582548648745327 0.0058851036846995922 -0.001058028090396913 -0.014481381941421087 -0.014464397465536754 0.0056059310521554048 -0.0012560558460808988 0.0032566812250487413 0.0059590593895916585 -0.0080446188524057605 0.011289655193745758 4.6143868133518017e-05 0.0032176531549153189 0.00010565704190446587
leaf_weight=3088.5563163757324 145003.87194824219 702580.49829101562 377323.15971755981 4686.2570190429688 315642.466796875 3536.870849609375 20372.493774414062 188076.97869873047 3051.2453002929688 20533.834547042847 15948.3564453125 1946.3127994537354 540341.896484375 25338.198486328125 593763.80163574219 182003.81396484375 201615.53845214844 83925.745803833008 20530.186706542969 4522.9493255615234 239419.12121582031 17418.54739522934 3235.3180236816406 5449.2168579101562 367511.70709228516 13791.862670898438 4066.6959228515625 3878.2553944587708 9024.4180603027344 3096.0479545593262 3212.0319709777832 4153.513973236084 81981.940570831299 5590.460693359375 181861.97036743164 11996.087829589844 17158.848735809326 46970.291076660156 55750.154541015625 10171.225311279297 2394.3364796638489 19259.796569824219 54485.546203613281 21632.014444351196 1188494.6875 29189.421249389648 362116.94317626953 36435.218078613281 577612.79730224609 385842.55860519409 16130.1083984375 15621.596603393555 2698.4703965187073 2431.6380310058594 2671.0474925041199 497672.72668457031 4200.4304656982422 3611.2830424308777 10190.590171813965 2089.7237377166748 1187437.7885131836 53877.929470062256 746292.71429443359
leaf_count=1167 51779 267149 109914 1395 102979 1361 8254 74830 1123 8667 6548 1185 196193 10035 221385 64733 79819 33841 7952 1673 95006 7362 1432 2264 146891 3941 1517 1159 2921 945 1173 1463 21747 1327 51367 2978 3962 21819 21092 4742 1012 5905 29486 8297 432491 12368 145602 12386 206563 160629 4719 7703 1114 970 1218 186169 1212 920 5348 883 428916 19848 275725
internal_value=-2.32091e-07 -0.000369131 0.000760837 -0.00126336 -5.15524e-05 0.00578013 0.000175806 -0.000933041 0.00436851 0.00471241 0.000670384 0.000618405 0.00012747 0.00455918 0.00076857 -0.00105941 -0.000833355 -0.00452403 0.00800771 0.011754 -0.00193776 0.00047609 -0.00175289 -0.0105987 0.000554237 0.00141074 0.00622904 0.00116523 -0.000188942 0.0168993 -0.00384906 -0.0101727 -0.00194981 -0.00341626 0.00201796 0.00535664 -0.00297809 0.00117866 0.000356103 0.00340722 0.00594724 -0.00265326 -0.00173815 0.00292309 -0.000292821 0.000159284 -0.000347549 0.000362432 0.00109363 0.00145248 0.00210615 -0.00266915 -0.00582393 -0.0046466 0.011886 -0.000751006 0.00900405 0.0122231 -0.0056029 0.000564511 0.000157626 0.00162331 -3.26409e-05
internal_weight=9.76196e+06 6.57499e+06 3.18697e+06 1.7231e+06 4.85189e+06 56410.3 3.85706e+06 994829 43953.9 52873.4 3.13056e+06 3.08927e+06 3.8131e+06 41286.6 2.79969e+06 1.62168e+06 289588 101427 23581.4 10707.6 421423 2.08427e+06 70595 10135.5 2.01367e+06 368410 17858.6 350552 574455 6184.6 91291.3 7365.55 420374 104731 205548 23686.1 99140.8 1.40388e+06 1.39581e+06 24261 15236.6 87972 68712.2 42165.8 1.72884e+06 48046.3 550194 1.64526e+06 1.35691e+06 779296 393453 18856.9 22548.7 19850.2 5065.38 1.20025e+06 11690 7489.54 14226.6 4036.04 1.27775e+06 90313.1 802043
internal_count=3596574 2413409 1183165 653193 1760216 22110 1399876 360340 17329 20749 1161055 1144472 1382547 16583 1021846 613057 122626 40136 9075 3785 159739 753863 30949 3659 722914 114873 5458 109415 230325 2112 36477 2636 130015 27036 57636 6269 25709 503644 518202 9893 6972 42807 36902 16964 628684 21503 220432 608041 481825 275262 114633 9135 9446 8332 2230 453318 3291 2079 7416 2068 461150 32234 296817
cat_boundaries=0 2 4 6 7 9 11 13 15 17 19 21 23 25 27 29 31 33
cat_threshold=3221431207 10 816913475 116 28360002 73 1983136294 3758191142 90 1915225697 96 3335138351 18 69664 13 213196672 105 1280444980 89 171756600 44 285740096 80 476022285 49 2852475010 11 143465635 60 409604 18 1013474312 80
is_linear=0
shrinkage=0.03


Tree=18
num_leaves=64
num_cat=16
split_feature=7 3 3 2 0 2 10 3 17 1 3 1 2 1 4 7 3 14 11 2 10 16 6 9 10 1 0 1 2 10 1 0 0 16 12 1 2 4 3 0 1 6 4 1 9 6 1 10 0 1 12 11 1 0 10 4 0 1 1 0 1 10 2
split_gain=3000.36 1589.42 1576.29 1234.97 1137.34 1056.41 903.558 899.136 848.772 747.732 705.612 701.187 536.255 507.51 456.15 428.233 410.386 380.639 690.654 510.857 364.096 333.769 339.216 369.644 318.49 367.745 306.749 424.313 337.97 293.645 293.28 340.399 291.854 409.261 288.161 253.26 252.159 247.505 245.637 242.562 239.735 235.403 234.503 229.898 277.085 235.07 228.54 279.277 230.763 226.99 266.096 226.581 226.384 224.943 222.185 220.458 219.263 357.827 217.105 214.594 360.927 211.637 199.048
threshold=-0.026401109062135216 1.7640202045440676 -1.7656701207160947 -0.95199516415595997 802.50000000000011 -1.3434706330299375 1.9918488860130312 -0.063199985772371278 0 1 0.50854587554931652 2 -0.678613781929016 3 -0.13379042595624921 -0.7305830419063567 1.7640202045440676 -0.17379648983478543 0.62992408871650707 -0.089710596948862062 0.14382502436637881 0.30528530478477484 -0.37038938701152796 -0.60235068202018727 1.9918488860130312 4 928.50000000000011 5 -1.1064002513885496 1.526500463485718 6 187.50000000000003 788.50000000000011 0.65159371495246898 -0.72688880562782276 7 -1.1064002513885496 0.063367111608386054 -1.3360869288444517 499.50000000000006 8 -1.8261936306953428 -0.80504435300827015 9 -0.77983126044273365 0.24058687686920169 10 -1.5217533111572263 928.50000000000011 11 -0.55711698532104481 1.9390753507614138 12 514.50000000000011 0.23710682988166812 0.92175588011741649 745.50000000000011 13 14 928.50000000000011 15 1.2685531973838808 -0.089710596948862062
decision_type=2 2 2 2 2 2 2 2 1 1 2 1 2 1 2 2 2 2 2 2 2 2 2 2 2 1 2 1 2 2 1 2 2 2 2 1 2 2 2 2 1 2 2 1 2 2 1 2 2 1 2 2 1 2 2 2 2 1 1 2 1 2 2
left_child=2 4 3 9 6 14 10 13 12 -1 20 62 21 17 53 24 56 18 -4 -20 30 -6 23 -23 46 -26 -10 61 37 42 -2 43 36 -34 -19 -7 55 -29 -13 -11 -41 -37 -5 44 45 -32 47 58 -48 -40 -51 -33 -22 -3 -12 -15 -17 -58 -9 -36 -61 -28 -8
right_child=1 5 7 29 8 35 11 15 26 39 54 38 -14 32 -16 16 -18 34 19 -21 52 22 -24 -25 25 -27 27 28 -30 -31 31 51 33 -35 59 41 -38 -39 49 40 -42 -43 -44 -45 -46 -47 48 -49 -50 50 -52 -53 -54 -55 -56 -57 57 -59 -60 60 -62 -63 -64
leaf_value=0.020851114793048471 -0.00026511000707589037 -0.018931325488098734 0.0026407138918033536 3.9875195389435331e-05 -0.002617285355177087 -0.00057023241183262665 0.00095731068702604473 -0.0085710310444003911 -0.0010294423389949729 0.013400257039222322 -0.00065116302547639526 0.013080553719363019 -0.0020311551096423809 0.0045527020252070696 -0.0021761880099877735 1.9075522632650928e-05 -0.0032705411245997984 0.00069576585289448322 0.0046718390791654092 0.022631461327831299 6.9321119018005598e-05 -0.016856742855287203 -0.0050351479212719782 -0.0055737850682257848 -0.0024640500052127649 0.0071646649713553359 0.002983350752259601 -0.0016862970294178889 0.00029404681163069517 0.011786989254838015 0.0044607376527506246 0.00022455701259668055 0.0001851862854281668 -0.0027534719581994438 0.0015910573648063374 -0.013547080218649017 0.00062469854748116015 -0.011675186329865214 0.0084576318358470445 -0.00057905445601948288 0.0094133663307408508 -0.0039342502671903291 0.0038837775027634153 0.0010414038224699819 0.0025713496541964085 0.015476274536884417 0.00078409705096285024 0.00012578385580232023 0.0038439677392389168 0.0047582384162897975 -0.0035493481422279038 0.0032628781526985863 -0.0008161427167326917 -0.010339247796599298 -0.0015843874422246163 -0.0011242587001601626 -0.0020895654210074423 -9.7468483210420101e-06 -0.0015603736101407657 0.0086095827002175777 0.0010680924646906181 0.011728369751398795 -0.0054045559337122448
leaf_weight=5445.0484313964844 712874.85162353516 6002.5147725343704 57644.857704162598 25544.106435656548 24605.22021484375 22933.914688110352 13239.348907470703 5579.6185913085938 391604.18249511719 4316.3791313171387 665555.80554199219 3710.4080810546875 323932.291015625 26492.966280341148 3226.986051440239 1232847.7854003906 39123.2421875 473585.12142944336 2878.226390838623 2825.4276237487793 416570.4111328125 5686.9006485939026 20309.941296100616 4844.744481086731 4898.3000183105469 13115.889434814453 27589.998962402344 5467.2012529373169 79307.290893554688 3013.9027099609375 4304.8713569641113 908772.83166503906 213640.21240234375 53286.98876953125 480984.85092163086 2429.5263109207153 976381.54296875 3770.6955976486206 11469.081230163574 4101.4710884094238 4558.0939025878906 39681.720133781433 32398.787363171577 110240.4091796875 41501.538270890713 2932.3138236999512 462263.23530578613 310721.54109191895 23295.652313232422 20320.493678092957 4180.5604677200317 22635.51611328125 690788.20935058594 5092.2599182128906 350543.958984375 8017.6430946588516 127783.09765625 178359.86157226562 13800.471740722656 10620.33544921875 12364.139465332031 2733.8816528320312 6643.2887878417969
leaf_count=1713 282456 1958 32731 10126 7630 7859 5577 2834 162949 1483 251642 1350 98652 9619 1096 451247 15763 149008 1006 1095 165768 1466 5521 1460 1596 5685 14515 1912 30354 1196 1635 310698 86297 13077 173538 1150 365095 1443 3867 1547 1635 17508 13510 36997 14606 881 182153 114099 9167 7417 1988 6416 240852 1829 130173 2877 45154 66868 4823 3829 4472 1420 3032
internal_value=-3.81348e-06 -0.000521881 0.000529938 0.00472233 -0.000453333 -0.00473303 -0.00023686 0.000459585 -0.00142307 0.0115283 -0.00029249 0.00343024 -0.00249779 0.000881403 -0.0121078 5.4044e-05 -0.000236506 0.00137315 0.00362669 0.0135806 -5.4879e-05 -0.00522398 -0.00730282 -0.0116715 0.000604042 0.00454914 -0.000624263 0.0007105 -0.000338619 0.00266481 0.000208058 0.000517403 0.000480807 -0.000401502 0.00122712 -0.00310844 0.000713787 -0.00576764 0.00573327 0.00758776 0.0046932 -0.00448932 0.00218934 0.00180038 0.00351587 0.00893154 0.000516885 -9.21631e-05 0.000930919 0.00497526 0.00333894 0.000298413 -0.000483053 -0.0149942 -0.000973122 0.00323384 -0.000159366 -0.000877945 -0.00358569 0.00172642 0.00455808 0.00377233 -0.00116859
internal_weight=9.76539e+06 4.9555e+06 4.80989e+06 79377.8 4.87614e+06 79366.9 3.98628e+06 4.73051e+06 889852 18421 3.92672e+06 59563.2 379379 2.31872e+06 14321.8 2.41179e+06 1.57811e+06 1.0409e+06 63348.5 5703.65 2.91062e+06 55446.8 30841.6 10531.6 833675 18014.2 510473 118869 88545.2 60956.8 1.80326e+06 1.09039e+06 1.27782e+06 266927 977554 65045.2 1.01089e+06 9237.9 39680.5 12975.9 8659.56 42111.2 57942.9 158979 48738.7 7237.19 815661 330102 485559 35970.1 24501.1 931408 1.10736e+06 11094.8 1.0161e+06 34510.6 1.53899e+06 306143 19380.1 503969 22984.5 30323.9 19882.6
internal_count=3597320 1824077 1773243 31210 1792677 31400 1465355 1742033 327322 6378 1442124 23231 114729 842644 4883 899389 579032 365679 34832 2101 1060309 16077 8447 2926 320357 7281 212593 49644 33709 24832 653689 371233 476965 99374 330847 26517 377591 3355 14622 4665 3182 18658 23636 54119 17122 2516 313076 121756 191320 13272 9405 317114 406620 3787 381815 12496 563269 112022 7657 181839 8301 15935 8609
cat_boundaries=0 1 2 4 6 8 10 12 14 16 18 20 21 23 25 27 29
cat_threshold=29398032 2487918632 11541570 52 2351799424 61 8428802 65 141606912 36 4243081816 64 38287600 103 1611730880 60 32775 14 2760061890 81 2315714744 2854604954 11 3758109670 11 2751463426 16 2351468544 32
is_linear=0
shrinkage=0.03


Tree=19
num_leaves=64
num_cat=23
split_feature=5 10 2 7 7 1 2 0 14 1 2 5 0 19 1 5 10 1 1 19 1 1 0 0 19 19 19 1 10 0 1 11 10 1 12 1 9 14 0 1 8 1 10 17 2 1 1 5 1 0 19 1 12 0 1 1 12 14 1 9 1 1 11
split_gain=3220.64 1597.58 1302.94 1171.42 1040.15 830.27 829.602 746.541 824.01 745.643 732.168 723.794 538.151 617.144 708.387 518.953 505.427 472.479 453.662 441.902 426.997 415.357 407.273 404.151 401.555 393.85 357.327 349.927 338.657 342.223 644.479 379.122 589.788 328.071 326.38 480.772 2712.98 301.217 290.508 285.451 311.705 280.045 346.224 313.698 278.975 356.229 272.149 270.573 270.188 265.018 264.391 310.321 277.229 257.962 418.272 344.524 249.866 250.954 234.123 233.905 231.461 225.388 442.28
threshold=0.091554652899503722 1.9918488860130312 -1.8392598628997801 0.55570524930953991 -0.7305830419063567 0 -1.3434706330299375 773.50000000000011 0.51059040427207958 1 -1.3434706330299375 -1.9815356135368345 788.50000000000011 -0.38268113136291498 2 1.5249715447425845 1.9918488860130312 3 4 0.024302059784531597 5 6 528.50000000000011 703.50000000000011 0.43000911176204687 -0.09551051631569861 1.697729289531708 7 -0.020167851820588108 217.50000000000003 8 1.9390753507614138 -1.3066854476928709 9 -0.6293509006500243 10 -0.74612030386924733 0.2086225971579552 646.50000000000011 11 4.3950641155242929 12 -1.5217533111572263 13 0.32237364351749426 14 15 -1.2013698816299436 16 646.50000000000011 0.95743000507354747 17 -0.84024846553802479 886.50000000000011 18 19 -0.97871094942092884 0.6180149018764497 20 -0.87787836790084828 21 22 -0.5414726436138152
decision_type=2 2 2 2 2 1 2 2 2 1 2 2 2 2 1 2 2 1 1 2 1 1 2 2 2 2 2 1 2 2 1 2 2 1 2 1 2 2 2 1 2 1 2 1 2 1 1 2 1 2 2 1 2 2 1 1 2 2 1 2 1 1 2
left_child=1 4 9 20 10 26 12 18 17 -3 11 23 13 15 37 -5 38 -9 28 -20 49 -14 -17 27 39 -12 47 -1 29 30 56 50 -33 -24 -22 36 -36 -15 58 40 59 42 43 -27 -7 -46 -18 -4 -25 -2 -31 52 -52 55 -55 -26 57 -6 -8 -10 -40 62 -21
right_child=3 2 5 6 7 44 16 8 24 -11 25 -13 21 14 -16 22 46 -19 19 61 34 -23 33 48 53 41 -28 -29 -30 31 -32 32 -34 -35 35 -37 -38 -39 60 -41 -42 -43 -44 -45 45 -47 -48 -49 -50 -51 51 -53 -54 54 -56 -57 -58 -59 -60 -61 -62 -63 -64
leaf_value=0.006113993661410121 -0.00038467845208179182 0.027669167914716641 0.01087679484179976 -0.0010922419043469275 -0.00083344835411548279 0.0024015598145454512 -0.0014894055513464102 0.00095964739061043863 0.0022463049112673747 0.0090274415668676437 0.0015685410569862594 0.0021002720561186343 -0.0037471045421705856 0.0010102419598057915 -0.0042997107117562616 -0.016506768320381986 0.0066131580023144681 -0.00070660657689261487 0.00039683251579963012 -0.0066141734419821853 -0.00023340773079619454 -0.011519504946827632 -0.012405841486017503 0.012794631520478919 0.0022097206521245047 0.00067293002422068576 0.016915654398088703 0.018767243925157662 0.00032987842289743195 0.0009209209835331 0.0041075101494769421 0.015527728213321709 0.0025698517635191561 0.001115474289223282 0.02864729256649674 0.00050691693081324478 -0.0016899348320744058 0.0093053695802974481 -0.00092364641457334665 -0.00057270595963094455 0.00099761491890760297 0.0010569816092691623 2.0301233404432305e-05 -0.0066118022522986221 -0.011648567187968521 0.00047123045143725889 0.00064508458376585367 0.0034298231671981735 0.0017615907617557732 -0.0012419828493894743 0.0072284167049677505 -0.0046194622337302725 -0.0020156857643102086 -0.003088009942055128 -0.01455793726856177 -0.0082066341859184551 0.0010240062902759689 -0.010645743132103621 -0.00039416953321396071 -0.0041501813519820166 -0.002333772385262993 -0.0004585596049074885 -0.0007239214802544254
leaf_weight=3099.7605681419373 1022817.7412109375 3166.3214683532715 7503.5804977416992 8622.0915145874023 7293.6847381591797 28272.184517860413 313374.75955200195 256019.8090057373 5537.5889892578125 5023.9500160217285 632054.48400878906 32278.4501953125 11476.98405456543 9881.6346211433411 17965.96407699585 5753.8199005126953 10272.118225097656 381162.98829650879 1151987.5059204102 16489.380706787109 1253629.458984375 13516.13557434082 3156.3527507781982 2910.7743225097656 5986.6159248352051 8466.8447570800781 3560.5594482421875 5563.7041416168213 716912.31932044029 593209.84133911133 91405.7177734375 3783.631103515625 19112.526123046875 3293.1595020294189 3577.6065063476562 515643.66796875 10222.404235839844 6548.7056612968445 160987.22021484375 93191.421211719513 15249.0478515625 267668.31109619141 178636.6396484375 14309.378387451172 3202.9387588500977 6788.3902893066406 20771.903259277344 10593.082816123962 6338.7580380439758 475344.52734375 4833.9695844650269 17006.769134521484 7357.8867387771606 5471.3222846984863 6034.9661674499512 5446.9404716491699 53196.021789550781 3453.6645660400391 399762.02337646484 72077.438895702362 300244.39334106445 412097.32757568359 37690.302886962891
leaf_count=1045 356040 1076 2862 3043 2786 10625 115011 100672 1438 1970 229498 11628 4570 3644 6913 1909 3950 149928 463761 9350 462703 4464 1134 888 1735 3371 1617 1805 224062 186169 28419 951 5480 1064 1222 211256 3368 1869 70204 27852 4016 104504 70913 5820 968 2662 8091 4326 2304 166298 1312 6288 2724 1598 1810 1529 16644 709 151163 18069 102669 183766 18279
internal_value=-2.74243e-06 0.000507679 0.00507189 -0.000584089 0.000447115 0.0035371 -0.00135168 0.00021749 -0.000573263 0.0162915 0.0012413 0.00478463 -0.00430579 -0.00265226 -0.000184307 -0.00672744 -0.00115508 -3.71001e-05 0.000430869 8.14352e-05 -0.000283337 -0.00795794 -0.0107068 0.00961979 -0.00220787 0.00107976 0.00822863 0.0142748 0.000803482 0.00122756 0.00249164 0.000923227 0.00471409 -0.00552375 3.03611e-05 0.000654916 0.00617794 0.00431566 -0.00125496 -0.00174603 -0.00292302 0.000421161 -0.000423852 -0.00390683 0.000878585 -0.0034291 0.00262294 0.00651978 0.00525439 -0.000656687 0.000783739 -0.00200299 0.00164963 -0.0059525 -0.00912294 -0.00275929 0.000180978 -0.00399012 -0.000875484 -0.0036937 -0.00184167 -0.000697782 -0.00251658
internal_weight=9.76831e+06 5.20145e+06 68111 4.56686e+06 5.13334e+06 59920.7 1.28563e+06 3.98201e+06 846178 8190.27 1.15133e+06 50191.4 80214.8 55221.7 34396.3 20825.4 1.20541e+06 637183 3.13583e+06 1.61826e+06 3.28124e+06 24993.1 12203.3 17913 208995 1.10114e+06 21657.2 8663.46 1.51757e+06 800654 155349 645305 22896.2 6449.51 1.78307e+06 529444 13800 16430.3 1.17437e+06 186055 92864.1 469081 201413 22776.2 38263.5 9991.33 31044 18096.7 9249.53 1.49816e+06 622408 29198.6 12191.9 22939.8 11506.3 11433.6 63943.4 10747.3 713137 77615 461232 466277 54179.7
internal_count=3597814 1917229 26106 1680585 1891123 23060 479698 1459347 308647 3046 431776 17670 28610 19576 12426 7150 451088 250600 1150700 675156 1200887 9034 4107 6042 58047 414106 8805 2850 475544 251482 48558 202924 6431 2198 678549 215846 4590 5513 439047 51375 23523 184608 80104 9191 14255 3630 12041 7188 3192 522338 196493 10324 4036 6672 3408 3264 20139 3495 266174 19507 172873 211395 27629
cat_boundaries=0 2 4 5 7 9 11 13 15 16 18 20 22 24 25 27 29 31 32 34 36 38 40 42
cat_threshold=2651308696 6 3901259948 35 4014901308 480806200 36 33930423 12 1422090903 66 462931033 96 10493447 29 33829936 3341871156 78 0 4 3288869154 2 4199690856 65 9457760 8392738 25 3053478840 1 3255998594 4 42128 2165321760 10 2718442376 16 2504707265 4 661128284 37 1049088 16
is_linear=0
shrinkage=0.03


Tree=20
num_leaves=64
num_cat=21
split_feature=5 10 3 2 7 2 2 5 1 1 19 14 1 1 12 1 10 1 3 1 19 3 1 1 15 6 1 13 1 15 11 3 10 1 19 1 2 1 13 1 5 10 1 5 19 9 6 15 6 10 10 1 16 5 7 1 3 10 1 19 1 12 1
split_gain=3304.53 1745.03 1723.58 1324.38 1153.38 995.392 742.449 1008.77 671.725 599.419 587.119 557.095 550.1 497.256 481.487 436.403 415.604 411.962 396.148 467.878 392.853 344.905 342.345 329.511 363.59 1719.16 325.578 324.755 317.713 313.509 1585.51 310.039 277.234 622.383 268.177 265.35 263.354 261.976 1070.76 241.456 254.233 476.652 337.275 238.296 232.086 230.789 224.89 299.786 222.21 216.549 216.094 576.669 214.2 213.654 207.952 202.406 199.962 199.614 317.011 198.336 272.166 193.683 208.647
threshold=-0.57968807220458973 1.9918488860130312 0.88830396533012401 -1.8392598628997801 0.026768094860017303 -1.8392598628997801 -1.3434706330299375 -2.2401353120803829 0 1 0.48895178735256201 0.2086225971579552 2 3 -0.3569346666336059 4 -0.12931738048791883 5 0.063811358064413085 6 0.024302059784531597 -0.7321055233478545 7 8 1.2876382470130923 0.24058687686920169 9 -0.37213410437107081 10 1.2876382470130923 0.58058536052703869 1.7640202045440676 -2.4717153310775752 11 -0.43314242362976069 12 0.26658777892589575 13 -0.89227917790412892 14 2.0247550010681157 -0.39147907495498652 15 1.253601133823395 2.3787169456481938 -0.83641499280929554 0.71246010065078746 0.56760245561599743 -0.067590098828077302 -0.35500399768352503 1.9918488860130312 16 0.24469386786222461 -1.9815356135368345 0.55570524930953991 17 0.39831686019897466 1.9918488860130312 18 0.72087940573692333 19 -0.61884894967079151 20
decision_type=2 2 2 2 2 2 2 2 1 1 2 2 1 1 2 1 2 1 2 1 2 2 1 1 2 2 1 2 1 2 2 2 2 1 2 1 2 1 2 1 2 2 1 2 2 2 2 2 2 2 2 1 2 2 2 1 2 2 1 2 1 2 1
left_child=1 6 4 9 14 15 7 18 -5 -3 13 26 -13 21 20 -4 27 29 22 -20 23 -8 -1 24 -2 -26 49 36 48 45 -31 54 33 59 -17 -18 -15 38 -34 -33 -41 -42 -43 -19 -14 -6 -29 53 -9 61 -39 -52 -28 -48 -7 -36 -50 -47 -59 60 -22 62 -12
right_child=2 3 5 8 17 31 10 28 -10 -11 11 12 44 16 -16 34 35 43 19 -21 32 -23 -24 -25 25 -27 52 46 -30 30 -32 39 37 -35 55 -37 -38 50 -40 40 41 42 -44 -45 -46 57 47 -49 56 -51 51 -53 -54 -55 -56 -57 -58 58 -60 -61 -62 -63 -64
leaf_value=0.016250499379357377 0.00084817363873096051 0.027311371879216843 -0.012483644384004448 0.0098758011175407931 0.0010210457373845529 -0.00089725825283140182 0.001403385868288364 0.0055396949837147567 0.001764665104975075 0.0094473853641802424 -0.0035014039055224892 -0.0001164921757125382 -0.0032932157951045707 0.0018661209407215651 0.0020203829342527501 -0.0086929145694288872 0.00014992540654528043 -0.00071087010376609733 0.012145167806991821 -0.0035088475231212462 0.010135778523452999 -9.5126727451952202e-05 0.0075157992528813982 0.00012543075734760279 -0.00041094164941300591 0.021612518114763064 0.0013627454089662054 0.0017997311023680476 4.6336822073853873e-05 -3.1898761656687805e-05 0.020716545920386239 0.0037156310096524321 -0.021668365171309927 -0.0089329551915396255 -0.0053106904642868207 0.001199300399103843 -0.00028437160431358437 -0.00027919487113747154 -0.00032352357920547485 -0.0027768124953323346 -0.018162517453414639 -0.012174940750117222 0.00065175301727524301 -0.0016047510193801125 -0.010211257256362143 -0.00041838216516451338 0.0084934932234474996 0.010181729973168177 0.0031137134208110641 0.00053180917608339391 0.013168158621024788 0.00030281695796931344 0.0091514224748678215 0.0022749941354298833 -0.0020203194307908266 0.00238758298566509 -0.0050618873259886373 -0.0018855851771777798 0.0063524389293817055 -0.002402658982636583 -0.0016538759403743454 -0.0051790245113805915 0.0012649084618043033
leaf_weight=6918.4645004272461 623545.36462402344 3525.232780456543 9062.2241516113281 13778.477640151978 118458.439453125 530884.4501953125 174847.7265625 22973.928939819336 27580.834371566772 3322.095832824707 15581.488327026367 78379.088035583496 68465.388038635254 87754.222778320312 133286.41431248188 8500.2533836364746 442397.09481811523 1444754.671875 2831.1419563293457 4326.5196495056152 3425.9936676025391 660100.37335205078 9892.453971862793 1232453.6928710938 12171.679092407227 4317.8571624755859 114231.24710083008 522586.87225341797 48224.606872558594 21998.725158691406 3897.7045288085938 4549.2223510742188 2606.3685607910156 10846.048866271973 6662.8477407693863 425425.06826782227 123198.40771484375 751877.91007232666 11132.694885253906 80634.886413574219 2861.2934188842773 2847.8482398986816 5192.7066078186035 329657.076171875 4658.203125 1131945.3237304688 5672.590087890625 5989.368896484375 8679.0919876098633 55989.408920288086 3929.4251670837402 15308.587642669678 3264.0124969482422 40118.019348144531 205960.5244140625 5684.954020857811 3897.443000793457 7324.578125 9842.19287109375 10520.933776855469 3609.9709548950195 14042.791534423828 17576.211837768555
leaf_count=2207 232156 1259 3357 5699 43984 213485 73508 7924 9872 1288 7905 26926 21333 42687 64370 2709 112070 511528 1045 1558 790 261793 3171 411953 3653 1320 51553 151575 17607 6637 1216 1851 1415 5086 2110 179321 62181 289786 4578 33146 982 1046 1838 113782 1759 437702 1330 1311 2604 26564 2024 5836 1163 9896 81330 2289 1288 3121 3643 3981 1405 7181 7739
internal_value=7.7618e-06 0.000833286 -0.000361136 0.006495 -0.000177603 -0.00161332 0.000741318 0.00318598 0.0044705 0.0187112 0.000649224 -0.000462072 -0.00186286 0.000815461 0.000260456 -0.00698998 0.00111687 -0.000580128 0.00861231 0.00269916 0.000173112 0.000218683 0.0111284 0.000412227 0.000964461 0.0053608 0.000499602 0.0016169 0.00163306 -0.000172948 0.00309437 -0.00142021 -0.00037744 -0.00328885 -0.00459138 0.000664371 0.000610235 -0.000272059 -0.00437597 -0.003023 -0.00335812 -0.00765757 -0.00391034 -0.000876938 -0.00373407 -0.000239712 0.00198662 0.00387246 0.00378407 -0.000729944 -0.000198852 0.00294034 0.00157936 0.00304619 -0.00121118 -0.00176922 0.000579106 -0.000369684 0.00284058 0.000204398 0.00410198 -0.00222669 -0.000975745
internal_weight=9.76598e+06 3.01623e+06 6.74975e+06 48206.6 5.88691e+06 862841 2.96802e+06 107744 41359.3 6847.33 2.86028e+06 372188 151503 2.48809e+06 2.81903e+06 29910.3 1.65314e+06 3.06788e+06 23968.6 7157.66 2.68575e+06 834948 16810.9 1.87249e+06 640035 16489.5 220685 785319 83775.1 1.29347e+06 25896.4 832931 813258 28402.9 20848.1 867822 210953 784855 13739.1 96086 91536.7 10901.8 8040.55 1.77441e+06 73123.6 1.26757e+06 574367 51780 35550.5 103190 771116 19238 117495 45790.6 736845 12347.8 12576.5 1.14911e+06 17166.8 17556.9 7035.96 47200.5 33157.7
internal_count=3597426 1103317 2494109 18118 2149966 344143 1085199 37404 15571 2547 1047795 152123 50018 895672 1028353 10465 560371 1121613 7981 2603 963983 335301 5378 649082 237129 4973 102105 268980 29423 496303 7853 333678 314901 11262 7108 291391 104868 303639 5993 38863 37012 3866 2884 625310 23092 488450 164112 12537 11816 49389 297646 7860 52716 11226 294815 4399 3892 444466 6764 6176 2195 22825 15644
cat_boundaries=0 2 4 6 8 10 12 14 16 18 20 22 24 26 27 29 31 33 35 37 39 41
cat_threshold=2634334904 4 4173889716 55 3221596560 26 3777114944 27 2416079622 11 723849402 61 2741033144 66 3629817896 35 237279272 61 3631511612 96 3361662992 12 2198469181 70 269025451 64 512 2064 36 2810343434 18 2265202840 11 78415008 112 2166786 37 528421 4 2553550848 32
is_linear=0
shrinkage=0.03


Tree=21
num_leaves=64
num_cat=18
split_feature=5 3 2 3 2 0 0 4 2 1 4 0 18 1 1 19 1 1 1 1 0 1 3 0 14 18 11 1 4 9 0 1 1 3 1 16 0 9 19 9 1 14 9 16 9 0 1 0 1 0 8 9 15 1 18 2 0 1 6 4 1 0 4
split_gain=3028.83 1506.79 1238.17 1433.25 1056.28 885.217 778.503 966.363 721.279 672.352 665.061 664.724 657.135 623.35 603.812 574.618 555.022 462.871 418.328 417.953 398.701 387.586 378.477 359.677 347.837 333.976 329.747 1088.76 2001.35 322.569 317.675 390.554 316.01 310.308 301.306 291.642 289.87 650.654 431.085 384.229 283.706 282.1 290.186 281.565 274.773 251.606 266.065 248.535 318.006 245.642 325.851 242.789 369.667 330.693 242.186 235.94 232.855 230.417 229.967 228.28 222.921 215.454 214.584
threshold=-0.27764600515365595 0.88830396533012401 -1.3434706330299375 -1.3360869288444517 -1.8392598628997801 773.50000000000011 172.50000000000003 -0.13379042595624921 -1.3434706330299375 0 -0.13379042595624921 703.50000000000011 -1.2875885963439939 1 2 -0.07337703555822371 3 4 5 6 127.50000000000001 7 -0.095320485532283769 322.50000000000006 0.2086225971579552 -1.1934223771095274 -0.042074384167790406 8 -1.0000000180025095e-35 -0.25967420637607569 802.50000000000011 9 10 -0.43753561377525324 11 0.22385132312774661 858.50000000000011 -0.67961984872817982 0.32895113527774816 -0.87787836790084828 12 1.1538919210433962 -0.39691621065139765 1.3221465945243838 -0.1255623400211334 773.50000000000011 13 514.50000000000011 14 942.50000000000011 0.4089264869689942 -0.83641499280929554 -0.48790651559829706 15 -0.88467910885810841 -0.84180259704589833 247.50000000000003 16 -0.48747150599956507 -1.0000000180025095e-35 17 788.50000000000011 0.55193653702735912
decision_type=2 2 2 2 2 2 2 2 2 1 2 2 2 1 1 2 1 1 1 1 2 1 2 2 2 2 2 1 2 2 2 1 1 2 1 2 2 2 2 2 1 2 2 2 2 2 1 2 1 2 2 2 2 1 2 2 2 1 2 2 1 2 2
left_child=2 5 3 11 10 14 7 -5 13 20 18 12 -1 58 22 23 -10 -13 -3 25 40 -14 29 51 -17 -8 27 28 -26 -2 -6 -32 -12 44 61 -27 39 38 -38 56 59 42 -29 -31 -22 -21 -47 -20 -49 -18 57 52 53 -11 -16 -33 -28 -51 -7 -4 -52 -25 -56
right_child=1 4 9 6 30 8 19 -9 16 15 32 17 21 -15 54 24 49 -19 47 45 33 -23 -24 34 26 35 36 41 -30 43 31 55 -34 -35 -36 -37 37 -39 -40 -41 -42 -43 -44 -45 -46 46 -48 48 -50 50 60 -53 -54 -55 62 -57 -58 -59 -60 -61 -62 -63 -64
leaf_value=0.024455998678934828 0.00046418378719517055 -0.020398846139245214 0.003287190752142539 0.00036181927155867993 -0.0011655022660576658 -0.015783571657656939 0.010593091342310736 0.020623586684811006 -0.0017081494560043226 0.012457489811925807 -0.007871008493758689 0.011857870191584099 0.0020354435497307835 -0.0024633492613600201 0.00047870945178831462 0.00032315425406386259 -0.00046893015643265345 -0.00012697286072643605 -0.013756580785935658 0.0016478199840176907 0.0014139128207117464 0.015310907321134191 -8.707667122441419e-05 0.00010092180591186099 0.0031608741378764864 0.0010476500004705787 0.00058784826705740253 -0.0017299045198548508 -0.035168302273887023 0.0013398026579464113 -0.00055216288073724835 -0.0081511304486439774 0.0019393025431210535 0.0005911337953804853 0.00069714343827536056 0.0089423956900087052 -0.0027422587921096062 -0.00056623314583374728 -0.012965278724845848 -0.00022926165521764978 0.0039513666531486658 0.0035697833910604592 -0.0099836869995378556 0.0044942371270120414 0.006063624130453942 -0.0057580959054682511 1.6762553313178423e-06 0.0011405510223457317 -0.010784986397355605 0.015389936792917528 -0.0015235368299792345 0.0012139532615899006 0.0018121573982119784 0.0017812229584443407 -0.00027310632209115671 -0.0034026879629068894 0.0097698238791537727 0.0041246992280504595 -0.0074273550069627239 -0.0018564593245127344 0.0023577913303262708 -0.0014829076845046074 -0.00094223622785656754
leaf_weight=4253.7593383789062 791043.033203125 3480.2582187652588 14319.577972412109 4131.95627784729 609343.89747619629 4356.2173471450806 5907.3468627929688 4342.9104636907578 405442.42544555664 6878.3975677490234 4891.6875419616699 5028.3975410461426 3351.7646427154541 32835.351287841797 241179.62939453125 350097.53381347656 448657.73226928711 6833.9267616271973 5300.4848917722702 38625.157672524452 461076.37353515625 4870.7232494354248 1027562.9267578125 288630.67077636719 2447.2389755249023 20339.091841936111 4440.9053516387939 126793.4118309021 2450.4319229125977 167719.849609375 45092.801635742188 10810.784362792969 7421.2956560850143 964906.90612792969 767550.5266418457 5306.5464332103729 7576.1403350830078 47719.967025756836 7280.5794067382812 283893.53007507324 68057.428100585938 8794.8580932617188 3948.4853248596191 30023.43359375 11724.939086914062 10873.775268554688 21421.311614990234 3673.0691845417023 4439.2084131240845 2113.8477935791016 23949.528594970703 238192.42562866211 24531.494190216064 4228.5183982849121 1110028.5396221876 73061.539962768555 5643.0004863739014 7183.1223297119141 9318.8219900131226 16954.418121337891 29965.320129394531 105569.5576171875 705475.41711425781
leaf_count=1324 289701 1485 5311 1601 242855 1774 1992 1563 130533 1866 1787 1681 1160 12215 88169 170858 179898 2510 1604 13480 176538 1563 366453 121473 1137 8075 971 49963 1173 72068 22736 3439 2603 359749 240687 1101 1631 14675 1763 83335 25700 2350 1657 7587 4537 3402 8007 1245 1413 729 8988 83106 5489 2362 419664 25506 1406 3896 2724 6086 11518 43003 242055
internal_value=1.44132e-06 -0.000434947 0.00064124 0.00346174 -0.00167319 -0.000246263 0.00201527 0.0107509 -0.00106383 0.000541444 -0.00726836 0.0100538 0.0148871 -0.00470831 -5.27963e-05 0.000215288 -0.000879024 0.0049661 -0.0111325 0.00129232 0.00102666 0.00992499 0.000316107 0.000581458 -0.000402351 0.00416376 -0.000909341 -0.00211859 -0.0159999 0.000735104 -0.0014518 -0.00280445 -0.00196455 0.000899656 0.000350913 0.00268264 -0.000419471 -0.00227339 -0.00775476 -2.48095e-05 0.00286483 -0.00162955 -0.00197955 0.00181884 0.00152928 1.39968e-05 -0.00194002 -0.0086997 -0.00539986 -0.000222242 0.00152854 0.00155954 0.0038688 0.00840837 -0.000414465 -0.00401471 0.00572842 0.00671395 -0.0100867 0.000498679 0.000633839 -0.000323244 -0.000533121
internal_weight=9.76336e+06 5.80437e+06 3.95899e+06 135287 767515 5.03686e+06 110948 8474.87 963822 3.82371e+06 29206 24338.6 12476.2 46510.4 4.07303e+06 2.28667e+06 917312 11862.3 16893 102473 1.53704e+06 8222.49 2.01635e+06 1.43558e+06 851086 31553 500989 144434 4897.67 988786 738309 128965 12313 1.43771e+06 1.16175e+06 25645.6 356554 62576.7 14856.7 293977 99331.4 139537 130742 197743 472801 70920.2 32295.1 13412.8 8112.28 511870 63211.8 273831 35638.4 11106.9 2.05668e+06 83872.3 10083.9 9296.97 13675 31274 53914.8 394200 1.8155e+06
internal_count=3596930 2142645 1454285 47459 304673 1837972 39221 3164 352275 1406826 10137 8238 4047 16713 1485697 828905 335562 4191 5747 36057 577921 2723 735809 497986 330919 11168 160061 56280 2310 369356 294536 51681 4390 540824 405163 9176 103781 18069 3394 85712 37097 53970 51620 79655 181075 24889 11409 4262 2658 205029 25131 92823 9717 4228 749888 28945 2377 4625 4498 11397 20506 164476 661719
cat_boundaries=0 2 4 6 8 10 12 14 16 17 19 21 23 24 26 28 29 30 32
cat_threshold=478530709 36 1610623972 11 2871464354 63 3759223719 2 3362711586 1 2415928136 11 2153302016 36 3894435651 28 512 384075096 45 2434950534 83 3774882624 10 201589888 74694 66 708924545 112 1644175618 134905920 260456464 72
is_linear=0
shrinkage=0.03


Tree=22
num_leaves=64
num_cat=17
split_feature=5 10 3 2 2 3 0 2 18 3 4 2 17 0 3 17 0 5 19 17 17 17 9 10 19 17 17 5 17 17 3 2 17 17 17 5 2 0 17 0 3 0 6 7 17 8 17 19 18 10 17 6 0 0 17 10 0 0 8 8 7 4 7
split_gain=2846.19 1515.69 1401.51 1059.04 1056.33 969.079 901.492 839.857 1337.55 832.681 729.189 695.501 653.129 650.028 518.04 506.349 644.322 496.471 480.353 468.464 418.74 329.275 323.752 336.885 374.809 440.628 321.184 288.367 281.664 280.431 277.835 275.966 361.272 303.27 275.415 273.482 265.104 264.718 258.72 249.905 249.509 239.514 324.356 238.606 233.739 231.51 231.258 268.847 222.341 238.379 390.144 220.923 208.649 206.613 206.385 321.479 204.236 201.155 222.835 195.786 194.631 194.589 192.886
threshold=-1.0000000180025095e-35 1.9918488860130312 1.4813593029975893 -1.8392598628997801 -1.3434706330299375 -0.36539949476718897 717.50000000000011 -1.3434706330299375 -1.5107637643814085 -0.96400696039199818 -0.13379042595624921 -1.3434706330299375 0 172.50000000000003 -0.095320485532283769 1 788.50000000000011 1.7954444885253908 0.72087940573692333 2 3 4 -0.21066977083683011 1.9918488860130312 1.1253315210342409 5 6 -1.1278501152992246 7 8 -1.2182800769805906 0.41615805029869085 9 10 11 -1.4566094875335691 -0.36284026503562922 788.50000000000011 12 942.50000000000011 -1.1189472079277036 858.50000000000011 -0.68137386441230763 0.31444072723388677 13 0.191217876970768 14 0.28451441228389746 -0.69546580314636219 -1.8566475510597227 15 -1.4105156064033506 802.50000000000011 942.50000000000011 16 -1.3066854476928709 759.50000000000011 872.50000000000011 0.95651027560234081 1.3343958854675295 0.38560748100280767 -0.80504435300827015 -0.053535034880042069
decision_type=2 2 2 2 2 2 2 2 2 2 2 2 1 2 2 1 2 2 2 1 1 1 2 2 2 1 1 2 1 1 2 2 1 1 1 2 2 2 1 2 2 2 2 2 1 2 1 2 2 2 1 2 2 2 1 2 2 2 2 2 2 2 2
left_child=1 5 6 9 10 7 14 8 19 -3 17 29 -5 -10 22 16 -7 -4 26 -1 40 -12 23 24 51 -26 30 -17 41 37 61 32 35 -33 -25 -14 -18 44 -19 48 53 42 -20 -16 -8 -45 47 -6 -22 50 -50 -2 -21 -13 55 -38 -15 58 -34 -37 -29 -9 -53
right_child=2 3 4 12 46 15 11 18 13 -11 21 20 31 56 43 27 36 38 28 52 39 -23 -24 34 25 -27 -28 60 -30 -31 -32 33 57 -35 -36 59 54 -39 -40 -41 -42 -43 -44 45 -46 -47 -48 -49 49 -51 -52 62 -54 -55 -56 -57 -58 -59 -60 -61 -62 -63 -64
leaf_value=0.020295250659472266 0.0014505309125775777 0.027724507605482791 -0.005301774446510356 0.015480409461082444 -0.0019368676245693865 6.3344520381980639e-05 0.00436995387659479 0.0012461219571866474 0.014596031105162981 0.0077862582991257128 0.0063749959657992562 0.0015592394712251117 0.012330642780231001 0.0029208281732419402 -0.00021745634462083481 0.0011453298958870892 -0.0031426015601722095 -0.020685005993167839 -0.0054248085289975876 0.014912403933731685 0.000642299633721496 -0.006407734493400128 0.0016204862427747929 0.01136132379267526 -0.0049244519331938597 1.2491260894538364e-05 0.00060812087610544142 0.00048587329278112882 0.00061462110767480384 -0.0023107671083973992 0.0012071109314460383 -0.008830242196073609 -0.0019197453992939773 0.0018778710375126305 0.0022207055732145348 0.00089353543294245282 -0.012163429259834976 -0.008096376131919613 -0.011620973169702594 0.0016385049284719801 -0.0016473193070724933 -0.0054607969303731418 -6.0896808805429831e-05 -0.0024815243816759627 -0.0058353438822859706 -0.00071962679270755087 -0.0024729819298546633 0.0086770568133774668 4.8424578612765234e-05 -0.00078504224720560224 -0.013600253618053684 0.00050590990742501406 0.0050553727983482571 -0.0037403835858150656 -0.00063246686701942407 -0.00220408647619609 -0.0013965757506655245 -0.0033526696762144585 0.0051920267125742442 0.008548373865268518 -0.00043430960673294022 0.0034265975610072107 -0.00028564852845929352
leaf_weight=4914.5980052947998 112181.16607666016 3003.657112121582 6458.3434089422226 3880.1062202453613 5089.4240646362305 1246715.5269165039 3326.5951614379883 58591.757446289062 3427.316418170929 5064.252067565918 3223.6693855524063 38277.573974609375 5963.2909545898438 22045.642335414886 1238739.5840690732 468343.76879882812 66487.81005859375 5195.9927749633789 12796.170770645142 3017.6070880889893 109768.40286254883 4107.4168930053711 142845.61328125 3871.6620941162109 28792.073486328125 37396.213073730469 701956.82120513916 833604.58044433594 73536.986419677734 34169.2734375 619290.64196014404 3445.6261367797852 5721.9099380970001 7615.4942419528961 12622.305068969727 6425.4760880470276 3179.5950317382812 21149.9287109375 6568.2582015991211 52435.07958984375 572368.06491088867 14474.354614257812 48919.926397323608 74119.80419921875 5096.6362838745117 710394.7275390625 141368.79065704346 3709.2296142578125 4158.2375297546387 361294.54586791992 3439.3445320129395 486091.33950805664 5384.3331146240234 8000.378173828125 206574.80249023438 34772.590270996094 17834.719835281372 5889.7263641357422 12894.96062707901 5649.6721243858337 275155.16290283203 99228.990600585938 644286.82077026367
leaf_count=1359 65409 1155 2301 1782 1537 449905 1046 22674 1249 1867 1099 13111 1974 7508 450190 171663 24006 1695 6005 1059 47912 1416 60588 1869 11038 17275 260470 309880 33502 12997 223499 1234 2953 2980 4876 2746 1212 7073 2138 22534 177327 5702 18721 39141 1812 243085 58910 1163 1576 156881 2029 164112 1870 2593 74763 12509 6322 1998 4654 1725 101248 39278 223073
internal_value=3.89984e-06 0.000515762 -0.000508514 0.00504658 -0.00313902 0.000454139 -0.000410264 0.00103426 0.00462582 0.0152218 -0.00877703 -0.00111465 0.00361734 0.00206844 -0.000165441 0.00014224 -0.000241398 -0.0119906 0.000909387 0.012939 -0.000945526 -0.000786366 0.000263557 0.000117291 6.35855e-05 -0.00213604 0.0010733 0.000521164 -0.000709836 -0.00416481 0.00149347 0.0027539 0.00385186 -0.00146656 0.00437733 0.00707217 -0.00146296 -0.00630333 -0.0156589 -0.000327582 -0.00147598 -0.00198794 -0.0011734 -0.000476725 -0.00180649 -0.000886103 -0.00217935 0.00253713 -0.00054298 -0.000895679 -0.00615289 0.000180763 0.00859213 0.000642753 -0.00100621 -0.00303916 0.000990128 0.00147705 0.00300629 0.00447711 0.000257515 0.00261715 5.47424e-05
internal_weight=9.76635e+06 4.88581e+06 4.88055e+06 65554.2 175721 4.82025e+06 4.70483e+06 1.68542e+06 56624.2 8067.91 25553.7 1.21348e+06 57486.3 43307.7 3.49134e+06 3.13483e+06 1.55773e+06 18222.6 1.6288e+06 13316.5 1.14974e+06 7331.09 1.46809e+06 1.32524e+06 1.30875e+06 66188.3 1.47907e+06 1.5771e+06 149727 63742.4 777111 53606.2 42545 11061.1 16494 18038.4 311015 29573.2 11764.3 531096 618646 76190.5 61716.1 2.02325e+06 8423.23 784515 150167 8798.65 478661 368892 7597.58 1.24256e+06 8401.94 46278 244527 37952.2 39880.4 24506.6 18616.9 12075.1 1.10876e+06 157821 1.13038e+06
internal_count=3597278 1799472 1797806 25068 70259 1774404 1727547 629218 19367 3022 8649 446891 22046 15079 1280656 1145186 562395 6134 609851 4288 423963 2515 548240 487652 480907 28313 545921 582791 63930 22928 285451 20264 16050 4214 6745 6445 112490 9931 3833 230932 193031 30428 24726 732416 2858 282226 61610 2700 208398 160486 3605 452594 2929 15704 88484 13721 13830 9605 7607 4471 411128 61952 387185
cat_boundaries=0 1 2 3 4 5 6 7 8 9 10 11 12 13 14 15 16 17
cat_threshold=33556497 65557712 22183994 64525840 17197411 7270660 40139048 55481100 21804752 5431466 6471808 36849813 9650230 17597456 294913 141699 20971536
is_linear=0
shrinkage=0.03


Tree=23
num_leaves=64
num_cat=19
split_feature=5 7 10 2 3 3 1 3 2 2 1 1 12 19 1 5 14 1 3 19 1 19 1 1 3 1 10 14 7 1 14 1 10 2 15 1 10 1 7 3 5 1 5 3 1 11 13 15 9 7 3 10 1 12 6 1 1 6 14 14 12 1 9
split_gain=2565.86 1595.22 1492.86 1171.54 995.094 741.602 654.39 651.74 884.931 631.253 592.195 514.751 415.652 415.396 412.007 433.778 410.898 395.979 395.637 378.8 547.041 378.258 534.175 359.771 342.191 323.124 441.643 273.039 272.34 267.572 253.868 253.083 235.769 234.871 230.015 229.321 269.313 359.393 220.748 218.473 217.841 210.479 204.422 213.892 201.892 968.02 1313.75 367.724 754.773 189.62 204.581 191.103 187.333 181.45 181.264 188.124 185.833 172.128 262.43 171.96 171.144 196.199 181.974
threshold=-0.57968807220458973 0.38560748100280767 1.9918488860130312 -1.8392598628997801 1.7640202045440676 -0.095320485532283769 0 -1.4995263218879697 -0.95199516415595997 -1.1064002513885496 1 2 -0.2909384816884994 0.13731157034635547 3 -2.2401353120803829 0.2086225971579552 4 0.47112230956554418 1.1253315210342409 5 0.82685971260070812 6 7 1.7640202045440676 8 -2.4717153310775752 0.2272719889879227 -0.5646880269050597 9 0.82875183224678051 10 -0.17787875980138776 -1.8392598628997801 1.3890588879585268 11 -0.8261502981185912 12 -0.7305830419063567 -1.4995263218879697 2.0247550010681157 13 -1.9815356135368345 -0.83730784058570851 14 -0.5414726436138152 -0.89227917790412892 -1.8866619467735288 -0.30175964534282679 -0.47409187257289881 1.7640202045440676 0.12204815819859506 15 -1.0111786127090452 -0.17146047204732892 16 17 -1.509132921695709 0.67291387915611278 -0.085610214620828615 -0.8998541235923766 18 -0.83641499280929554
decision_type=2 2 2 2 2 2 1 2 2 2 1 1 2 2 1 2 2 1 2 2 1 2 1 1 2 1 2 2 2 1 2 1 2 2 2 1 2 1 2 2 2 1 2 2 1 2 2 2 2 2 2 2 1 2 2 1 1 2 2 2 2 1 2
left_child=2 5 7 10 18 12 42 8 14 17 -4 38 19 49 -1 -16 34 -6 31 23 32 35 -23 39 28 27 30 -18 -7 -11 -27 -3 -21 -20 52 -10 37 -37 -9 -2 -19 -26 -5 -44 45 46 -30 48 -47 -13 51 -51 -15 -28 55 -8 -56 58 -29 -36 61 -55 -62
right_child=1 4 3 6 9 24 54 11 21 29 -12 13 -14 16 15 -17 25 40 33 20 -22 22 -24 -25 41 26 53 57 44 -31 -32 -33 -34 -35 59 36 -38 -39 -40 -41 -42 -43 43 -45 -46 47 -48 -49 -50 50 -52 -53 -54 60 56 -57 -58 -59 -60 -61 62 -63 -64
leaf_value=0.0028530268717977844 0.0027447865853849544 -0.0010045163460809352 0.027573571965790238 0.016523342327559774 -0.0017789958406848588 0.00025062255443958716 0.0026662345183261333 0.001668783885405077 4.6102884897579772e-05 0.00096619566384587409 0.0095047473657185293 0.00099143003564650242 0.0024909012168057576 -0.00070400222064811253 0.016681544619599292 0.0062387145332445243 -0.010716703931130618 -0.0092381821664806723 -0.0051016338604304929 -0.0069608079961911932 0.00029212172515398992 -0.0086039676384906932 0.0032117659753752793 6.4095045455397015e-06 -0.0063031804230025594 -0.0035254858759665181 -0.0032820758189897768 -0.003093531457523213 -0.033322813498573488 -0.0051621606195388723 -0.01423283989499731 -0.00021714837444106866 -0.0021258781593213741 -0.0014360069092793338 -0.00011923719702030031 0.01280993150945499 0.0023030313508096306 0.0026278712766130731 0.000767944463240894 0.00073333307712196015 -0.018608554322204054 -0.0017212538311561138 0.015210954610337064 0.0054172068460029343 -0.0003636372326973605 -0.0018507656202710284 -0.0017781089729429417 -0.0006945680384729811 -0.019405278700564962 0.00060862611747111131 -0.0039217145664227869 -0.00036959796031187819 0.0013798917295012912 0.0078620696937098389 0.0086310173992818935 -0.0039260386832367586 0.0007090310269545568 -0.0021082429688884705 -0.014486099467280121 -0.0068385068642552354 -0.0053680243547618075 0.00055268907463940857 -0.00014548507746873967
leaf_weight=8504.4017333984375 51433.87744140625 781512.9157409668 2977.4097900390625 2732.39697265625 2946.739875793457 634799.03979492188 7362.0042572021484 346457.638671875 27858.394691467285 9362.4119186401367 3694.0882568359375 436546.55068969727 83948.74609375 57339.295700073242 6826.380859375 7541.9337158203125 4189.36083984375 4014.4394454956055 16136.375 17128.303665161133 57993.827819824219 7301.8780555725098 6495.8901252746582 912939.97166442871 10719.304870605469 5560.8440246582031 17583.039878845215 5640.0560913085938 1986.8961334228516 20331.322212219238 3105.2370300292969 693420.7991027832 19318.292343139648 621173.3203125 7192.1317367553711 5690.5720672607422 47399.153747558594 6931.0359954833984 834563.34713745117 880313.70167541504 5079.4615478515625 56867.316223144531 2528.6996421813965 9716.0979223251343 1683735.5593028069 9034.6679000854492 2946.5838317871094 173446.44923400879 2911.3120803833008 519578.53282928467 10612.975341796875 274788.31049346924 120183.60597229004 4948.4669342041016 4793.8374633789062 8243.0844068527222 5998.8851947784424 48983.692626953125 2684.2848510742188 6544.7917251586914 6324.0545597076416 9914.2294206619263 117161.75229740143
leaf_count=3262 21851 264876 1003 1047 1035 240928 3019 122046 11681 3217 1493 162332 40854 37370 2013 2455 1653 1416 5664 7211 25245 2643 3139 328011 5028 2003 4994 2441 932 8881 875 281780 8193 233574 2456 1639 18590 3131 286027 314613 1652 21997 1059 4042 605579 3672 1557 65842 1270 189902 4398 98654 54640 1166 1555 3212 1656 16169 805 1478 1907 3579 40559
internal_value=3.63191e-06 -0.00032114 0.000731714 0.00597721 -0.000994895 -5.61677e-06 0.00409494 0.000646687 0.0027707 -0.00558193 0.0176388 0.000553529 0.00042427 0.000212731 0.00810165 0.0111964 -0.000606049 -0.0113747 -0.00090425 0.000334795 -0.00151828 0.00157114 -0.00304596 0.000429669 -0.000343172 -0.0014718 -0.000778341 -0.00332697 -0.000286423 -0.00323147 -0.00736815 -0.000634356 -0.00439752 -0.00152886 0.000417403 0.0022962 0.00333992 0.00723403 0.00103221 0.000844373 -0.0144635 -0.00244955 0.00910021 0.00744512 -0.000468337 -0.00139444 -0.0145032 -0.0010453 -0.00613524 0.000487977 0.000214946 0.000270238 0.000706838 -0.00041193 0.00125002 -0.000816955 0.00423878 -0.00278646 -0.00677369 -0.00332188 -4.70507e-05 0.0029938 -0.000413152
internal_weight=9.766e+06 6.7535e+06 3.0125e+06 48046.5 2.15398e+06 4.59952e+06 41375 2.96445e+06 124550 41734.4 6671.5 2.8399e+06 2.02308e+06 1.65888e+06 22872.7 14368.3 417355 12040.6 2.11224e+06 1.93913e+06 94440.4 101677 13797.8 1.84469e+06 2.57645e+06 226095 164598 61497.4 2.50886e+06 29693.7 8666.08 1.47493e+06 36446.6 637310 191260 87879.2 60020.8 12621.6 1.18102e+06 931748 9093.9 67586.6 14977.2 12244.8 1.87406e+06 190326 4933.48 185392 11946 1.24153e+06 804980 794367 177523 155932 26397.8 15605.1 10792.7 57308 8324.34 13736.9 138349 14862.7 123486
internal_count=3596971 2494878 1102093 18086 802095 1692783 15590 1084007 48553 16201 2496 1035454 745978 627381 7730 4468 172095 4103 785894 705124 40649 40823 5782 664475 946805 76151 55083 21068 919780 12098 2878 546656 15404 239238 95944 35041 23360 4770 408073 336464 3068 27025 6148 5101 678852 73273 2489 70784 4942 455286 292954 288556 92010 52205 9442 6231 3211 19415 3246 3934 47211 4745 42466
cat_boundaries=0 2 4 6 8 10 12 14 16 18 20 22 24 26 28 30 31 33 35 37
cat_threshold=2668085400 6 3901259940 55 282905749 4 1776357186 28 1293158513 8 980943393 125 1531990195 80 2936839520 61 721420802 64 4750128 69 1415229251 72 927083128 102 3221815683 1 365051906 16 1073742340 2 2887790664 7868675 104 1083180580 88 12320 1
is_linear=0
shrinkage=0.03


Tree=24
num_leaves=64
num_cat=20
split_feature=7 3 3 3 2 2 10 1 10 10 1 19 3 4 1 1 1 1 6 11 10 19 1 14 1 3 6 9 6 19 3 1 7 18 1 10 2 1 1 18 1 1 11 1 8 1 15 8 10 13 16 10 1 10 1 10 1 8 1 10 6 16 7
split_gain=2256.35 1701.26 1305 984.287 1007.34 904.111 587.274 580.23 570.671 730.889 726.396 537.703 487.162 471.297 469.491 449.379 425.063 368.874 320.48 317.507 493.355 316.831 416.9 325.115 345.289 304.916 296.154 2389.83 291.131 284.821 284.601 283.431 281.848 259.833 248.473 234.408 227.492 282.41 258.557 225.298 222.355 217.141 418.693 214.268 213.586 286.605 411.185 3533.54 296.686 385.301 280.459 469.1 212.954 230.569 292.047 208.762 395.002 205.912 202.273 196.77 199.858 193.674 199.414
threshold=-0.51794579625129689 0.50854587554931652 -1.7656701207160947 1.7640202045440676 -1.3434706330299375 -0.75336000323295582 1.9918488860130312 0 1.9918488860130312 0.10106483474373819 1 0.95743000507354747 -1.4995263218879697 -0.13379042595624921 2 3 4 5 -2.1325372457504268 1.9390753507614138 -1.3066854476928709 0.72087940573692333 6 0.55367529392242443 7 -0.063199985772371278 0.6351950764656068 -0.30175964534282679 0.87212488055229198 1.3512750267982485 -0.68426263332366932 8 0.55570524930953991 1.8201950192451479 9 -0.28870198130607599 0.23950560390949252 10 11 -0.69546580314636219 12 13 -0.56908559799194325 14 2.2679877281188969 15 1.2876382470130923 1.5186024904251101 -0.75118827819824208 0.75478991866111766 0.54156801104545604 -1.5217533111572263 16 -1.5217533111572263 17 -2.4717153310775752 18 -0.092619877308607088 19 -0.320750743150711 1.0800945162773135 1.3221465945243838 0.9334687888622285
decision_type=2 2 2 2 2 2 2 1 2 2 1 2 2 2 1 1 1 1 2 2 2 2 1 2 1 2 2 2 2 2 2 1 2 2 1 2 2 1 1 2 1 1 2 1 2 1 2 2 2 2 2 2 1 2 1 2 1 2 1 2 2 2 2
left_child=2 8 5 32 13 7 11 -1 9 16 12 25 -10 33 -8 -13 26 61 -6 21 -21 30 57 -24 -25 43 29 -28 55 -2 40 -7 -3 35 -20 -5 38 -38 -12 -9 -18 42 -31 59 45 46 48 -48 49 50 -32 -52 -27 54 -54 56 -17 -23 -41 60 -4 62 -11
right_child=1 3 6 4 18 31 14 39 10 17 36 15 -14 -15 -16 28 19 -19 34 20 -22 22 23 24 -26 52 27 -29 -30 41 44 -33 -34 -35 -36 -37 37 -39 -40 58 -42 -43 -44 -45 -46 -47 47 -49 -50 -51 51 -53 53 -55 -56 -57 -58 -59 -60 -61 -62 -63 -64
leaf_value=0.021758159585994141 -9.5886391852484363e-05 -0.00060720681412626933 0.0021699050090413399 -0.016202170150986944 -0.011260060041229996 0.0056568754665465813 -5.8233106013976314e-05 0.013118384705006486 0.018901915061557376 0.00026977065918491928 -0.0013402417083745398 0.0004844107059740989 0.0054283162188819246 -0.00077689404217866028 0.0070636711692705001 0.0027179653189882331 6.8884573647678363e-05 -0.00073823013235368691 -0.00024032668571941212 0.011325223538109198 0.0017858075233175422 0.0073576915921856941 -0.0011553850022861163 -0.013611477958216904 -0.0033044366542978178 0.00083370757051381603 -0.00059333419642310895 -0.029953806009520027 -0.012765029717591279 -0.017147558863812685 0.0027526259661783069 -0.00022712921710287193 -0.0014134655064309675 -0.019537684483443476 -0.0034670141495468936 -0.0068059196589826624 -0.0083840073953507926 0.0017589035041332584 0.0038424388452012173 0.01084663064497329 0.0015114185522211664 -0.0014569395467894525 -0.0027772388722297199 0.00072650723364422044 -7.0171633865394393e-05 0.00026282032261628116 -0.00019047910439997005 0.031926465987375599 0.00057022321145021846 -0.0013602132141288018 0.016122999952994169 0.0041589640100244164 0.0012495560924241545 0.00011627164583094884 -0.0055760313910888292 -0.0018015078926864956 -0.011249375348968287 0.00082522102568581611 0.00026037050127576504 0.0011328570240325159 0.0073760031790220757 0.0054950407947232556 -0.00091696075902531512
leaf_weight=3871.8141326904297 775070.25997924805 1221147.2810058594 172498.79931640625 3833.5591416358948 3633.203784942627 14977.103149414062 13032.769348144531 5059.8776407241821 2728.1748046875 628336.95230102539 15166.685478210449 81444.593383789062 20852.948791503906 3674.5251588821411 23104.149108886719 2664.7954864501953 129503.23046875 1416244.03125 35809.214034676552 5476.988525390625 44414.208374023438 4762.1484375 106965.98638534546 3784.6663575172424 12839.139920711517 523718.21713256836 27992.289596557617 2734.2556915283203 2513.58203125 2583.0459418296814 30715.145432949066 14494.475341796875 573480.10961914062 3808.15380859375 53693.612942099571 6367.4420666694641 5143.1380386352539 4737.7850723266602 20176.17797088623 2791.2419357299805 373716.69812011719 22919.927825927734 6195.8528618812561 577926.5517578125 703904.09167480469 637981.98315429688 17749.384887695312 3726.1693115234375 217940.58683353662 14008.424194335938 4295.4970703125 9406.3510880470276 9253.6151733398438 507695.97555541992 14432.559143066406 63713.159301757812 5738.3649749755859 48811.484130859375 3870.1284246444702 325532.93811035156 6898.16455078125 5872.7070922851562 159852.33670043945
leaf_count=1277 340787 462848 59045 1258 1613 5883 5404 1758 1129 308797 5745 33711 8825 1250 9093 1139 39953 409429 13593 1505 12686 2553 41569 1104 3454 193254 9931 1525 670 1430 12841 6135 217071 1266 22736 2241 1651 2018 7058 1068 136634 13237 2647 221250 206506 217133 5184 1367 79848 4611 1073 2370 3125 193603 6108 29029 2702 18815 1363 109298 1558 1813 81670
internal_value=-3.54384e-06 -0.000262013 0.000800846 -0.0010343 -0.0037781 0.00585706 0.000703048 0.0116978 6.19446e-06 -2.82862e-05 0.00272106 0.000643267 0.00698783 -0.0103412 0.00449744 -0.00105662 0.000260967 -0.000448037 -0.00253148 0.000466262 0.00283406 0.000415341 -0.000803912 -0.00176197 -0.00566455 0.000767364 -0.000319992 -0.00321048 -0.00273799 -0.00020989 0.000516142 0.00276535 -0.000864853 -0.0128487 -0.00217655 -0.0103433 0.000494046 -0.00352887 0.00161923 0.00834107 0.00114022 -0.00299695 -0.00700485 0.00112101 0.000324615 0.000621562 0.00138992 0.00538819 0.00107919 0.00297753 0.00434558 0.00791417 0.000404408 -1.87189e-05 -0.00291156 -0.00238802 -0.00683124 0.00140626 0.00471769 0.00157249 0.00237029 6.95443e-05 2.90859e-05
internal_weight=9.76729e+06 7.39206e+06 2.37523e+06 1.90545e+06 110820 45064.6 2.33017e+06 15593.1 5.48661e+06 5.4178e+06 68804.9 2.29403e+06 23581.1 17683.7 36136.9 156074 3.2075e+06 2.21031e+06 93136 2.37e+06 49891.2 2.32011e+06 177163 123590 16623.8 2.13796e+06 837496 30726.5 74629.9 806769 2.14295e+06 29471.6 1.79463e+06 14009.2 89502.8 10201 45223.8 9880.92 35342.9 11721.2 503220 31698.8 8778.9 1.08286e+06 1.63973e+06 935824 297842 21475.6 276366 58425.4 44417 13701.8 1.0551e+06 531382 23686.2 72116.3 8403.16 53573.6 6661.37 504930 179397 794062 788189
internal_count=3597247 2710774 886473 723876 43957 17484 868989 5466 1986898 1960472 26426 854492 9954 6015 14497 67251 1158763 801709 37942 789206 14191 775015 67495 46127 4558 787241 369557 11456 33540 358101 707520 12018 679919 4765 36329 3499 16472 3669 12803 4189 176587 17314 4077 391151 530933 324427 107294 6551 100743 20895 16284 3443 396090 202836 9233 32870 3841 21368 2431 169901 60603 392280 390467
cat_boundaries=0 1 3 5 7 9 11 13 15 17 19 21 23 25 26 28 30 32 34 36 38
cat_threshold=2487918600 2941173784 2 556834114 73 2307623384 95 4050141776 2 3211051096 53 8495368 36 33554433 16 1276089857 28 2186029552 101 1052838 93 1075915587 32 42084360 64 537395712 204299393 61 33558571 45 440192057 44 4272900 1 8709 32 179307684 35
is_linear=0
shrinkage=0.03


Tree=25
num_leaves=64
num_cat=21
split_feature=5 10 3 7 2 2 1 0 3 2 2 5 4 19 1 1 0 1 9 1 19 3 0 1 10 1 0 3 1 1 0 0 1 0 1 1 2 1 15 6 0 14 1 16 14 1 1 1 10 0 1 10 1 10 1 2 4 4 2 6 1 19 9
split_gain=2495.1 1464.1 1407.87 972.838 956.58 910.662 699.55 682.577 634.195 598.196 588.693 728.753 561.019 507.957 666.971 414.645 412.639 512.402 392.074 371.687 363.62 351.639 374.919 503.575 345.127 726.35 362.396 343.595 370.206 338.637 384.369 346.42 332.52 326.395 377.376 318.789 306.172 296.51 443.674 1594.89 289.224 289.15 279.109 433.567 1562.45 278.319 265.158 251.598 245.809 245.071 240.017 362.669 368.759 328.627 545.273 230.884 223.366 221.979 212.081 218.952 211.496 209.978 209.554
threshold=-0.57968807220458973 1.9918488860130312 0.88830396533012401 0.079490769654512419 -1.8392598628997801 -1.8392598628997801 0 731.50000000000011 -0.8971993327140807 -0.95199516415595997 -1.3434706330299375 -2.2401353120803829 -0.13379042595624921 -0.07337703555822371 1 2 703.50000000000011 3 -0.1255623400211334 4 0.024302059784531597 -1.2182800769805906 142.50000000000003 5 -2.4717153310775752 6 646.50000000000011 1.3231080770492556 7 8 217.50000000000003 886.50000000000011 9 802.50000000000011 10 11 1.0000000180025095e-35 12 1.2876382470130923 0.24058687686920169 802.50000000000011 0.2086225971579552 13 0.33624260127544409 0.2086225971579552 14 15 16 1.0971629023551943 528.50000000000011 17 -2.4717153310775752 18 -2.4717153310775752 19 0.51953604817390453 0.60955399274826061 0.55193653702735912 -0.678613781929016 0.13050895184278491 20 0.95743000507354747 -0.70499715209007252
decision_type=2 2 2 2 2 2 1 2 2 2 2 2 2 2 1 1 2 1 2 1 2 2 2 1 2 1 2 2 1 1 2 2 1 2 1 1 2 1 2 2 2 2 1 2 2 1 1 1 2 2 1 2 1 2 1 2 2 2 2 2 1 2 2
left_child=1 10 3 18 8 12 55 46 -3 19 11 16 15 21 -15 -4 17 -1 20 40 37 45 23 -23 25 26 -16 29 -29 30 -13 -31 -24 50 -35 -11 -27 38 -2 -40 -9 -26 43 44 -22 -12 -5 -14 -42 -17 53 52 -52 54 -7 -6 62 -38 59 -47 -51 -21 -25
right_child=2 4 5 7 6 33 -8 9 -10 35 13 27 47 14 24 49 -18 -19 -20 61 42 22 32 56 41 36 -28 28 -30 31 -32 -33 -34 34 -36 -37 57 -39 39 -41 48 -43 -44 -45 -46 58 -48 -49 -50 60 51 -53 -54 -55 -56 -57 -58 -59 -60 -61 -62 -63 -64
leaf_value=0.018254279183841867 0.00071863842693015091 0.02704447486361531 -0.016457525378395701 0.00011178884523516876 0.010862094942098824 0.017174872259440654 0.0011247332249708808 -0.0017068615646966766 0.0085372202945626641 -0.0018138452628117317 0.00051656382146332157 0.012352254481159172 0.0033722433509987509 0.00090735299934362776 0.0060836386282295844 -0.011995190317305145 0.0034608125970186205 0.0057850622161104105 0.001500515487170084 -0.0028812522999051744 0.0012880114576065177 0.0065055201447337327 -8.0525919121284662e-06 0.0060840434881492857 0.00027611470772238893 -0.017510701554170865 -0.0044231097117062761 -0.013098094121117352 0.00074730987763299735 0.0015176142366404802 0.002957013444025314 -0.0056332302233220053 0.00093582535535288735 -0.0040890291013028967 -0.001024012726631565 -0.00047582949581726516 -0.0037304566464104664 7.3368596395630424e-05 0.00014282552097950833 0.020676960676439558 -0.0063531900021850463 -0.0010553097926696555 -0.00029722734392233772 -0.0014183351374189939 -0.032870054883495266 0.0037288361465605767 -0.00056323655481989603 -0.0052429798310549306 -0.013709306152286918 -0.0083787228026636733 2.5152118190327017e-06 -0.0012544940049870905 -0.011721102705717365 -0.00037671379685857195 -0.0008688449259029934 0.0013860323745231646 -0.00060397409584803726 -0.013921216077383379 0.0030558859738335758 0.014974641664484869 0.0022702868802068959 0.0053017399238457193 0.0014625170649398079
leaf_weight=5348.3618545532227 716548.86468505859 2863.7450256347656 6009.0256233215332 908571.25390625 12921.125717163086 2562.7135009765625 25627.80082321167 7027.5486755371094 3993.0918884277344 283004.09219360352 43220.705810546875 4402.0971916913986 5088.4886622428894 458989.2232170105 6414.5391426086426 4627.346127986908 11900.091856002808 6724.6966800689697 202415.49424463511 43704.483810424805 3270.9579753875732 22409.867309570312 488310.53018188477 12193.926759719849 266244.63848876953 2965.1914367675781 5469.0513725280762 2865.0697021484375 4387.1780700683594 28514.884021759033 35454.103961110115 7750.1641235351562 1076372.0608978271 72405.653900146484 72248.46435546875 369542.48983764648 7092.3041863441467 1240221.325012207 12938.73371887207 4614.7604217529297 11955.678039550781 327221.50408935547 819612.41186523438 17579.915874481201 1903.0275173187256 3459.400505065918 1236448.1396484375 7576.787036895752 6223.2777709960938 3315.0813903808594 4043.4202423095703 455108.4631652832 6001.7037506103516 216924.86196899414 3634.4320068359375 2820.6545143127441 30352.481105804443 2637.8455023765564 69771.739135742188 2836.9099807739258 3377.5738935470581 3012.5038909912109 31993.437322616577
leaf_count=1759 275958 1095 2116 324172 4900 876 9552 2116 1469 90635 18357 1574 1694 180197 2265 1492 4108 2168 89196 17009 1904 7754 204219 3904 121350 1336 1867 859 1872 10190 11959 2858 347964 25065 33070 148185 3220 402075 3892 1414 3596 104608 318643 6630 969 1419 460895 2805 1769 1284 1598 180523 2537 88470 1575 1100 9824 1064 25905 841 1023 1346 11139
internal_value=3.84715e-06 0.000721626 -0.000316532 -0.000150694 0.0059065 -0.0014482 0.00418524 -0.000546217 0.0162808 -0.00134237 0.000637291 0.00281829 -0.00658347 0.000555367 4.10689e-05 -0.0100903 0.00742739 0.0113341 0.000225228 -0.00393888 0.00013358 0.000866394 0.000753441 0.00256375 -0.000602281 -0.00408544 0.00124736 0.00149262 -0.00474472 0.00208714 0.00399513 -1.11478e-05 0.000641264 -0.00126324 -0.00255863 -0.00105616 -0.00906962 0.000356227 0.000834083 0.00554554 -0.00687419 -0.000458 -0.000388255 -0.00366459 -0.0112952 0.00243968 -0.000277317 -0.00178318 -0.00887452 -0.00668421 -0.000990975 -0.00137896 -0.00701605 -0.000182038 0.00662692 0.00915931 0.00137727 -0.0064989 0.00353173 0.00880369 -0.00301594 -0.00235256 0.00273842
internal_weight=9.76505e+06 3.01353e+06 6.75152e+06 5.88859e+06 48226.4 862924 41369.6 2.86949e+06 6856.84 724470 2.9653e+06 107347 29994.3 2.85796e+06 1.07703e+06 17329 23973.2 12073.1 3.01911e+06 71923.5 2.81669e+06 1.78092e+06 1.66163e+06 96949.7 618045 24578.9 11883.6 83373.5 7252.25 76121.2 39856.2 36265 1.56468e+06 832930 144654 652547 12695.3 1.97432e+06 734102 17553.5 25206.5 593466 842366 22753.9 5173.99 119289 2.14502e+06 12665.3 18179 11320 688276 465154 10045.1 223122 6197.15 15741.8 74539.8 9730.15 76068 6296.31 6692.66 46717 44187.4
internal_count=3597228 1102696 2494532 2150404 18116 344128 15552 1049723 2564 264656 1084580 37347 10414 1047233 415907 5915 8035 3927 1100681 25836 1011485 631326 584804 32621 235710 9752 4132 29312 2731 26581 13533 13048 552183 333714 58135 238820 5620 683339 281264 5306 7481 225958 328146 9503 2873 46522 785067 4499 5365 3799 275579 184658 4135 90921 2451 6000 24867 4284 28165 2260 2307 18355 15043
cat_boundaries=0 2 4 6 8 10 12 14 16 18 20 22 24 26 28 30 32 34 36 38 39 41
cat_threshold=2651242680 6 15060373 44 2483610378 10 4128432440 96 1611152324 10 3222308880 70 420094466 66 1544171828 6 3361658905 62 3776979776 123 3910349475 66 1883255715 74 790923560 61 512 16 895692362 76 721818026 59 240716377 4 3793823804 34 470815234 68 67640 15861860 5
is_linear=0
shrinkage=0.03


Tree=26
num_leaves=64
num_cat=15
split_feature=5 10 3 7 2 7 5 3 2 5 3 3 17 17 3 19 4 10 2 17 7 10 17 3 19 16 17 10 17 17 19 17 18 7 17 17 2 9 16 17 15 3 2 11 14 17 17 17 4 10 10 5 17 5 4 19 9 5 2 10 3 14 11
split_gain=2216.78 1212.5 1195.43 984.892 964.353 636.359 619.537 584.357 573.675 588.803 465.755 463.272 395.35 388.632 359.123 324.73 382.389 333.037 310.497 274.988 272.633 269.877 245.537 238.165 237.248 268.467 236.48 230.559 359.866 222.634 220.422 211.54 221.364 195.224 187.853 182.575 180.953 179.408 176.225 175.005 451.6 168.998 193.726 160.967 243.813 158.99 156.359 153.695 153.465 144.438 147.347 143.293 143.285 141.743 141.73 154.366 238.496 140.574 139.581 138.096 135.859 135.129 651.367
threshold=-0.27764600515365595 1.9918488860130312 1.7640202045440676 0.28201435506343847 -1.8392598628997801 -0.79447859525680531 2.0247550010681157 -0.96400696039199818 -1.3434706330299375 -1.9815356135368345 -0.68426263332366932 0.548457831144333 0 1 0.16104643046855929 0.6297641694545747 2.2173740267753606 -0.063112985342740999 -1.3434706330299375 2 -0.86882248520851124 0.3198831975460053 3 -0.40074199438095087 1.0000000180025095e-35 0.36483025550842291 4 -1.8566475510597227 5 6 0.024302059784531597 7 1.6505818963050845 0.71741822361946117 8 9 -1.8392598628997801 -0.80647915601730336 0.65159371495246898 10 -1.8866619467735288 -1.4995263218879697 -0.75336000323295582 1.9390753507614138 0.82875183224678051 11 12 13 -1.7580090165138242 1.9918488860130312 0.039558771997690208 1.5249715447425845 14 -1.9815356135368345 0.063367111608386054 1.3512750267982485 -0.70499715209007252 -1.0568720102310178 -1.8392598628997801 0.49619500339031225 0.19364956766366961 -0.17379648983478543 0.62992408871650707
decision_type=2 2 2 2 2 2 2 2 2 2 2 2 1 1 2 2 2 2 2 1 2 2 1 2 2 2 1 2 1 1 2 1 2 2 1 1 2 2 2 1 2 2 2 2 2 1 1 1 2 2 2 2 1 2 2 2 2 2 2 2 2 2 2
left_child=1 5 3 10 7 8 -4 -3 9 22 26 15 -8 23 46 17 31 19 33 48 -12 -20 -1 -6 41 52 -2 28 -27 -19 39 43 -33 -14 -13 -34 47 45 57 40 -22 42 -10 44 54 -38 49 -16 -7 50 58 -48 -26 -31 -17 -56 -57 -15 -5 -36 -24 62 -50
right_child=2 4 6 14 13 11 12 -9 24 -11 20 34 18 38 36 16 -18 29 21 -21 30 -23 60 -25 25 27 -28 -29 -30 53 -32 32 35 -35 59 -37 37 -39 -40 -41 -42 -43 -44 -45 -46 -47 51 -49 61 -51 -52 -53 -54 -55 55 56 -58 -59 -60 -61 -62 -63 -64
leaf_value=0.01376193568309992 0.0017082236905043189 0.025391013104042116 -0.002481523948584708 0.0075695595494004678 0.015510295926029835 -5.5259979622098359e-05 -0.0013691965616520487 0.0081783977249312769 0.011790564429720674 0.0016909983684511105 0.00050313105769181181 0.00042679299740420876 -0.010049910600603586 0.0048175948592832614 -0.00016557758928926688 -0.00019334714197974712 -0.011310489485144858 -0.00011639669729427884 -0.012185943182827211 0.00027323287757528429 -0.012621670291807672 0.00017603768650101831 0.0082649659941924723 0.0051560960950000432 0.0016044366697663813 0.00066208343397146797 0.00038557016317857082 -0.00064022603122843133 -0.012174796341276311 0.0032205122026080081 -0.00073891117864278793 -0.00029507226376983324 -0.0026691837429678642 -0.0198466464216344 -0.00053027481291562605 0.0054557923483764701 -0.0018696707717936164 -0.0013326450966249189 -0.0018390133013866737 2.9729058393741895e-05 -0.00065674885763524296 0.0012968685704991996 0.002966340531760221 0.0050133018167154413 -0.0089351686040374176 0.00028808283881362966 -0.00053258194644381694 -0.0055526747611223722 0.0016395476116061751 0.003907333254874897 -0.00061845191818874032 -0.0017312404249515661 9.823489898688188e-05 0.00063026377784362528 -0.0017255564239583628 -0.014184584745715155 -0.0030943722731215807 0.0009016849680691133 0.00047851013121770161 -0.00191776183469887 0.00096698113220249884 0.0013668470551496091 0.016616494752759729
leaf_weight=5967.2847213745117 170179.19775390625 2923.0472946166992 81332.212890625 2529.037109375 3326.5697479248047 67627.71875 5109.5065002441406 4527.5537796020508 2619.7146911621094 25881.36083984375 471162.22937011719 160012.69915771484 3416.5793304443359 19198.81169128418 6910.1025085449219 22958.949964046478 2972.4189453125 690095.10186767578 3330.4862976074219 349116.37170410156 2862.1096496582031 3035.8964233398438 8249.8256797790527 5020.0950489044189 114946.42166900635 3756.4169905185699 426700.91748046875 67175.891357421875 4113.8564469814301 19912.6171875 690491.76843261719 150164.23147439957 3209.210964679718 3989.3654327392578 375686.16625976562 10998.108215332031 40918.563720703125 850843.72688293457 7914.3490972518921 1449213.2018737793 290587.80723017454 525177.64779663086 15290.639556884766 2678.2529296875 4825.7068634033203 123321.0355682373 683142.97888183594 15410.477569580078 18055.566230773926 8541.85546875 190664.1435546875 103332.8134765625 112455.78325653076 419034.34613037109 14329.318885326385 2691.5354986190796 4957.7477045059204 14470.112402915955 177433.36328125 77954.082763671875 3182.2064933776855 614096.39688110352 3051.1130599975586
leaf_count=1846 69629 1119 32948 1051 1145 20676 1710 1659 928 9317 177507 72169 1123 7795 2054 10194 1053 208132 1151 165902 1061 1112 2725 1622 45513 1142 163407 19584 1071 8535 270929 61619 1498 1315 137319 4187 17872 316380 2036 500069 104334 190609 6073 793 1391 37283 234750 5692 8128 3839 83867 34768 52390 180935 6251 1178 2657 6429 79065 28068 1248 178035 1084
internal_value=3.08647e-06 0.000550283 -0.000370289 -0.000313223 0.00487933 0.000486637 -0.00361836 0.0149438 0.00119207 0.00456062 -5.27889e-07 0.000278636 -0.00851326 0.00337615 -0.000810172 0.000466664 -0.000632418 0.000577423 -0.0111531 0.000961481 -0.000157389 -0.00629545 0.00882744 0.00927848 0.00101962 0.000346218 0.000762724 -0.0012096 -0.00606595 0.000219587 -0.000285294 -0.000485768 4.36072e-05 -0.015337 -0.000456977 0.00362215 -0.00121618 -0.00115742 0.0021877 -0.000105557 -0.000773633 0.00139463 0.00425997 -0.00214448 -0.0025306 -0.000249636 -0.000448824 -0.00388789 0.00130333 5.15933e-05 -3.73203e-05 -0.000690071 0.000859678 0.000747787 -0.00184192 -0.00356359 -0.00700338 0.00313501 0.000578369 -0.000768704 0.00622937 0.00144799 0.00380799
internal_weight=9.76508e+06 3.96063e+06 5.80446e+06 5.70425e+06 57380.5 3.90324e+06 100214 7450.6 888817 43280.7 3.5012e+06 3.01443e+06 18881.8 49929.9 2.20305e+06 2.40077e+06 219785 2.18099e+06 13772.3 1.05195e+06 2.90432e+06 6366.38 17399.3 8346.66 845536 302448 596880 75046.2 7870.27 1.12904e+06 2.43315e+06 216813 164372 7405.94 613653 14207.3 1.0374e+06 1.01508e+06 41583.3 1.74266e+06 293450 543088 17910.4 52441.5 49763.3 164240 1.16564e+06 22320.6 702831 379168 370627 786476 227402 438947 44937.6 21978.6 7649.28 33668.9 179962 453640 11432 635203 21106.7
internal_count=3596971 1454055 2142916 2103557 21805 1432250 39359 2778 332446 15136 1286936 1099804 6411 19027 816621 862248 90821 771427 4701 373825 1053900 2263 5819 2767 317310 119700 233036 21797 2213 397602 876393 89768 67304 2438 237556 5685 379281 371535 16260 605464 105395 197610 7001 22464 21671 55155 437340 7746 207923 167822 163983 269518 97903 189470 20280 10086 3835 14224 80116 165387 3973 187247 9212
cat_boundaries=0 1 2 3 4 5 6 7 8 9 10 11 12 13 14 15
cat_threshold=21793729 33687571 13023778 26378552 39873600 25187345 32543954 57541384 469541 8390865 25166349 24884 40618632 35293447 18937355
is_linear=0
shrinkage=0.03


Tree=27
num_leaves=64
num_cat=21
split_feature=5 10 2 0 2 1 5 2 0 1 18 1 19 1 0 1 1 4 1 0 1 2 1 0 1 18 19 16 4 12 1 16 1 0 19 4 19 1 0 14 10 10 1 10 1 0 2 1 13 1 0 15 14 1 17 0 10 2 14 1 1 9 0
split_gain=2226.04 1092.27 946.314 795.895 836.416 783.675 664.907 994.973 646.674 969.296 622.999 565.449 537.23 544.434 490.713 526.188 474.383 465.98 459.417 440.945 429.21 395.552 392.853 483.695 390.607 370.616 366.295 909.89 506.884 388.331 461.207 344.277 330.072 328.398 324.991 321.365 318.912 731.279 382.591 671.813 372.003 360.922 347.433 396.953 412.144 332.329 310.481 325.513 317.285 305.258 292.28 289.743 286.354 324.434 284.531 289.987 315.81 277.61 272.876 267.808 262.761 1268.31 261.211
threshold=0.27365265786647802 1.9918488860130312 -1.8392598628997801 646.50000000000011 -1.1064002513885496 0 -2.2401353120803829 -0.84180259704589833 773.50000000000011 1 -2.0339684486389156 2 -0.116760216653347 3 127.50000000000001 4 5 -1.9714598059654234 6 773.50000000000011 7 -0.45100204646587366 8 788.50000000000011 9 -2.3379752635955806 0.55472788214683544 0.81020987033844005 1.3573725223541262 -0.74186155200004567 10 1.6026234030723574 11 928.50000000000011 1.697729289531708 -1.6296737790107725 0.95743000507354747 12 157.50000000000003 0.67291387915611278 0.039558771997690208 -1.5217533111572263 13 -1.8566475510597227 14 292.50000000000006 -0.031063023954629895 15 1.6302071809768679 16 872.50000000000011 1.2876382470130923 0.28608362376689916 17 18 900.50000000000011 -0.15317065268754956 -0.18263791501522061 0.053301306441426284 19 20 -0.25967420637607569 157.50000000000003
decision_type=2 2 2 2 2 1 2 2 2 1 2 1 2 1 2 1 1 2 1 2 1 2 1 2 1 2 2 2 2 2 1 2 1 2 2 2 2 1 2 2 2 2 1 2 1 2 2 1 2 1 2 2 2 1 1 2 2 2 2 1 1 2 2
left_child=1 6 11 36 22 34 7 10 12 33 20 -3 14 58 15 35 -6 54 -9 32 -1 25 -5 24 -24 -19 -23 28 29 49 -31 50 -12 -10 -4 -8 40 38 39 -38 42 -40 45 44 -44 51 47 -39 -48 -28 -27 -2 53 -35 -11 -56 -57 -43 -14 -29 61 -16 -60
right_child=3 2 5 4 16 -7 8 18 9 17 19 -13 13 -15 60 -17 -18 21 -20 -21 -22 26 23 -25 -26 31 27 59 -30 30 -32 -33 -34 52 -36 -37 37 46 41 -41 -42 57 43 -45 -46 -47 48 -49 -50 -51 -52 -53 -54 -55 55 56 -58 -59 62 -61 -62 -63 -64
leaf_value=0.022811641255823106 0.0016019495356059254 0.02075413536653235 0.0060436605162464182 -0.0014957397755790878 -0.00010811946162671511 0.00056471061272263267 -0.0018110722139916722 -0.00089118279692176547 0.00032971332878368369 0.0024272183942352847 0.012943508444081465 0.0052941700901817917 9.524061128574868e-05 0.00054508591185981926 -0.00031496128396693687 0.00089894023431888383 -0.0013311540689952329 0.0065731649862127506 0.0028075933500302085 0.00039637975092609055 0.0077974279876099157 -0.00016858460763164671 0.0011961929322255049 -0.0071467813981049158 -0.005519127530939979 -0.00079280501102233294 -0.0059086846699487518 -0.0050284748985259158 -0.013829207895985622 0.0062930962350352436 -0.0010891059833091471 -0.012515759153560398 0.0039715553277275013 0.0013320403532791905 0.016554980978856316 0.0056007486905146142 -0.0050809588780817818 0.0043994217517659868 -0.0088359128037972801 -0.019970924905915257 -0.00053617782626125677 0.0031612189361871156 -0.0097244388542797894 -6.7142422295307788e-05 -0.0015020059294228456 0.00022387680428726249 -0.0017446198055152181 -0.00054733382705768351 0.0064127524958179387 -0.00013101608448881538 -0.0037940956054879306 0.0088016980729722707 -0.0021928272940479202 0.0051796891199220154 -0.0027759326105507355 0.0010352498117867928 -0.009768740507421516 -0.0029005195138839357 -0.0024630230226498897 -0.014684622620681664 0.00068867792589395532 -0.024247605852863056 -0.00066262335217155157
leaf_weight=3233.3228149414062 187817.12460327148 4456.6428833007812 17130.431046485901 51064.544067382812 441209.68902587891 45062.758772850037 5914.8373718261719 59028.109741210938 389479.546875 5819.8541564941406 6949.1566734313965 4118.0700073242188 349945.47607421875 871462.03361999989 131761.822265625 75646.028198242188 808426.58050537109 4051.482421875 61908.822143554688 11720.65470123291 3722.5333862304688 483888.65136528015 15633.567932128906 39663.881713867188 15529.381286621094 55027.438930511475 15541.279119729996 4587.5005645751953 2697.6363353729248 12453.794274091721 19567.782653808594 3094.6116333007812 7929.9864768981934 47267.332443237305 3129.7144775390625 47755.244178771973 15836.385192871094 22483.075897216797 6802.037841796875 3291.1409912109375 1132971.9681396484 9274.8893814086914 7492.7703247070312 707055.83923339844 20433.561706542969 325778.3408203125 75631.097290039062 25588.528167724609 4544.5845336914062 17488.054491996765 62228.984777450562 5164.3863830566406 11123.704551696777 33866.463005065918 28099.606597900391 2975.9605026245117 13368.427375793457 25438.406211853027 90297.14990234375 6038.9779510498047 2432257.0065307617 2018.5072021484375 368473.0595703125
leaf_count=971 67254 1544 6609 20714 191135 17193 2203 20057 160452 2541 2421 1652 154034 351571 90490 25292 271658 1213 23690 4041 1301 160773 4352 12800 5986 18547 5202 1388 859 4883 9492 642 2601 19299 1474 17323 6873 11069 2449 906 409858 3825 2957 256889 7757 116737 33593 9620 1690 7039 20882 1442 2651 16382 9505 1196 4338 10148 28658 1587 821447 1163 124637
internal_value=3.0364e-06 0.000375882 0.00399983 -0.000546965 -0.00113074 0.00276929 0.000329294 0.00227074 0.000275676 -0.000335501 0.0068409 0.0133671 0.0004459 2.48669e-05 0.000708356 0.00251147 -0.00089935 -0.00101956 0.00100245 0.00474886 0.0148319 -0.000815454 -0.00350281 -0.00494874 -0.00215198 -0.00234617 -0.00047676 -0.00237931 -0.00109878 -0.000569829 0.00178413 -0.00264669 0.00817612 0.000710931 0.00766731 0.00478293 -0.000236099 -0.00142271 -0.00413675 -0.00764752 -0.000142186 -0.00251948 0.000213855 -0.00020571 -0.00371349 0.000808282 -0.000138903 0.00176728 -0.00128187 -0.00285189 -0.00238571 0.00179485 0.00232027 0.00293913 -0.00380772 -0.00462386 -0.00780185 -0.00128069 -0.000535715 -0.0105389 0.000617482 -0.000676904 -0.00101701
internal_weight=9.76972e+06 5.82259e+06 73897.6 3.94713e+06 1.37153e+06 65322.9 5.74869e+06 154493 5.5942e+06 1.21867e+06 33555.7 8574.71 4.37553e+06 1.68018e+06 2.69535e+06 129316 1.24964e+06 736930 120937 26599.8 6955.86 686666 121891 70826.8 31162.9 124403 562264 78375 67748.5 65050.9 32021.6 120351 14879.1 481737 20260.1 53670.1 2.5756e+06 188890 60642.9 19127.5 2.38671e+06 41515.3 1.25374e+06 734982 27926.3 518760 128247 48071.6 80175.7 33029.3 117256 192982 92257.5 81133.8 50263.8 44444 16344.4 34713.3 808716 10626.5 2.56604e+06 133780 458770
internal_count=3598955 2149243 28472 1449712 506645 25276 2120771 55082 2065689 448871 11335 3196 1616818 658900 957918 44818 462793 250087 43747 9063 2272 232507 43852 23138 10338 41284 191223 30450 27475 26616 14375 40071 5022 198784 8083 19526 943067 80173 24201 7779 862894 16422 453036 267603 10714 185433 55972 20689 35283 12241 39429 68696 38332 35681 17580 15039 5534 13973 307329 2975 913100 91653 153295
cat_boundaries=0 2 4 6 8 10 12 14 16 18 20 22 24 26 28 30 32 34 35 36 38 39
cat_threshold=2668511384 2 486329368 36 3905585324 55 985271048 115 3532687381 111 594314328 53 3846844724 97 2454385000 2 1037403161 97 3255306400 18 135649 2 911466808 97 574686177 9 588264229 61 1350598848 64 2175058968 98 33686147 3 411323416 1600 2181047042 8 1092616256
is_linear=0
shrinkage=0.03


Tree=28
num_leaves=64
num_cat=20
split_feature=5 3 2 3 5 2 0 10 19 1 0 1 1 5 1 18 10 1 4 3 18 1 0 18 2 6 1 10 1 10 0 19 18 1 1 4 4 1 10 17 8 0 18 0 7 2 1 1 2 1 19 1 2 10 19 1 1 0 10 2 0 1 1
split_gain=2120.71 1145.53 1149.16 1036.5 980.784 686.97 685.541 663.85 636.27 633.137 559.694 480.961 477.005 437.289 419.004 395.391 387.884 341.543 322.04 330.095 319.382 401.411 316.154 523.589 275.895 401.73 407.913 270.001 254.776 236.627 234.096 232.092 572.146 377.533 228.681 227.862 1238.44 3947.58 242.183 231.29 226.947 224.514 248.937 219.785 219.099 256.597 217.273 216.87 211.89 259.588 208.857 407.981 212.809 208.803 294.169 504.124 264.762 242.872 213.773 209.312 272.017 462.806 235.9
threshold=0.27365265786647802 -0.36539949476718897 -1.3434706330299375 1.2055628299713137 -1.9815356135368345 -1.3434706330299375 646.50000000000011 1.526500463485718 -0.4862269908189773 0 788.50000000000011 1 2 -0.92488116025924672 3 -1.1934223771095274 1.9918488860130312 4 -0.80504435300827015 -1.2182800769805906 1.5106814503669741 5 759.50000000000011 -0.63861352205276478 -1.1064002513885496 0.16823247820138934 6 1.9918488860130312 7 -0.10639236122369765 674.50000000000011 1.697729289531708 -1.6516116857528684 8 9 0.55193653702735912 0.60955399274826061 10 -1.0232232213020322 11 4.3950641155242929 262.50000000000006 -2.0339684486389156 112.50000000000001 -0.026401109062135216 -1.1064002513885496 12 13 -1.3434706330299375 14 2.3787169456481938 15 0.41615805029869085 1.9918488860130312 1.3512750267982485 16 17 157.50000000000003 0.10106483474373819 1.0000000180025095e-35 322.50000000000006 18 19
decision_type=2 2 2 2 2 2 2 2 2 1 2 1 1 2 1 2 2 1 2 2 2 1 2 2 2 2 1 2 1 2 2 2 2 1 1 2 2 1 2 1 2 2 2 2 2 2 1 1 2 1 2 1 2 2 2 1 1 2 2 2 2 1 1
left_child=1 2 4 6 7 8 17 22 20 10 31 18 30 16 48 34 -11 24 41 -20 21 -5 23 -1 25 26 -2 -17 -18 43 -10 35 -33 -34 -6 -3 37 -37 39 -38 -35 42 -4 46 -16 -46 -15 -24 49 -8 -13 52 -52 54 58 57 -55 -56 59 60 61 -19 -61
right_child=3 9 11 5 15 -7 14 -9 12 13 -12 50 -14 29 44 27 28 53 19 -21 -22 -23 47 -25 -26 -27 -28 -29 -30 -31 -32 32 33 40 -36 36 38 -39 -40 -41 -42 -43 -44 -45 45 -47 -48 -49 -50 -51 51 -53 -54 56 55 -57 -58 -59 -60 62 -62 -63 -64
leaf_value=0.019831758613220857 0.013260352398185715 0.00026218105542241644 -0.0062880938281232651 -0.013723950725372034 0.013704641106984284 -0.0017492953089842417 -0.0081383170342969966 0.021066322069077222 0.0097378995668627559 0.00080989419194008895 -0.0017571579336982566 0.00038954652283243571 -0.0062174227005131061 0.0057252865682106491 0.00033052088343460878 -5.8944460377421993e-05 0.011178516365403098 0.0052339706467841758 0.0030452570342801672 0.001329038723019127 -0.018900821864176579 -0.0020746656269824229 0.0094338204675954163 0.0056146005010423864 0.00026132340652495003 -0.0036612354555487438 0.0030931467214529635 0.0084487188319593218 0.0028695446716920018 -0.00023698646573935456 -0.0016242049596077116 -0.017039961610846251 0.0015631796027342337 -0.0035022320871663402 0.0033933387827468874 -0.037203764521404545 -0.00098418280782874607 -0.0019300901854518117 -6.948257682498354e-05 -0.0071840942134745855 -0.01406425260598358 1.7766937017234937e-05 0.0026349652570213872 0.00036285421063384063 -0.003483895655882484 -0.00061214287867308284 0.00078188012774161036 0.00013848124424249047 -0.0013634657256477709 -0.0022473020175390363 -0.0044513742385759395 0.0012269504547372169 -0.016466246685846151 -0.0010342036692811661 -0.013379067192643744 -0.00090620212010508207 0.0060874917876438082 -0.0048360272910949699 -0.0007684568860739392 -0.0015625545496780811 -0.00017417276341708492 0.00073694320938812825 -4.5597250292004533e-05
leaf_weight=3892.4191741943359 4347.6895141601562 618701.89747428894 2969.7242431640625 5956.972354888916 3675.4038925170898 254381.203125 9013.8441162109375 3903.379150390625 3140.0921106338501 811206.78125 250637.359375 960886.27020263672 12093.241782188416 13886.134094238281 229756.26025390625 32172.290924072266 5038.138916015625 26224.45556640625 123872.916015625 543054.73284912109 3552.2444458007812 4832.0492515563965 3612.3835978507996 5816.6054105758667 854784.40869140625 6096.0221405029297 19258.558853149414 3743.4271850585938 9776.693115234375 1009017.2126834989 3389.7125549316406 2302.0414428710938 16579.803911209106 13049.248609304428 4127.8897171020508 3416.2247314453125 15090.759582519531 17044.825059890747 350524.96445465088 8442.9927597045898 2126.1384584903717 225765.4384765625 52134.790405273438 668541.12158203125 30509.16455078125 340292.498046875 18888.320495605469 6000.1443076133728 628015.26123046875 26605.487915039062 3021.3979196548462 7066.4532623291016 2367.8996725082397 8830.4689025878906 4336.1256256103516 41888.561462402344 10022.486175537109 9693.3998260498047 603954.52691650391 117125.04428100586 160938.0703125 95832.563564300537 434443.93017959595
leaf_count=1197 1866 256400 1078 1751 1222 103265 2899 1398 1227 278759 100796 375468 3978 4820 96559 11583 1958 10288 48658 190164 1171 1733 1152 1852 310594 1791 6643 1420 3089 348509 1495 1002 7187 6894 1398 1507 6286 6018 131821 3639 963 82091 18811 236983 12709 142878 6800 2018 200221 7894 1250 3706 1071 3659 1863 17453 3964 4147 220217 58085 57563 31528 142401
internal_value=-5.80441e-06 0.000358185 0.000942568 -0.000542423 0.00480625 -0.00227741 -0.00040628 0.00978767 -0.00635194 5.51794e-05 -0.00048372 0.000807923 -0.00269321 0.000330949 -0.000971578 0.00215915 0.000897768 -0.000108233 0.00128895 0.00164782 -0.0111004 -0.00852463 0.00750427 0.0113216 0.000360096 0.00320223 0.00497503 0.000828846 0.00570751 5.71982e-05 0.00383707 -0.000178955 -0.00261472 -0.00156646 0.00827759 -9.70699e-05 -0.000660458 -0.00784624 -0.000267296 -0.00321299 -0.00498288 0.000436822 0.00215355 0.000480455 -0.000397417 -0.000848471 0.00287888 0.00364471 -0.00149113 -0.00374193 0.000339501 -0.00351951 -0.0097227 -0.000381963 -0.000421549 -0.00255628 0.00275508 -0.00747494 -0.00033856 -2.74501e-05 0.000635826 0.00170381 -0.000367762
internal_weight=9.77167e+06 5.82235e+06 1.98808e+06 3.94931e+06 66943.9 287346 3.66197e+06 23224.9 32964.3 3.83427e+06 1.29792e+06 1.92114e+06 18623 2.53635e+06 1.26419e+06 43719 826022 2.39778e+06 947798 666928 14341.3 10789 19321.6 9709.02 884487 29702.3 23606.2 35915.7 14814.8 1.71033e+06 6529.8 1.04728e+06 34057.2 31755.2 7803.29 1.01322e+06 394520 20461 374059 23533.8 15175.4 280870 55104.5 701316 600558 370802 32774.5 9612.53 663635 35619.3 973342 12455.8 5389.3 1.51329e+06 1.49444e+06 55918.1 18853 14029.5 1.43852e+06 834564 282995 122057 551569
internal_count=3598810 2148968 745537 1449842 23240 114620 1335222 7617 11355 1403431 522513 722297 6700 880918 463160 15623 283806 872062 340802 238822 4655 3484 6219 3049 320894 10300 8509 13003 5047 597112 2722 421717 16046 15044 2620 405671 149271 7525 141746 9925 7857 101980 19889 248603 252146 155587 11620 3170 211014 10793 381495 6027 2321 551168 543545 23463 7623 6010 520082 299865 99379 41816 200486
cat_boundaries=0 2 4 6 8 10 12 13 15 17 19 21 22 24 26 28 30 31 33 34 35
cat_threshold=3841995712 27 2349178257 31 1867515993 15 1485974439 74 184979746 59 2248861995 11 33849344 402964520 36 16789696 10 1349055500 14 1073742336 2 8410256 34637831 100 3359807779 11 1073750788 2 575684676 64 541065921 548472897 68 1620050948 1354776644
is_linear=0
shrinkage=0.03


Tree=29
num_leaves=64
num_cat=19
split_feature=7 3 3 3 2 2 5 1 5 4 6 1 5 2 5 19 1 1 3 4 1 19 18 1 4 1 1 1 1 16 1 1 9 15 11 5 18 1 2 1 1 1 14 14 11 1 19 14 12 6 4 18 6 1 19 1 2 3 4 15 6 9 4
split_gain=1953.56 1435.33 1063.12 917.615 707.23 703.057 582.536 523.677 478.324 391.603 326.665 322.441 301.46 297.359 683.655 317.048 311.958 294.855 285.346 280.447 413.752 275.967 309.031 346.675 253.577 631.581 241.434 241.354 232.526 227.128 221.536 202.672 189.13 205.111 937.718 188.508 181.267 174.636 172.606 181.296 172.013 168.73 167.99 165.305 529.638 163.574 182.775 323.115 246.303 160.544 162.285 192.328 156.035 214.849 163.525 163.406 153.682 153.612 150.928 143.93 511.868 801.663 159.189
threshold=-0.5646880269050597 0.22596810013055804 -1.7656701207160947 1.7640202045440676 -0.75336000323295582 -1.1064002513885496 0.046377277001738555 0 0.50536000728607189 -0.13379042595624921 -2.1325372457504268 1 -2.2401353120803829 -0.84180259704589833 -1.9815356135368345 0.72087940573692333 2 3 -0.68426263332366932 -0.17717035114765164 4 -0.19718519598245618 1.2143208980560305 5 1.0704205036163332 6 7 8 9 0.81020987033844005 10 11 -0.21066977083683011 1.2876382470130923 0.51064997911453258 -1.4566094875335691 -2.0339684486389156 12 -1.3434706330299375 13 14 15 1.0163633823394778 -0.17379648983478543 0.62992408871650707 16 0.95743000507354747 0.36454015970230108 -0.88928541541099537 -0.78746843338012684 -2.1839371919631954 2.0486719608306889 1.0800945162773135 17 0.28451441228389746 18 -0.40515707433223719 -0.8971993327140807 -0.97329071164131153 -1.6684119105339048 0.6351950764656068 -0.37854661047458643 1.5712455511093142
decision_type=2 2 2 2 2 2 2 1 2 2 2 1 2 2 2 2 1 1 2 2 1 2 2 1 2 1 1 1 1 2 1 1 2 2 2 2 2 1 2 1 1 1 2 2 2 1 2 2 2 2 2 2 2 1 2 1 2 2 2 2 2 2 2
left_child=2 6 4 8 7 9 18 12 17 21 -7 32 -1 14 19 26 -16 35 27 -4 -21 22 23 -5 29 -26 36 -2 -6 41 -12 -20 33 45 -35 -3 -15 -10 39 -39 -31 -17 -34 44 -38 -8 49 -48 -49 50 -47 -52 53 54 -32 -56 -53 -22 -13 60 62 -62 -60
right_child=1 3 13 5 28 10 11 -9 37 -11 30 58 -14 15 16 24 -18 -19 31 20 57 -23 -24 -25 25 -27 -28 -29 -30 40 52 -33 42 34 -36 -37 43 38 -40 -41 -42 -43 -44 -45 -46 46 47 48 -50 -51 51 56 -54 -55 55 -57 -58 -59 59 -61 61 -63 -64
leaf_value=0.022751261633060047 0.0015718606614815746 0.0015538995248233335 0.00041295459916066031 -0.015350033595269983 0.0055034965069699227 -0.011068433291157148 -0.0011755978585346251 0.0051054989106022195 -0.00010600189083824729 -0.000602245467008315 0.0035688918994703895 4.9923396678742191e-05 0.010663947426316817 0.0036126364161365786 0.0028393760285422313 -0.0008640787396134162 0.00034980955121750266 -0.00068186742829578909 -0.00026493026647616668 0.015482017350817267 0.010554484686401605 -0.0026707685979470625 -0.019110185319101799 -0.0035498939356175619 -0.0098388148846947389 0.00034991608487723591 0.00043353274864919947 0.00045562212668671747 -1.2392607098568787e-05 -0.0017043445372283913 -0.0029859166816986332 0.00045656361072360651 0.00051181338429580174 -0.00035556617644999299 0.016280518179596349 -4.3026449450771838e-05 0.0018408423412641383 -0.0013980449650117855 -0.0011684138340443582 -0.0054171958917625341 -0.0088178097286307679 0.001071500005601411 0.0029066261551734629 0.00091809078859903599 0.013602168099660488 0.0045347493843774806 -0.00034477395649529024 -0.0024177165076385634 -0.012457267060658504 -0.0001436602160343524 0.00056580037558056717 0.012928964526333402 0.0035746953044513805 -0.0017503891181212868 -0.014972762150192604 -0.0056253889690998969 0.0029281317884481644 0.0035640169743715285 -0.00063692059250050777 -0.00058897414388644272 0.00051359974743448865 -0.022211543904728296 -0.0056818842426614681
leaf_weight=3520.78125 312096.2998046875 73165.154296875 5433.0124821662903 4341.8076138496399 13206.288330078125 3627.6474533081055 95323.962890625 7510.5369262695312 136453.4013671875 4618.1219651699066 6211.0915672779083 341387.7744140625 3959.5791015625 26100.818359375 66840.452819824219 76042.664627075195 140530.04071044922 930715.05505371094 515725.3251953125 5067.8062057495117 3902.6971130371094 3265.362092256546 4222.4236602783203 4664.1127934455872 8772.4585571289062 14534.221130371094 1082556.1645507812 395002.0126953125 14347.044860839844 11356.738128662109 9812.1481909751892 1093058.6484673619 73056.3330078125 14213.547515869141 3877.2284851074219 732856.69836425781 46644.88875579834 23162.499633789062 947646.93676757812 17936.881469726562 4182.6633853912354 86768.441427230835 41243.1806640625 579236.83399200439 3716.1125793457031 10495.481018066406 30802.055850028992 5015.423544883728 3916.1462688446045 312652.20594024658 222694.92272186279 1877.5067024230957 3868.004035949707 60521.458911180496 2582.0979766845703 4953.6456146240234 5227.9546089172363 10285.739081859589 49078.826934814453 1038841.8308105469 2820.400146484375 2762.9701538085938 6353.6662902832031
leaf_count=1068 108272 24381 2057 1299 5176 1606 29727 2931 68922 1621 1719 120012 1238 8164 30707 31063 44207 375565 199538 1602 1236 1273 1370 1762 3560 6164 433511 165573 6083 2862 4163 366423 33501 4323 1147 247931 26674 7050 326506 6673 1279 40855 11713 172514 1234 4733 17407 1530 1243 106160 120472 964 860 26098 985 2053 2888 3646 24427 343134 1186 1129 2906
internal_value=7.96394e-06 -0.000221791 0.000791496 -0.000734842 0.00548778 -0.00339016 0.000111606 0.0107306 -0.000630284 -0.00832478 -0.00225215 -0.000230857 0.0163426 0.000699493 0.00171439 0.000578083 0.00115246 -0.000318106 0.000446048 0.00643299 0.00813095 -0.0104862 -0.0124137 -0.00926515 -0.000547917 -0.0034904 0.000708713 0.000948339 0.00263388 -0.000163308 -0.00188789 0.000225277 0.000243921 6.0655e-05 0.0032134 0.000101939 0.001163 -0.00111212 -0.00125096 -0.00315421 -0.00362803 0.000167481 0.00137603 0.00106144 0.00270997 -2.22678e-05 0.000163253 -0.00180193 -0.00682418 0.000304485 0.000887564 0.000720894 -0.00230289 -0.00259536 -0.00553764 -0.00886336 0.00557793 0.005486 -0.000501111 -0.000672152 -0.00208816 -0.0107419 -0.00121563
internal_weight=9.76666e+06 7.55215e+06 2.21452e+06 2.97462e+06 42544.2 112688 4.57752e+06 14990.9 2.86194e+06 21111.8 91576.1 2.26164e+06 7480.36 2.17197e+06 232060 1.93991e+06 207370 1.73674e+06 2.31588e+06 24689.3 19256.2 16493.7 13228.3 9005.92 201657 23306.7 1.73825e+06 707098 27553.3 178351 87948.4 1.60878e+06 820396 706096 18090.8 806022 655699 1.1252e+06 988746 41099.4 15539.4 162811 114300 629598 50361 688006 592682 39733.6 8931.57 552948 240296 229800 81737.4 77869.4 17347.9 7535.74 7105.46 14188.4 1.44125e+06 1.09986e+06 61015.9 5583.37 55432.5
internal_count=3598076 2770245 827831 1101837 16496 44809 1668408 5237 1057028 7325 37484 828602 2306 811335 83455 727880 74914 647877 839806 8541 6484 5704 4431 3061 85783 9724 642097 273845 11259 76059 35878 565961 335808 290594 5470 272312 208586 409151 340229 13723 4141 71918 45214 200422 27908 285124 255397 20180 2773 235217 129057 124324 34159 33299 7201 3038 3852 4882 492794 372782 29648 2315 27333
cat_boundaries=0 2 4 6 8 10 12 14 16 18 20 22 24 26 28 30 32 34 36 37
cat_threshold=2529861807 2 2938474528 53 4017389624 17 170822719 36 2685456416 68 3591006219 18 582271363 52 135089281 60 202216593 13 1284478465 12 526384 4 1630298944 51 51642392 32 1816871968 85 2181050498 24 1055395366 64 4096 20 338757131 16 1115144
is_linear=0
shrinkage=0.03


Tree=30
num_leaves=64
num_cat=19
split_feature=5 3 10 2 2 0 2 1 1 3 1 10 10 1 19 1 1 1 15 13 0 2 5 16 18 2 19 1 1 0 1 1 5 3 2 18 10 1 11 19 10 18 2 1 1 14 0 1 2 19 1 16 0 1 0 10 0 10 19 1 0 3 1
split_gain=1948.61 1123.76 1062.78 804.41 739.668 680.089 551.977 562.873 508.998 501.637 466.233 462.967 557.618 811.702 447.907 590.54 443.073 442.954 425.39 1923.03 423.883 477.241 653.363 445.334 420.333 405.479 362.99 348.074 298.468 289.973 443.212 277.448 274.53 265.189 279.476 351.061 262.973 447.302 257.098 667.001 256.563 255.559 397.305 373.677 330.708 566.103 309.467 292.898 249.761 294.902 510.284 518.572 247.181 246.777 246.105 229.405 227.854 226.869 330.627 456.87 225.398 223.884 250.662
threshold=-0.52657470107078541 0.72557580471038829 1.9918488860130312 -1.8392598628997801 -1.8392598628997801 773.50000000000011 -1.3434706330299375 0 1 -0.96400696039199818 2 0.039558771997690208 1.526500463485718 3 1.1253315210342409 4 5 6 1.2876382470130923 1.0837634801864626 788.50000000000011 -1.1064002513885496 -2.2401353120803829 1.3221465945243838 -1.1934223771095274 -1.8392598628997801 -0.07337703555822371 7 8 802.50000000000011 9 10 0.55348405241966259 -0.8971993327140807 -1.1064002513885496 -1.3924984931945799 -1.0232232213020322 11 1.9390753507614138 0.24375685304403308 -2.4717153310775752 -2.0339684486389156 -0.84180259704589833 12 13 0.74418517947196972 942.50000000000011 14 -0.40515707433223719 0.6297641694545747 15 0.73552611470222484 172.50000000000003 16 928.50000000000011 0.78432458639144909 277.50000000000006 -1.5217533111572263 0.13731157034635547 17 172.50000000000003 -0.26028926670551294 18
decision_type=2 2 2 2 2 2 2 1 1 2 1 2 2 1 2 1 1 1 2 2 2 2 2 2 2 2 2 1 1 2 1 1 2 2 2 2 2 1 2 2 2 2 2 1 1 2 2 1 2 2 1 2 2 1 2 2 2 2 2 1 2 2 1
left_child=2 5 10 9 27 11 7 55 61 -4 33 14 28 53 16 -16 18 54 25 -20 21 22 24 41 -12 -2 -23 -3 -13 -6 -31 -28 -30 34 35 -1 37 40 -27 -40 -33 42 43 -22 45 -44 48 -48 -43 -50 -51 -52 -38 -14 -8 -7 57 58 -18 -60 -24 62 -5
right_child=1 4 3 8 29 6 17 -9 -10 -11 20 12 13 -15 15 -17 56 -19 19 -21 23 26 60 -25 -26 38 31 -29 32 30 -32 36 -34 -35 -36 -37 52 -39 39 -41 -42 46 44 -45 -46 -47 47 -49 49 50 51 -53 -54 -55 -56 -57 -58 -59 59 -61 -62 -63 -64
leaf_value=0.011989153532951732 0.0085847797532625728 -0.0096963287795454219 0.024290031397303829 0.018334031389236546 -0.00077666462438617182 -0.0050042198990570474 -0.00026367471920570165 -0.0015353503052813054 0.0011211779539499027 0.0077685475229202555 0.020109267384151346 0.00013144078151358912 0.0084544520241689475 -0.00054308709569538829 0.00056290784151264339 -0.0037596105363747806 -0.006095373161132572 -0.0012013493075661691 0.018533724508237818 3.4190968142017241e-05 0.014570257918048495 0.00077137134441054855 0.0079751606724613126 -0.0036781106063432894 0.0062579309237742672 0.00072672355982730244 0.00065847838011836169 -0.0033024067115188251 -0.0002559584369736416 -0.00028374934070230981 -0.0032104625791767724 -0.012832216313516101 -0.001145076163564411 0.00081636181152630659 0.0016843867419131303 0.0026391574250560147 -0.0019955120038644076 -0.00066883163938602237 0.0018664385954598802 0.015800268268375141 -0.0045049017892753729 -0.0024855960378601509 0.0013710320358603111 0.00079540294408710283 -0.001964324532035345 0.01579898079858362 0.0038804859415273851 -0.00061233460459577565 -6.9699483416244356e-05 0.0022475704898753143 -0.0038579963772067466 -0.016798554481530416 0.00014361443569064564 0.0035134978585440726 0.0015722734978495748 -0.012024614235966029 -7.8715721336031211e-05 0.00095699078382794332 -0.0069947039042002803 0.0032970307298107282 0.0010393817700041343 0.0047756398740993605 0.0062216166778248788
leaf_weight=5468.7669372558594 6134.29931640625 11556.32991027832 2791.0948867797852 3113.5663146972656 957104.08279418945 8764.7287292480469 351857.64263916016 30806.377532958984 28547.10923910141 4067.4724960327148 2847.6924133300781 672907.66925048828 12917.318359375 53107.709655761719 60114.564636230469 53980.073059082031 10339.964294433594 554943.11614990234 6796.4642639160156 19719.302703857422 3885.9834289550781 867515.38401794434 4710.0706360936165 37440.880859375 6410.3954772949219 674007.11177974939 192197.333984375 22829.86540222168 704449.58380126953 77297.548828125 117169.93869018555 4272.22998046875 561804.79479980469 1052540.5310668945 172996.796875 10649.664703369141 64777.496231079102 35318.464599609375 23173.310455322266 3563.33837890625 15088.141357421875 68742.503479003906 17521.709417581558 3263.8322448730469 21229.367279052734 2840.1728150844574 25786.940246582031 26441.278747558594 219497.138671875 9740.2550659179688 15256.319339752197 3406.478572845459 194823.0595703125 30955.343078613281 80796.609375 8041.2492065429688 1085808.9616088867 374225.41168212891 5296.7981872558594 14408.063201904297 39944.678387343884 8175.4393448829651 3110.4075622558594
leaf_count=1622 2050 4072 1071 1345 375951 2262 145287 12764 10263 1495 1012 287908 4438 21977 25183 24080 3698 181935 1606 5963 1153 324249 1919 8733 2334 244894 81590 7961 235735 36229 40575 2000 182994 345688 62537 3446 25084 14025 6611 1127 6433 26731 7694 1443 7994 859 10938 10459 87818 4202 7644 993 79739 12439 33187 2092 392605 132670 2495 5225 15026 3384 1188
internal_value=9.54182e-06 -0.000284413 0.000620234 0.00496784 -0.00112074 -0.00010104 -0.000792487 -0.00394731 0.00344329 0.0145048 0.000550927 6.26182e-05 -0.000268093 0.00195184 0.000350685 -0.0014825 0.000444756 -0.000640373 0.00104839 0.00477855 0.00025334 0.000507442 0.00327608 -0.000543993 0.010527 0.000908448 0.000398794 -0.00545612 -0.00037912 -0.000991257 -0.00204736 -0.000239373 -0.000650435 0.0010022 0.00203652 0.00581422 -0.000788451 -0.00267925 0.000841189 0.00372608 -0.00634204 -0.000262964 0.00177852 0.00830858 0.000655099 0.00338523 -0.000532738 0.00160672 -0.000885647 -0.000441941 -0.00331809 -0.00622054 -0.000390185 0.00497064 7.91943e-05 -0.00836091 0.000147646 0.000755618 -0.00175234 0.000527595 0.00177176 0.00803856 0.0123302
internal_weight=9.7693e+06 6.59488e+06 3.17442e+06 49805.1 1.18596e+06 5.40892e+06 1.03521e+06 47612.4 42946.5 6858.57 3.12461e+06 4.37371e+06 2.03614e+06 96980.4 2.33757e+06 114095 2.22347e+06 987597 733394 26515.8 1.88296e+06 1.4279e+06 53912.8 455053 9258.09 706878 1.37399e+06 34386.2 1.93916e+06 1.15157e+06 194467 506477 1.26625e+06 1.24166e+06 189115 16118.4 314279 54678.8 700744 26736.6 19360.4 417612 48741.1 7149.82 41591.2 20361.9 368871 52228.2 316643 247900 28403.1 18662.8 259601 43872.7 432654 16806 1.49008e+06 404270 30044.8 19704.9 44654.7 14399.4 6223.97
internal_count=3598124 2436013 1162111 18746 464788 1971225 377527 17118 16180 2566 1143365 1593698 745491 38854 848207 49263 798944 360409 262251 7569 730072 553411 20291 176661 3346 254682 533120 12033 706637 452755 76804 208871 418729 413293 67605 5068 127281 22458 252632 7738 8433 167928 19143 2596 16547 8553 148785 21397 127388 100657 12839 8637 104823 16877 178474 4354 536693 144088 11418 7720 16945 5917 2533
cat_boundaries=0 2 4 6 8 10 12 14 16 18 20 22 24 26 28 30 32 34 36 38
cat_threshold=1074277286 9 2651243160 6 147639445 4 4014866622 11 1100740942 18 251727905 61 367578200 117 2416092039 27 2871283914 27 384599128 61 1359028546 40 605028384 16 3273797672 64 655565378 3 372257056 57 271581440 114 2282487952 8 1356857672 2 2382627344 2
is_linear=0
shrinkage=0.03


Tree=31
num_leaves=64
num_cat=19
split_feature=7 5 10 5 0 1 10 1 0 10 1 19 1 4 1 19 0 1 6 0 1 14 6 12 19 8 8 12 1 16 16 5 19 1 1 1 13 18 4 1 16 13 10 1 10 12 10 1 8 1 8 1 19 16 4 12 1 8 10 1 8 1 15
split_gain=1878.2 1337.34 762.286 914.848 731.23 784.151 560.249 568.877 539.047 504.938 458.511 401.954 396.682 379.597 358.316 334.372 418.931 577.406 386.722 327.908 437.331 408.202 435.675 450.377 405.497 372.737 336.809 378.175 329.585 492.596 307.732 302.92 354.494 477.032 294.439 285.552 1305.53 283.754 280.296 316.911 281.084 273.333 258.184 408.485 285.842 268.149 256.961 646.936 549.947 405.895 250.424 297.851 278.668 488.796 432.818 249.763 415.064 242.012 232.815 231.998 230.427 230.079 228.98
threshold=-0.5646880269050597 0.7550463378429414 1.9918488860130312 -2.2401353120803829 773.50000000000011 0 1.526500463485718 1 802.50000000000011 0.10106483474373819 2 -0.23291993886232373 3 -1.9714598059654234 4 -0.07337703555822371 157.50000000000003 5 -1.702743351459503 187.50000000000003 6 0.42880459129810339 1.0800945162773135 -0.59658765792846669 0.72087940573692333 1.7668644785881045 1.8910996317863467 -0.99407142400741566 7 0.36483025550842291 0.26187615096569067 -2.2401353120803829 -0.74673011898994435 8 9 10 -0.84812572598457325 -2.0339684486389156 -1.1511000394821165 11 0.093792647123336806 -0.53897386789321888 -1.0232232213020322 12 -2.4717153310775752 -0.6293509006500243 -2.4717153310775752 13 1.7668644785881045 14 0.95651027560234081 15 0.55472788214683544 0.81020987033844005 1.3573725223541262 -0.92747974395751942 16 2.4340106248855595 1.9918488860130312 17 2.0316697359085087 18 -0.72388306260108937
decision_type=2 2 2 2 2 1 2 1 2 2 1 2 1 2 1 2 2 1 2 2 1 2 2 2 2 2 2 2 1 2 2 2 2 1 1 1 2 2 2 1 2 2 2 1 2 2 2 1 2 1 2 1 2 2 2 2 1 2 2 1 2 1 2
left_child=2 4 11 -4 6 58 9 -8 38 12 -5 31 19 34 -10 59 17 18 30 20 37 24 25 -24 -21 62 28 -28 29 -22 -17 32 33 -1 -7 36 -18 -2 40 -40 -3 -39 43 44 45 -14 47 -13 49 -49 51 -15 -52 54 61 56 -45 -55 -6 -11 -29 -54 -23
right_child=1 8 3 10 5 13 7 -9 14 15 -12 46 42 50 -16 16 35 -19 -20 21 26 22 23 -25 -26 -27 27 60 -30 -31 -32 -33 -34 -35 -36 -37 -38 41 39 -41 -42 -43 -44 55 -46 -47 -48 48 -50 -51 52 -53 53 57 -56 -57 -58 -59 -60 -61 -62 -63 -64
leaf_value=0.018002325196161677 0.0090788675476558799 -0.00080684429653782904 0.020147914691869256 0.0078553613948385594 0.00015122976513015421 0.0031300889403328581 -0.00048958869482386522 0.004335263972487088 -0.00071196054083763052 0.00051386320864586852 0.0007296411549832805 -0.0066668837416136205 -0.0049993211898891913 -0.0020500374222033168 -0.0026237856819858935 -0.0067693927310270522 -0.025575085808179791 -0.00084452196117816873 -0.0042467350086391352 0.00035112903467500212 -0.00032001350825762914 0.0010832448367515156 0.010061830405892347 0.00018179419018019973 -0.0023456160271835449 0.00070113618705436255 -0.0075661365991222694 -0.0082435407611557848 0.0007935189823650064 0.012166474804661967 -0.02207766927509195 0.0010576390501986798 0.0022404494736278611 0.0033281263778296736 -0.0049215971808561068 -0.00034214319518789487 0.00037996503465042295 0.0086970398136306682 -0.0014006031881293049 -0.00045143620390788384 0.00096341811443509124 0.0023174329793073539 0.00016243689478664537 -0.0083738754670749475 -0.0025705787492884369 -0.017748605185190912 0.0004259384944519252 -0.00024531198859536536 -0.0050844266985722655 0.0089823209028246868 -0.0011334519251791032 0.0021030024498705658 0.0024890210535078762 -0.014968020292374574 -0.013042538015019358 0.000481512108709367 0.00033481648789319198 -0.0056330498902158535 0.0052637264863512013 -0.0003801649258167251 0.00028319340964597881 -0.0024662810820058694 0.0046663702341420976
leaf_weight=3351.5037841796875 6636.611572265625 149246.20617675781 3284.282470703125 13517.537166595459 472200.5126953125 4558.1177978515625 35495.223266601562 57810.708374023438 142130.2958984375 512721.54296875 20370.547550201416 16172.066772460938 4390.8525910377502 24771.2333984375 232764.7548828125 2794.5050272941589 2246.7396745681763 71102.029296875 36363.020263671875 867670.99938964844 5013.6993865966797 27423.251388549805 10147.5107421875 7026.4775390625 53257.73193359375 311316.9055480957 7061.6470947265625 3014.8268423080444 29838.031723022461 6563.4108581542969 2051.5660176277161 939211.90259552002 28250.729125976562 4935.30615234375 39060.193725585938 472213.45715332031 7736.9306135177612 6417.1103854179382 529458.42163085938 787498.77221679688 175811.67419433594 103001.0844938755 1021735.2462158203 8246.880126953125 37846.296875 2243.0600066184998 1157838.0651779175 9124.6612319946289 8904.6391410827637 8088.0557060241699 432966.82717895508 41661.072235107422 10703.146104812622 3972.1848559379578 3049.4667906761169 92336.801246643066 12202.550559997559 6756.8994946479797 8150.0146484375 532546.560546875 51444.508118629456 39582.309589862823 38716.74723815918
leaf_count=1015 1839 68213 1216 6113 189076 1509 15914 20825 67088 191351 7569 7707 2011 13250 70921 2213 1223 25809 14735 304133 2978 8928 1791 1595 21552 79957 2342 1208 11595 1610 744 337346 10015 1644 13717 187909 3491 2345 205505 268380 53474 30190 423528 2258 18556 1095 445706 3796 2755 2736 134170 21118 3956 1050 931 42593 5626 1854 3294 178624 17235 14604 9581
internal_value=1.39164e-05 -0.000211337 0.000782485 0.00504203 2.96882e-05 -0.000667644 0.000200222 0.00250029 -0.000872668 0.000150922 0.00357528 0.000709704 0.000402083 -0.00138422 -0.00189908 -0.000264707 -0.000832743 -0.00248282 -0.00530759 0.000720016 0.00179486 0.000541094 0.00134836 0.00602079 0.000195163 0.00113569 0.00037111 -0.00103682 0.0024625 0.00675531 -0.0132662 0.00116191 0.00384171 0.00929594 -0.00408034 -0.000448394 -0.0054654 0.00305731 -0.000638319 -0.000833049 0.000150625 0.00269196 -1.17363e-05 -0.00114328 -0.00357737 -0.00932023 0.000342041 -0.00195476 0.00096592 0.00409707 -0.00117551 0.00055439 -0.00140672 -0.00325335 -0.00207759 -0.000182885 -0.00318236 -0.00909446 0.000238021 5.83725e-05 -0.000189553 -0.00141141 0.00318091
internal_weight=9.76403e+06 7.55098e+06 2.21305e+06 37172.4 5.53407e+06 1.08743e+06 4.44663e+06 93305.9 2.01691e+06 4.35333e+06 33888.1 2.17588e+06 2.71355e+06 607081 374895 1.63978e+06 594508 112311 41209.1 1.53455e+06 218991 1.31556e+06 394631 17174 920929 377457 102936 61521 41415.1 11577.1 4846.07 975749 36537.5 8286.81 43618.3 482197 9983.67 116055 1.64202e+06 1.31696e+06 325058 109418 1.179e+06 157266 44480.2 6633.91 1.20013e+06 42289.4 26117.4 17212.7 563463 66432.3 497031 64064 53334.9 112786 20449.4 10729.1 480351 1.04527e+06 54459.3 50285.5 66140
internal_count=3597112 2769494 827618 14898 2035913 398529 1637384 36739 733581 1600645 13682 812720 994546 206159 138009 606099 236124 43501 17692 498879 71342 427537 101852 3386 325685 98466 36968 20785 16183 4588 2957 350020 12674 2659 15226 192623 4714 34374 595572 473885 121687 32535 495667 72139 21662 3106 462700 16994 9287 6532 190933 34368 156565 22395 19491 50477 7884 2904 192370 369975 18443 18560 18509
cat_boundaries=0 2 4 6 8 10 12 14 16 18 19 20 22 24 26 28 30 32 34 36
cat_threshold=519998552 36 15744578 60 2389590681 58 302496935 45 867288152 61 2812326216 65 231559 4 8224 40 2516770854 70 260 512 3695240789 68 672137280 18 2083672696 25 29658116 4 3221238308 2 25690880 64 3120939742 71 3221237792 1
is_linear=0
shrinkage=0.03


Tree=32
num_leaves=64
num_cat=20
split_feature=3 10 1 3 7 3 19 3 1 7 19 2 4 1 10 1 4 4 18 4 14 6 1 1 9 10 1 1 7 12 2 1 4 1 2 1 1 1 13 7 2 9 14 14 1 10 6 11 1 2 1 9 7 19 1 1 14 9 1 2 14 1 16
split_gain=1853.37 1051.38 1026.69 950.839 778.626 777.318 694.01 766.206 708.112 598.84 526.144 409.321 495.063 424.515 384.425 381.255 378.343 442.516 661.656 452.694 363.405 358.873 321.87 321.008 317.281 315.109 308.633 307.006 306.111 298.962 298.956 682.321 329.797 440.592 297.394 286.213 273.002 248.31 245.706 236.978 225.248 263.467 590.421 221.958 356.012 217.021 215.533 214.758 211.412 202.264 251.574 201.843 199.179 198.004 266.359 207.471 238.096 496.314 196.032 195.397 192.967 192.098 185.74
threshold=-0.063199985772371278 1.9918488860130312 0 1.7640202045440676 -0.10735199972987174 -1.2182800769805906 0.95743000507354747 -1.7656701207160947 1 -0.2870293110609054 2.3787169456481938 -1.3434706330299375 -0.13379042595624921 2 -0.10639236122369765 3 -0.80504435300827015 -0.13379042595624921 -0.81929251551628102 -0.17717035114765164 0.11108884960412981 -2.1325372457504268 4 5 -0.67012792825698841 0.10106483474373819 6 7 -2.6574690341949458 -0.2909384816884994 -0.28512610495090479 8 1.195036828517914 9 0.44873224198818212 10 11 12 -0.57660001516342152 -1.7023708820343015 0.066376820206642165 -0.55662330985069264 0.30800788104534155 0.74418517947196972 13 1.9918488860130312 -1.133573532104492 1.9390753507614138 14 -1.8392598628997801 15 -0.68772652745246876 -0.43242204189300532 -0.17838684469461438 16 17 -0.17379648983478543 -0.77983126044273365 18 0.38357622921466833 0.39428141713142401 19 0.4248367846012116
decision_type=2 2 1 2 2 2 2 2 1 2 2 2 2 1 2 1 2 2 2 2 2 2 1 1 2 2 1 1 2 2 2 1 2 1 2 1 1 1 2 2 2 2 2 2 1 2 2 2 1 2 1 2 2 2 1 1 2 2 1 2 2 1 2
left_child=1 6 5 4 39 38 7 16 10 29 20 12 26 -13 15 47 36 18 19 -18 -8 -15 -21 -19 34 37 -5 -27 -4 49 31 -10 43 -34 -12 -20 -1 -6 -3 -2 -22 -42 -43 44 60 -29 -30 -11 -16 50 -9 -45 -28 55 -55 56 57 -51 -47 62 -32 -41 -7
right_child=3 2 28 11 25 59 8 9 30 14 24 13 -14 21 48 -17 17 23 35 22 40 -23 -24 -25 -26 27 52 45 46 -31 32 -33 33 -35 -36 -37 -38 -39 -40 61 41 42 -44 51 -46 58 -48 -49 -50 53 -52 -53 -54 54 -56 -57 -58 -59 -60 -61 -62 -63 -64
leaf_value=0.0033967230991564742 0.0011131113506030155 0.012384799784040456 0.010655857231997842 -0.013880366797005819 -0.0007646035728280969 0.0057030548757657827 5.7416803136839855e-06 0.0080712825533462099 0.0067696428366508061 0.0013072010841806059 -0.0079150346817461175 0.0021846882605005887 0.0014676988171380867 -0.011396447876302587 0.0002772466837702071 0.00023129879563623466 0.0031524423720318191 0.0045461150187627013 -0.005609231864695279 0.019290818361807748 -0.0015612822209664901 -0.0024102972857101726 0.0091504636559157412 -0.00054638111623680444 -0.0039321052840228755 -0.001425521875287555 -0.00063877006091940308 -0.00062391427877413305 -0.0044167244753144314 0.0031389635466255832 -0.0010478624914072657 -0.0010976505345919069 -0.012172258980919674 0.00026856084553159438 -0.01994827648312307 0.0044809719418425556 -0.001349281233272029 -1.1735166389386546e-05 0.024425135170177723 0.00041474006498712904 -0.0042155560240017785 -0.02211683773011219 -0.0032511583018708006 0.0026737757063074901 0.0016402561691757809 -0.00051609898258011557 0.0017508059090305709 0.0048325565286359206 -0.00044816156487058117 0.018003063469550027 0.0013803235786456211 -0.0049250603878669211 -0.0083548128282211424 -0.00053967373356172965 0.00078682488538164017 0.00089512564094041639 0.0017804695472460911 0.0032550176830423603 0.0048191955299043002 -0.00080604216096897467 -0.007523414079708704 -0.00020715264752956089 0.014407499999629647
leaf_weight=18816.179870605469 200572.44921875 2991.5609016418457 3048.2010498046875 6350.6737937927246 696108.60400390625 9973.1028690338135 30630.405061721802 7596.3454360961914 16941.058837890625 273881.455078125 4510.8693046569824 18289.927276611328 5905.7624435424805 4165.5444736480713 594963.56396484375 768212.94482421875 4587.4027709960938 24159.107192993164 3151.1606750488281 5786.1296215057373 12966.235074996948 97963.162038803101 5652.9402637481689 20663.258773803711 6732.6352615356445 656257.935546875 4437.1448421478271 677385.90832519531 6036.5262403488159 51542.999389648438 59939.527544260025 23911.171997070312 5078.9313201904297 5162.3405151367188 3140.807933807373 12615.426849365234 25913.835388183594 909283.5052946806 3151.7312126159668 720356.66656494141 12348.799505472183 2745.5725154876709 3269.9753911495209 3958.4912972450256 65973.787923574448 12031.963958740234 32706.152714729309 16484.240234375 921747.77258300781 2534.7441558837891 15122.949226379395 15271.394391536713 9367.9413814544678 197826.43701171875 437529.96220397949 705740.66388702393 92576.528221130371 10748.582748413086 12769.469635009766 3056.7604246139526 4444.3423156738281 1178076.2599487305 2833.9880247116089
leaf_count=8275 80324 1528 1166 1935 268701 4319 14541 2364 7916 89008 1883 6343 2011 1778 256521 294669 2081 9766 1255 1733 4932 41204 2090 8010 3219 228902 1661 248355 3461 23981 27961 9446 1698 2466 1356 4988 9882 317867 992 249798 4387 1241 1245 1016 31171 4857 11241 4489 298004 1338 5216 3882 3340 79223 156020 240890 33981 4555 4836 1246 1311 453095 830
internal_value=7.97746e-06 0.000449722 0.00427374 -0.000378593 -0.000309651 0.00951569 0.000395441 0.000490975 -0.0010591 0.000421383 -0.00351786 -0.00276138 -0.00616996 -0.00202345 0.000142608 0.000581343 0.00284025 0.00412014 0.00682705 0.0111188 -0.00231797 -0.00277709 0.0143107 0.00219955 -0.00868629 -0.000622739 -0.00840765 -0.000959013 0.00150987 0.000893321 -0.000123467 0.00216666 -0.000708882 -0.00591573 -0.0128642 0.00246246 0.000647793 -0.00033819 0.0185768 0.000132437 -0.00458939 -0.0067264 -0.0118729 -0.000352217 9.16723e-05 -0.000522984 0.000789392 0.00150737 -0.000163605 0.000814554 0.00362293 -0.00336054 -0.00587165 0.000770446 0.000373805 0.00108095 0.00231939 0.00607498 0.00223303 0.00600803 -0.00149518 2.88249e-05 0.00763407
internal_weight=9.768e+06 4.55868e+06 63798 5.20932e+06 5.06284e+06 22007.1 4.49488e+06 4.21785e+06 277026 4.09651e+06 76345.3 146480 26061.5 120419 2.57529e+06 1.05858e+06 121345 76615.4 31793.1 16026.5 61961 102129 11439.1 44822.4 14384.3 2.96384e+06 20155.8 1.35845e+06 41790.9 1.52122e+06 200681 40852.2 159829 10241.3 7651.68 15766.6 44730 1.60539e+06 6143.29 2.09901e+06 31330.6 18364.3 6015.55 149588 130358 702187 38742.7 290366 1.51671e+06 1.46968e+06 22719.3 19229.9 13805.1 1.44696e+06 635356 811601 105860 13283.3 24801.4 15863.9 64383.9 1.89843e+06 12807.1
internal_count=3597800 1682793 24783 1915007 1856735 8915 1658010 1538339 119671 1490259 32804 58272 8947 49325 942691 388166 48080 29923 12147 5904 26346 42982 3823 17776 6458 1073518 6936 486950 15868 547568 86867 17362 69505 4164 3239 6243 18157 586568 2520 783217 11805 6873 2486 65341 60443 258048 14702 93497 554525 523587 7580 4898 5001 516007 235243 280764 39874 5893 9693 6395 29272 702893 5149
cat_boundaries=0 2 4 6 8 10 12 14 16 18 20 22 24 26 28 30 32 34 36 38 40
cat_threshold=2404287128 3 642794017 64 534900 4 67179680 13 3624448335 82 222713220 49 2424971298 3 3301047076 73 2307658060 17 1208844674 8 3527541576 64 3787309189 33 4100483778 26 2309819406 1 2897531072 115 3998121984 16 4211507848 2 168067072 12 36701251 6 437046312 44
is_linear=0
shrinkage=0.03


Tree=33
num_leaves=64
num_cat=20
split_feature=3 3 3 10 1 0 1 7 10 19 0 5 1 1 2 1 0 7 8 19 1 10 8 13 14 10 8 19 14 5 19 1 1 0 1 1 14 1 15 8 12 1 4 1 1 10 1 19 1 10 1 4 2 0 8 1 1 4 1 0 14 12 7
split_gain=1738.99 878.808 877.492 802.384 1117.89 766.722 695.814 597.217 580.562 542.878 515.052 513.691 488.516 455.603 416.7 786.287 692.577 392.195 366.227 344.009 618.253 384.044 356.332 757.721 1848.74 363.11 375.999 342.164 337.705 327.168 306.222 358.886 305.172 297.829 289.158 287.855 286.388 284.805 324.792 5218.24 279.66 268.894 266.353 407.348 262.298 251.206 261.937 250.028 247.524 283.522 375.495 296.425 246.126 365.742 426.455 311.215 308.44 249.916 242.746 240.707 237.287 270.612 235.162
threshold=-0.095320485532283769 1.7640202045440676 -1.7656701207160947 1.0971629023551943 0 646.50000000000011 1 -0.95361450314521778 1.9918488860130312 0.95743000507354747 788.50000000000011 2.0247550010681157 2 3 -0.84180259704589833 4 187.50000000000003 0.38560748100280767 0.64383435249328624 0.050588730722665794 5 -0.15317065268754956 5.1770596504211435 -0.89227917790412892 0.1713412627577782 -1.8566475510597227 2.6421457529067998 -0.116760216653347 0.67291387915611278 -0.68670770525932301 -0.80178231000900257 6 7 499.50000000000006 8 9 1.1538919210433962 10 1.2876382470130923 1.5186024904251101 -0.3569346666336059 11 1.6692219376564028 12 13 1.9918488860130312 14 0.10606281086802484 15 -2.4717153310775752 16 -0.17717035114765164 0.772863268852234 514.50000000000011 1.5186024904251101 17 18 -1.7580090165138242 19 157.50000000000003 0.55367529392242443 -0.65255156159400929 0.25002679228782659
decision_type=2 2 2 2 1 2 1 2 2 2 2 2 1 1 2 1 2 2 2 2 1 2 2 2 2 2 2 2 2 2 2 1 1 2 1 1 2 1 2 2 2 1 2 1 1 2 1 2 1 2 1 2 2 2 2 1 1 2 1 2 2 2 2
left_child=2 5 3 9 8 14 62 45 -5 30 29 58 27 36 15 16 18 -8 -2 37 22 48 25 24 -24 26 28 -13 -21 -9 35 -32 -31 -6 -11 -1 40 38 -16 -40 -12 -42 44 -44 59 -4 -47 -38 52 50 -50 -52 53 57 55 -55 -56 -22 -3 60 -23 -62 -7
right_child=1 11 7 4 33 6 17 10 -10 34 13 12 -14 -15 19 -17 -18 -19 -20 20 21 42 23 -25 -26 -27 -28 -29 -30 32 31 -33 -34 -35 -36 -37 47 -39 39 -41 41 -43 43 -45 -46 46 -48 -49 49 -51 51 -53 -54 54 56 -57 -58 -59 -60 -61 61 -63 -64
leaf_value=0.012362960470590051 0.01725631620473508 0.0042070366037424752 0.0011567371520133801 0.0097393549875578744 0.0082661300367675612 -0.0010378729061890251 0.00015105102404500175 0.00092419174066868837 0.024998218338465564 -0.010326226246193278 -0.0011292689540998203 -0.0074317930596525163 -0.01221605627541523 0.00032718471951314953 0.00042196273780376362 -7.4917087865391933e-06 0.0024053290990784537 -0.0010924423708848611 0.0065559198059526105 -0.0061996509753372286 -0.0036218956183879662 -0.00182247122244455 0.00030975508052850259 -0.0018329648924420255 -0.038876467328717412 -0.0012322143752643391 0.0010196131297510011 0.0039372821506923764 -0.019325615469891529 0.00054097764063628967 0.0033624956464717733 -0.00036703087101773923 -0.00017381311569754338 -0.0022906684832221971 -0.00094678743288463736 0.0033025212006130345 -0.0025110338423799355 -0.00015733076808696533 3.1340923545296636e-05 0.043176695033846677 0.0062841370264598547 -0.00067711324812763933 0.00048022828701763424 -0.0073212876735586838 0.0004090790589814332 0.01378416475440258 0.0029834560503418763 -0.0087704987115467641 0.0031744406852730108 8.1040447008403786e-05 -0.0028273563245052413 -0.015180841532044255 -0.00026962791127211586 0.020146197363962549 0.0078400750140204777 0.0060953183659561731 -0.0026926065470439043 0.0019169510307494779 -0.0022502264063572731 -0.00058390754956209455 -0.0093019290215788954 -0.00021747145365883056 -0.0020877621526749672
leaf_weight=5153.8942174911499 4253.541020154953 5462.8345947265625 590257.88403320312 5594.55908203125 3779.5562553405762 474824.921875 662910.35656738281 770027.640625 3755.09619140625 4107.4973373413086 330790.98846435547 5564.8171844482422 9205.6222915649414 323820.62060546875 703867.76330566406 151980.54498291016 58690.657470703125 348160.466796875 8921.0167801380157 11513.316152095795 7905.7699356079102 47789.813652038574 2486.6907777786255 10003.516634941101 1915.2151947021484 238287.8505859375 5601.3962326049805 4159.0722427368164 2080.8435235023499 1139749.8397216797 62560.845837593079 36926.532702445984 1017415.3624267578 6594.7572212219238 10505.008888244629 8182.2053918838501 32983.016571044922 1490650.8179845214 32612.961288452148 2729.4205474853516 9206.5295715332031 10893.963653564453 11011.567352294922 13289.305938720703 151289.17946624756 2746.7160797119141 7621.4089202880859 6951.3418273925781 3339.2548522949219 117828.109375 3471.3807910680771 3522.316505074501 55552.723876953125 2764.3049468994141 5070.8087005615234 2972.3053016662598 4917.0213584899902 100200.11031341553 121704.10681152344 151699.9877166748 9037.5030040740967 4381.2993640899658 322389.580078125
leaf_count=1535 1835 1794 218215 2024 1551 150397 271075 277774 1394 1644 100110 1575 3526 141210 251186 51490 22655 141022 3235 6475 2690 16349 1410 3501 979 114563 2147 1339 711 412970 24444 15662 389754 2579 4443 3204 8062 523756 13200 995 4230 6928 3733 4556 63939 1034 3059 1760 1464 49517 1462 1503 18495 836 1445 1241 1416 31613 49996 50632 2142 1183 100318
internal_value=-2.41639e-06 -0.000364161 0.000440616 0.002718 0.00834801 -0.000300052 -0.000799713 0.000361616 0.0158609 0.00184632 0.000217065 -0.00265903 -0.00726917 -0.000504981 -3.59877e-05 0.00121531 0.00380059 -0.000277144 0.0100159 -0.000123581 -0.000595857 -0.000121967 -0.00180893 -0.00639986 -0.0167645 -0.00155204 -0.00552085 -0.00256688 -0.0082152 0.000393346 0.00255101 0.00197857 0.000203853 0.001556 -0.00359364 0.0068191 -0.00119445 8.14246e-05 0.000562878 0.00336901 -0.000920485 0.00251487 -0.000748943 -0.00378959 -0.000546008 0.00123808 0.0058662 -0.00360158 0.000670043 -0.000336876 -0.0051005 -0.00904256 0.00138937 0.00213372 0.00640799 0.0129234 0.00266122 0.00151175 -0.00197253 -0.00122463 -0.00281263 -0.006337 -0.00146243
internal_weight=9.76565e+06 5.37602e+06 4.38963e+06 147160 19724 5.22992e+06 1.80829e+06 4.24247e+06 9349.66 127436 3.64184e+06 146096 18929.5 714646 3.42164e+06 223846 71865.2 1.01107e+06 13174.6 3.19779e+06 967932 696043 271889 14405.4 4401.91 257483 19195.6 9723.89 13594.2 2.92719e+06 112823 99487.4 2.15717e+06 10374.3 14612.5 13336.1 390826 2.22986e+06 739210 35342.4 350891 20100.5 388499 24300.9 364198 600626 10368.1 39934.4 307544 128161 10333 6993.7 179383 123830 15724.4 5736.61 9987.83 108106 127167 212909 61208.6 13418.8 797215
internal_count=3596982 1973396 1623586 58480 7548 1915166 662812 1565106 3418 50932 1342798 58230 6440 262300 1252354 79215 27725 412097 5070 1173139 384002 254216 129786 5890 2389 123896 9333 2914 7186 1080498 44845 40106 802724 4130 6087 4739 121090 789137 265381 14195 111268 11158 142534 8289 134245 222308 4093 9822 111682 53946 4429 2965 57736 39241 4938 2077 2861 34303 51790 70306 19674 3325 250715
cat_boundaries=0 2 4 6 8 10 12 14 16 18 20 22 24 26 28 30 32 34 36 37 39
cat_threshold=265203228 2 3758111654 74 1830558389 72 3355650983 90 3927229232 20 2760983360 21 1235080589 49 2869277090 63 137908487 17 1074966567 86 2727675938 38 67747 16 1208889392 106 1397274657 64 2584625296 16 285784125 64 35651586 2 45088 64 12308 2064 4
is_linear=0
shrinkage=0.03


Tree=34
num_leaves=64
num_cat=19
split_feature=5 7 10 1 0 19 0 5 4 18 4 1 15 12 4 1 1 1 16 9 13 1 1 1 1 11 1 5 4 18 1 10 14 18 19 14 1 14 1 10 19 1 12 10 0 18 9 13 1 1 1 10 19 17 0 12 18 4 0 10 1 18 9
split_gain=1703 1235.61 1124.96 606.309 549.141 460.708 443.225 403.41 494.045 413.96 452.443 379.623 603.037 1589.43 377.78 455.498 403.937 373.489 433.055 702.542 570.816 360.43 359.14 350.225 340.4 2326.15 324.68 323.93 300.13 294.382 292.301 269.369 263.503 273.297 261.975 339.841 287.684 256.441 251.693 267.967 257.151 248.142 241.89 240.438 238.183 233.888 244.735 223.1 213.268 207.952 204.226 202.139 316.818 404.491 217.26 230.346 371.793 222.557 465.369 203.116 378.151 253.842 194.465
threshold=-0.68670770525932301 0.38560748100280767 1.9918488860130312 0 802.50000000000011 0.050588730722665794 455.50000000000006 -2.2401353120803829 -0.28588008880615229 -2.0339684486389156 -0.13379042595624921 1 1.2876382470130923 -0.65255156159400929 0.92175588011741649 2 3 4 0.73552611470222484 -0.25967420637607569 -1.099831163883209 5 6 7 8 -0.5414726436138152 9 -1.9815356135368345 -1.7580090165138242 1.0667310953140261 10 -1.1474289894104002 1.1538919210433962 -0.42184112966060633 0.24375685304403308 0.2086225971579552 11 0.2272719889879227 12 1.526500463485718 -0.35037320852279658 13 -1.188606262207031 -1.8566475510597227 900.50000000000011 -1.2875885963439939 -0.61071771383285511 1.1787539720535281 14 15 16 -0.041354211047291749 0.6297641694545747 17 631.50000000000011 -0.92747974395751942 0.50153008103370678 -0.58848163485527027 886.50000000000011 1.9918488860130312 18 0.88319799304008495 -0.1255623400211334
decision_type=2 2 2 1 2 2 2 2 2 2 2 1 2 2 2 1 1 1 2 2 2 1 1 1 1 2 1 2 2 2 1 2 2 2 2 2 1 2 1 2 2 1 2 2 2 2 2 2 1 1 1 2 2 1 2 2 2 2 2 2 1 2 2
left_child=2 5 7 27 32 6 11 8 30 10 22 12 -2 -14 16 -16 -12 18 24 43 -21 -6 -10 62 25 -7 -8 -4 -25 -5 -1 41 33 50 -30 47 37 -37 -35 -40 -41 -13 -26 -20 -18 46 -39 -36 -11 -42 -3 52 -19 54 55 56 -54 -56 -59 -53 61 -61 -9
right_child=1 4 3 29 21 17 26 23 9 48 14 31 13 -15 15 -17 44 51 19 20 -22 -23 -24 28 42 -27 -28 -29 34 -31 -32 -33 -34 38 35 36 -38 45 39 40 49 -43 -44 -45 -46 -47 -48 -49 -50 -51 -52 59 53 -55 57 -57 -58 58 -60 60 -62 -63 -64
leaf_value=0.002114780556418702 0.0010414741345021582 0.00057184516596598344 0.016769879014283711 0.0008750752423892724 -0.00084766168925164099 -0.027615229443465117 -0.00053501624130996097 0.00080755933918739097 0.020515406924156383 0.0041917567178217348 0.006637748430967867 -0.005955013426587696 -0.00016122166116093177 0.024598861868382518 0.014448772910048762 0.0019652192725924155 0.0011601176496736046 0.0010097937158006667 -0.009496268328968575 -0.0044332047696049775 -0.02136429220797547 -0.0025658256132792844 0.006450067864154984 -0.0012981900210699833 -0.0072414107349014489 0.00071535614186117396 0.00023502303905949688 0.0073429959244575242 0.00050423930698198049 0.0085227564225729916 -0.0025230683499613575 0.00028825599815266687 0.00077419308559237906 -0.0013960377779043188 0.0011384426377187419 -0.012113379635046126 -0.0006688963358296668 -0.012466749329110514 -0.00066856762785412634 -0.0068812905345408326 9.2712320713062081e-05 -0.00051475104236373571 -0.00054067976476144695 -0.0017076416873338567 -0.010102787611332542 -0.0017638120647511381 -0.0021621360226438666 -0.0028703603034396239 0.00086392681338351982 0.0051981109562700273 -0.00074674537164167126 -0.00066769503961953784 0.0043370177680951754 -0.001777515923988647 -0.0069644697156018114 0.0034202898711621775 -0.010532721197529734 -0.0034961977952876269 0.010794757868515205 -0.0055723943775199515 0.0061480042365902746 0.0032919143468124615 0.004320769220068423
leaf_weight=22203.023498535156 613669.32556152344 226753.52099609375 4335.1724853515625 21262.719528198242 201908.61083984375 3272.5675201416016 837782.9404296875 1117189.837890625 3113.8968591690063 26652.369873046875 5537.4845008850098 11856.638793945312 6791.7954254150391 3549.4620208740234 5400.5120096206665 5143.0495910644531 3494.8733062744141 273044.306640625 3851.5450439453125 3867.1169910430908 3340.3642354011536 241187.04931640625 3500.6398124694824 119361.61083984375 4899.8324584960938 12773.971542358398 1196715.41015625 13521.375854492188 981290.01016235352 5751.8297882080078 27193.20817565918 763190.88585484028 116871.7578125 559212.84710693359 104152.91691589355 2937.2998046875 109799.50537109375 4230.6870489120483 647254.67364501953 2598.2709884643555 12797.360122680664 20732.815063476562 423265.66021728516 47612.492772579193 3265.2690181732178 31767.733856201172 4070.0414972305298 14192.550430297852 49570.395034790039 16363.28295135498 198018.25122070312 426382.1767578125 3099.9069137573242 104032.94000244141 4907.294620513916 35338.040374755859 2948.0328140258789 6692.2897300720215 2950.9369506835938 6397.5232238769531 11264.053649902344 5321.6858215332031 14357.580596923828
leaf_count=8116 217765 81517 1516 7701 89020 1876 290790 375328 997 10193 1900 3912 2090 1088 1647 2032 1239 102878 1117 1479 1221 75833 1191 49020 1572 7566 434860 5197 370955 2359 10687 268532 28187 212182 57572 1231 36703 1458 247689 902 5482 8130 175671 13890 1067 11169 1494 5308 16229 6285 80589 170530 1164 45532 2051 13442 1169 2659 1081 2507 5182 2034 5191
internal_value=-7.38704e-06 -0.000252486 0.000632948 0.00534323 -0.000837975 1.64487e-05 0.00020181 0.000553434 0.00203823 0.00319586 0.00621602 0.000608599 0.00116256 0.00834504 0.00421347 0.00837879 0.000640304 -0.000445766 -0.00109826 -0.00352055 -0.0122894 -0.00178299 0.0131228 0.000461452 -0.000778316 -0.00506609 -8.20723e-05 0.0096303 0.000139173 0.00250374 -0.00043849 0.000174191 -0.00060271 -0.000699478 0.000276164 -0.000549231 -0.00148389 -0.00356336 -0.00092473 -0.000536541 0.00215371 -0.00249661 -0.000617431 -0.0022914 -0.00427719 -0.00293604 -0.0074185 0.000657587 0.00202841 0.00295978 -4.28553e-05 -7.38793e-05 0.000388678 -0.000671475 0.00138563 0.00249441 -0.00291386 -0.00176689 0.000880325 -0.000519605 0.00222728 -0.00154611 0.000852148
internal_weight=9.76581e+06 7.06252e+06 2.7033e+06 44871.1 2.22297e+06 4.83955e+06 3.45429e+06 2.65842e+06 155075 105678 29455.7 1.41979e+06 624011 10341.3 22841.2 10543.6 12297.6 1.38526e+06 502884 58671.5 7207.48 443096 6614.54 2.50335e+06 444212 16046.5 2.0345e+06 17856.5 1.3718e+06 27014.5 49396.2 795780 1.77987e+06 1.663e+06 1.25244e+06 271151 152805 43005.8 1.23823e+06 679014 31758.9 32589.5 428165 51464 6760.14 40068.5 8300.73 118345 76222.8 29160.6 424772 882379 433014 159969 55936.5 41386 6047.94 14550.5 9643.23 449365 22983.3 11719.2 1.13155e+06
internal_count=3596974 2609474 987500 16773 827686 1781788 1227167 970727 55298 36495 10073 501517 220943 3178 7885 3679 4206 554621 204392 17707 2700 164853 2188 915429 186685 9442 725650 6713 534910 10060 18803 280574 662833 634646 485890 114935 52055 15352 472540 260358 12669 12042 177243 15007 2306 14121 2952 62880 26422 11767 162106 350229 169976 67098 21566 15775 2333 5791 3740 180253 9723 4541 380519
cat_boundaries=0 2 4 6 8 10 12 14 16 17 19 21 23 25 27 29 31 33 34 36
cat_threshold=2622275768 6 2735020832 63 1666911393 21 2445823688 90 1888813826 86 933547100 101 2986533739 6 148819093 4 512 3783402390 74 280825486 44 654311938 64 348716609 28 268476613 64 2551564378 80 1076887814 96 789384651 51 12845282 19437605 40
is_linear=0
shrinkage=0.03


Tree=35
num_leaves=64
num_cat=12
split_feature=5 7 3 3 5 0 3 9 0 17 0 14 9 5 0 17 5 4 4 17 17 3 19 8 13 8 17 11 17 11 17 12 16 17 8 14 4 9 0 16 17 0 16 6 9 12 12 9 9 17 16 5 11 12 17 15 16 8 17 15 4 3 0
split_gain=1656.81 988.775 731.302 719.451 538.513 439.204 431.204 402.304 399.168 659.09 567.08 541.384 512.321 389.08 352.651 332.943 332.463 347.828 302.419 299.945 298.155 279.149 275.463 256.971 255.223 236.202 431.742 285.243 383.898 710.102 276.254 262.269 233.584 226.083 225.657 315.248 387.872 222.07 221.719 216.76 212.424 212.133 286.553 263.166 208.113 205.644 205.641 325.58 2028.64 3448.39 202.248 275.223 230.791 198.815 225.699 1148.02 195.477 191.818 189.224 190.907 183.729 179.046 211.162
threshold=-0.27764600515365595 0.42499698698520666 -1.2182800769805906 1.7640202045440676 -2.2401353120803829 731.50000000000011 -0.68426263332366932 -0.83641499280929554 830.50000000000011 0 928.50000000000011 0.82875183224678051 -0.60235068202018727 2.0247550010681157 646.50000000000011 1 -1.9815356135368345 -0.13379042595624921 -0.84932526946067799 2 3 0.548457831144333 0.050588730722665794 0.64383435249328624 0.20691073685884478 2.6421457529067998 4 -1.0000000180025095e-35 5 -0.5414726436138152 6 -0.83308005332946766 1.0239290595054629 7 1.8261881470680239 0.45834369957447058 1.9444987177848818 -0.77983126044273365 928.50000000000011 0.73552611470222484 8 773.50000000000011 1.1507556438446047 0.87212488055229198 -0.21066977083683011 -1.0323083996772764 -0.66263461112976063 -0.77983126044273365 -0.79112413525581349 9 1.3221465945243838 -1.5556159019470213 -0.48131886124610895 -0.66263461112976063 10 1.2876382470130923 0.73552611470222484 0.10131619870662691 11 -1.8866619467735288 1.123882591724396 1.2055628299713137 112.50000000000001
decision_type=2 2 2 2 2 2 2 2 2 1 2 2 2 2 2 1 2 2 2 1 1 2 2 2 2 2 1 2 1 2 1 2 2 1 2 2 2 2 2 2 1 2 2 2 2 2 2 2 2 1 2 2 2 2 1 2 2 2 1 2 2 2 2
left_child=2 6 4 5 7 23 44 -1 16 10 34 -11 24 -5 22 -15 17 33 19 -6 -16 53 46 -3 37 30 -27 28 29 -28 -24 -32 -14 -4 35 36 -10 -13 -22 -31 -7 43 -43 57 -2 -9 58 48 56 -50 51 52 -36 -18 55 -55 -48 -21 -8 -60 -19 62 -29
right_child=1 3 8 13 18 40 14 45 9 11 -12 12 32 15 20 -17 21 60 -20 41 38 -23 25 -25 -26 26 27 61 -30 39 31 -33 -34 -35 50 -37 -38 -39 -40 -41 -42 42 -44 -45 -46 -47 47 -49 49 -51 -52 -53 -54 54 -56 -57 -58 -59 59 -61 -62 -63 -64
leaf_value=0.01415708782519625 0.00041526433027525657 -0.0013775768449689277 0.0016955132157408888 -0.0030841437691714168 -0.0020033238977528304 -0.00053451310260523737 0.00037043055893912826 0.011320443996760349 -0.00069823120729598735 -0.00063705587789837843 0.0030734290015308526 -0.00088999481311694917 0.0015322434336693521 -0.0015129399275632905 -0.0011351730488928337 -0.013184422980445703 0.00039082905985571536 0.0032896951405890131 0.0022667452415128389 -0.0047184762574446846 -0.0003270013995140837 -0.0001558421932839436 -0.0012221457375021104 -0.00031244466001214871 -0.012559879923643848 0.0008023473158065721 -0.022175479126874498 0.0036090025590510386 -0.0020681928864417086 -0.0030919845562441778 -0.00073962867054679505 0.0010446424402668097 -0.0033986596016505367 -0.0014262753513578463 0.0019029372178215038 -0.0073127715926567796 0.01057044963967692 -0.0074702316894570617 0.0018333659286130712 -0.010810657442113401 -0.0019299758377657847 0.00028296617232121952 -0.01035454521533009 0.010258356288199058 0.0019161348569179111 0.0033637422459008499 -9.3843351910045906e-05 0.00050853290504776743 0.045962316660072576 -0.0016715476725349 -0.0039803719018346069 0.00084675237210405079 0.010078061493062417 0.0015207803472423276 0.00082293009693874212 0.016137164048960827 0.0081192053631885946 0.0025906091161019664 -0.0071773106277684042 -0.0003483350731132801 -0.00019061630315950261 -0.0047286663836653428 -0.0012678614337068026
leaf_weight=4197.4987945556641 564357.05712890625 254123.59678649902 44529.703063964844 27371.240234375 36700.029052734375 132994.31701660156 606685.7734375 3281.8685712814331 116341.22019958496 299635.25903320312 72313.501953125 6822.6457138061523 14757.345916748047 3108.1435203552246 555635.7724609375 7630.3193702697754 1619980.0776367188 95332.486663818359 156363.94567871094 3565.2814102172852 418872.2490234375 612484.97875976562 143998.11474609375 1030480.2194976807 5577.6802368164062 58912.512451171875 2525.3726463317871 9008.4937133789062 34303.858116149902 12418.992343902588 119809.72241210938 194499.95239257812 20867.173095703125 39283.833892822266 6265.4521865844727 6305.0745544433594 2810.5998382568359 14275.06421661377 47610.564453125 4445.3546447753906 375339.52685546875 17365.832122802734 2618.3782348632812 3719.3024444580078 97512.17724609375 26550.128727912903 30715.367721557617 420138.84768688679 2518.8612289428711 2978.6447525024414 5498.735595703125 39712.718719482422 6167.7147750854492 61789.591430664062 561887.3291015625 5242.1495361328125 2845.1277618408203 34089.688087463379 3703.7412719726562 558991.53900146484 15932.476379394531 11436.396301269531 70410.33081817627
leaf_count=1363 216431 124419 17379 11046 13109 63573 207652 922 47677 111229 27582 1612 4845 1065 171610 2544 550514 32929 63340 2218 178871 240334 75193 353518 1151 23026 1499 2771 11588 5131 40777 74759 5597 14013 2643 1578 1349 3465 20228 1196 126027 7481 604 757 42144 9660 11867 167634 861 1329 1251 13587 1663 19348 233737 1536 777 14753 1526 178146 5752 3661 21933
internal_value=-5.62922e-06 -0.000328418 0.00046731 -0.000905233 0.00192182 -0.000818527 -6.26684e-05 0.00546588 0.000353106 -0.000342692 0.00082415 -0.00116611 -0.00371058 -0.00498381 -0.000202351 -0.00982218 0.000493645 0.00169193 0.00144769 0.000141585 -0.000665709 0.000411947 4.43408e-06 -0.000523156 -0.00685409 -0.000511687 -0.00136232 -0.00224445 -0.00397806 -0.0073507 -0.000134047 0.000364495 -0.00135612 0.000232349 -6.41873e-05 -0.000778073 -0.000431989 -0.00534301 -0.000106489 -0.00512919 -0.00156494 0.00142466 -0.00111303 0.00265072 0.000636398 0.00424082 0.00021416 0.000752116 0.00337189 0.0202559 0.00148944 0.00206655 0.00596079 0.000566584 0.00101929 0.00266456 0.000603533 0.00189803 2.9106e-06 -0.000393341 0.00279135 -0.00122 -0.000714485
internal_weight=9.76765e+06 5.80538e+06 3.96226e+06 1.83105e+06 288452 1.79294e+06 3.97433e+06 34029.5 3.67381e+06 617350 255415 361935 62299.9 38109.7 3.31247e+06 10738.5 3.05646e+06 195078 254422 98058.5 1.02212e+06 2.86138e+06 2.29035e+06 1.2846e+06 26675.4 661769 203461 144549 53693.6 19389.7 458308 314310 35624.5 83813.5 183102 125457 119152 21097.7 466483 16864.3 508334 61358.5 19984.2 41374.3 661869 29832 1.62858e+06 459197 39058 5497.51 57644.6 52145.9 12433.2 2.2489e+06 628919 67031.7 33560.5 37655 1.16938e+06 562695 111265 90855.2 79418.8
internal_count=3597780 2142802 1454978 682192 114207 667537 1460610 11945 1340771 225229 97330 127899 16670 14655 1202035 3609 1115542 70073 102262 38922 370709 1045469 831326 477937 6228 261534 70805 47779 19414 7826 190729 115536 10442 31392 69748 50604 49026 5077 199099 6327 189600 25813 8085 17728 258575 10582 569792 182468 14834 2190 19144 17893 4306 805135 254621 20884 12644 16971 387324 179672 38681 28365 24704
cat_boundaries=0 1 2 3 4 5 6 7 8 9 10 11 12
cat_threshold=4661551 54823813 49455173 63739408 44419348 16781952 2190676 33799528 2302121 1319168 272384 1039760
is_linear=0
shrinkage=0.03


Tree=36
num_leaves=64
num_cat=18
split_feature=3 10 1 3 12 19 3 1 4 3 0 10 19 6 1 14 14 2 0 1 16 19 2 1 0 1 4 1 2 4 6 13 1 1 0 1 0 16 1 1 2 1 2 6 0 2 16 1 2 19 1 1 2 11 9 19 1 19 1 9 16 8 11
split_gain=1509.54 909.823 944.015 646.426 603.383 628.794 707.175 704.49 1050.54 592.771 589.347 568.825 529.798 593.98 444.347 577.77 2609.36 3073.74 409.422 474.776 384.258 363.424 361.439 437.846 620.502 339.682 378.591 338.544 336.422 440.87 381.699 362.205 326.119 325.034 321.397 440.161 305.233 524.063 298.025 291.342 265.45 367.806 303.773 265 257.381 501.651 370.803 312.933 252.251 249.255 246.537 245.637 243.136 259.724 317.635 232.87 231.355 231.645 230.244 229.291 225.033 217.093 800.952
threshold=0.29302589595317846 1.9918488860130312 0 1.7640202045440676 -0.2909384816884994 0.95743000507354747 -1.7656701207160947 1 1.7814109921455386 -1.7656701207160947 942.50000000000011 0.039558771997690208 2.3787169456481938 -0.7470082938671111 2 -0.17379648983478543 -0.1849480792880058 0.35156635940074926 646.50000000000011 3 0.81020987033844005 -0.70575907826423634 -1.1064002513885496 4 277.50000000000006 5 0.29658980667591101 6 -1.3434706330299375 -0.13379042595624921 -2.1325372457504268 -0.65921729803085316 7 8 142.50000000000003 9 307.50000000000006 1.3221465945243838 10 11 0.41615805029869085 12 -1.8392598628997801 0.71246010065078746 802.50000000000011 -0.75336000323295582 0.39587020874023443 13 0.41615805029869085 0.24375685304403308 14 15 -0.1198599450290203 -0.042074384167790406 -0.41208784282207483 -0.19718519598245618 16 -0.116760216653347 17 -0.33220037817955012 0.26187615096569067 5.1770596504211435 -0.50702679157257069
decision_type=2 2 1 2 2 2 2 1 2 2 2 2 2 2 1 2 2 2 2 1 2 2 2 1 2 1 2 1 2 2 2 2 1 1 2 1 2 2 1 1 2 1 2 2 2 2 2 1 2 2 1 1 2 2 2 2 1 2 1 2 2 2 2
left_child=1 4 9 18 5 6 21 8 12 -3 40 14 20 48 15 16 -8 -18 56 -20 52 27 23 24 -16 26 -6 -1 29 39 31 -30 -15 -13 35 59 37 -27 49 -5 41 -4 -43 -17 -35 46 -46 -47 -14 -32 -42 -23 -7 54 -54 -41 -2 -58 -36 -24 -11 -59 -63
right_child=3 2 10 28 25 7 11 -9 -10 60 -12 33 13 32 22 43 17 -19 19 -21 -22 51 34 -25 -26 36 -28 -29 30 -31 38 -33 -34 44 58 -37 -38 -39 -40 55 50 42 -44 -45 45 47 -48 -49 -50 -51 -52 -53 53 -55 -56 -57 57 61 -60 -61 -62 62 -64
leaf_value=0.012049826882827245 0.00024758355352755669 0.02261375367846985 0.00064742965891935792 -0.013148394420634741 0.0030409134088003808 0.00146076702333341 0.0014503145434289504 0.00011382415088217059 -0.015982574745175466 0.0045276722304608517 -0.0089053357947893423 0.00041654088839546816 -0.0080097322836263918 0.00076435395575977965 0.013637287342455277 0.00082022767392243715 0.0015226852340679577 0.044316277403904807 -0.0017822054035776516 -0.00046478598396034701 -0.0068198779907484462 -0.0004970358558696184 0.0037608699732835787 0.00032078033923892038 0.0029503587130772944 0.0021356523409660285 0.011170004267461285 0.0036592871773339138 -0.0017740558549127581 0.0017402536745244569 -0.00072540861457170958 -0.018882827886997303 -0.0075980178984797518 -0.00015882578348199288 -0.00045180950176497816 0.00025055257153391348 0.00052909736061652033 0.011692532269590732 -0.0019120679645513077 -0.0071577191398617375 -0.006953786322468917 0.013120265787493285 0.0043307473047644839 0.0041457522198311159 -0.0020305278209188783 0.00066542808289967153 -0.0070819668622698045 -0.0012688799080164618 -0.018732160105511635 0.0092066774215445232 0.0027347471659572901 0.002842701789879251 -0.0027788641186026978 -0.00023499310534343384 -0.012933793185950814 0.0026379528104216511 -7.4405116175427449e-05 -0.00073243755235687027 0.00029074618225532545 -0.0021621248837684118 0.011722658233361976 -0.018790357146924081 -0.0017513342579392704
leaf_weight=6215.8209648132324 738313.09692382812 2554.482177734375 24556.023784637451 6074.1939697265625 28827.859649658203 30908.745524406433 34264.904174804688 196187.81005859375 5107.8428955078125 10871.052738189697 4453.7827758789062 702990.779296875 4381.8125190734863 9464.2237091064453 6203.5206298828125 574537.22543334961 3034.2643446922302 3004.0208115577698 362908.109375 765568.2333984375 10423.478630065918 28866.055030822754 66701.745910644531 37510.682800292969 23039.837951660156 39964.105353355408 6276.3504638671875 14303.918781280518 2207.287380695343 5776.4636068344116 5082.769931435585 2245.138439655304 7527.3627052307129 1452313.0321044922 482285.69590759277 112828.46990966797 131420.76254272461 5926.114990234375 107011.4118989706 11362.599157333374 4812.5057525634766 4240.96875 21322.781661987305 22402.435546875 47520.085876464844 120650.31799316406 18043.278381347656 200100.07360839844 3609.9767990112305 4109.3298492431641 4621.7118110656738 63236.219871520996 29325.773815870285 46160.8307762146 3057.3283579349518 2700.8838911056519 790995.05310058594 563811.23229980469 1702127.4345550537 6447.9630737304688 6117.1475791931152 2755.2924523353577 24722.576200008392
leaf_count=2076 276742 1072 9780 1713 13530 12867 12324 85308 1665 6124 1332 348722 2123 3319 2022 168433 984 1105 118692 306184 3008 11748 24660 15009 7345 20685 1971 5289 1252 1974 1341 783 3304 441712 223866 39888 64268 1781 44831 4143 1700 1300 7294 5472 14473 40087 4539 55931 1679 1187 1736 24873 16290 14222 1675 1129 284737 224231 584885 2383 2031 1518 8884
internal_value=-3.884e-06 0.000268413 0.00337831 -0.000514754 0.000227083 0.000172126 0.000247153 -0.00106952 -0.00261735 0.00914682 0.00161482 0.00019995 -0.00214573 -0.00611945 0.000474469 0.00117979 0.00465609 0.0228314 -0.000426837 -0.000888482 -0.00131735 0.00260086 0.000290041 0.00246701 0.00521758 0.00179874 0.00449443 0.00621091 -0.00246356 -0.00556461 -0.00179732 -0.0104127 -0.00294539 -0.000132113 0.00022873 0.00142592 0.0012646 0.00337094 -0.00146679 -0.00765992 0.00240253 0.00327147 0.00578893 0.000945064 -0.000341889 -0.0010301 -0.00342114 -0.000541309 -0.0128619 0.00371329 -0.00221302 0.00179627 -0.000793043 -0.00168 -0.00373945 -0.00527245 -0.00018117 -0.000410177 0.0001268 0.00323822 0.00712115 -0.000859358 -0.003463
internal_weight=9.76639e+06 6.37075e+06 83550.5 3.39564e+06 6.2872e+06 6.07478e+06 5.72863e+06 346155 149967 19542.7 64007.8 5.61601e+06 144860 24983.4 3.07439e+06 637243 40303.2 6038.29 3.24907e+06 1.12848e+06 119876 112622 2.43715e+06 66754 29243.4 212415 35104.2 20519.7 146570 25914.1 120656 4452.43 16991.6 2.54162e+06 2.37039e+06 185978 177311 45890.2 116204 20137.7 59554 50119.8 25563.8 596940 1.83863e+06 386314 65563.4 320750 7991.79 9192.1 9434.22 92102.3 109453 78543.9 32383.1 14063.5 2.1206e+06 1.38228e+06 2.18441e+06 73149.7 16988.2 591289 27477.9
internal_count=3597231 2317890 32369 1279341 2285521 2183286 2037826 145460 60152 9227 23142 1993840 58487 10425 1088376 188318 14413 2089 1220988 424876 48062 43986 900058 24376 9367 102235 15501 7365 58353 8959 49394 2035 6623 905464 875682 66931 86734 22466 47359 6985 21810 18374 8594 173905 556742 115030 19012 96018 3802 2528 3436 36621 45054 32187 17965 5272 796112 519370 808751 27043 8155 234633 10402
cat_boundaries=0 2 4 6 8 10 11 13 15 17 19 21 23 25 27 29 31 33 35
cat_threshold=2403614872 2 1716538021 73 5153 13 3758111268 72 3863511044 80 67176864 1079025703 83 1073758368 65 2934227008 37 1132560918 98 526384 4 2458525728 1 1076966723 36 286984216 16 814780452 77 639771258 86 169125948 38 3238036052 18
is_linear=0
shrinkage=0.03


Tree=37
num_leaves=64
num_cat=18
split_feature=5 7 10 5 3 3 2 0 1 0 2 2 1 2 0 18 19 2 1 18 8 11 1 10 1 1 1 1 17 0 1 1 0 19 1 7 10 1 16 15 6 15 1 10 0 19 3 1 10 15 1 19 7 0 1 15 0 10 0 2 10 1 19
split_gain=1589.52 879.546 898.019 803.522 730.9 662.605 464.547 455.839 634.098 434.71 463.539 370.88 370.606 352.585 590.604 550.686 351.565 335.077 397.307 408.873 533.69 328.676 613.171 317.927 631.035 312.219 292.942 292.921 292.23 289.881 416.756 353.893 286.053 265.172 261.721 259.609 241.341 366.495 235.625 291.67 227.768 1068.73 227.251 226.725 219.325 214.34 214.178 211.347 307.297 206.937 204.893 261.376 203.567 201.743 266.818 567.039 355.672 223.469 200.711 291.503 200.469 286.531 239.54
threshold=0.50536000728607189 -1.0470342636108396 1.9918488860130312 -2.2401353120803829 1.4813593029975893 -0.36539949476718897 -1.3434706330299375 773.50000000000011 0 646.50000000000011 -1.8392598628997801 -0.84180259704589833 1 -1.3434706330299375 172.50000000000003 -1.5107637643814085 -0.4862269908189773 -0.21523885428905484 2 2.0486719608306889 3.5255826711654668 0.58058536052703869 3 1.526500463485718 4 5 6 7 8 788.50000000000011 9 10 928.50000000000011 0.37477213144302374 11 2.6530530452728276 -2.4717153310775752 12 0.73552611470222484 -1.3339875936508176 0.6351950764656068 -1.8866619467735288 13 -0.10639236122369765 928.50000000000011 -0.13794846087694165 -1.2182800769805906 14 0.86716586351394664 0.96838718652725231 15 0.32895113527774816 0.13348608464002612 336.50000000000006 16 1.2876382470130923 202.50000000000003 -1.8566475510597227 172.50000000000003 -0.84180259704589833 1.526500463485718 17 -0.07337703555822371
decision_type=2 2 2 2 2 2 2 2 1 2 2 2 1 2 2 2 2 2 1 2 2 2 1 2 1 1 1 1 1 2 1 1 2 2 1 2 2 1 2 2 2 2 1 2 2 2 2 1 2 2 1 2 2 2 1 2 2 2 2 2 2 1 2
left_child=1 2 13 -4 9 23 12 27 32 17 29 47 16 14 -1 -16 -6 18 -2 -20 28 35 -23 26 46 -12 -3 36 -21 30 -11 -31 -9 -28 -5 -19 37 -7 -35 -40 -38 -42 -34 53 -26 -15 -25 48 -10 -24 51 -8 -14 54 55 56 57 -29 59 -30 62 -62 -45
right_child=4 5 3 34 6 7 50 8 11 10 25 -13 52 45 15 -17 -18 21 19 20 -22 22 49 24 44 -27 33 43 58 31 -32 -33 42 38 -36 -37 40 -39 39 -41 41 -43 -44 60 -46 -47 -48 -49 -50 -51 -52 -53 -54 -55 -56 -57 -58 -59 -60 -61 61 -63 -64
leaf_value=0.016141755858918673 -0.00054300137249779746 0.00095538340550473089 0.022125991508813753 0.013164111088419571 -0.0078123467959193716 -0.014781305636622699 -0.0020151978151554417 -0.00019541646318763599 -0.0039985218951362565 0.0051307448170475195 1.411127982347169e-05 -0.0012797984955822174 -0.0054109123453763832 0.0013497019576398828 0.010049970570887043 0.00097066559916737913 0.0033838195140133368 -0.00076017259250664763 0.00076576582783311983 0.013087386125838964 -0.0067131402113106914 0.0088656564403589641 0.00035753078500273166 0.016429910998951351 0.0021103534032470635 -0.0011476596400645661 0.00039820755524424617 0.011686812624425611 0.014528981104431397 -0.01472666420541255 -0.0047459510721113377 -0.0046912027432243399 0.00046961482802383427 -0.0005556753994269564 0.0029206824989988062 -0.0051676055595209006 -0.00033369785431888515 -0.001250438099111152 0.00025773615432173876 -0.0080851488793279649 -0.016353170504000654 -0.00042604284546006156 0.0042663869569286965 0.00015737201957253977 -0.0046749487167369944 0.00036519437720379196 0.0068523846262331344 -0.0030625668157639868 -0.014961254058552146 -0.0010363030517453371 -0.0029731758163171807 0.0027250423006114268 -0.012777710820299538 0.00021800793672267362 0.00070272608409678312 0.011065973768323186 -0.00031276495101684729 0.0032758097282517733 0.001469875106091188 0.0022252334554974246 0.0059386594927528331 0.00055958932760796678 -0.00069125941024668651
leaf_weight=3162.5494232177734 241170.90991210938 804789.46600341797 2975.169677734375 2796.8760213851929 4956.2775573730469 2649.41650390625 30056.269348144531 275757.85693359375 5883.039794921875 5670.7476348876953 286996.71716308594 376017.9736328125 5834.497673034668 413945.16258525848 7398.2148036956787 32008.470636367798 5134.0449829101562 820855.17651367188 333872.8271484375 4843.2953667640686 3088.3571434020996 7125.512451171875 388794.81842041016 2943.9988403320312 30502.507843017578 758234.61608886719 867238.68597412109 3135.3610534667969 3468.3490447998047 4080.8943748474121 11867.77409362793 14098.044834136963 32512.665283203125 144875.33786010742 11263.880082130432 12201.994140625 574499.59603881836 5589.76904296875 6662.9415321350098 8684.4690208435059 4578.1087951660156 21960.159423828125 25173.683349609375 967325.82716369629 4983.6192321777344 383335.56348896027 7367.3916625976562 25214.696166992188 3780.4168701171875 127232.30413818359 65721.063049316406 16058.232543945312 8045.7203140258789 661028.31640625 321840.04736328125 6639.580078125 33377.720306396484 30140.802917480469 8286.1940187215805 3463.1432934999466 11705.586669921875 37235.901611328125 433501.57193422318
leaf_count=1152 84494 276911 1130 1155 1661 1604 10577 103723 2263 1543 137550 131698 1846 152345 2448 11498 1998 357919 118664 1854 1160 1992 110269 1172 12332 246778 338998 1126 1118 1386 4633 5166 9704 67386 4583 5854 301245 2954 2526 2233 1800 7272 12252 302491 1626 151725 2872 8674 1210 23163 28769 5799 2547 218395 105399 1807 11181 10217 2828 1188 4262 12250 152207
internal_value=-5.1904e-06 0.000260223 0.00115675 0.00797475 -0.000557122 0.00012633 -0.00271029 -9.85594e-05 -0.000765542 -0.000460782 -0.000943529 -0.0015543 -0.00649981 0.0010184 0.00367843 0.00267627 -0.00211469 -0.000193781 0.000397682 0.00103311 0.00488828 -0.000454662 0.000134676 0.000588496 0.00305726 -0.000828676 0.00052678 6.08089e-05 0.00667553 -0.00430399 -0.00155174 -0.00695812 0.000206477 0.00019105 0.00497363 -0.00082476 -0.000529154 -0.00562724 -0.000930198 -0.00446426 -0.000459231 -0.00317619 0.00212753 0.000204251 0.00115659 0.000876352 0.00958421 -0.00451352 -0.00828418 1.38584e-05 -0.0018978 -0.000364331 -0.0096772 0.000538577 0.00107485 0.00270829 0.0018754 0.00406995 0.00461958 0.00838776 -3.93061e-05 0.00184793 -0.000105248
internal_weight=9.76564e+06 6.59448e+06 856886 17035.9 3.17116e+06 5.7376e+06 135806 3.85955e+06 744340 3.03535e+06 1.08095e+06 410896 23970.5 839850 42569.2 39406.7 10090.3 1.9544e+06 598193 357022 23149.3 1.35621e+06 523153 1.87805e+06 45797.5 1.04523e+06 1.83225e+06 3.11521e+06 20061 35717.5 17538.5 18178.9 333444 1.02746e+06 14060.8 833057 609277 8239.19 160223 15347.4 601038 26538.3 57686.3 2.50593e+06 35486.1 797281 10311.4 34878.2 9663.46 516027 111836 46114.5 13880.2 1.05616e+06 395134 73293.5 66653.9 33276.2 15217.7 6931.49 1.44977e+06 48941.5 1.40083e+06
internal_count=3596582 2435826 326036 6868 1160756 2109790 53197 1403734 269524 1107559 397056 143845 8052 319168 15098 13946 3659 710503 211306 126812 8148 499197 135424 706056 18002 384328 688054 1134210 6988 12728 6176 6552 125679 411143 5738 363773 314875 4558 72145 4759 310317 9072 21956 819335 13958 304070 4044 12147 3473 133432 45145 16376 4393 348125 129730 24331 22524 11343 5134 2306 471210 16512 454698
cat_boundaries=0 2 4 6 8 9 11 13 15 16 18 20 22 24 26 27 29 31 32
cat_threshold=519605272 116 1834327641 12 337718993 100 134217728 4 2383183896 593822808 49 210091137 13 1156579904 19 17449504 537725352 17 570428256 19 2284585112 16 68157440 16 101190672 80 1073816384 1914187760 69 16842757 4 2282160284
is_linear=0
shrinkage=0.03


Tree=38
num_leaves=64
num_cat=18
split_feature=7 3 3 0 1 10 1 3 19 10 19 1 1 19 14 6 7 1 0 1 10 0 1 10 1 19 14 10 1 16 6 10 8 14 6 14 1 10 6 19 1 0 4 0 1 0 1 19 1 1 8 4 0 19 19 1 0 1 10 1 10 11 19
split_gain=1569.39 1069.12 903.902 713.234 571.717 493.351 692.572 442.708 380.738 341.555 431.079 371.456 370.642 314.781 292.182 273.901 270.086 256.633 253.383 346.702 251.321 283.218 416.052 293.109 476.602 284.099 264.196 240.056 497.946 236.676 249.216 302.742 236.199 233.629 363.2 438.781 235.943 279.975 332.672 229.422 325.648 286.582 274.398 227.276 593.623 263.471 284.58 241.725 224.658 224.606 217.97 446.221 212.094 208.736 207.293 205.691 251.887 240.417 243.225 205.687 204.254 377.896 198.949
threshold=-0.47409187257289881 1.2055628299713137 -1.7656701207160947 731.50000000000011 0 1.0971629023551943 1 -0.1932459473609924 -0.80178231000900257 1.9918488860130312 0.95743000507354747 2 3 -0.88614046573638905 1.0163633823394778 0.87212488055229198 2.6530530452728276 4 127.50000000000001 5 0.10106483474373819 157.50000000000003 6 1.526500463485718 7 0.82685971260070812 0.39428141713142401 1.526500463485718 8 0.81020987033844005 -0.64668485522270192 -1.5217533111572263 0.49596138298511511 0.74418517947196972 0.6351950764656068 1.0163633823394778 9 1.2685531973838808 -0.33648444712162012 1.1253315210342409 10 172.50000000000003 -1.0004346668720243 928.50000000000011 11 788.50000000000011 12 -0.13794846087694165 13 14 6.9433093070983896 1.007509380578995 844.50000000000011 1.3512750267982485 1.697729289531708 15 97.500000000000014 16 -0.39147907495498652 17 -0.320750743150711 1.9390753507614138 2.3787169456481938
decision_type=2 2 2 2 1 2 1 2 2 2 2 1 1 2 2 2 2 1 2 1 2 2 1 2 1 2 2 2 1 2 2 2 2 2 2 2 1 2 2 2 1 2 2 2 1 2 1 2 1 1 2 2 2 2 2 1 2 1 2 1 2 2 2
left_child=2 3 5 7 33 8 -7 14 -1 10 18 32 -11 17 27 29 50 -3 19 -4 49 22 25 -23 -25 -22 -27 39 53 30 31 -13 -12 -5 36 -36 37 -35 -39 -2 41 42 -41 45 -45 47 -47 -20 -49 -9 55 -52 -37 -29 -14 56 57 -15 -59 -18 61 -16 -6
right_child=1 13 9 4 62 6 -8 20 -10 12 11 15 54 16 60 -17 59 -19 43 -21 21 23 -24 24 -26 26 -28 28 -30 -31 -32 -33 -34 34 35 52 -38 38 -40 40 -42 -43 -44 44 -46 46 -48 48 -50 -51 51 -53 -54 -55 -56 -57 -58 58 -60 -61 -62 -63 -64
leaf_value=0.011308240558050553 0.00028260186693302867 -0.0024452786050671574 0.0032074035655438823 -0.00091299885803348751 -0.00014527773619299925 0.02413785576431916 0.0048932786483595466 0.00035536643537862315 0.002349141851470653 -8.2518517342540184e-05 0.0033126181315828161 -0.010755181840459991 0.0047990769766557808 -0.003443355391623043 0.0021049451283497028 -0.012138612305128369 -0.0084845855985906556 -0.010285341392250874 0.00093469710583382224 0.00043177176524833595 -0.0030872493598346666 -0.0004434140269249931 -0.00079338486128005255 0.0048426040347803517 -0.00079950379158749219 -0.0054532426303223443 -0.017399676111297162 0.0052292178498486996 0.00022391046051839625 -0.0063098187812899355 -0.00012372030029471988 -0.0022061009011626726 -0.0004474951737796677 -0.002295656475884113 -0.012849358235921499 0.0014558929960117395 -0.00086921940681032714 -0.013216255783223448 -0.0019311068586666548 -0.015139870254668258 0.00031609794098610657 -0.0015592338815329752 -0.0046365982261801358 0.0040625199660037957 -0.00034578356965290054 -0.0011130009287670609 0.00046839586077212153 -0.00049577224699756152 0.00066389352793680488 -0.00031666981897684213 -0.0025609004039838157 -0.015828055489574385 -0.0064792447557791488 0.014456914021752285 0.013319735975294672 -0.0018439968854778313 -0.00071681094986437283 0.015250960271281283 0.0032466641425462407 -0.0021154002845958455 0.00085442008219931284 0.0098535722751368349 -0.0049704171136251323
leaf_weight=4857.1538391113281 1704526.1071777344 8551.9198532104492 78096.960739135742 477767.841796875 933045.3720703125 2644.0784912109375 4641.8538818359375 957030.43516659737 35047.691131591797 15691.00080871582 19251.455200195312 4752.8351440429688 18373.63005065918 2583.35498046875 52907.852294921875 2546.1883544921875 8525.9985961914062 6723.6875686645508 978444.9584312439 84146.793579101562 35314.728881835938 1056206.4599609375 129526.63977050781 25129.640289306641 29029.872406005859 4870.5459995269775 2533.3114223480225 12344.929473876953 30958.930145263672 10540.922485351562 42614.603603363037 17242.337863922119 68590.851440429688 95766.5439453125 5897.376708984375 5535.8895263671875 129923.34765625 4821.5319876670837 4587.4518990516663 2918.3151893615723 49605.064453125 25805.789489746094 9593.8839683532715 55164.931274414062 54793.208862304688 178119.73974609375 240927.1376953125 259354.62451171875 357679.11952590942 840803.5380859375 14291.849000930786 2710.7201061248779 6692.0867919921875 2685.2144775390625 2985.72021484375 207652.56669998169 162588.63647460938 2291.4851250648499 4498.5133452415466 9856.9694213867188 150014.84692382812 6339.5703125 7749.59765625
leaf_count=1640 654108 3572 30379 183387 353422 1045 1731 321018 13910 6338 9187 2957 7120 935 13375 683 3554 1950 351882 28127 13252 376642 45258 9147 11742 2592 658 4843 13067 2669 17927 10540 27297 21582 1565 1138 39501 1145 1000 1267 23694 11008 4117 21950 18259 64728 89232 109973 126546 322701 5851 849 1360 1216 1407 80144 70573 1013 2009 3605 38469 1568 4080
internal_value=-2.49197e-06 -0.000227737 0.000639559 -0.000135971 -0.000674084 0.0047525 0.0119288 3.9456e-05 0.00344091 0.000561579 0.000518381 -0.000959934 0.00342029 -0.00167796 0.000381335 -0.00247072 -0.00152224 -0.00590672 0.0006254 0.00176812 -0.000187805 -0.000508621 -0.00164047 -0.000333037 0.00181935 -0.00420733 -0.00954983 0.000260431 0.00240048 -0.00214271 -0.00146242 -0.00405546 0.000376667 -0.00130345 -0.00204016 -0.00613153 -0.0017246 -0.00278082 -0.00771801 0.000205516 -0.00128884 -0.0033655 -0.00709143 0.000538128 0.00186624 0.000465632 -0.000203812 0.000641459 0.00017646 4.10715e-05 -0.00135743 -0.00468011 -0.0028877 0.00687748 0.00599017 -0.00120855 -0.000441053 0.00433956 0.00729537 -0.00507669 0.00144349 0.00293482 -0.000185048
internal_weight=9.76672e+06 7.23021e+06 2.53651e+06 6.79993e+06 1.67179e+06 47190.8 7285.93 5.12815e+06 39904.8 2.48932e+06 2.45227e+06 165539 37050.4 430276 2.0477e+06 77696.9 415000 15275.6 2.28673e+06 162244 3.08045e+06 1.28261e+06 172245 1.11037e+06 54159.5 42718.6 7403.86 1.83844e+06 45989.1 75150.7 64609.8 21995.2 87842.3 730992 253224 18125.4 235099 105176 9408.98 1.79245e+06 87923.1 38318 12512.2 2.12448e+06 109958 2.01453e+06 419047 1.59548e+06 617034 1.79783e+06 396617 17002.6 12228 15030.1 21359.4 379615 171962 9373.35 6790 18383 209262 59247.4 940795
internal_count=3597504 2651977 945527 2477922 608180 18326 2776 1869742 15550 927201 912336 71260 14865 174055 766732 34776 168533 5522 841076 58506 1103010 459291 61760 397531 20889 16502 3250 713320 19126 34093 31424 13497 36484 250678 67291 4063 63228 23727 2145 694194 40086 16392 5384 782570 40209 742361 153960 588401 236519 643719 161374 6700 2498 6059 8527 154674 74530 3957 3022 7159 53412 14943 357502
cat_boundaries=0 2 4 6 8 10 12 14 16 18 19 21 23 25 27 29 31 33 35
cat_threshold=3758240742 26 2624496776 2 2307623388 91 825343298 73 2847216340 107 3517041461 46 654352705 1 3171893439 1 2404254096 10 1610621216 778589857 101 536665096 44 4051710758 99 435913552 50 186038575 37 1747217916 38 536879240 2 2484528532 120
is_linear=0
shrinkage=0.03


Tree=39
num_leaves=64
num_cat=17
split_feature=5 2 0 4 18 7 1 10 1 2 0 19 1 18 4 18 1 19 0 2 1 1 1 8 1 11 1 11 8 1 10 1 8 0 18 1 9 10 4 10 1 10 9 6 6 9 12 1 0 4 14 0 6 0 1 0 0 1 0 4 10 1 19
split_gain=1397.46 1038.14 1168.66 1158.94 1001.02 956.834 638.654 539.956 689.262 483.089 495.975 500.094 593.644 482.814 482.226 613.544 427.775 397 410.491 482.16 450.711 442.674 392.602 359.04 611.361 435.502 633.574 984.507 1083.31 385.945 320.378 631.007 333.825 321.039 316.414 357.225 916.29 292.122 281.196 280.862 378.905 278.5 318.087 272.679 397.822 268.758 616.868 1165.17 268.163 264.563 257.798 249.624 241.546 488.979 294.418 261.551 438.323 337.412 233.595 235.813 232.394 370.996 242.344
threshold=-0.68670770525932301 -1.3434706330299375 172.50000000000003 -0.17717035114765164 -1.6516116857528684 0.38560748100280767 0 1.9918488860130312 1 -1.3434706330299375 788.50000000000011 -0.38268113136291498 2 -0.75570687651634205 -0.13379042595624921 1.3005267977714541 3 0.050588730722665794 307.50000000000006 -0.84180259704589833 4 5 6 2.749201893806458 7 1.0000000180025095e-35 8 -0.5414726436138152 3.1349571943283085 9 -2.4717153310775752 10 0.25952006876468664 187.50000000000003 -0.52634912729263295 11 -0.30175964534282679 -1.1474289894104002 -1.5335670113563535 1.526500463485718 12 -0.084593739360570894 -0.58346647024154652 -0.64668485522270192 -0.26201818883419031 -0.75731849670410145 -0.64022961258888234 13 646.50000000000011 -1.7580090165138242 0.51059040427207958 142.50000000000003 -0.032709538936614983 217.50000000000003 14 470.50000000000006 688.50000000000011 15 928.50000000000011 -1.3140000104904173 1.526500463485718 16 0.72087940573692333
decision_type=2 2 2 2 2 2 1 2 1 2 2 2 1 2 2 2 1 2 2 2 1 1 1 2 1 2 1 2 2 1 2 1 2 2 2 1 2 2 2 2 1 2 2 2 2 2 2 1 2 2 2 2 2 2 1 2 2 1 2 2 2 1 2
left_child=1 2 3 -1 6 17 -4 52 -9 10 11 13 -13 -7 15 -15 -12 18 19 21 45 -2 49 29 25 26 27 -25 -29 38 31 33 -33 -31 -20 36 -36 -22 -19 48 -41 42 -40 -35 -45 46 -21 -48 -11 -3 51 -23 53 -6 -55 -54 57 -57 59 -32 62 -62 -24
right_child=5 22 4 -5 7 9 -8 8 -10 39 16 12 -14 14 -16 -17 -18 23 34 20 37 50 60 24 -26 -27 -28 28 -30 30 58 32 -34 43 35 -37 -38 -39 41 40 -42 -43 -44 44 -46 -47 47 -49 -50 -51 -52 -53 55 54 -56 56 -58 -59 -60 -61 61 -63 -64
leaf_value=-0.00043124706448790726 8.072141657229138e-05 -0.0014543247724617572 0.013548437853404614 0.022475957327068433 0.013862552661445654 0.0028056202754480255 0.0021501429671895592 0.016482879193832012 -0.00037772941315909606 -0.00045522110562576628 -0.000173195757744587 0.0044166172368831184 -0.0024610832882136901 -0.0060379560284053273 -0.0017961574227537429 -0.021073599935234638 -0.0078174662419004531 -0.0016757410097128886 0.00056676178875968999 0.0023589185175232038 -0.0035151569759390142 0.012720084007473934 0.00082074723519738894 -0.022885391254798593 7.4279224795784023e-05 -0.0012867459102650386 -0.0024323161422734776 -0.023365080473365933 -0.0022035726956981662 0.0096031777485254925 0.00084774434264568482 -0.0023127077361994488 -0.013380477682450371 -0.010034307786863636 -0.0014045438446876738 -8.5309472818817254e-05 -0.018010875778376068 0.00022943516925256563 0.00052633105701097222 -0.00090927829708382739 0.0030178225717008992 4.58562599475142e-05 0.0030512279299271497 0.0083615674680098725 -0.0058274632536701176 0.0012549267898358956 0.028326722013633995 0.0011471465469349022 -0.0011690027375515827 0.00016851058334101419 0.012855525347209714 0.0032929764392227051 -0.0069713084181907484 0.0051765994585477523 -0.00044748963133341461 -0.0004329787250579774 -0.0030537049505155924 0.01255760693584311 0.0022298852000356751 -0.00090000251462859962 0.0063995958806094422 0.00057992300305853214 -0.00063510961350240851
leaf_weight=3144.5427503585815 13942.863723754883 99156.9453125 10797.772159576416 5397.4139757156372 2786.7698600292206 6015.7585906982422 7516.369556427002 4445.0224838256836 4280.3785171508789 1273315.6954956055 9040.6295166015625 20125.199016571045 25703.585834503174 7204.9732886552811 9130.3198784589767 3695.2562866210938 24359.695556640625 43860.482421875 690082.7841796875 30811.872484207153 19643.425140380859 3128.4405088424683 1315017.4336547852 3592.7105026245117 193204.77624511719 147985.08740234375 55150.025512695312 2581.1679229736328 13777.242179870605 2721.4530029296875 83014.239761352539 3817.6404128074646 6867.1192917823792 2752.7512850761414 98879.104873657227 1954569.849609375 3078.7144622802734 409971.70482003689 96260.20361328125 45335.929077148438 43143.153930664062 184148.0539855957 84171.543609619141 3459.4645023345947 3649.2560753822327 205930.62428283691 2510.8525543212891 3256.0221538543701 754352.82305908203 1024518.6426391602 5080.1177339553833 13117.362701416016 6714.0453448295593 11070.102116584778 34290.667731046677 3705.2223281860352 15663.794738769531 3489.58203125 27369.060760498047 426007.69026184082 16914.004821777344 23628.136779785156 111638.13757324219
leaf_count=1238 5206 38229 3315 1921 1061 1980 2741 1495 1620 473981 4157 7077 9542 2365 3416 1208 7940 18109 246596 10264 6553 1005 472813 1979 73925 44947 19878 914 5713 1125 38522 2254 3207 1427 35931 696263 1237 132392 39425 16738 17692 76546 33838 1056 1097 83143 943 1442 280990 376016 1443 4393 1977 3153 13977 1101 4742 1063 11464 179247 7488 7794 46099
internal_value=-9.68934e-06 0.000570215 0.003381 0.0140478 0.00251062 -0.000231815 0.00888086 0.0011606 0.00823462 -0.000747254 -0.00273069 -0.00132682 0.000559761 -0.00464574 -0.00688375 -0.0111425 -0.00575108 4.83604e-06 0.000176878 0.000821311 0.000641879 0.0042402 0.00044729 -0.000424401 -0.00116115 -0.00223099 -0.00409168 -0.00867125 -0.00554873 -0.000107586 -0.000619292 -0.00406524 -0.00942011 0.000490858 1.09019e-05 -0.000175622 -0.00190666 5.81798e-05 0.000593569 -0.000648574 0.00100591 0.000866613 0.00170425 -0.00202695 0.00107866 0.00167583 0.0040454 0.0130463 -0.000720771 2.53e-05 0.0069557 0.0051117 0.00036594 0.0016766 0.000926507 -0.00176789 -0.000238348 0.00588882 -0.000469788 -0.000614964 0.000770471 0.00301008 0.000706822
internal_weight=9.76399e+06 2.70417e+06 113302 8541.96 104760 7.05982e+06 18314.1 86445.6 8725.4 2.22142e+06 105275 71875.1 45828.8 26046.3 20030.5 10900.2 33400.3 4.83839e+06 3.454e+06 707393 672125 35268.8 2.59087e+06 1.38439e+06 416291 223086 75101.1 19951.1 16358.4 968099 559659 23267.7 10684.8 12582.9 2.74661e+06 2.05653e+06 101958 429615 408440 2.11615e+06 88479.1 364580 180432 9861.47 7108.72 242509 36578.7 5766.87 2.02767e+06 1.12368e+06 21325.9 16245.8 77720.2 48147.5 45360.8 29572.6 22858.6 7194.8 536391 509022 1.4672e+06 40542.1 1.42666e+06
internal_count=3596413 987843 39404 3159 36245 2608570 6056 30189 3115 827086 37685 25588 16619 8969 6989 3573 12097 1781484 1226811 246784 234737 12047 948439 554673 147356 73431 28484 8606 6627 407317 239399 10166 5461 4705 980027 733431 37168 138945 167918 789401 34430 149809 73263 3580 2153 95792 12649 2385 754971 414245 6841 5398 27074 18191 17130 8883 6906 2164 229233 217769 534194 15282 518912
cat_boundaries=0 2 4 6 8 10 12 14 16 17 19 21 22 24 26 28 30 32
cat_threshold=3528390952 46 3939078196 53 4014899260 16 431276032 96 3808510724 63 65249601 107 3775017832 115 1665225382 2 1073742340 1665757853 10 2418051106 68 1073741828 1085389921 86 1627389952 4 3357026304 7 1580930 31 504676496 8
is_linear=0
shrinkage=0.03


Tree=40
num_leaves=64
num_cat=18
split_feature=3 10 7 1 3 0 0 5 2 12 2 3 2 1 1 5 1 7 1 4 1 1 3 4 13 10 1 0 10 1 11 11 10 1 0 1 0 0 12 10 1 12 11 5 0 16 1 6 15 1 2 0 16 9 1 1 10 0 0 1 10 1 2
split_gain=1417.22 887.61 778.827 747.909 589.626 549.443 525.214 496.295 895.507 497.291 435.829 420.221 389.168 466.992 374.842 372.924 313.386 305.075 295.927 284.017 272.511 255.79 237.691 237.16 249.103 236.12 357.169 294.614 254.835 283.964 288.578 387.646 284.44 242.063 264.372 382.769 232.358 228.686 219.53 215.346 287.262 212.795 211.039 206.032 205.986 410.441 202.869 430.907 1249.7 195.705 195.087 276.457 288.703 269.217 193.075 191.768 191.215 186.171 202.794 182.453 176.288 297.195 176.084
threshold=-0.1932459473609924 1.9918488860130312 0.21954149007797244 0 1.7640202045440676 942.50000000000011 646.50000000000011 -1.9815356135368345 -0.84180259704589833 -0.2909384816884994 -1.1064002513885496 -1.4995263218879697 -1.8392598628997801 1 2 0.7550463378429414 3 -1.0470342636108396 4 -0.13379042595624921 5 6 0.95106795430183422 0.29658980667591101 0.26664765179157263 0.039558771997690208 7 187.50000000000003 -1.0232232213020322 8 1.3945708870887759 0.93049275875091564 -2.4717153310775752 9 830.50000000000011 10 759.50000000000011 646.50000000000011 -0.85646843910217274 1.9918488860130312 11 -0.50889402627944935 1.9390753507614138 1.7954444885253908 336.50000000000006 1.3221465945243838 12 0.6351950764656068 -1.8089315891265867 13 -0.75336000323295582 872.50000000000011 0.30528530478477484 -0.60235068202018727 14 15 -0.62296181917190541 440.50000000000006 202.50000000000003 16 1.9918488860130312 17 0.23950560390949252
decision_type=2 2 2 1 2 2 2 2 2 2 2 2 2 1 1 2 1 2 1 2 1 1 2 2 2 2 1 2 2 1 2 2 2 1 2 1 2 2 2 2 1 2 2 2 2 2 1 2 2 1 2 2 2 2 1 1 2 2 2 1 2 1 2
left_child=1 7 17 11 6 12 39 8 16 15 19 -3 13 -5 -10 25 -1 60 50 43 -12 23 46 24 -11 26 27 -9 29 30 31 41 -31 -27 -35 -36 -18 -32 -13 49 -41 57 -29 -6 45 -23 47 -19 -49 -4 51 -8 -53 -54 -14 -17 -44 58 -28 -60 -2 -62 -34
right_child=2 3 4 5 10 -7 18 9 14 21 20 38 54 -15 -16 55 36 22 -20 -21 -22 44 -24 -25 -26 33 28 42 -30 32 37 -33 62 34 35 -37 -38 -39 -40 40 -42 -43 56 -45 -46 -47 -48 48 -50 -51 -52 52 53 -55 -56 -57 -58 -59 59 -61 61 -63 -64
leaf_value=0.0099905314449974473 0.00051400727256489473 0.021514060211904992 -0.00086854810950057605 0.019148614318508516 -0.0058465710740960592 -0.0082932809797326978 -0.0023287385630138316 0.0029107758152095427 -0.00057632546580206655 0.0020548466437672504 0.0012543262709603399 0.014420389873831891 0.0052002768364285299 0.0031840868239303589 0.0025338910651459142 -0.00079490821026137275 0.007394645754188015 -0.0006117382432402152 -0.00084970751097259616 -0.00053235339950743631 -0.0037386326045217087 0.0021441976962191254 -0.00074984230356468957 0.011156453310515105 0.011319148410683865 0.0007892992620966271 -0.00056732820928252845 0.000851202066984325 0.00048995512310797849 -0.0070839678539424307 0.00068965577330659341 -0.0065892108470133924 0.0003651220647992138 7.2331692081415935e-05 0.00021385513067309601 -0.0027207046358904267 0.00086628123820449963 0.0085680420627573806 0.0041357607189078703 -0.0013074674276096817 0.0053485393078433613 -0.0060055911472121273 0.0098271168516898388 -0.013836196970052572 0.00066994010886980006 0.011771721942941274 4.3193547167287849e-05 -0.022077656059428911 -0.00054326890103485726 -9.9564622556135154e-05 -0.0017240845400429026 -0.0020083025252494975 -0.017346872596970653 -0.0060148084469683347 0.00060297533338084242 0.00015624747292079417 0.0023355568537916207 -0.00072559150571858814 0.0093728669782892592 0.0025595988941893182 -0.0018499614489540348 0.0068980768536710587 -0.0031351467610818496
leaf_weight=13190.451599121094 578312.501953125 2695.4784545898438 438943.96319580078 2896.7276382446289 5272.9890456199646 3891.0174255371094 28194.228881835938 78559.463531494141 73005.219635009766 17562.831817626953 14314.851322174072 2917.2172226905823 12732.500225067139 3841.1393661499023 66751.589447021484 405076.66174316406 9451.1408081054688 155612.27075195312 544778.42004394531 3505.6386399269104 31419.302242279053 31932.419219970703 491356.6279296875 4327.4595336914062 3064.3213500976562 319480.2744140625 11483.445837974548 543654.89184570312 765351.71536254883 9877.01953125 7264.7871460914612 8353.0174317359924 23860.918212890625 708284.96875 78709.406005859375 81335.026611328125 10201.914184570312 6096.9058837890625 5194.7667860984802 10128.251235961914 13746.683334350586 4569.7012977600098 4254.6791076660156 6496.46484375 89077.036499023438 4549.3341064453125 2354847.3639997244 3343.1749267578125 8801.2344970703125 926663.04888916016 234464.3779296875 4893.5381393432617 3569.1365985870361 4014.2345638275146 23189.598194122314 360581.0908203125 10962.692718505859 36619.793464660645 5040.0394287109375 11894.373962402344 5425.10546875 9797.439453125 28240.10400390625
leaf_count=4393 222541 1158 177164 1011 1933 1176 9738 24994 23971 8446 5369 1184 3763 1415 26241 128769 3017 66225 200215 1222 13289 16591 198642 1350 1494 169489 5232 174776 301331 4537 1217 1723 10515 221653 24372 24305 3360 999 2767 4071 5010 2195 999 2115 43486 1364 827109 1472 2953 316341 82178 2158 900 1334 9894 155021 2794 16661 1658 5848 2096 4078 13519
internal_value=-3.75411e-06 0.000440441 -0.000297725 0.00414459 -0.000733017 0.0024912 -0.000652675 0.000385 0.00195702 0.000310865 -0.00364226 0.0112491 0.0034763 0.0100897 0.000909375 0.000238446 0.00641418 -2.37692e-05 -0.00125481 -0.00802892 -0.00217641 0.00199941 -0.000146196 0.00477285 0.00343354 0.000401803 0.000644945 0.00119057 0.000266329 -0.000850088 0.000213709 -0.000484516 -0.00241709 8.32751e-05 -0.000176499 -0.00127769 0.00400481 0.0042864 0.00784091 -0.00029736 0.00252693 0.00024848 0.00094876 -0.0102607 0.00144753 0.00334621 -2.86157e-05 -0.00103653 -0.00647801 -0.000346747 -0.00205679 -0.00397485 -0.00769215 -0.0113562 0.00223459 -0.000346978 0.00443269 0.000688334 0.00251015 0.00459658 0.000597908 0.00378413 -0.00153223
internal_weight=9.76792e+06 3.89002e+06 5.8779e+06 57358.4 2.27041e+06 46551 2.2094e+06 3.83266e+06 172600 3.66006e+06 61009.2 10807.5 42660 6737.87 139757 3.50955e+06 32843.5 3.6075e+06 819914 15275.1 45734.2 150513 3.01396e+06 24954.6 20627.2 2.74389e+06 1.55608e+06 637432 918652 153300 91322.1 77960.4 61978 1.18781e+06 868329 160044 19653.1 13361.7 8111.98 1.38948e+06 23874.9 69607.4 558872 11769.5 125559 36481.8 2.5226e+06 167757 12144.4 1.36561e+06 275136 40671.1 12476.9 7583.37 35922.1 765658 15217.4 65037.7 28417.9 16934.4 593535 15222.5 52101
internal_count=3596841 1448688 2148153 22368 823037 17259 799109 1426320 60982 1365338 23928 5109 16083 2426 50212 1292607 10770 1325116 296523 5270 18658 72731 1096401 11290 9940 1008817 568998 203563 365435 64104 35533 33317 28571 439819 270330 48677 6377 2216 3951 502586 9081 31594 178569 4048 61441 17955 897759 70650 4425 493505 96308 14130 4392 2234 13657 283790 3793 29399 12738 7506 228715 6174 24034
cat_boundaries=0 1 3 5 7 9 11 12 14 16 18 20 22 23 25 27 29 31 33
cat_threshold=2403598360 814276772 17 3779768636 81 2489249840 32 3221273440 26 38332784 71 2214660512 8500615 13 2638874648 96 2889138256 37 315298313 18 2465204546 86 1610613248 365450816 25 537537408 75 1385376671 64 2064 64 30448898 67
is_linear=0
shrinkage=0.03


Tree=41
num_leaves=64
num_cat=14
split_feature=5 10 3 2 0 2 3 2 4 10 10 17 17 17 16 4 0 4 16 6 10 0 2 17 17 17 10 16 9 6 14 12 5 17 2 10 0 18 4 4 5 0 17 5 0 17 2 17 16 2 17 0 12 10 5 17 17 14 4 14 4 17 6
split_gain=1284.7 874.931 849.824 672.189 520.387 546.082 512.309 498.922 423.029 387.496 428.23 554.167 361.412 334.816 329.225 376.393 361.639 487.47 388.639 347.292 565.267 322.825 362.727 474.552 318.311 292.213 368.269 282.454 279.023 289.452 277.25 302.326 275.745 272.991 263.49 538.645 262.529 260.615 403.922 544.817 482.413 259.741 256.799 255.236 251.264 249.4 248.904 244.916 253.571 314.399 283.418 251.641 247.723 247.564 241.621 243.547 241.024 237.688 235.524 584.283 295.025 427.514 427.278
threshold=-0.6327262520790099 1.526500463485718 0.63265207409858715 -1.8392598628997801 773.50000000000011 -1.3434706330299375 -1.3360869288444517 -1.8392598628997801 -0.13379042595624921 0.10106483474373819 1.526500463485718 0 1 2 0.14144571870565417 -0.17717035114765164 788.50000000000011 2.2173740267753606 1.6026234030723574 1.0800945162773135 -0.68253973126411427 277.50000000000006 -0.24996016174554822 3 4 5 -1.5217533111572263 0.36483025550842291 -0.75731849670410145 -0.26201818883419031 -0.085610214620828615 -0.8998541235923766 1.6443790793418886 6 0.12920522689819339 -2.4717153310775752 396.50000000000006 1.6505818963050845 -0.13379042595624921 0.60955399274826061 -1.4566094875335691 528.50000000000011 7 -1.3648995757102964 928.50000000000011 8 0.15814169496297839 9 0.18933245539665225 1.1388174295425417 10 942.50000000000011 -0.74186155200004567 -0.8261502981185912 -2.2401353120803829 11 12 0.74418517947196972 0.063367111608386054 -0.17379648983478543 0.38342870771884924 13 -0.39705257117748255
decision_type=2 2 2 2 2 2 2 2 2 2 2 1 1 1 2 2 2 2 2 2 2 2 2 1 1 1 2 2 2 2 2 2 2 1 2 2 2 2 2 2 2 2 1 2 2 1 2 1 2 2 1 2 2 2 2 1 1 2 2 2 2 1 2
left_child=1 14 4 6 9 24 -3 8 32 21 -11 -12 28 44 15 -1 19 18 47 34 -21 22 23 -2 57 58 27 30 29 -5 -27 -32 -4 -23 35 -16 -10 -37 -39 40 -40 -34 -25 -14 -7 -43 -33 51 -49 -50 53 -18 -52 -51 55 -17 -48 -6 -24 -60 61 62 -61
right_child=2 3 7 12 5 13 -8 -9 36 10 11 -13 43 -15 16 54 17 -19 -20 20 -22 33 25 42 -26 26 -28 -29 -30 -31 31 46 41 -35 -36 37 -38 38 39 -41 -42 45 -44 -45 -46 -47 56 48 49 50 52 -53 -54 -55 -56 -57 -58 -59 59 60 -62 -63 -64
leaf_value=0.00024850984999796709 0.006622285497648624 0.020330685007110376 -0.0025058958167343639 -0.010472767881096046 -0.0048047165703920145 -0.00015380828940747036 0.0061362039827066346 -0.0007620477529274776 0.0072035112001023489 -0.00034548573021863998 -0.00089723543404186519 0.0037136122557025874 0.0070671131823278593 -0.00091597118244072433 -0.0087019698886463791 0.0075359800136828616 0.00031901427879016099 -0.011702059992830973 -0.0045640766632365761 0.0092165154145365368 0.00099736240323085572 0.00080619691175732059 0.00031239961191066546 -0.0015040196923880741 -0.0010666031225384292 -0.0077521243198078633 0.00012788162033976894 -0.010271230786970646 0.0017011000232058759 0.001190583146219808 -0.009232721114071472 0.011280678213829502 -0.015039755255916049 -6.205710502248209e-05 -0.00012202887714361657 0.00075670827402677678 -0.0025479263294056389 -0.00098187238342956626 0.019053595632124349 0.0018283496315723445 0.0045672730436558178 -0.00060710472697089984 0.0022578589715755424 0.002226777175823264 0.0018427048860042271 -0.011692797958378078 0.0051170357855256773 -0.0037673314563464416 -0.0010623915172123307 0.01098999440500632 -0.0034455381888867606 0.0047486919487717367 0.0029460064542643867 0.0025799836898641455 0.001122684179839962 0.0021747625326150738 -0.006250158674133208 -0.012796735731280227 0.012799414358622882 0.014866323486977194 0.00090159531607912115 0.00027309521798425196 0.0045018671265639916
leaf_weight=620064.21078491211 19639.447204589844 3276.7527770996094 6900.8307219743729 3816.9655032157898 22025.846755981445 303628.66748809814 7584.9474182128906 1431725.453125 2941.6729248762131 1697056.3955078125 41349.77978515625 54200.45458984375 18867.414215087891 625604.14501190186 5263.5302734375 10088.109481811523 83126.156038284302 3583.0263671875 20799.310546875 10303.716247558594 27952.125549316406 419390.81005859375 170676.79893875122 20115.046691894531 21240.400161743164 5339.5048065185547 215292.66277509928 4941.5362777709961 34469.799694061279 3836.2897763252258 2281.1648721694946 2386.9496641159058 5277.9414825439453 1461959.5434570312 583739.85661506653 428696.34863090515 15847.683731079102 10789.111968040466 4283.5628356933594 10763.191912174225 4005.3274521827698 3569.9768874645233 86651.2939453125 20420.385303497314 69762.955078125 3742.1481583118439 3728.8711595535278 24241.307580947876 171596.56258773804 4618.3501281738281 10587.452088594437 13398.13134765625 11253.043360471725 9900.8279228210449 667353.24429321289 31265.160049438477 3028.547926902771 3948.5460510253906 4287.7124328613281 4309.1543979644775 134540.16760253906 18594.229595184326 21088.860738754272
leaf_count=281012 8203 1208 2535 1294 7010 132078 2687 557337 1066 622185 17878 20560 7094 202160 1792 4796 22255 1261 4273 2232 6511 138441 55845 5180 8905 3671 94665 1603 12817 979 915 1176 1656 541570 178864 126894 5562 3386 1237 3089 1216 1282 30259 8230 30216 1223 1517 7657 54071 1648 3178 3668 4085 3889 281589 12606 1688 1020 1683 1519 39522 5563 5918
internal_value=8.94015e-06 0.000543638 -0.000212457 0.00341732 -3.94292e-05 -0.000640694 0.0104258 -0.000852429 -0.00423224 0.000103835 -0.000235461 0.0017186 0.00248168 -0.00049168 0.000447825 0.000788312 0.000133398 -0.000700597 -0.000587653 0.000404617 0.003212 0.000337924 0.000879634 0.0023381 -0.00379323 0.000567407 -0.000247646 -0.00397153 0.000550379 -0.00462941 -0.00211217 0.000525798 -0.00732808 0.0001315 0.000302077 0.000835853 -0.00101973 0.000945431 0.00365602 0.00628201 0.0120605 -0.00996916 0.001549 0.00455073 0.000219226 -0.00630139 0.00296389 -0.000335986 -0.000863928 -0.000525439 0.00200846 0.000933997 -0.000152384 0.00525434 0.00126059 0.00348573 1.99433e-05 -0.00601955 0.00111382 0.00186205 0.00159902 0.00373159 0.00626047
internal_weight=9.76702e+06 2.85994e+06 6.90708e+06 92272.6 5.43707e+06 1.04621e+06 10861.7 1.47001e+06 38280.3 4.39086e+06 1.79261e+06 95550.2 81410.9 998996 2.76767e+06 1.32877e+06 1.4389e+06 353104 349521 1.0858e+06 38255.8 2.59825e+06 716902 126406 47214.8 590496 236999 21706.6 42123.1 7653.26 16765 11425.5 19490.9 1.88135e+06 1.04754e+06 463801 18789.4 458538 29841.2 19052.1 8288.89 12590.1 106766 39287.8 373392 7312.13 9144.37 328722 232198 207956 36359.7 96524.3 21840.5 14519.2 708707 41353.3 6757.42 25974.4 353497 182820 178532 43992.2 25398
internal_count=3597129 1045518 2551611 34309 1980950 381389 3895 570661 13324 1599561 660623 38438 30414 364454 1011209 580003 431206 105985 104724 325221 8743 938938 258927 43642 16935 215285 105235 10570 15090 2273 8967 5296 6696 680011 316478 137614 6628 135822 8928 5542 2453 4161 35439 15324 162294 2505 4381 100451 74528 66871 12800 25923 7263 5537 298991 17402 3205 8030 110050 54205 52522 13000 7437
cat_boundaries=0 1 2 3 4 5 6 7 8 9 10 11 12 13 14
cat_threshold=15016288 32314944 2188007 19530376 26007234 16167680 37932032 13631489 41628424 4325635 544928 8390776 16843834 8655104
is_linear=0
shrinkage=0.03


end of trees

feature_importances:
symbol_id=611
time_id=263
feature_58=240
feature_08=185
feature_36=172
feature_70=167
feature_11=143
feature_04=124
feature_61=95
feature_06=90
feature_31=84
feature_01=77
feature_21=64
feature_20=63
feature_29=59
feature_24=55
feature_30=49
feature_23=42
feature_27=41
feature_28=22

parameters:
[boosting: gbdt]
[objective: regression]
[metric: rmse]
[tree_learner: serial]
[device_type: gpu]
[data_sample_strategy: bagging]
[data: ]
[valid: ]
[num_iterations: 2000]
[learning_rate: 0.03]
[num_leaves: 64]
[num_threads: 0]
[seed: 42]
[deterministic: 0]
[force_col_wise: 1]
[force_row_wise: 0]
[histogram_pool_size: -1]
[max_depth: -1]
[min_data_in_leaf: 1000]
[min_sum_hessian_in_leaf: 0.001]
[bagging_fraction: 0.8]
[pos_bagging_fraction: 1]
[neg_bagging_fraction: 1]
[bagging_freq: 1]
[bagging_seed: 400]
[bagging_by_query: 0]
[feature_fraction: 0.8]
[feature_fraction_bynode: 1]
[feature_fraction_seed: 30056]
[extra_trees: 0]
[extra_seed: 12879]
[early_stopping_round: 0]
[early_stopping_min_delta: 0]
[first_metric_only: 0]
[max_delta_step: 0]
[lambda_l1: 0]
[lambda_l2: 5]
[linear_lambda: 0]
[min_gain_to_split: 0]
[drop_rate: 0.1]
[max_drop: 50]
[skip_drop: 0.5]
[xgboost_dart_mode: 0]
[uniform_drop: 0]
[drop_seed: 17869]
[top_rate: 0.2]
[other_rate: 0.1]
[min_data_per_group: 100]
[max_cat_threshold: 32]
[cat_l2: 10]
[cat_smooth: 10]
[max_cat_to_onehot: 4]
[top_k: 20]
[monotone_constraints: ]
[monotone_constraints_method: basic]
[monotone_penalty: 0]
[feature_contri: ]
[forcedsplits_filename: ]
[refit_decay_rate: 0.9]
[cegb_tradeoff: 1]
[cegb_penalty_split: 0]
[cegb_penalty_feature_lazy: ]
[cegb_penalty_feature_coupled: ]
[path_smooth: 0]
[interaction_constraints: ]
[verbosity: -1]
[saved_feature_importance_type: 0]
[use_quantized_grad: 0]
[num_grad_quant_bins: 4]
[quant_train_renew_leaf: 0]
[stochastic_rounding: 1]
[linear_tree: 0]
[max_bin: 63]
[max_bin_by_feature: ]
[min_data_in_bin: 3]
[bin_construct_sample_cnt: 200000]
[data_random_seed: 175]
[is_enable_sparse: 1]
[enable_bundle: 1]
[use_missing: 1]
[zero_as_missing: 0]
[feature_pre_filter: 0]
[pre_partition: 0]
[two_round: 0]
[header: 0]
[label_column: ]
[weight_column: ]
[group_column: ]
[ignore_column: ]
[categorical_feature: 1,17]
[forcedbins_filename: ]
[precise_float_parser: 0]
[parser_config_file: ]
[objective_seed: 16083]
[num_class: 1]
[is_unbalance: 0]
[scale_pos_weight: 1]
[sigmoid: 1]
[boost_from_average: 1]
[reg_sqrt: 0]
[alpha: 0.9]
[fair_c: 1]
[poisson_max_delta_step: 0.7]
[tweedie_variance_power: 1.5]
[lambdarank_truncation_level: 30]
[lambdarank_norm: 1]
[label_gain: ]
[lambdarank_position_bias_regularization: 0]
[eval_at: ]
[multi_error_top_k: 1]
[auc_mu_weights: ]
[num_machines: 1]
[local_listen_port: 12400]
[time_out: 120]
[machine_list_filename: ]
[machines: ]
[gpu_platform_id: -1]
[gpu_device_id: -1]
[gpu_device_id_list: ]
[gpu_use_dp: 0]
[num_gpu: 1]

end of parameters

pandas_categorical:[[0, 1, 2, 3, 4, 5, 6, 7, 8, 9, 10, 11, 12, 13, 14, 15, 16, 17, 18, 19, 20, 21, 22, 23, 24, 25, 26, 27, 28, 29, 30, 31, 32, 33, 34, 35, 36, 37, 38], [9, 11, 13, 16, 24, 25, 34, 40, 50, 59, 62, 66, 76, 150, 158, 171, 214, 230, 261, 336, 376, 388, 410, 522, 534, 539]]
