tree
version=v4
num_class=1
num_tree_per_iteration=1
label_index=0
max_feature_idx=19
objective=regression
feature_names=time_id symbol_id feature_08 feature_36 feature_61 feature_04 feature_20 feature_06 feature_24 feature_29 feature_58 feature_23 feature_30 feature_28 feature_31 feature_27 feature_21 feature_11 feature_01 feature_70
feature_infos=[68:967] -1:26:20:30:34:28:3:22:24:12:7:11:23:36:38:14:32:17:21:5:10:6:8:2:16:19:37:1:15:13:25:0:18:4:29:31:9:33:35:27 [-6.1726241111755371:10.536098480224609] [-3.6331501007080078:3.9081733226776123] [-3.0402381420135498:2.5774424076080322] [-3.6992583274841309:3.4615104198455811] [-3.5648505687713623:2.0042605400085449] [-15.321038246154785:21.620344161987305] [-1.4127810001373291:10.744451522827148] [-1.5957297086715698:2.7339985370635986] [-14.244846343994141:22.735517501831055] [-1.9807209968566895:2.7033905982971191] [-1.4726793766021729:0.8173288106918335] [-3.0834453105926514:2.4178903102874756] [-0.40096586942672729:4.1158304214477539] [-3.3220875263214111:2.6435503959655762] [-0.38646817207336426:3.4403641223907471] -1:12:16:14:13:1:5:23:8:24:2:7:22:18:21:3:20:15:6:10:9:17:11:0:19:4:25 [-3.5904271602630615:6.0791192054748535] [-1.5614051818847656:38.477703094482422]
tree_sizes=7344 7287 7286 7339 7295 7360 7303 7321 7325 7310 7378 7282 7311 7307 7351 7341 7307 7339 7323 7320 7315 7309 7291 7351 7357 7321 7334 7319 7279

Tree=0
num_leaves=64
num_cat=16
split_feature=5 10 7 7 5 0 1 0 17 5 19 1 1 1 5 19 0 1 0 1 19 16 10 14 7 1 0 8 1 19 1 14 11 10 19 8 1 11 14 16 7 10 10 6 16 10 12 1 9 18 11 1 1 18 6 10 19 1 1 14 18 11 0
split_gain=6819.1 4118.18 3044.04 2176.12 1698.04 1504.51 1221.55 1074.24 1169 953.13 1100.38 838.157 764.392 670.215 653.404 1071.68 660.553 644.048 626.453 593.247 543.084 443.476 439.083 438.894 431.771 430.931 386.149 376.387 366.499 460.382 416.014 358.328 1091.18 358.154 332.282 377.182 339.835 820.747 647.193 324.676 323.02 321.904 315.834 308.796 307.862 300.604 277.461 424.704 1731.81 274.624 267.634 438.135 266.028 270.027 264.891 330.637 259.936 259.251 255.541 253.652 248.747 248.502 237.928
threshold=-1.0000000180025095e-35 2.0446702241897587 0.2925232350826264 -0.16895765066146848 -1.9876974821090696 731.50000000000011 0 760.50000000000011 1 -2.2509361505508418 -0.7596001625061034 2 3 4 2.0535342693328862 -0.48005665838718409 515.50000000000011 5 775.50000000000011 6 1.0000000180025095e-35 0.37747050821781164 0.10259702429175378 0.20356910675764087 -0.69131106138229359 7 775.50000000000011 1.3884760737419131 8 0.79499089717865001 9 -0.16810990124940869 0.63976013660430919 -0.063276264816522584 0.05331165902316571 2.8425709009170537 10 -0.080687671899795518 0.22192367911338809 0.94121596217155468 -0.48774343729019159 0.55740725994110119 0.4288236945867539 -0.46366593241691584 0.63852643966674816 0.27008704841136938 -0.63220345973968495 11 -0.74177575111389149 1.6733871102333071 -0.042745362967252724 12 13 2.4603563547134404 0.87857258319854747 -1.1542026996612547 0.60009330511093151 14 15 1.1931485533714297 -0.82670938968658436 -0.56653755903244007 112.50000000000001
decision_type=2 2 2 2 2 2 1 2 1 2 2 1 1 1 2 2 2 1 2 1 2 2 2 2 2 1 2 2 1 2 1 2 2 2 2 2 1 2 2 2 2 2 2 2 2 2 2 1 2 2 2 1 1 2 2 2 2 1 1 2 2 2 2
left_child=1 3 12 9 13 14 27 22 45 10 19 31 24 -3 25 16 42 -7 34 -1 26 41 28 -22 -2 -4 62 -6 54 -30 61 32 -11 -27 -14 58 37 38 -37 -28 -15 57 -16 -29 -20 59 -26 48 -48 -19 51 -25 53 -17 -5 -56 -46 -12 -36 -9 -10 -31 -13
right_child=2 4 5 7 6 17 -8 8 60 11 21 20 18 40 15 52 -18 49 44 -21 23 -23 -24 50 46 33 39 43 29 30 -32 -33 -34 -35 35 36 -38 -39 -40 -41 -42 -43 -44 -45 56 -47 47 -49 -50 -51 -52 -53 -54 -55 55 -57 -58 -59 -60 -61 -62 -63 -64
leaf_value=0.018237868173973756 -0.0032760330900780221 0.0050682198517081629 -0.0063202638537085826 -0.003460739935495968 0.0045727752127095404 -0.0064127515920097966 -0.0016157484952984708 -0.0058849558829813789 -0.0032413000347424306 -0.0017010484594785955 -0.0030650847940130212 -0.00027227132107084627 -0.0046793804928591124 0.028629396730196099 -0.016944629572417463 -0.0076563787343072245 -0.0098264603371782423 -0.008493674392801116 -0.0061414726505386163 0.0030833731494891974 -0.0038195173998499168 -0.0044081058893726726 -0.0047980112489919629 -0.017232128493472287 -0.0049252628122113413 -0.0043669317779942013 -0.0041481560811206658 0.020611831575316743 -0.0041301481497931589 -0.022731889418675606 -0.0059510154573385269 -0.0029337919664107473 0.014126629553039975 -0.0057789398483524398 -0.0031174165018731494 -0.0091062591640316271 -0.0061296371928727528 -0.0072433278112076539 -0.026833120883541138 -0.0077089335072003523 0.014810923419752457 0.0057469885139954987 -0.030241614268084957 0.007918076228793345 -0.0081391255400235386 -0.0083616428348086674 0.021104603644845427 -0.0040321352993546297 -0.0066942877427443826 -0.014009283754284571 -0.0049946469729470902 -0.0067635493692562287 -0.0046544983786889213 -0.016974658319460687 0.0060534585549568993 -0.0019957122559344891 -0.016030858860235916 0.0014358933193346921 -0.0056066781909423439 -0.0091489971399312045 -0.0050876111101892541 -0.010525641636368814 -0.0032281837020768584
leaf_weight=3951.7440185546875 296223.88671875 3589.8903350830078 597382.18304443359 515083.16592407227 10042.835716247559 186839.740234375 32622.495582580566 158805.36474609375 115910.908203125 104379.94454193115 22452.393404006958 25632.542053222656 849375.89874219894 2982.9019889831543 3323.8917846679688 13652.208808898926 6408.0275344848633 302570.724609375 206294.49291992188 5726.6478271484375 183450.95184326172 28493.060434341431 668288.00537109375 3784.7235107421875 671272.873046875 269708.11010742188 144268.55578613281 3149.6765012741089 483667.00201416016 2003.4839704036713 32634.401184082031 882494.10223388672 4068.3943252563477 403604.03497314453 45396.98779296875 3466.8941192626953 68186.711013793945 24781.317451477051 3985.9441146850586 27422.779052734375 3174.6288185119629 8055.6620330810547 3141.7673263549805 3851.0788698196411 43014.967987060547 101247.1044921875 3017.9082336425781 299063.9287109375 6058.6747741699219 8346.40234375 117580.25726318359 68384.867858886719 23515.959770202637 3517.488525390625 5323.943115234375 33307.035400390625 4112.3887023925781 23694.601657867432 203188.96728515625 24766.21630859375 151513.66751098633 5979.4888689517975 556853.80535888672
leaf_count=1184 113490 1417 210595 164381 4506 92732 12450 54466 47116 57324 9182 9218 285915 1039 1127 5265 2163 88393 76816 1932 91393 8011 244503 1539 246151 103946 57295 1047 198253 1363 15582 278065 1543 152903 20776 1531 20629 7462 1575 6743 1051 3128 987 1236 11195 31393 1084 122310 2013 2355 36711 26901 7815 1368 1219 8106 1091 9259 80618 6010 60722 2672 210735
internal_value=-0.00462752 -0.00380883 -0.00544966 -0.00391222 0.00403757 -0.0063991 0.00178947 -0.00455855 -0.00571184 -0.00324022 -0.000257287 -0.00337031 -0.0048154 0.0154831 -0.00587057 -0.00911629 -0.0166586 -0.00780521 -0.00528617 0.00931126 -0.0039298 -0.00137793 -0.00419384 -0.00486582 -0.00427962 -0.00573375 -0.00346662 0.00829511 -0.00381929 -0.00438778 -0.00745529 -0.00273381 -0.00110644 -0.00521333 -0.0049996 -0.0057789 -0.00733055 -0.00986819 -0.0185955 -0.00471696 0.0214842 0.000214797 -0.0234206 0.013643 -0.00664131 -0.00704923 -0.00458315 -0.00383789 0.00254984 -0.00864176 -0.00587738 -0.00731542 -0.00672857 -0.00956554 -0.00328104 -0.000885173 -0.0088289 -0.000751952 -0.00515204 -0.00632543 -0.00428736 -0.0135872 -0.00309807
internal_weight=9.11809e+06 4.56864e+06 4.54945e+06 4.50922e+06 59413.5 1.82201e+06 49666.1 2.29853e+06 552243 2.2107e+06 92374.1 2.11832e+06 2.72744e+06 9747.42 1.32425e+06 53559.3 12873.7 497757 1.4518e+06 9678.39 1.12738e+06 82695.7 1.74629e+06 373201 1.27564e+06 1.27069e+06 754178 17043.6 1.078e+06 524284 40617.4 990942 108448 673312 1.19838e+06 349007 100421 32234.2 7452.84 171691 6157.53 54202.7 6465.66 7000.76 253422 284819 979413 308141 9076.58 310917 189750 72169.6 40685.7 17169.7 553714 38631 47127.4 46147 248586 183572 267425 7982.97 582486
internal_count=3331000 1668695 1662305 1645949 22746 669649 19239 835786 199707 810163 32696 777467 992656 3507 486169 18725 4277 183480 507608 3116 440535 29580 636079 156544 485048 467444 283991 6789 391576 217870 19617 336932 58867 256849 418506 132591 31197 10568 3106 64038 2090 21569 2114 2283 89102 91869 371558 125407 3097 90748 65151 28440 14448 6633 173706 9325 12286 18441 101394 60476 107838 4035 219953
cat_boundaries=0 2 3 5 7 9 11 13 15 17 19 21 23 24 26 28 30
cat_threshold=2618213016 4 32020048 210623633 44 2402032744 61 1101083459 121 934593624 53 2516770854 70 2496196289 72 302496949 12 135266816 48 1073824260 64 0 4 768 284247055 118 2808808060 73 1073808016 2
is_linear=0
shrinkage=1


Tree=1
num_leaves=64
num_cat=21
split_feature=5 3 10 7 3 2 3 2 0 7 2 1 1 3 1 0 1 4 1 7 1 1 1 5 3 3 5 0 10 1 5 0 1 0 1 2 1 0 1 1 2 5 1 16 0 2 5 1 2 10 1 3 0 10 1 1 4 1 15 6 0 18 1
split_gain=6561.91 3780.5 3428.86 2911.56 1898.22 1861.51 1834.26 1724.55 1442.68 1425.15 1275.87 1169.33 1033.86 993.832 846.389 840.432 904.851 839.976 712.844 709.159 697.012 543.994 522.191 515.981 508.236 506.897 506.885 493.623 486.338 458.463 425.81 423.58 559.064 422.611 577.775 414.977 395.764 387.739 384.634 369.128 368.811 363.482 345.192 353.488 339.86 336.011 317.033 274.951 257.634 256.887 284.55 254.057 251.911 251.651 301.85 250.075 249.377 412.961 247.498 527.059 237.501 236.712 232.324
threshold=-0.18968721479177472 1.8029391169548037 2.0446702241897587 0.2925232350826264 -1.7904666066169737 -1.3648050427436826 -1.5114245414733884 -0.95707347989082325 644.50000000000011 -0.16895765066146848 -1.3648050427436826 0 1 -0.098669108003377901 2 775.50000000000011 3 -0.13379042595624921 4 0.19725037366151812 5 6 7 -1.2087602019309995 0.57078379392623912 0.38659913837909704 -2.2509361505508418 789.50000000000011 -1.1542026996612547 8 2.0535342693328862 789.50000000000011 9 745.50000000000011 10 -1.1162397265434263 11 775.50000000000011 12 13 -0.42960354685783381 -1.9876974821090696 14 0.94121596217155468 929.50000000000011 -1.3648050427436826 -2.2509361505508418 15 -0.95707347989082325 0.061080347746610648 16 0.15513776242733004 929.50000000000011 2.0446702241897587 17 18 1.0205355882644656 19 1.2796644568443301 0.080198992043733611 803.50000000000011 0.94544395804405224 20
decision_type=2 2 2 2 2 2 2 2 2 2 2 1 1 2 1 2 1 2 1 2 1 1 1 2 2 2 2 2 2 1 2 2 1 2 1 2 1 2 1 1 2 2 1 2 2 2 2 1 2 2 1 2 2 2 1 1 2 1 2 2 2 2 1
left_child=2 3 4 13 7 17 12 20 24 14 31 23 -4 18 41 25 52 19 58 -3 26 60 -7 48 36 49 -1 28 39 -9 -21 38 -33 62 -35 46 -5 53 -10 -16 -18 45 44 -44 -29 -6 -30 -39 -8 50 -11 -43 -17 55 -55 -20 -24 -58 -2 -60 -12 -13 -15
right_child=1 5 6 8 9 22 11 29 10 15 21 61 -14 33 27 16 40 -19 37 30 -22 -23 56 -25 -26 -27 -28 42 35 -31 -32 32 -34 34 -36 -37 -38 47 -40 -41 -42 51 43 -45 -46 -47 -48 -49 -50 -51 -52 -53 -54 54 -56 -57 57 -59 59 -61 -62 -63 -64
leaf_value=0.028171558697187019 0.0018002715047943439 -0.01127747671563809 0.038063511859864917 0.00037472901385077911 0.0097563829446058303 0.0027143364948839224 0.022121263542796185 0.0054242695245854547 0.0009322955967578547 0.0017709554181023139 -0.00236341486372219 0.00078709012892982748 0.011618278836205691 0.00027988924867883774 -0.003639943934270216 0.00010468684890622229 -0.0044449973025856128 -0.0039516136579680217 -0.00023263460781706847 -0.016877733932915296 0.0082503392332145455 -0.0015286899000742287 -0.0049737701470882294 0.0071331755665749339 -0.0019117908813315646 -0.00037669922715053382 0.012989238181037392 8.4222706192916679e-05 0.014383705723395283 -0.00017849218815879192 -0.031359392602929644 -0.016572627247087652 -0.0069880243713612731 -0.0029228222779106722 -0.00042368137294871908 0.0011841728925478026 -0.00095101727720256935 0.00036101381241261833 -0.0077191731019530651 0.00067380734052102144 -0.0015741060205573042 0.0021921778059690476 -0.00063504337968603951 -0.0043304293504904867 0.0047035398620286174 0.003276996012728441 0.0039051477223284972 -0.0019187595247510984 0.012653293333534731 0.00028014783679487283 0.00046994276357346953 0.0010837566975913388 0.0029662640810589943 0.012983217399384291 7.8460165597017142e-05 0.00083264716499071667 -0.017893494081304192 -0.0034797235882536087 0.0016242182684636124 0.015795348963331984 -0.0041008437809105834 0.0076851668068045149 -0.00053749780685045793
leaf_weight=3956.762451171875 254222.97839355469 5449.6489005088806 2706.4718894958496 303961.8642578125 8033.9248046875 7468.6554641723633 4163.9130859375 31412.788391113281 8019.2365875244141 367182.75067138672 140354.52546691895 20597.643844604492 2674.8270606994629 472710.47250366211 32443.218383789062 137708.58642578125 49702.4365234375 4075.3226265907288 299785.44569396973 3108.2740783691406 8819.9555358886719 407917.44035339355 51318.692831873894 11444.124118804932 312046.326171875 428780.595703125 3986.5635070800781 70894.73046875 2968.47265625 22601.747985839844 4510.76318359375 7970.0055923461914 17701.625877380371 139591.47705078125 206304.1962890625 710631.24249267578 608009.302734375 82157.204833984375 10914.799911499023 39671.246215820312 212256.37744140625 524710.09832763672 122555.39883422852 28760.542724609375 17962.6640625 69458.9619140625 20687.214569091797 113213.58032226562 6912.77978515625 427123.34375 257378.96875 288424.14569091797 34649.78515625 3174.8838043212891 3349.3268890380859 585984.9998626709 3702.6894359588623 3486.9378539323807 6854.6976928710938 3600.0328979492188 142968.7841796875 5716.1855278015137 925969.5211622715
leaf_count=1232 101896 1796 1017 112522 2521 2225 1401 13323 2536 113819 42681 7787 1073 159298 14681 55117 16142 1352 119094 1082 3080 168747 21486 4486 116634 160112 1319 31088 1086 8530 1444 2361 6769 45374 80806 272170 220942 35326 4218 13895 71343 176289 45926 7128 7964 23579 7754 34275 2464 153755 109176 103474 14063 1237 1491 197152 1468 1621 1996 1056 43570 2397 348071
internal_value=1.07047e-05 -0.000697261 0.000925689 -0.000592944 0.000822124 -0.00704307 0.00841828 0.00569042 -0.00149784 0.000732665 -0.0025476 0.00658496 0.0250339 -2.02864e-05 0.00130636 0.000152251 -0.00100814 -0.015849 0.000590112 -0.0195562 0.0140949 -0.00223024 -0.00475383 0.0116003 -0.00086674 0.000492672 0.020539 0.000727861 0.00108343 0.00308103 -0.0254664 -0.00746493 -0.00997548 -0.000493449 -0.00143237 0.00131432 -0.00050915 0.000250325 -0.00405927 -0.00126741 -0.0021188 0.00198612 -0.000465968 -0.00133745 0.00101812 0.00394932 0.00522283 -0.000960166 0.0162208 0.000847123 0.00123486 0.00179902 0.000679989 0.000515372 0.00638345 0.000472114 -0.00570679 -0.0109399 0.00198632 0.00650919 -0.00324009 0.00228587 -0.000261248
internal_weight=9.11688e+06 5.1399e+06 3.97698e+06 5.05678e+06 3.92276e+06 83121 54215.9 70777.8 1.95986e+06 3.85198e+06 735846 48834.6 5381.3 3.09692e+06 1.9372e+06 1.91478e+06 434317 17144 1.35234e+06 13068.7 16763.3 691241 65977 22520.8 1.22402e+06 1.48047e+06 7943.33 1.04657e+06 806401 54014.5 7619.04 44605.7 25671.6 1.74458e+06 345896 734287 911971 1.08767e+06 18934 72114.5 261959 890627 240173 151316 88857.4 77492.9 23655.7 195371 11076.7 1.05169e+06 624562 813134 172358 892295 6524.21 885770 58508.3 7189.63 264678 10454.7 283323 26313.8 1.39868e+06
internal_count=3329717 1880526 1449191 1848052 1428566 32474 20625 27484 720980 1401082 270882 18535 2090 1127072 707555 693527 156665 5674 493523 4322 5631 254998 26800 8351 450098 536862 2551 401692 309586 21853 2526 15884 9130 633549 126180 281010 333464 388575 6754 28576 87485 305863 92106 53054 39052 26100 8840 69601 3865 376750 222995 279763 69180 318974 2728 316246 24575 3089 104948 3052 86251 10184 507369
cat_boundaries=0 2 4 6 8 10 12 14 16 18 20 22 24 26 28 30 32 34 36 38 39 41
cat_threshold=2651832504 36 2658052252 66 411946137 44 536382488 36 201592832 29 2521489453 33 3355458339 74 526640 36 3431843589 41 3758111652 9 3825218470 66 707006630 59 2790066344 97 3828482144 16 124915712 16 871943240 32 306429351 28 2479514804 2 1355825693 64 512196618 2199656488 36
is_linear=0
shrinkage=0.03


Tree=2
num_leaves=64
num_cat=18
split_feature=5 10 3 7 7 3 3 0 5 0 17 19 17 17 3 19 4 3 5 7 16 9 3 17 17 17 10 0 19 16 14 11 0 0 17 17 17 10 10 0 17 10 3 3 17 19 17 17 10 12 10 17 19 17 3 14 8 17 13 13 17 17 10
split_gain=6073.52 3382.39 3200.59 2416.11 1868.52 1943.09 1668.86 1264.69 1198.87 1062.93 1107.25 961.024 895.1 832.298 795.925 726.584 722.149 664.572 634.433 611.878 537.568 526.316 488.716 473.811 469.366 441.872 424.788 418.906 415.91 378.694 368.043 1815.98 348.3 333.594 433.254 324.753 321.372 320.415 312.089 307.922 381.986 306.482 301.391 293.354 282.473 274.988 273.4 249.015 247.934 246.662 242.252 241.769 241.656 250.166 243.499 233.127 230.037 234.507 224.516 270.966 498.068 223.615 223.464
threshold=-1.0000000180025095e-35 2.0446702241897587 1.8029391169548037 0.2925232350826264 -0.19918341934680936 -1.7904666066169737 -1.5114245414733884 716.50000000000011 2.0535342693328862 775.50000000000011 0 -0.65170550346374501 1 2 -0.066661357879638658 1.0000000180025095e-35 -0.13379042595624921 -0.066661357879638658 -1.5661572217941282 0.2925232350826264 0.43152049183845526 -0.16046284139156339 0.57078379392623912 3 4 5 2.0446702241897587 775.50000000000011 1.0966395139694216 0.94121596217155468 -0.16810990124940869 0.63976013660430919 929.50000000000011 745.50000000000011 6 7 8 0.10259702429175378 0.16963379830121997 929.50000000000011 9 0.66419869661331188 -0.23420412838459012 0.74549677968025219 10 0.05331165902316571 11 12 0.73040485382080089 -0.35152915120124811 0.16963379830121997 13 0.92727679014205944 14 -1.0212610363960264 1.1931485533714297 2.8425709009170537 15 -1.6344477534294126 -0.50576525926589955 16 17 1.5670744776725771
decision_type=2 2 2 2 2 2 2 2 2 2 1 2 1 1 2 2 2 2 2 2 2 2 2 1 1 1 2 2 2 2 2 2 2 2 1 1 1 2 2 2 1 2 2 2 1 2 1 1 2 2 2 1 2 1 2 2 2 1 2 2 1 1 2
left_child=1 4 3 14 5 11 12 22 -4 17 38 23 -3 18 21 24 19 52 -8 -10 39 28 26 -1 30 43 37 42 35 -29 31 -7 -12 45 -35 -2 -30 44 55 -17 -41 -13 -26 -9 -5 -16 -22 -18 -21 58 -19 -34 54 -54 -6 -11 -47 -58 -15 60 -60 -28 -38
right_child=2 6 8 7 9 15 13 25 16 10 32 41 -14 49 33 20 47 50 -20 48 46 -23 -24 -25 27 -27 61 29 36 -31 -32 -33 51 34 -36 -37 62 -39 -40 40 -42 -43 -44 -45 -46 56 -48 -49 -50 -51 -52 -53 53 -55 -56 -57 57 -59 59 -61 -62 -63 -64
leaf_value=0.025602103281346378 -4.8600906348425919e-05 0.035865709641335647 -0.0048507307072127737 0.00094778845434784632 0.0022567348393796732 0.0037832128837436336 0.019359147419298332 -0.0030786212877692504 -0.0095921691480238391 -0.0010928786495675174 -0.00025021486527964981 0.0040576579684269585 0.011797376203030098 -0.0025500025625408182 -5.4205247554342185e-05 0.00066754919913726237 0.00022032628923409337 0.00024104590580770465 0.0076445683531808205 -0.01879707716698556 -0.00014272323783891255 0.0025694647597386661 -0.0020086791748095234 0.011206997405246659 0.0022748917644656273 -0.0017974348489551675 -0.00081392753761282556 0.00064040059284971513 0.00085139367184003205 -0.0028869731979147407 0.0022131994868538423 0.033112033914327814 0.0048110295050416262 -0.0025805133596879821 -0.0002818347999545714 0.0010134978783460575 -0.0046406784628730954 -0.0013483588269471516 -0.0036478895214857848 0.00025997482292864038 0.006564849060015733 0.012298598309347651 0.0011137380175714855 -0.0054930082605323498 -0.00066308160670794077 -0.00062920537231866481 -0.0026877024172771357 -0.011453364064430286 -0.03081786287323017 -0.005239205949547408 -0.00075300381698379585 0.00067189340515515033 -0.006267832547447936 -0.0001328137991842459 0.0009193663861264918 -0.0045619127458027984 3.2204212317672956e-05 -0.0035239299444003187 0.016602087934812215 0.0022308891695675451 0.0040810196805947645 0.0068390726452707161 0.0035173492314651525
leaf_weight=3318.8020644187927 590172.00217819214 2696.1382865905762 61232.896484375 134542.880859375 149707.57275390625 34534.187957763672 5909.1956787109375 233221.72290039062 3906.1065443754196 128860.2998046875 206497.80584716797 25036.115371704102 2941.3421821594238 3935.6683702468872 844282.51908785105 483284.44271850586 3000.9966541528702 643183.30526733398 14080.479982376099 3170.3297920227051 98528.896881103516 98694.4677734375 326893.2470703125 5594.7969346046448 346422.39697265625 235652.06762695312 5169.2030029296875 212903.74392700195 19771.588073730469 31431.90869140625 308117.88137817383 2005.8508605957031 22815.337097167969 152729.54833984375 142796.40600585938 461858.05751419067 33182.607849121094 424725.10498046875 113969.703125 16373.530578613281 18333.127624511719 4845.9262542724609 479901.16558837891 56218.85400390625 360310.189453125 254791.07836914062 61822.683197021484 3635.779510974884 3082.4925765991211 2743.5463752746582 335856.732421875 28656.078918457031 6885.8390502929688 44939.705871582031 674920.63647460938 20159.1669921875 23708.015636444092 56412.948963165283 4281.3295936584473 14031.617037057877 8630.4949939250946 10244.955200195312 3321.007080078125
leaf_count=950 211641 961 24623 57688 59541 18818 1924 71404 1344 42590 85279 10014 1239 1900 294830 203722 930 233329 5006 1048 28264 42252 121547 2099 121393 103533 2434 79155 9967 7933 101764 568 10847 46869 61170 161965 12432 155130 34077 6258 8078 1867 172633 18495 121981 105978 18352 1354 1028 1227 121086 10711 3353 18722 239460 4876 8398 18038 1977 3921 4504 3651 1227
internal_value=5.49033e-07 0.000773131 -0.000775674 -0.000670493 0.000679549 0.00132425 0.00789406 -0.00152504 -0.006799 0.00010104 -0.00109635 0.00797639 0.0234142 0.00626004 -0.00010106 0.00120097 -0.0138983 0.000437227 0.011106 -0.018925 0.000393702 0.000470222 -0.0010102 0.0166194 0.00158787 -0.00276225 -0.000661106 0.00127785 0.000283274 0.000186581 0.00255079 0.00539752 0.00030014 -0.000568632 -0.00146993 0.000417689 -0.00222935 -0.000743904 -0.00246608 0.000863583 0.00359284 0.00539591 0.00160054 -0.00354754 -0.0002251 -0.000342748 -0.00112416 -0.00619551 -0.0247429 0.00337347 -9.9962e-05 0.00250797 0.00103729 -0.000949708 0.00116217 -0.0015623 -0.00107013 -0.00247216 0.00414051 0.00511809 0.00825361 0.00427708 -0.00389703
internal_weight=9.11488e+06 4.56816e+06 4.54673e+06 4.4687e+06 4.50891e+06 2.13246e+06 59249.8 1.78698e+06 78028.6 2.37645e+06 520958 38795.6 5637.48 53612.3 2.68172e+06 2.09366e+06 16795.7 1.85549e+06 19989.7 10158.9 678343 1.207e+06 1.26189e+06 8913.6 1.41532e+06 525093 934992 1.07066e+06 1.10831e+06 244336 344658 36540 257969 1.47472e+06 295526 1.05203e+06 56275.2 919578 262989 517991 34706.7 29882 826324 289441 494853 1.17919e+06 160352 6636.78 6252.82 33622.7 979040 51471.4 876454 51825.5 824628 149019 334912 80121 30879.1 26943.4 12911.8 15414.2 36503.6
internal_count=3329355 1668398 1660957 1630630 1645739 781868 22659 655863 30327 863871 188380 14930 2200 20459 974767 766938 5704 675491 6930 3420 264674 439484 462431 3049 502264 193432 340884 381114 397232 87088 121150 19386 106837 535283 108039 373606 23626 334799 81543 218058 14336 11881 294026 89899 179669 427244 46616 2284 2076 13529 354415 21558 321076 22075 299001 47466 132414 26436 12302 10402 6481 6085 13659
cat_boundaries=0 1 2 3 4 5 6 7 8 9 10 11 12 13 14 15 16 17 18
cat_threshold=32019984 43403831 34646075 9617982 38021160 64263760 30184976 26546989 51711953 60299801 6538112 12588049 29673735 205100 36307208 45140017 10637824 336224
is_linear=0
shrinkage=0.03


Tree=3
num_leaves=64
num_cat=21
split_feature=5 10 3 7 7 3 3 2 2 1 3 3 1 7 5 2 3 1 1 1 1 3 19 10 10 19 1 1 2 1 10 14 19 1 6 1 1 19 2 1 1 11 1 19 1 1 2 14 2 10 5 10 5 17 1 12 1 15 10 12 6 1 18
split_gain=5873.67 3446.09 2936.08 2374.05 1814.07 1812.44 1700.48 1579.39 1280.17 1094.29 1010.61 816.981 759.953 697.03 649.213 648.299 631.926 620.664 555.843 505.926 496.881 489.894 477.512 412.095 409.734 398.232 613.034 397.902 350.397 338.618 316.912 304.787 299.575 401.478 292.195 306.046 284.441 270.675 269.294 267.604 263.45 259.406 254.651 253.658 351.081 248.252 241.577 283.606 241.265 235.206 218.4 206.129 204.751 199.861 198.531 249.207 197.806 194.469 214.755 206.404 193.636 189.294 185.539
threshold=-1.0000000180025095e-35 2.0446702241897587 1.8029391169548037 0.02624323591589928 -0.16895765066146848 -1.7904666066169737 -1.7904666066169737 -1.3648050427436826 -0.95707347989082325 0 0.65383484959602367 0.38659913837909704 1 1.0000000180025095e-35 -1.4649283885955808 -1.3648050427436826 -0.066661357879638658 2 3 4 5 0.093868259340524687 -1.0000000180025095e-35 0.10259702429175378 0.10259702429175378 0.79499089717865001 6 7 -1.901797831058502 8 2.0446702241897587 0.60507917404174816 1.320500433444977 9 0.038077691569924361 10 11 0.79499089717865001 -1.3648050427436826 12 13 0.87435781955719005 14 0.92727679014205944 15 16 0.41501186788082128 0.34782990813255316 -1.3648050427436826 -0.13103542476892469 -2.2509361505508418 2.0446702241897587 2.0535342693328862 17 18 -1.0106252431869505 19 1.2796644568443301 -2.4664380550384517 -0.75590264797210682 -0.46366593241691584 20 0.68720510601997387
decision_type=2 2 2 2 2 2 2 2 2 1 2 2 1 2 2 2 2 1 1 1 1 2 2 2 2 2 1 1 2 1 2 2 2 1 2 1 1 2 2 1 1 2 1 2 1 1 2 2 2 2 2 2 2 1 1 2 1 2 2 2 2 1 2
left_child=1 4 3 16 6 -3 8 13 17 14 18 24 21 56 37 34 19 -1 51 57 -15 28 38 32 25 45 -27 53 -8 -13 48 -24 61 -34 35 -12 -10 -7 50 -26 -32 -35 -18 -21 -45 -6 47 -16 -25 -30 -14 -5 -29 -9 62 -56 -4 58 -2 -59 -42 -20 -33
right_child=2 5 7 10 11 9 12 27 36 -11 15 29 22 20 46 -17 42 -19 23 43 -22 -23 31 30 39 26 -28 52 49 -31 40 54 33 41 -36 -37 -38 -39 -40 -41 60 -43 -44 44 -46 -47 -48 -49 -50 -51 -52 -53 -54 -55 55 -57 -58 59 -60 -61 -62 -63 -64
leaf_value=0.023347729583857071 -0.0064721490683873444 0.02739256904812919 -0.011809367934062065 -3.8281228921702519e-05 0.00041997972619221667 0.013318342409891536 0.0087054448862816033 0.0034884138811137515 0.006365800087348372 0.0024385273045270184 0.00024231710350007885 -0.0017657391367627876 0.011125476916498574 -0.025226180940899141 0.006841811731565675 -0.0022198986676670962 0.00036328541514348136 0.0088284227114819678 5.4685973600917588e-05 0.00047118608584380153 -0.01172091183368416 0.00092812950525346632 0.00021322208754354666 -0.0043373075512772993 0.00099942560013357214 -0.0050674417345958397 0.00075987528030434942 -0.0056989172132969048 0.0027904101431056073 -0.00033139066384752771 0.005077259756484852 -0.0016168261314193815 -0.010332799576474557 -0.00027528077787424156 -0.012651371205852059 -0.0083099070839845572 0.00018335762170915891 0.024005810041805086 0.00096932177302652212 -0.0004877222176966823 -0.0064350700662160303 -0.0076731827954659611 -0.00067004115863204274 -0.0048067917965278718 0.00027888988056993434 0.0014067717095588733 0.00034505571237248634 0.016735718479981534 -0.0017294382778538333 0.0016242720110227768 0.0029993249208672321 0.0057995512593715702 -0.012943458972984637 -0.0029321353768429126 -0.0080510850719284367 -0.0021709212474617782 -0.0014762320427775624 0.0019674237258653303 0.0019625989736873342 0.012096750800300119 0.0011369740531200641 -0.00095343529070644284 0.0027761188291922016
leaf_weight=5468.2930812835693 2751.5022735595703 4016.154541015625 3673.1107025146484 384137.8095703125 411566.66598510742 5604.9891357421875 7523.2333984375 5311.8342361450195 18709.704179763794 28503.422557830811 5925.823353767395 226197.0146484375 3708.55810546875 5906.6491050720215 10723.083395957947 512000.4580078125 295971.498046875 5231.5175266265869 241763.35836791992 657497.24475097656 4324.0401058197021 398666.69140625 293247.47732543945 33490.6865234375 139021.41015625 25638.9462890625 44307.6376953125 27723.564292907715 304362.06677627563 429204.51715087891 10896.200241088867 31645.886413574219 6398.4296264648438 19317.629185199738 6686.4183807373047 10340.8627576828 10439.51255607605 3470.543701171875 745941.11785888672 502400.6279296875 4290.8952369689941 5469.9831805229187 781034.17145997286 20119.830627441406 31068.737121582031 518607.06246948242 3396.1461620330811 3447.3714437484741 683119.77307128906 318686.80190658569 15035.82568359375 5516.74658203125 4020.64990234375 24168.853912353516 8060.6873168945312 33171.703796386719 3067.7196178436279 3763.3252410888672 189289.40074157715 3488.2287750244141 10388.937725067139 546699.66787719727 11903.735656738281
leaf_count=1731 1250 1566 1245 168738 162747 1877 2279 1410 7607 11038 2277 90256 1371 1819 4740 193465 111293 1814 83257 224033 1577 137111 136423 11098 70815 11795 17698 10956 100144 154956 4315 8847 2751 8425 1945 3930 4242 1277 284594 159821 1802 1706 282738 7752 12784 167086 1290 866 233441 103507 5523 2605 1471 10968 2050 10022 976 1084 82520 1030 3288 183573 3289
internal_value=-6.07998e-06 0.000753837 -0.000769051 -0.000668264 0.000659444 0.00794691 0.00127267 -0.00653185 0.00741344 0.00652837 -0.0012859 6.89459e-05 0.00115999 -0.0146286 0.0108976 -0.00244107 0.000105402 0.0162862 -0.000969229 0.000688372 -0.0195627 0.00175128 0.000627394 -0.00122212 0.000426449 0.000806018 -0.00137696 -0.00428641 0.00227171 -0.000826465 -0.00173423 -0.000244812 -0.00075841 -0.00364202 -0.0073731 -0.00520024 0.00415428 0.0174163 0.00105858 -0.000165385 0.00154694 -0.00190825 -0.000386076 0.000312813 -0.00172121 0.000970178 0.0075321 0.00925384 -0.00185135 0.00219395 0.00460961 4.44433e-05 -0.0066163 -0.00177409 -0.001829 -0.00332049 -0.00713108 0.0020237 0.00184158 0.00684493 -0.00107703 -0.000644332 -0.000415794
internal_weight=9.11753e+06 4.56791e+06 4.54962e+06 4.47143e+06 4.50875e+06 59161.7 2.2118e+06 78196.4 39849 55145.6 2.48644e+06 2.29694e+06 2.17195e+06 16971.5 26642.1 534954 1.98498e+06 10699.8 1.95149e+06 907978 10230.7 1.02924e+06 1.14271e+06 1.56184e+06 1.64154e+06 1.00012e+06 69946.6 61224.9 630572 655402 742186 378029 819649 31186 22953.1 16266.7 29149.2 9075.53 764686 641422 25576 24787.6 1.07701e+06 708686 51188.6 930174 17566.6 14170.5 716610 623049 18744.4 389655 31744.2 29480.7 84782 41232.4 6740.83 199292 192041 7251.55 14679.8 788463 43549.6
internal_count=3329904 1668382 1661522 1631100 1645728 22654 810554 30422 15394 21088 906616 835174 795160 5617 10050 201617 724484 3545 704999 330453 3396 343041 452119 533656 589962 359326 29493 24805 205930 245212 253944 160631 279712 12882 8152 6207 11849 3154 291488 230636 9405 10131 394031 244569 20536 329833 6896 5606 244539 203651 6894 171343 12427 12378 24208 12072 2221 85884 83770 2114 5090 266830 12136
cat_boundaries=0 2 4 6 8 10 12 14 16 18 19 21 23 25 27 29 31 33 34 35 37 39
cat_threshold=2651766972 38 411950225 44 2521751725 33 186912776 49 2349076544 29 2450257282 115 1848920578 112 3244042740 109 3893375808 25 604504609 1801224248 41 3465390853 25 741654608 5 2764751024 8 53217288 60 845710881 64 3924452176 51 303107 2214601474 2462771078 19 605159461 12
is_linear=0
shrinkage=0.03


Tree=4
num_leaves=64
num_cat=14
split_feature=7 3 3 5 2 5 3 0 2 5 10 0 17 2 10 10 19 7 3 3 17 17 10 17 17 10 5 3 10 10 0 0 17 2 15 6 0 17 19 17 10 16 19 5 5 19 17 2 2 16 17 19 4 17 2 8 11 17 0 9 17 10 17
split_gain=5481.68 3025.21 2643.48 2189.66 2020.41 1656.96 1474.13 1390.21 1174.94 1127.57 1030.85 802.381 855.584 767.815 709.513 651.184 789.613 640.699 590.817 586.778 526.206 522.695 522.287 500.076 480.212 449.402 472.501 413.426 397.158 433.61 370.349 366.055 450.606 355.864 345.408 743.591 344.534 354.617 341.44 336.941 477.827 414.38 355.678 332.361 324.318 310.599 335.397 309.625 301.501 291.522 285.902 269.058 252.428 251.378 246.445 246.105 297.36 814.808 253.378 293.47 238.019 236.198 233.579
threshold=-0.02698943484574556 -1.7904666066169737 1.8029391169548037 0.091814380139112486 -0.95707347989082325 2.0535342693328862 -0.066661357879638658 716.50000000000011 -1.1162397265434263 -1.9876974821090696 2.0446702241897587 775.50000000000011 0 -1.901797831058502 0.89262145757675182 2.0446702241897587 0.025464545935392383 -0.81874781847000111 1.5147508978843691 0.61164435744285595 1 2 1.5670744776725771 3 4 2.0446702241897587 -1.4649283885955808 -1.0000000180025095e-35 2.0446702241897587 0.10259702429175378 775.50000000000011 745.50000000000011 5 -0.42960354685783381 1.2796644568443301 0.16565608978271487 789.50000000000011 6 1.0966395139694216 7 -1.8589775562286375 -0.025791938416659829 2.3243991136550908 -1.2087602019309995 -0.69347921013832081 1.320500433444977 8 -1.3648050427436826 -1.3648050427436826 0.37747050821781164 9 0.05331165902316571 -2.066596150398254 10 -1.1162397265434263 3.1577376127243046 -0.53948548436164845 11 929.50000000000011 -0.47100153565406794 12 0.10259702429175378 13
decision_type=2 2 2 2 2 2 2 2 2 2 2 2 1 2 2 2 2 2 2 2 1 1 2 1 1 2 2 2 2 2 2 2 1 2 2 2 2 1 2 1 2 2 2 2 2 2 1 2 2 2 1 2 2 1 2 2 2 1 2 2 1 2 1
left_child=1 4 3 10 9 -4 15 19 36 14 11 27 33 -7 -1 16 23 25 31 28 -10 -12 38 34 -17 53 -27 54 29 45 44 51 -33 -13 -3 -36 50 -38 -6 40 41 -18 -42 -23 48 46 47 -5 -25 -32 -9 -19 -35 -8 -2 58 57 -57 59 -41 -30 -15 -28
right_child=2 6 5 7 22 13 17 8 20 -11 21 12 -14 61 -16 24 39 18 -20 -21 -22 43 -24 30 -26 26 62 -29 60 -31 49 32 -34 52 35 -37 37 -39 -40 55 42 -43 -44 -45 -46 -47 -48 -49 -50 -51 -52 -53 -54 -55 -56 56 -58 -59 -60 -61 -62 -63 -64
leaf_value=0.017201731443730373 0.0036799558218375168 0.0022202629682095301 -0.0045318048828185331 0.010539467056586739 0.0042108751243336668 -0.027504473773904296 0.0013391621463267082 0.0035561221237102665 -0.0028899064529694231 0.0078876294060987052 0.0013881075008964627 -0.0048026745370735998 0.00018423056222341254 -0.017712253331918792 0.035107712328784041 0.011909636184831611 0.0041088727264487869 0.00041166833961523618 -0.0028757521221042387 -0.0017917445559191675 -0.0011345023800255029 0.013995141130936655 0.017344691979195165 0.008632712346604272 0.0024958926672730437 0.01598569712248063 -0.0049726726368049552 -0.00017502043183804521 0.0086303654704359654 -0.0011817229105767961 0.00082953643979587622 0.00051107718693315252 -0.0019030410099074434 -0.0065051317819063825 0.0026751336659618387 0.018630547787934767 -0.0042841921042952921 -0.010317458259483729 -0.0039049521208594047 0.00039859911061876715 -5.9154571851721625e-05 -0.0081190583255847867 -0.0072857757966752349 0.005508545417043236 0.0010260405993159131 -0.0032104174445818593 -0.00032333779672806025 0.0010310811453517546 0.0021341378299796058 -0.0015304733538049008 -0.0055649921294630951 -0.00060268529199840294 -0.0015596791804999965 0.00019067716899511561 0.00070063469097239714 -0.021365999075187995 -0.00012314970001958871 -0.00026667003863925883 0.004026304722070862 0.0025287164061050002 0.0013207981750580867 -0.0065645994214199935 0.0053382717023102329
leaf_weight=5845.4530334472656 25820.054931640625 447989.31806945801 55884.2109375 3138.0052490234375 44132.013061523438 4103.689453125 336824.31008148193 4464.4853935241699 318294.18072509766 8169.434326171875 15799.690505981445 44617.276611328125 231628.74554443359 2919.2234783172607 3034.0923767089844 8668.1320190429688 3093.6156272888184 877161.74224853516 72089.107421875 421277.96875 297286.02221679688 6985.1732177734375 2519.437744140625 6574.60595703125 11175.438293457031 3309.9226989746094 2492.5096282958984 777955.97002750635 6327.6034240722656 593939.73834228516 144906.77235412598 109003.45227050781 192403.76354980469 9800.5638122558594 9299.9290313720703 3660.9266815185547 13642.526412963867 24837.459915161133 5212.9366455078125 263891.93933582306 172918.40161132812 12811.534275054932 6349.817626953125 10262.226119995117 529542.91152954102 27968.900268554688 590778.59548187256 159619.94937896729 275127.45440673828 69791.133544921875 10000.43452835083 321642.13323974609 176564.02651977539 349509.89939117432 771080.86865234375 2262.4040985107422 82001.338851928711 5965.6122741699219 24520.481079101562 74680.256770133972 10939.205657958984 4146.0753498077393 9390.1282196044922
leaf_count=1876 9107 145817 22683 1168 17917 1331 129832 1282 98853 2983 6033 13320 95934 1009 1073 3558 1294 306773 29582 157365 127040 2417 1014 2210 4267 1271 746 282211 2452 215501 57345 43757 65063 2808 2818 1051 6580 7128 2197 109140 63712 4612 2676 3888 191497 11962 205039 61121 97976 19432 3907 126395 55439 132693 283924 1233 26915 2528 9760 29254 4419 1437 4114
internal_value=-2.16361e-06 0.000743329 -0.000727952 -0.000640863 0.00698037 -0.00664096 0.000646277 -0.00124169 -0.00241112 0.0159382 7.9524e-05 -5.73378e-06 -0.00110417 -0.0171874 0.0233364 0.00120844 0.00115816 0.000113429 -0.000222946 -0.00081071 -0.00204224 0.00533517 0.00403447 0.00153915 0.00661726 0.000867328 0.00597 0.000316933 -0.000513954 -0.000570722 0.00117032 -9.54624e-05 -0.00103003 -0.00239607 0.00235995 0.00718735 -0.00669939 -0.00818308 0.00335319 0.000284635 -0.000757501 -0.00574013 -0.000315323 0.00894348 0.00146355 -0.000106361 8.87274e-06 0.00121465 0.00228596 6.23581e-05 -0.00275096 0.000139513 -0.00181992 0.000754334 0.000797189 0.00073332 -0.000668846 -0.00610394 0.00108179 0.000868478 0.00400695 -0.0111798 0.00317457
internal_weight=9.11806e+06 4.49797e+06 4.62008e+06 4.55303e+06 68913.4 67053.2 4.42906e+06 2.48252e+06 668525 17049 2.07051e+06 2.03747e+06 462611 11169 8879.55 2.15523e+06 2.13539e+06 2.27383e+06 1.5723e+06 1.81399e+06 615580 33047.1 51864.4 1.48689e+06 19843.6 701527 15192.6 1.57486e+06 1.39271e+06 1.37545e+06 1.02594e+06 1.50021e+06 301407 230982 460950 12960.9 52944.9 38480 49344.9 648495 195173 15905.1 179268 17247.4 811245 781505 753537 162758 281702 214698 14464.9 1.1988e+06 186365 686334 796901 453322 90229.4 8228.02 363093 338572 17266.8 7065.3 11882.6
internal_count=3329739 1644381 1685358 1658898 27060 26460 1617321 903817 244790 5932 755081 742743 167501 3777 2949 777095 769270 840226 571570 659027 225893 12338 21128 518146 7825 268656 6131 575242 501662 494791 368460 541988 108820 71567 149686 3869 18897 13708 20114 251124 72294 5906 66388 6305 291683 279290 267328 62289 100186 76777 5189 433168 58247 262525 293031 178830 30676 3761 148154 138394 6871 2446 4860
cat_boundaries=0 1 2 3 4 5 6 7 8 9 10 11 12 13 14
cat_threshold=32019984 30447376 31790528 40298496 36857919 35858727 33761773 61508352 6996352 953366 34056491 20512 45238935 4465664
is_linear=0
shrinkage=0.03


Tree=5
num_leaves=64
num_cat=18
split_feature=5 10 3 0 3 3 3 5 1 19 3 1 9 5 1 0 1 10 1 16 19 0 10 19 1 0 1 1 19 19 1 10 19 10 10 1 1 5 3 1 1 10 1 15 9 15 9 13 1 1 14 10 19 1 5 6 10 16 1 11 13 11 12
split_gain=5270.34 3040.46 2683.3 1862.4 1696.39 1553.38 1268.49 1155.15 1119.08 1068.88 1023.46 983.017 779.132 731.122 672.449 695.703 613.366 570.6 554.279 550.702 659.726 525.97 525.17 555.986 1109.79 509.681 482.171 467.395 435.469 428.219 460.49 415.804 409.61 379.145 375.417 635.491 358.891 342.208 326.255 316.598 315.267 358.062 619.71 356.943 1205.19 312.878 308.328 303.609 296.939 293.379 292.623 292.08 290.545 271.084 266.758 265.332 504.497 268.248 265.818 432.91 754.246 264.21 263.558
threshold=-0.14152416586875913 2.0446702241897587 1.8029391169548037 775.50000000000011 -1.7904666066169737 -1.5114245414733884 -0.098669108003377901 2.0535342693328862 0 -0.65170550346374501 0.28408241271972662 1 -0.23888704180717465 -2.2509361505508418 2 775.50000000000011 3 0.10259702429175378 4 0.63852643966674816 0.34667599201202398 929.50000000000011 2.0446702241897587 1.0966395139694216 5 789.50000000000011 6 7 0.025464545935392383 0.6901068687438966 8 -0.26281349360942835 -0.11680612713098525 0.10259702429175378 2.0446702241897587 9 10 -1.2087602019309995 0.65383484959602367 11 12 -1.8589775562286375 13 1.2796644568443301 -0.74177575111389149 1.2796644568443301 -0.6438932716846465 1.5262878537178042 14 15 0.22192367911338809 -1.8589775562286375 1.6550678610801699 16 -1.9876974821090696 -0.55541878938674916 -1.314770460128784 0.43152049183845526 17 -0.53948548436164845 -1.2431303858757017 -0.12783293426036832 -0.88874357938766468
decision_type=2 2 2 2 2 2 2 2 1 2 2 1 2 2 1 2 1 2 1 2 2 2 2 2 1 2 1 1 2 2 1 2 2 2 2 1 1 2 2 1 1 2 1 2 2 2 2 2 1 1 2 2 2 1 2 2 2 2 1 2 2 2 2
left_child=1 5 3 6 -3 9 12 -4 38 13 14 37 22 26 31 28 32 40 25 -17 -21 -10 23 33 50 52 -1 -24 -16 48 -31 61 -9 36 -19 -36 45 -6 49 55 43 42 -42 -8 -45 -2 -47 -44 -11 -5 -25 -27 -12 -22 -13 56 -30 -58 59 60 -57 -7 -52
right_child=2 4 7 8 11 10 17 16 21 29 18 54 -14 -15 15 19 -18 34 -20 20 53 -23 27 24 -26 51 -28 -29 39 30 -32 -33 -34 -35 35 -37 -38 -39 -40 -41 41 -43 47 44 -46 46 -48 -49 -50 -51 62 -53 -54 -55 -56 58 57 -59 -60 -61 -62 -63 -64
leaf_value=0.025879593625031967 0.0016266129395427573 0.026688107237722001 -0.0042306804174679176 -0.0016091889447731995 0.016043127055831326 0.00073505644229573909 0.00033254427680790992 -0.012983429736373614 -0.0011688156049383855 0.0048006099907690345 -0.00033931435974289824 0.0096205846313451877 0.0023051067229571268 0.0062249852031229227 0.0012434282999243924 3.3170836871533642e-05 -0.018838615170029365 -0.0013633969459560728 0.00030640205508387821 -0.0017927493363415665 -0.016362173897301043 0.0014600229345478272 0.0012240681101718352 -0.004937263652434595 0.00034412386710716303 -0.011345176779051074 0.0099393072769482383 0.011361475025756585 -0.0085333451834658375 0.0039536514918568815 -0.0053840732611051077 0.0010351457580713996 0.00033023018165051021 -0.00040068209175593604 0.0073958689353372043 -0.0018765199047083752 0.00032027790382073776 0.0079083069418428454 -0.0042617576022858719 0.00073939728477029278 -0.0079952997226845277 -0.0004503127990194086 -0.0016869034332705677 0.019742218935649865 -0.0013963113502108895 0.014125991321677744 0.0018629405677749399 0.0080619510466588655 0.001424337441443802 -0.003236233290660685 -0.0047019311139178043 -0.0027768179777291936 -0.0055922843611151095 -0.0059043334986348239 0.0020387483585202685 -0.0012862969691200905 -0.00038951798303660381 -0.0049266635085358406 0.0031989534404973461 0.00029200193758917211 -0.023325274686838572 0.0026176525168812004 -0.015003766680338711
leaf_weight=3371.2543907165527 144164.79472351074 3958.194091796875 64871.6171875 218891.71136474609 8953.9281005859375 84193.832626342773 290989.88717651367 4920.9869995117188 353237.6591796875 57214.079795837402 304193.01330566406 4910.6421813964844 166162.5576171875 17289.744140625 836116.90246582031 281390.1552734375 8322.0665435791016 985127.6552734375 867713.00463867188 79857.392669677734 3821.6529541015625 84970.8125 9976.1968784332275 16446.319747924805 45454.970397949219 3750.9678955078125 3558.8891639709473 6939.43483543396 10020.878051757812 8191.1534271240234 11284.392227172852 695693.30902099609 3599.1066131591797 549612.72467041016 11912.736045837402 15032.900672912598 678193.04664611816 9726.6220798492432 100538.9072265625 205816.73602294922 15688.042572021484 971221.18049407005 27593.536773681641 3702.5123901367188 7028.9629516601562 3664.7062377929688 3715.1075439453125 3204.45458984375 39771.056678771973 183384.04833984375 3412.6860566139221 76973.698608398438 9776.2244873046875 5453.4372863769531 27809.22292137146 4544.5062346458435 55855.670124053955 14839.870922088623 20178.023468017578 37143.212310791016 2013.6396698951721 330414.36463928223 6506.0942931175232
leaf_count=878 62572 1517 26176 63674 3217 42974 108919 1469 157903 22026 121829 1753 66552 6508 317158 120720 3015 355324 317933 21083 932 37705 4052 7800 19530 1626 1295 2931 4868 4169 4061 211297 1221 204983 4647 6074 231806 3872 31143 84462 7133 346009 10206 1099 2073 1104 1079 684 16762 54502 1093 31263 4686 1686 10727 2399 28681 5219 7863 13336 1096 87211 2243
internal_value=-1.19924e-06 0.000792049 -0.000657267 -0.000567475 0.0077751 0.000697069 -0.000282767 -0.00604876 -0.00176731 0.00379447 0.000586181 0.00631621 0.000358089 0.00952807 0.000919249 0.000517 -0.0130482 -0.000731971 -0.000117563 -0.000617775 -0.00267269 -0.000659045 0.000137713 7.6443e-05 -0.00249687 -0.0010496 0.0177584 0.00539238 0.000871367 0.00260172 -0.00145748 0.00148333 -0.00735388 0.000210439 -0.00126784 0.00222549 0.000615241 0.0118044 -0.00273309 -1.64111e-05 -0.00032093 -0.000573425 -0.00314538 0.000530734 0.00590258 0.00193506 0.00795803 -0.000671197 0.00341688 -0.00235106 -0.00739137 -0.00317563 -0.000502965 -0.0102438 0.00317697 -0.00109219 -0.00223545 -0.0013422 0.000352301 -0.000962797 -0.00806585 0.00223537 -0.0114634
internal_weight=9.11429e+06 4.1258e+06 4.98849e+06 4.90677e+06 55358.6 4.07044e+06 3.96575e+06 81713.8 941023 140681 3.92976e+06 51400.4 1.63425e+06 24219.9 2.66735e+06 1.55705e+06 16842.2 2.3315e+06 1.26241e+06 370523 89132.5 438208 1.46809e+06 1.45117e+06 71820.1 394694 6930.14 16915.6 1.18653e+06 116461 19475.5 1.1103e+06 8520.09 1.37935e+06 1.01207e+06 26945.6 829738 18680.6 502815 350413 1.31943e+06 1.01771e+06 46486 301721 10731.5 151545 7379.81 30798 96985.1 402276 26365.1 80724.7 313969 9275.09 32719.9 144596 80716.4 70695.5 63879.4 43701.4 6558.15 414608 9918.78
internal_count=3329828 1505107 1824721 1792840 21086 1484021 1447913 31881 344927 55699 1428322 19569 605745 8681 950985 609503 5705 842168 477337 144421 23701 195608 539193 532210 30666 159404 2173 6983 465082 47018 8230 341482 2690 501544 366045 10721 296561 7089 149319 147924 476123 364032 18023 112091 3172 64755 2183 10890 38788 118176 11136 32889 126515 2618 12480 63462 38768 33900 24694 16831 3495 130185 3336
cat_boundaries=0 2 4 6 8 10 12 14 16 18 20 22 24 26 28 30 32 34 36
cat_threshold=3758308263 66 2651766936 4 9297041 12 1830591220 72 3825218240 25 643847713 85 2517295150 68 817470795 100 2242881348 45 4014891705 2 589299744 37 772801032 114 185602088 36 1690600640 16 3433025669 35 2684557317 64 1107296290 1 202375680 66
is_linear=0
shrinkage=0.03


Tree=6
num_leaves=64
num_cat=14
split_feature=5 10 7 3 3 3 7 0 3 5 5 17 0 17 17 19 5 9 14 17 19 3 19 19 3 3 17 0 14 11 17 17 0 17 17 10 10 15 6 3 10 17 3 17 10 17 19 10 14 3 19 0 17 10 18 19 7 8 17 10 7 19 18
split_gain=4934.14 3008.36 2393.83 1811.05 1730.11 1549.71 1226.43 1108.45 1036.6 973.686 908.934 739.793 727.907 781.004 652.717 610.732 563.899 547.985 531.047 486.479 455.095 453.717 443.075 409.462 402.394 395.171 391.327 431.014 380.377 1507.57 360.656 358.897 325.205 321.555 318.698 296.241 303.092 268.293 713.609 263.291 261.455 255.876 249.059 236.968 231.81 225.186 222.894 216.474 212.152 198.49 195.531 225.832 192.807 191.498 190.794 189.671 189.294 187.63 205.706 187.095 185.089 186.905 180.294
threshold=-0.14152416586875913 2.0446702241897587 0.2925232350826264 1.8029391169548037 -1.7904666066169737 -1.7904666066169737 -0.19918341934680936 716.50000000000011 0.35258246958255773 -2.2509361505508418 2.0535342693328862 0 760.50000000000011 1 2 -1.0000000180025095e-35 -1.6821901202201841 -0.16046284139156339 0.72120228409767162 3 -0.48005665838718409 0.21928988397121432 0.92727679014205944 0.92727679014205944 0.61164435744285595 1.8029391169548037 4 789.50000000000011 -0.16810990124940869 0.63976013660430919 5 6 775.50000000000011 7 8 2.0446702241897587 0.12369984015822412 -1.8659238815307615 0.63358229398727428 0.65383484959602367 2.0446702241897587 9 -0.23420412838459012 10 -1.5311909317970274 11 2.3243991136550908 0.2980180978775025 1.3563383817672732 -1.3334827423095701 0.52390769124031078 775.50000000000011 12 0.040951244533061988 0.88939473032951366 -0.19481515884399411 -0.48774343729019159 2.9967306852340703 13 -1.1542026996612547 -0.36735923588275904 -0.65170550346374501 -0.82670938968658436
decision_type=2 2 2 2 2 2 2 2 2 2 2 1 2 1 1 2 2 2 2 1 2 2 2 2 2 2 1 2 2 2 1 1 2 1 1 2 2 2 2 2 2 1 2 1 2 1 2 2 2 2 2 2 1 2 2 2 2 2 1 2 2 2 2
left_child=1 5 8 7 -3 9 15 24 17 11 52 -1 21 47 16 26 -6 22 43 -9 -12 53 31 60 35 56 28 42 29 -7 -24 32 37 -25 -20 36 41 38 -2 -21 46 55 -28 44 45 -17 -32 -14 -29 -33 -36 -52 -5 -8 -16 -4 -10 58 -37 -44 61 -11 -13
right_child=2 4 3 10 14 6 12 19 25 23 20 62 13 -15 54 18 -18 -19 34 39 -22 -23 30 33 -26 -27 27 48 -30 -31 40 49 -34 -35 50 57 -38 -39 -40 -41 -42 -43 59 -45 -46 -47 -48 -49 -50 -51 51 -53 -54 -55 -56 -57 -58 -59 -60 -61 -62 -63 -64
leaf_value=0.020957782557365252 -0.0010420497290061731 0.026792041603843592 -5.2118894017005344e-06 0.0018580984611118556 0.01838576061254972 0.0036885002714089001 0.0011631265907288083 -0.0014134283479826568 -0.00012937564679773946 0.012376456968815312 -0.023560031471048973 0.010135724166537779 -0.0014283394432309286 0.00032167665202500963 0.002133683957759756 0.00021196704798992507 0.0073140557166044839 0.0020828687460041294 -0.0070211869850532859 -0.0027374244692749392 -0.010511089246287603 -0.00024854543287486071 0.00067002863083174321 -0.0089294903107089603 -0.0017854166357678626 -0.0036094305090668137 0.0021743532172429961 7.8793716831040113e-05 0.0019561505475953643 0.030924165973376719 -0.0024967830932928442 0.0029864152378522441 -0.0012250783795700862 0.0049108053061567005 -8.6003779088953693e-05 -0.001788415664291543 -0.0012155981757569656 0.00024119914477635331 -0.017606058933730118 -0.0047767210439686094 0.0054205481474943855 -0.00050490870289005311 -0.0019003950828665878 0.0011215548909581279 0.0001568347024451221 -0.0064826473988048245 -0.0069158906492964856 -0.0032621422997547362 -0.0039577615183714089 0.00067848932615609996 -0.0017921593761075472 -0.0086559656477281487 -0.0060964964733044207 0.00031370563331847428 0.00772249144687287 0.0023964469275905395 -0.0010390669974683472 0.010524438655550911 0.0055074040723884846 0.0011268148251561648 0.0027719919756375262 0.0050446592352099452 0.0012851809324736321
leaf_weight=5301.4301071166992 17540.7890625 3964.876220703125 66993.713012695312 3110.0941524505615 5684.525390625 31632.954772949219 568576.87112426758 236731.24310302734 297703.791015625 3880.7725524902344 4036.5194625854492 5405.9902305603027 172740.34033203125 243271.69458007812 23463.984553337097 8316.24951171875 15256.866856575012 142372.59303420782 9591.597053527832 249093.13818359375 5981.7803421020508 586551.8203125 39057.567810058594 4056.0306911468506 322499.603515625 45829.86328125 264415.15380859375 161199.27099609375 459446.95751953125 1936.5823364257812 58710.650695800781 35299.916015625 184088.45233154297 2392.0808200836182 47494.298454284668 6740.5910830497742 452356.54702758789 862504.11759185791 2696.47412109375 73894.3798828125 3253.605224609375 445763.98176574707 19393.643432617188 381713.45346832275 145695.44017791748 9906.623046875 12449.66845703125 87179.30126953125 12632.04931640625 670362.58876800537 18305.281188964844 5641.1026000976562 23098.141199111938 411932.40856933594 7177.5047912597656 53010.302200317383 667382.998046875 2765.3905487060547 7161.8088955879211 348288.54016113281 31214.99893951416 16171.444877624512 3359.063060760498
leaf_count=1689 9362 1531 23348 1341 1826 17210 203332 105503 115850 1393 1273 1941 56720 97854 9262 2862 5389 60885 2335 76658 2102 216298 19072 1657 120567 18114 101061 64447 131696 550 21857 15180 64194 1086 13185 3075 165327 297630 1057 24061 1254 162298 7842 149467 64004 5435 4962 26923 2867 231924 5040 1647 9244 149394 3154 19999 246036 855 2658 135031 12408 6469 1187
internal_value=4.73887e-06 0.000772761 -0.000629555 -0.00144899 0.00770683 0.00067806 0.000599573 -0.0013234 -0.000102926 0.00504682 -0.00809373 0.012123 9.26874e-05 -0.00090002 0.00623741 0.00114453 0.0103182 0.000288214 0.000375327 -0.00244676 -0.0157778 0.000411453 0.000152729 0.0033213 -0.000860146 -0.00088772 0.00151563 0.0011083 0.00218139 0.00526406 -0.00166459 0.000269075 -7.81166e-05 -0.0038015 -0.00189076 -0.000571772 -0.000636725 0.000161077 -0.00325289 -0.00320395 -0.00288963 -0.000173883 0.00147214 0.00071188 -0.000242181 -0.00343169 -0.00327035 -0.00204339 -0.000214642 0.00079395 -0.00120036 -0.00341055 -0.00515398 0.000806271 0.00344274 0.00105566 -0.000758453 0.00339479 0.00197332 0.000967119 0.00421746 0.00646634 0.00673888
internal_weight=9.11568e+06 4.12319e+06 4.99249e+06 1.95324e+06 55547.8 4.06764e+06 3.99586e+06 1.91701e+06 3.03925e+06 71781.8 36226.5 14066.5 2.07025e+06 503191 51582.9 1.92561e+06 20941.4 2.02834e+06 626664 559719 10018.3 1.56706e+06 1.88596e+06 57715.3 1.35729e+06 1.01092e+06 1.29895e+06 805929 493016 33569.5 113471 1.77249e+06 1.06683e+06 6448.11 81032.3 1.03479e+06 1.01812e+06 882741 20237.3 322988 74413.9 565768 632097 545632 163918 18222.9 71160.3 259920 173831 705663 71440.7 23946.4 26208.2 980509 30641.5 120004 965087 16667.8 13902.4 367682 51267.2 20052.2 8765.05
internal_count=3329878 1504192 1825686 718309 21162 1483030 1455200 704349 1107377 27830 13960 4817 750521 181497 19631 704679 7215 727377 243975 206222 3375 569024 666492 23013 498127 380000 460704 311248 149456 17760 47145 619347 372243 2743 22207 377560 370972 308049 10419 100719 28073 205645 243934 221768 72301 8297 26819 83643 67314 247104 19872 6687 10585 352726 12416 43347 361886 6588 5733 142873 20270 7862 3128
cat_boundaries=0 1 2 3 4 5 6 7 8 9 10 11 12 13 14
cat_threshold=9585210 32020048 34646587 2320875 38053930 34933979 26548013 56889774 573440 6472448 45762896 42993664 311425 21735776
is_linear=0
shrinkage=0.03


Tree=7
num_leaves=64
num_cat=16
split_feature=7 3 3 0 2 2 1 3 2 1 3 1 1 4 0 18 1 18 0 15 9 9 1 6 18 18 1 14 6 0 8 0 2 1 2 1 2 1 8 6 9 12 0 8 18 2 14 19 2 18 1 2 1 1 19 8 1 18 19 9 1 0 1
split_gain=4580.33 2867.44 2505.09 2116.23 1794.73 1725.76 1547.65 1368.17 1011.52 875.908 735.682 605.613 605.291 569.643 487.128 488.166 444.115 412.717 403.269 394.341 2059.76 411.154 387.906 450.455 385.546 381.927 371.06 344.776 607.325 463.013 438.879 344.65 357.045 344.139 324.973 322.966 293.749 292.827 290.208 289.404 277.166 273.181 329.51 420.057 266.212 345.886 251.695 362.286 245.087 328.814 333.34 239.651 235.497 230.964 217.926 221.792 388.776 217.703 215.026 218.361 211.009 209.663 225.366
threshold=-0.33144003152847284 1.8029391169548037 -1.7904666066169737 775.50000000000011 -1.3648050427436826 -0.95707347989082325 0 0.21928988397121432 -0.74895048141479481 1 -0.066661357879638658 2 3 -0.13379042595624921 929.50000000000011 -1.0364525914192197 4 -2.0651226043701167 544.50000000000011 1.2796644568443301 -0.78595551848411549 -0.23888704180717465 5 -0.46366593241691584 1.5325387120246889 -0.37130455672740931 6 0.72120228409767162 0.46874660253524786 845.50000000000011 3.1577376127243046 775.50000000000011 -1.3648050427436826 7 -1.1162397265434263 8 -1.3648050427436826 9 2.7201130390167241 -1.7492431998252866 -0.84132489562034596 -0.96297535300254811 859.50000000000011 2.2439718246459965 -0.47572813928127283 -1.3648050427436826 0.72120228409767162 0.1786586940288544 -1.3648050427436826 -1.5294928550720213 10 -1.901797831058502 11 12 -0.15733292698860166 0.74719053506851207 13 -2.0651226043701167 0.52390769124031078 -0.84132489562034596 14 929.50000000000011 15
decision_type=2 2 2 2 2 2 1 2 2 1 2 1 1 2 2 2 1 2 2 2 2 2 1 2 2 2 1 2 2 2 2 2 2 1 2 1 2 1 2 2 2 2 2 2 2 2 2 2 2 2 1 2 1 1 2 2 1 2 2 2 1 2 1
left_child=2 3 5 7 13 9 8 11 17 18 12 19 51 24 15 -8 57 -5 -1 21 -21 44 23 -19 -3 53 -16 -10 41 -30 -31 32 -14 -7 60 -6 -17 -27 -24 -37 -39 42 -29 -44 45 -2 -33 52 49 -13 -51 -4 -48 -9 -34 56 -56 -12 59 -43 -28 -53 -63
right_child=1 4 10 6 35 33 14 25 27 -11 16 48 31 -15 26 36 -18 22 -20 20 -22 -23 38 -25 -26 37 34 28 29 30 -32 46 54 -35 -36 39 -38 40 -40 -41 -42 58 43 -45 -46 -47 47 -49 -50 50 -52 61 -54 -55 55 -57 -58 -59 -60 -61 -62 62 -64
leaf_value=0.03058966687066688 0.010862003380325421 -0.014547467600087122 0.0064487583628390962 0.0034417545955767364 -0.00086425653149829328 0.0075286881891231212 0.00069162955254312608 0.00048688103797413522 -0.0016312287867326679 0.008227526798308505 0.004241457127057445 0.011704415379641829 0.0056111680667206209 -0.0038737552418746631 0.004177727431777932 -0.0047146867363412007 -4.1630318510552724e-05 -0.017894125056605859 0.016977934517167115 0.024499973423964896 0.0012113581667431868 0.0019832983699769892 -0.0034402465222538167 -0.0074377019966760114 -0.026079889381405662 -0.0016041239823974978 0.0011444400153614274 -0.0016110509753252593 -0.0022108648818438955 -0.016491398577296562 -0.0055709781976945889 0.00021471711473180523 0.0015608135672563902 0.0014814618402038163 0.00085100708370326012 -0.013935819345794978 -0.001229180350291854 0.00072036672346531755 -0.0086062153767048014 -0.0046417264956945051 -0.00086880745678413892 0.0040895752021494003 -0.016768650127734666 -0.004577408151068183 0.00018663177760861558 0.0011271359055909454 0.0036373216575738528 -0.0087170263805700331 -0.00014516560507379537 0.0057707186041043657 -0.00024908312089375392 0.0018152792915314628 -0.0025471743342487217 -0.00077592185149640252 0.0057556629716079295 -6.1056840676488363e-05 0.00036355393455086375 0.00091898202347649857 -0.0063726606818342527 -0.0020405702810886188 -0.0082098347986816218 0.0064614525312609696 0.0012692234574383221
leaf_weight=3545.0379781723022 3316.3651123046875 8285.8566781282425 10759.0849609375 3800.286865234375 21825.641250610352 14648.737478256226 129150.9443359375 312137.89697265625 334409.666015625 6659.406888961792 18308.10546875 2996.904296875 15618.990966796875 3149.6592978239059 28429.696533203125 23115.80029296875 872303.55786132812 5193.5054235458374 4437.4257383346558 3898.6864013671875 27476.446655273438 192293.52096706629 28734.790296316147 12986.962906837463 3828.6104888916016 458288.47021484375 3326.2450714111328 8676.9025268554688 7714.94140625 7169.1580963134766 6166.6589202880859 153592.79663085938 305421.3064956665 20098.040353775024 90113.142272949219 3230.2092609405518 370357.59130859375 112149.1904296875 14847.487711191177 44707.917554855347 827946.73193359375 5480.7329320907593 4263.6972351074219 6307.8923645019531 784119.19171142578 299460.72442626953 7171.1424865722656 6914.8121032714844 1562904.7111206055 11441.204357147217 29851.927967071533 622434.7710723877 24212.194091796875 223798.14794921875 17588.584480285645 209781.46630859375 38061.419326782227 577081.05541992188 9830.2834854125977 112235.69726657867 6235.5606536865234 18387.934326171875 12761.36393737793
leaf_count=1115 1041 2835 3506 1050 8497 6534 53965 100004 108257 2445 6469 977 5471 1071 15689 9182 335587 1565 1508 1179 7137 70525 7850 4165 1297 194424 1379 2018 1813 1691 1425 62743 110926 7681 34327 1488 155035 35565 4161 18558 280483 1214 932 1558 253763 96698 2289 1863 610278 3474 11497 213634 5440 95075 9809 75080 20954 207504 2999 30249 2084 5933 4763
internal_value=6.29932e-06 -0.00046001 0.000976111 -0.000383378 -0.00593086 0.00767562 -0.00150108 -0.000102676 -0.0026456 0.0163128 0.000862409 0.000307495 0.00134349 -0.0152472 -0.00050233 -0.000908716 0.000389516 -0.00615013 0.0230095 0.00078612 0.00410865 0.000704618 -0.00674055 -0.0104231 -0.0182014 -0.000721385 0.00115552 -0.00218813 -0.00329759 -0.00806249 -0.0114456 0.000775747 0.00113685 0.00403419 0.000292898 -0.00389152 -0.001434 -0.000982354 -0.00519977 -0.00526828 -0.000679216 -0.00261404 -0.0059451 -0.00949994 0.000478385 0.00123394 -0.000327848 -0.00250352 -8.27982e-05 0.00211777 0.00142067 0.00200862 -0.00113331 -4.04526e-05 0.00101438 0.000385607 0.00206923 0.00102117 -0.00211113 -0.001755 -0.00496427 0.00193551 0.00433731
internal_weight=9.11544e+06 6.15566e+06 2.95979e+06 6.07063e+06 85027.9 49388.6 1.21855e+06 4.85208e+06 567819 14641.9 2.9104e+06 2.91776e+06 1.44271e+06 15264.1 650729 522624 1.46769e+06 65563 7982.46 1.31056e+06 31375.1 1.27919e+06 61762.7 18180.5 12114.5 1.93432e+06 128105 502256 167846 21050.8 13335.8 778363 586472 34746.8 99674.9 69763.8 393473 1.39838e+06 43582.3 47938.1 940096 146795 19248.5 10571.6 1.0869e+06 302777 191891 38298.1 1.60719e+06 44290 41293.1 664343 31383.3 535936 570853 265431 55650 595389 127547 117716 9561.81 653584 31149.3
internal_count=3329728 2238474 1091254 2204728 33746 19283 442608 1762120 170947 5068 1071971 1056569 522411 5203 271661 218182 549560 18791 2623 430343 8316 422027 17741 5730 4132 705551 53479 152156 43899 4929 3116 294575 222240 14215 37790 28543 164217 510472 12011 20046 316048 38970 4508 2490 351502 97739 72335 9592 626226 15948 14971 227836 7729 195079 216769 105843 30763 213973 34462 31463 3463 224330 10696
cat_boundaries=0 2 4 6 8 10 12 14 16 18 20 22 23 25 27 29 31
cat_threshold=3221304231 74 2655707183 19 2919567779 13 210623616 61 169659448 44 1073750784 2 7389184 36 1275888129 45 2152212980 110 1421921856 89 4751364 16 2717909504 839851259 37 1090528007 2 209846296 1 201889792 37
is_linear=0
shrinkage=0.03


Tree=8
num_leaves=64
num_cat=17
split_feature=7 3 3 2 2 0 10 3 1 4 1 1 10 1 4 2 18 0 0 14 11 14 1 18 2 0 7 1 19 15 11 1 10 18 10 18 19 1 11 10 19 1 10 1 8 1 0 18 2 19 1 0 2 1 1 4 1 8 1 14 0 1 0
split_gain=4517.8 2554.71 2075.22 1802.13 1746.86 1308.84 1210.17 1149.79 1030.78 964.272 869.583 809.263 778.55 768.114 750.597 619.817 585.555 559.585 511.076 495.963 2439.71 466.746 456.512 454.17 439.124 438.575 425.651 420.52 399.733 389.705 1355.82 385.854 376.855 353.81 372.512 349.095 336.1 375.132 334.997 388.496 326.925 352.827 320.388 564.042 318.201 311.683 306.639 301.241 395.244 297.521 315.893 281.762 311.006 278.655 273.42 263.927 259.932 255.841 254.362 246.835 245.898 498.035 244.422
threshold=-0.02698943484574556 -1.7904666066169737 0.74549677968025219 -1.3648050427436826 -0.84132790565490712 775.50000000000011 2.0446702241897587 0.35258246958255773 0 -0.13379042595624921 1 2 0.10259702429175378 3 -0.17717035114765164 -0.74895048141479481 1.312424421310425 382.50000000000006 775.50000000000011 -0.16810990124940869 0.63976013660430919 0.22192367911338809 4 -1.8438284397125242 -1.1162397265434263 803.50000000000011 -0.98193383216857899 5 0.34667599201202398 1.2796644568443301 0.63976013660430919 6 1.3058599829673769 -1.0364525914192197 2.0446702241897587 -0.89262008666992176 0.6901068687438966 7 1.9463328719139101 -1.0245386958122251 0.79499089717865001 8 -1.5311909317970274 9 0.66989099979400646 10 929.50000000000011 -0.58510729670524586 -1.3648050427436826 1.320500433444977 11 929.50000000000011 -1.3648050427436826 12 13 0.93011432886123668 14 2.6118419170379643 15 0.86274191737174999 157.50000000000003 16 873.50000000000011
decision_type=2 2 2 2 2 2 2 2 1 2 1 1 2 1 2 2 2 2 2 2 2 2 1 2 2 2 2 1 2 2 2 1 2 2 2 2 2 1 2 2 2 1 2 1 2 1 2 2 2 2 1 2 2 1 1 2 1 2 1 2 2 1 2
left_child=1 4 5 9 10 6 12 13 15 14 -1 -8 22 19 -4 23 -16 -11 24 20 -3 -20 29 -7 55 -5 51 -27 -23 38 -31 -9 40 -10 46 -12 -26 -38 -2 -40 58 -42 43 -33 -39 62 -35 48 -14 -24 -51 52 -21 -37 -30 -15 -49 -47 -6 -45 61 -50 -25
right_child=2 7 3 25 32 8 11 31 33 17 35 -13 47 18 16 -17 -18 -19 21 26 -22 28 49 45 36 27 -28 -29 54 30 -32 42 -34 34 -36 53 37 44 39 -41 41 -43 -44 59 -46 57 -48 56 60 50 -52 -53 -54 -55 -56 -57 -58 -59 -60 -61 -62 -63 -64
leaf_value=0.024080760728163113 0.00056748976629501899 0.0024977066751636374 -0.0045420920478070129 -0.001372980167150809 0.0054701745344202905 0.0027142148042154104 0.010984661582121431 0.00051377706345520689 0.0012895278234619637 0.0079304484108939158 0.015858021404716195 0.0019862329360716344 0.0078789762102586414 0.0049065509327948778 -0.012191876220584605 -0.0019619879526797659 -0.024989885463899842 -0.0054698559630917765 0.00050912569018916074 0.0064671242754631743 0.025239618232386331 -0.0009245188805824669 -9.1030870575606126e-05 -0.0058281299662971331 0.00083596123804807927 -0.0010314943211862826 0.00096433737332648648 -0.0045071263311802275 -0.0006837767807368933 0.00075172601644913955 0.020114265457255299 0.00047051810901704947 0.013155749060112774 -0.0014975779552485263 0.0056842573400966547 0.012947671088533888 -0.0025651111320390383 0.0044993119785720027 0.012874816971053965 0.0025046662623556299 -0.0082117842410958375 0.0054441927792669587 -0.00040720805786990916 -0.0047769384281369292 -0.00029105300774276004 -0.0037207184450342113 0.00121402305892274 -0.00022337180323885004 -0.0091695185425806954 -0.0057384936535534664 0.00017293321080233463 0.0061033607978640686 0.0018373834095531559 0.0010256417706516377 -0.0067481162990603617 -0.00032868677958747738 -0.0012743717547148371 -0.0087360264964851005 0.00028556957003286802 -0.012871983918419528 0.00039176690374573134 -2.8423716168203781e-06 -0.016245417530990985
leaf_weight=5684.7921752929688 759402.57355189323 83204.156173706055 7631.2045123577118 619601.34222412109 28022.677458763123 5797.0352783203125 13808.806716918945 485637.07421875 98499.732421875 3362.2806255817413 5227.7604598999023 25801.853439331055 5938.498291015625 35543.925635814667 10664.489044189453 392979.42333984375 4617.9670104980469 16790.998260498047 218452.00524902344 13699.865661621094 4468.8877716064453 154016.18603515625 896057.75735473633 3718.5431823730469 1290950.6297607422 49015.050903320312 832168.59008789062 86939.776794433594 10096.534103393555 14684.270141601562 4176.76806640625 22329.975280761719 3413.6873168945312 210188.58465576172 7693.685302734375 2899.3425369262695 57700.319580078125 15223.908870697021 3829.6442260742188 21401.556945800781 4476.1646633148193 2730.82102394104 783505.0048828125 20126.934753417969 69129.394351959229 32288.653661727905 45688.662658691406 304738.94946289062 7582.8550952672958 17568.182678222656 15149.304138183594 16341.4267578125 277380.13116455078 4494.0050964355469 19898.794998168945 11459.989891529083 694454.62915039062 12780.79009437561 12246.225831031799 4075.7100830078125 202798.79486811161 17915.360046386719 4473.822021484375
leaf_count=1917 246313 49094 2983 238604 11078 1452 5032 176672 45512 1237 1759 10396 1985 12903 3564 110938 1521 6000 93757 4408 1455 44807 348031 1024 470261 22472 266616 30722 3707 4118 996 8192 1392 96853 3456 1244 23086 9266 1009 6062 1711 1301 309398 9682 26778 8087 21262 124523 2266 7602 8165 5265 90106 1409 6123 4007 237905 3502 5300 1257 73742 6411 1279
internal_value=-2.09527e-06 0.000674993 -0.000661086 -0.00205184 0.00639463 -0.000370283 -8.12383e-05 0.000585554 -0.00143729 -0.00802055 0.0143409 0.00512747 -0.000150816 0.000900087 -0.0122299 -0.00239263 -0.016066 -0.0032328 0.00051938 0.00148402 0.00365829 -0.000428526 0.000259341 -0.00525814 0.000777152 -0.00171157 0.00131675 -0.00325457 -0.00154166 0.000782938 0.00504375 -0.000157878 0.00353507 -0.000244479 -0.000817779 0.00991918 0.000683555 -0.000701459 0.000680495 0.00408091 0.002842 -0.00304101 -0.000550849 -0.00296926 0.00057365 -0.00612603 -0.00101339 -0.000726853 0.000241465 -0.000193637 -0.0030034 0.00227066 0.00205539 0.00572541 -0.00470977 0.00363025 -0.00095385 -0.00514263 0.00389514 -0.00613998 4.26285e-05 -0.00273376 -0.0115094
internal_weight=9.11265e+06 4.4946e+06 4.61804e+06 798623 69195.5 3.81942e+06 3.00531e+06 4.42541e+06 814109 43066.9 18305.9 39610.7 2.9657e+06 3.10973e+06 22913.7 452038 15282.5 20153.3 1.88247e+06 1.22726e+06 87673 402464 1.73227e+06 59058.8 1.48001e+06 755556 1.13959e+06 135955 184012 803495 18861 1.31567e+06 50889.6 362071 263571 12621.1 1.433e+06 142054 784634 25231.2 47475.9 7206.99 830038 46532.6 84353.3 53261.8 255877 1.23343e+06 234236 928775 32717.5 307421 291080 7393.35 29995.3 47003.9 999194 45069.4 40268.9 24202.6 228297 25498.2 8192.37
internal_count=3328975 1643951 1685024 307103 27111 1377921 1084556 1616840 293365 15305 6329 15428 1069128 1111639 8068 126282 5085 7237 694695 416944 50549 148394 622296 15344 546301 291798 366395 53194 54637 258498 5114 505201 20782 167083 121571 4412 529391 59130 253384 7071 19390 3012 328529 19131 36044 13892 118115 446832 84404 363798 15767 99779 94514 2653 9830 16910 362428 11589 16378 10939 82419 8677 2303
cat_boundaries=0 2 3 5 7 9 11 13 15 17 19 20 22 24 26 28 30 32
cat_threshold=3221959591 74 2487934988 2400060092 10 202169472 61 34943399 45 367578460 36 302828604 36 853541409 64 1765298351 83 23147267 66 8960 3154660864 80 162530464 51 2685468936 2 2821046426 3 3357398149 57 2147559139 2
is_linear=0
shrinkage=0.03


Tree=9
num_leaves=64
num_cat=15
split_feature=5 10 3 0 3 2 3 2 2 3 1 1 1 0 1 1 9 4 18 0 10 1 10 0 16 9 5 0 1 2 0 17 5 2 1 15 8 10 2 3 1 5 10 1 10 1 1 1 6 10 3 8 4 2 18 1 8 15 9 14 10 10 13
split_gain=4589.25 2468.14 2220.5 1687.4 1467.2 1444.72 1226.27 1491.63 1139.83 1002.04 973.624 946.483 895.408 919.816 809.916 804.971 701.302 686.17 663.884 580.916 507.454 579.041 474.046 462.256 455.966 452.745 430.831 386.318 376.728 370.698 575.638 399.71 360.593 352.251 340.933 412.241 1139.08 334.073 321.628 321.32 316.475 316.316 427.586 318.773 313.119 558.008 311.419 305.903 344.883 287.737 286.345 272.21 324.154 267.567 258.657 257.823 383.416 364.598 1275.6 415.285 553.366 315.914 531.966
threshold=-0.2834745049476623 2.0446702241897587 1.5147508978843691 775.50000000000011 -1.5114245414733884 -1.901797831058502 -1.5114245414733884 -1.1162397265434263 -1.3648050427436826 -0.066661357879638658 0 1 2 789.50000000000011 3 4 -0.23888704180717465 -0.13379042595624921 -1.4067004919052122 731.50000000000011 2.0446702241897587 5 0.10259702429175378 529.50000000000011 0.70798438787460338 -0.60418492555618275 -1.819243788719177 929.50000000000011 6 -0.74895048141479481 172.50000000000003 7 -1.6821901202201841 -1.3648050427436826 8 1.2796644568443301 1.0691260099411013 -1.5311909317970274 -0.66950801014900196 -0.066661357879638658 9 2.0535342693328862 -0.68695411086082447 10 2.0446702241897587 11 12 13 -0.27576021850109095 -0.041806276887655251 0.18708706647157672 2.1537300348281865 0.089645657688379302 -0.22820197045803067 -0.6997048258781432 14 1.9346206784248354 1.2796644568443301 -0.74177575111389149 0.47087781131267553 -1.5311909317970274 -1.5311909317970274 1.5262878537178042
decision_type=2 2 2 2 2 2 2 2 2 2 1 1 1 2 1 1 2 2 2 2 2 1 2 2 2 2 2 2 1 2 2 1 2 2 1 2 2 2 2 2 1 2 2 1 2 1 1 1 2 2 2 2 2 2 2 1 2 2 2 2 2 2 2
left_child=1 6 3 9 10 17 7 18 14 16 -3 -10 13 29 -5 32 20 23 19 -1 34 -22 55 -4 -15 38 33 -13 -20 30 31 -8 -6 47 35 -2 -37 -27 -26 -31 -9 -7 -43 -44 -24 -46 -29 48 -14 53 -28 52 -39 -18 -40 56 57 59 -59 -11 -61 62 -57
right_child=2 4 5 8 15 41 12 40 11 22 -12 27 26 24 -16 -17 49 -19 28 -21 21 -23 44 -25 25 37 50 46 -30 39 -32 -33 -34 -35 -36 36 -38 51 54 -41 -42 42 43 -45 45 -47 -48 -49 -50 -51 -52 -53 -54 -55 -56 61 -58 58 -60 60 -62 -63 -64
leaf_value=0.025671967234852655 0.00057077843556888963 0.03507695163331824 -0.023450531147993912 -0.012085359319085233 0.016336571519210894 -0.0026148201937467985 0.016714974362953751 0.0033949006345828669 -0.0024186079137249509 8.0685988233255554e-05 0.0092062579872497635 -0.00089213263075605092 0.016247828140294185 -0.00050399593997742839 -0.0035453566796751564 0.0020766533687911685 0.0069641937541208504 -0.0026583156699273324 -0.0026415843185542032 0.010309920040904917 0.012951604652136803 0.0015118271763523092 -0.0011581831491815394 -0.011022613425124977 -0.01282098660402128 -0.01011965933510681 0.0011770798916521683 -0.0013325010216591097 0.0094667670293598783 0.00084551786902697652 0.0014090766764453407 0.0046990689422669735 0.0075396303185572191 0.0019314537875848017 -0.00020880917941433979 0.00091807500291698964 0.020658385396942418 -0.0021327517391687653 -0.0070455864824775167 -0.00018093387337025539 6.5322316299490908e-05 -0.017480628176153677 -0.00030527854018967611 -0.010001303810863126 -0.0024237687163654025 0.0064928617649802085 0.0022413445870786168 0.0028103164011623514 0.0038330409717825926 0.00093158511237400471 0.00038122384500445143 -0.0021795696242419048 0.0053244414832830543 0.0025704247976238133 -0.0019200787324241122 -0.0033076080572262342 -0.00052055729644071729 0.021336988479850872 -0.00051438866298114747 0.012150123807949038 0.0022222995242083114 -0.00032893458704995457 0.006068674465461694
leaf_weight=3955.4233902692795 529375.50849151611 2651.9259033203125 5035.1327018737793 14125.453536987305 5847.6678466796875 137660.93408203125 3702.2555999755859 70679.017894744873 406674.76089477539 117816.39619660378 2629.0799560546875 442504.67050170898 4442.536759018898 224048.912109375 34220.380447387695 25765.146018981934 14920.808898925781 4322.5312280654907 3146.2637479305267 5054.9928084611893 5769.7189025878906 12814.931488037109 1004224.4346923828 5822.73646068573 4641.6389770507812 3812.7151489257812 1112095.1975097656 31633.337890625 8692.5163424015045 535638.26831054688 77452.292724609375 7661.3330230712891 14871.020118713379 201845.20483398438 1123872.5422897339 10767.471038818359 3476.6285705566406 9795.471227645874 17329.9794921875 562933.45031738281 40372.209644317627 2921.1191711425781 6718.0739922523499 5586.085645198822 12117.97785949707 13168.08073425293 71577.69580078125 10253.4521484375 3687.658553481102 95132.88720703125 641634.19006347656 52148.965280532837 11285.816925048828 76031.970886230469 18138.100448608398 60704.290283203125 181157.63989257812 3600.4757080078125 7216.677490234375 5616.0361328125 50046.13916015625 928256.55212402344 5977.912109375
leaf_count=1244 204669 994 1600 4605 2055 57174 1249 28158 125450 53270 1055 180940 1687 92646 12574 9738 5635 1453 1176 1648 2417 5233 361793 2006 1059 1126 398672 11387 2861 192303 27098 2618 5830 72574 401139 2989 1175 3123 4373 207375 16806 989 2127 2259 4954 5097 30688 3498 985 38458 239110 13620 3292 30478 4289 25496 49585 1076 2131 1388 12087 344062 1454
internal_value=3.47812e-06 0.000820452 -0.000551045 -0.000442639 0.0073247 -0.00394552 0.000727803 0.00356739 -0.00155123 -0.00018234 0.0223022 -0.00132309 0.000620864 7.57751e-05 -0.00604476 0.00562089 0.000337382 -0.0127711 0.0109293 0.0170641 0.000144485 0.00507369 -0.000589472 -0.016794 -0.00129704 -0.00281362 0.00104296 -0.000506632 0.00625487 0.000470266 0.00233446 0.00863832 0.010021 0.00229365 8.95328e-05 0.000706308 0.00574175 -0.00146781 -0.00539816 0.000319542 0.00218482 -0.00306882 -0.00717151 -0.00471792 -0.00107516 0.00222167 0.00114607 0.00626879 0.0106096 0.00208513 0.000885903 -0.00101669 0.00185975 0.00329157 -0.00442508 -0.000221913 0.000459523 0.00142293 0.00676531 0.00108962 0.00322497 -0.000472214 -0.00246665
internal_weight=9.11708e+06 3.68621e+06 5.43087e+06 5.2628e+06 51764.8 168067 3.63445e+06 131900 1.00074e+06 4.26207e+06 5281.01 952390 3.50255e+06 1.52859e+06 48345.8 46483.8 1.87216e+06 15180.4 20849.2 9010.42 1.68608e+06 18584.7 2.3899e+06 10857.9 341202 117153 1.97396e+06 545716 11838.8 1.18739e+06 88815.9 11363.6 20718.7 220229 1.66749e+06 543620 14244.1 77043 40109.7 1.09857e+06 111051 152886 15225.3 12304.2 1.02951e+06 25286.1 103211 18383.6 8130.2 186086 1.75373e+06 73230.3 21081.3 90952.8 35468.1 1.36039e+06 365453 184296 10817.2 173479 55662.2 994939 66682.2
internal_count=3330100 1342262 1987838 1920230 19672 67608 1322590 51893 365644 1554586 2049 348465 1270697 554171 17179 17623 692193 5059 6929 2892 617622 7650 862393 3606 123528 30882 716526 223015 4037 430643 30965 3867 7885 78744 609972 208833 4164 21161 9721 399678 44964 62549 5375 4386 371844 10051 42075 6170 2672 74571 637782 20035 6415 36113 8662 490549 119537 69952 3207 66745 13475 371012 26950
cat_boundaries=0 2 4 6 8 10 12 14 15 17 19 21 23 25 27 29
cat_threshold=2666178716 66 3758175143 2 3777114978 83 3221236708 11 2618212540 36 2403738288 19 4043314962 12 2131088 2854486306 39 3433932677 11 1077518321 77 313637954 108 42336272 72 5818376 32 34607401 36
is_linear=0
shrinkage=0.03


Tree=10
num_leaves=64
num_cat=17
split_feature=5 7 3 2 3 2 7 3 1 2 1 5 1 3 5 1 3 2 1 3 1 7 1 1 1 5 14 11 1 11 6 13 19 2 1 9 2 3 9 5 7 1 18 14 11 19 4 19 14 1 12 1 1 3 1 4 4 19 16 4 2 1 4
split_gain=4271.86 2394.43 1950.95 1947.1 1609.35 1139.62 1006.44 967.236 827.179 769.016 640.12 617.341 604.506 570.972 549.318 462.605 460.952 434.644 398.55 398.17 354.1 354.091 332.608 326.323 323.888 304.77 270.348 2372.2 265.158 1772.68 615.75 596.442 244.479 240.725 259.693 223.156 217.512 211.863 233.873 210.213 207.724 200.498 197.931 206.417 1347.45 193.383 215.175 189 240.429 188.95 186.581 185.753 182.696 175.201 173.43 172.495 170.967 168.613 226.167 201.748 184.246 168.623 170.239
threshold=-0.33140484988689417 0.39938059449195867 -1.7904666066169737 -0.95707347989082325 1.8029391169548037 -1.1162397265434263 -0.81874781847000111 0.35258246958255773 0 -1.3648050427436826 1 -1.9876974821090696 2 0.79618617892265331 -2.2509361505508418 3 1.5147508978843691 -1.3648050427436826 4 -0.23420412838459012 5 -0.63473242521286 6 7 8 -2.2509361505508418 -0.16810990124940869 0.63976013660430919 9 -0.53948548436164845 0.63358229398727428 -0.76755958795547474 0.21624313294887546 -1.901797831058502 10 -0.29193235933780665 -1.1162397265434263 0.57078379392623912 -0.16046284139156339 -2.2509361505508418 -0.53390479087829579 11 2.4603563547134404 -0.16810990124940869 0.63976013660430919 0.40057253837585455 2.2173740267753606 0.05331165902316571 0.65615862607955944 12 -0.28054265677928919 13 14 0.69849473237991344 15 -2.066596150398254 -0.25480918586254114 0.52390769124031078 0.70798438787460338 1.8258113861083987 -1.1162397265434263 16 0.32278256118297582
decision_type=2 2 2 2 2 2 2 2 1 2 1 2 1 2 2 1 2 2 1 2 1 2 1 1 1 2 2 2 1 2 2 2 2 2 1 2 2 2 2 2 2 1 2 2 2 2 2 2 2 1 2 1 1 2 1 2 2 2 2 2 2 1 2
left_child=2 7 3 8 13 15 9 12 14 11 19 20 26 23 -1 -6 40 41 56 -8 -4 50 32 -3 -11 -12 27 -2 29 -23 -31 -32 -7 34 -18 -28 49 38 42 -10 -9 -15 43 44 -27 52 -47 -26 -49 -25 -14 -35 55 -21 -13 -30 -5 -45 59 60 -59 -62 -63
right_child=1 4 6 18 5 22 10 16 39 24 25 54 21 17 -16 -17 33 -19 -20 53 -22 28 -24 36 47 37 35 -29 45 30 31 -33 -34 51 -36 -37 -38 -39 -40 -41 -42 -43 -44 57 -46 46 -48 48 -50 -51 -52 -53 -54 -55 -56 -57 -58 58 -60 -61 61 62 -64
leaf_value=0.02733968307795883 0.001583639880342574 -0.00034397670333480735 0.015552586739575151 -0.0037442857342838394 -0.0091129005817337915 -0.0040151855316047924 0.00057726232149523076 8.9610780307243588e-05 0.012135379061919202 0.0020852342944123687 0.0032590169981721855 -0.00021706081855997006 0.00067048246539525935 -0.0035218624584425397 0.012701696515392357 -0.021608994513329444 -0.013204565276489433 -0.0022149601132050428 0.0045484554418098863 -0.00026416557256210695 0.0055626382243460218 -0.024619395062427215 -0.0069344679819809841 -0.0066940026964989021 0.0013116671094732352 0.0015142920273814207 0.00041065071346180963 0.028564855784501578 0.0044138866550437819 -0.00022889724329522597 -0.018438615544766359 -0.0012985647939747493 0.0059481524239295364 -0.00049190604854759061 -0.0016991516013677612 0.0018485870388283137 -0.0012097292033323177 1.4231514402412476e-05 0.0048442961453625168 0.0031724540620150267 -0.00083507153589335438 -0.010121082316001031 0.0054971581315476368 0.00085375303249089339 0.021014468852664857 -0.00082026533620378642 -0.008187007874147955 0.00059459201941112919 -0.0025267079148946284 -0.002288028894912321 0.0054978854643251114 -0.0032294150701918478 -0.00011178893984864433 -0.0013354622762195335 0.0050295699465196441 0.00063960142093415044 0.0024429876189739287 0.0057782964432266564 -0.0077405216116775057 -0.0074392206685560585 -0.0024770111855172703 0.0016464740279208395 -0.0013881668229302185
leaf_weight=4890.56884765625 42556.009010314941 423956.12464904785 7238.9277801513672 9414.7791862487793 5011.7694244384766 4969.8417816162109 452874.974609375 296374.40563964844 4825.66357421875 368320.44847106934 45175.75390625 9193.4875335693359 484396.59545898438 7536.2995452880859 4394.049186706543 5848.7065277099609 3882.0332279205322 272775.05859375 35474.281196594238 472623.45709228516 5789.2387237548828 2946.9080657958984 14430.32470703125 10119.66943359375 256914.4956817627 98045.938365936279 233944.21376800537 3144.8503646850586 11491.267578125 80766.234634399414 3423.5032501220703 3913.9199676513672 3992.7247467041016 34189.433069229126 3253.5785884857178 166098.53623199463 1000010.5202484131 280461.18688964844 13565.211883544922 4604.7336502075195 833685.44787597656 9312.8879547119141 8309.1128349304199 1007326.3289108276 3291.4488830566406 194780.94946289062 3630.158935546875 100361.79302978516 28517.240478515625 65155.966918945312 7309.756591796875 64270.865270614624 1066390.3173920512 193696.693359375 14798.814712524414 209517.10498046875 7006.3384208679199 4883.0153522491455 3649.7170257568359 3296.2962265014648 22221.129493713379 44651.695830583572 26511.913237333298
leaf_count=1504 21339 181233 2049 3400 1616 1666 173032 115343 1655 131614 15219 3220 173616 2391 1443 2056 1298 105632 15062 172328 2428 1637 6490 3861 96591 53688 87320 1097 4530 32253 1088 1129 1334 15984 1071 65286 342426 102109 5316 1770 305903 3657 2908 322713 1067 76778 1215 45265 8028 21364 4010 24659 347348 80366 5365 83482 2421 1758 754 1108 9662 16109 9172
internal_value=1.78135e-06 -0.00051599 0.000816382 0.00575291 -0.00140781 -0.0078487 0.000715971 -8.24105e-05 0.0140473 0.00165619 0.000438475 0.00587737 0.000255353 -0.00128446 0.0204007 -0.0158776 -0.00076969 -0.00250389 0.00276067 -0.000109097 0.0111335 3.94156e-05 -0.0041186 -0.00104889 0.00144893 0.000830967 0.00125742 0.00344324 -0.000179764 -0.00175114 -0.000985081 -0.0093029 0.000423741 -0.00266516 -0.00798425 0.0010077 -0.00132679 0.000758618 0.00092756 0.00775469 -0.000592561 -0.0071794 0.000884068 0.000852468 0.00214867 -8.34524e-05 -0.000955251 0.000841357 -9.61335e-05 -0.00288194 0.000742302 -0.00227929 5.09099e-05 -0.000575595 0.00302152 0.000835902 -0.00110377 0.000734393 -0.000408359 -0.000144509 0.000100551 -0.000196627 0.000515832
internal_weight=9.11541e+06 5.57309e+06 3.54233e+06 70610.4 1.82312e+06 34253.4 3.47172e+06 3.74997e+06 18715 791134 2.68058e+06 37020.5 2.51431e+06 1.78887e+06 9284.62 10860.5 1.23566e+06 289624 51895.4 1.1192e+06 13028.2 2.06857e+06 23392.9 1.49924e+06 754114 1.56139e+06 445744 45700.9 1.57686e+06 91050.6 88103.7 7337.42 8962.57 105596 7135.61 400043 1.07529e+06 1.51621e+06 1.23575e+06 9430.4 1.13006e+06 16849.2 1.22219e+06 1.21388e+06 101337 1.48581e+06 198411 385794 128879 75275.6 491706 98460.3 1.2874e+06 666320 23992.3 221008 16421.1 1.11254e+06 105214 101564 98267.8 93384.7 71163.6
internal_count=3329236 2040112 1289124 27255 673726 13162 1261869 1366386 6372 294560 967309 13062 902128 660564 2947 3672 464258 111680 20883 425726 4477 727086 9490 548884 281498 541583 175042 22436 549460 36107 34470 2217 3000 43012 2369 152606 367651 526364 424255 3425 421246 6048 418939 416031 54755 513353 77993 149884 53293 25225 177626 40643 435360 252694 8585 88012 5821 361276 38563 37809 36701 34943 25281
cat_boundaries=0 2 4 6 8 10 12 14 16 18 19 21 23 25 27 29 31 33
cat_threshold=517644349 3 3777114946 91 201592832 29 1832716925 10 826413226 118 3927627936 100 336116656 71 723849244 49 212716937 44 1073742336 2454383435 11 1801258000 101 8897 10 2702977108 108 572555296 32 295775074 66 143673352 32
is_linear=0
shrinkage=0.03


Tree=11
num_leaves=64
num_cat=14
split_feature=5 10 7 7 5 2 2 0 17 5 17 6 0 17 19 5 0 4 0 7 10 2 0 19 17 17 17 17 2 8 2 8 19 0 6 2 16 19 17 16 0 17 0 0 18 7 17 4 10 19 17 10 16 18 17 17 15 14 5 0 10 17 2
split_gain=4066.39 2232.85 1733.59 1493.45 1296.95 1239.09 1110.02 1065.81 1149.31 980.646 849.718 761.615 831.294 750.46 697.413 658.277 631.73 552.122 523.109 523.028 511.01 490.197 484.639 436.348 400.774 399.731 398.396 396.229 395.997 432.061 379.604 361.604 352.741 350.918 348.256 413.367 337.09 552.532 333.476 330.522 329.411 335.155 323.749 308.073 288.826 284.933 281.86 268.277 260.553 279.597 262.046 285.077 668.777 258.279 257.784 254.875 352.635 847.115 254.571 247.974 244.034 429.434 230.118
threshold=0.091814380139112486 2.0446702241897587 0.2925232350826264 -0.75082522630691517 -2.2509361505508418 -1.3648050427436826 -1.3648050427436826 760.50000000000011 0 -1.9876974821090696 1 0.038077691569924361 789.50000000000011 2 0.025464545935392383 2.0535342693328862 702.50000000000011 -2.066596150398254 716.50000000000011 -0.63473242521286 2.0446702241897587 -1.1162397265434263 775.50000000000011 1.0000000180025095e-35 3 4 5 6 0.35280406475067144 1.5127465128898623 -0.42960354685783381 1.3327828645706179 0.05331165902316571 529.50000000000011 0.72002345323562633 0.44667378067970281 0.70798438787460338 0.52390769124031078 7 0.37747050821781164 127.50000000000001 8 929.50000000000011 471.50000000000006 -2.0651226043701167 0.02624323591589928 9 0.37287023663520819 0.21773372590541842 1.320500433444977 10 -1.314770460128784 0.58054399490356456 -0.52952462434768666 11 12 1.2796644568443301 -0.15128716081380841 -0.63998132944107045 873.50000000000011 -0.83188164234161366 13 -1.3648050427436826
decision_type=2 2 2 2 2 2 2 2 1 2 1 2 2 1 2 2 2 2 2 2 2 2 2 2 1 1 1 1 2 2 2 2 2 2 2 2 2 2 1 2 2 1 2 2 2 2 1 2 2 2 1 2 2 2 1 1 2 2 2 2 2 1 2
left_child=1 3 19 6 21 11 9 14 17 16 31 12 13 43 40 -13 25 26 20 -2 48 -3 32 -8 -14 -1 -9 -20 54 -30 44 -6 55 -17 -16 47 -32 -38 -24 -25 41 -5 -10 -4 -19 -42 -22 -36 49 50 51 52 -7 62 58 56 -21 -58 -12 -46 61 -41 -47
right_child=2 4 5 7 10 18 23 8 42 -11 28 15 24 -15 34 33 -18 30 27 22 46 -23 38 39 -26 -27 -28 -29 29 -31 36 -33 -34 -35 35 -37 37 -39 -40 60 45 -43 -44 -45 59 53 -48 -49 -50 -51 -52 -53 -54 -55 -56 -57 57 -59 -60 -61 -62 -63 -64
leaf_value=0.026064067132482702 0.00056525649719724365 0.028632229645314498 0.011656940257418246 0.0051934235945188013 0.0066883698945931396 0.00022997524433727279 0.0017540572609483402 0.0036144607152518798 7.434163190170304e-05 0.0026922046475716097 0.01126504951099434 -0.0057899322842144448 -0.0028459235939667046 -0.0030513988413264524 -0.00042474179793441333 -0.021869344532885811 0.0060450976512485413 0.0035130401091457157 -0.0029261274601181998 0.0005183917392792229 -0.0015279933080936123 0.011158481171063802 -0.0002837676951305101 0.00098214907834991236 -0.011606303825773287 0.01245238608370307 -0.007334598953151401 -0.0011976873206703148 0.0042242095220398025 -0.0084789214495026299 -0.00042795596054114965 0.018900935897055143 -0.00096938692839380588 -0.010002940217920548 0.0032475043999474536 0.0051924541711977686 -0.0017428140430349023 -0.0089770787968538428 -0.0023380730241735087 0.00038400047491463963 0.0010510132488288609 0.0014242003973147965 0.0023021367864384515 0.0014755008200653006 -0.0021743449704062045 0.0069188579064727975 0.00623065425956417 -0.0020560647425139915 -0.0015543346137946242 -0.0035043769322267624 -0.00085766781585153715 0.00011526912755312351 0.01398046587745887 -4.7121027861897764e-05 0.0029158903323601515 -0.00028327524987364867 0.018398105884110033 -0.0012634533785218982 0.0019670525497485435 -0.0057514405329165434 -0.00018813550772758768 -0.0077088572634088455 0.00088144560532452685
leaf_weight=3145.5419793128967 624770.41796875 2845.5650024414062 5047.5509781837463 28266.886401891708 3981.2019805908203 10421.5205078125 656247.48831176758 3428.6371307373047 326221.33135986328 29080.501953125 8169.472412109375 17969.494018554688 7924.1924591064453 28273.435273647308 743572.57696533203 4339.2536478042603 8667.6523480415344 5051.000732421875 242055.95532226562 401395.30279541016 6054.7220077514648 2951.5424194335938 116090.61083984375 271206.2008972168 11632.488967895508 5309.3584070205688 23165.476150512695 235608.02990722656 4776.3999699354172 4853.6682534217834 241974.59172439575 4845.5444755554199 424377.8798828125 4669.5568990707397 14009.166723132133 22294.422714233398 103941.45574951172 10453.559997558594 183620.52734375 11609.853240966797 1013061.9839935303 85314.585510253906 71587.724609375 5686.9496307373047 35895.865726470947 5774.01513671875 13835.972328186035 22148.535562634468 437147.57092285156 29080.726013183594 498842.52646636963 168665.7106552124 4578.547119140625 602916.35781860352 25337.668938279152 766357.27124023438 3345.1255950927734 4793.4737091064453 3925.1318607330322 33939.470161437988 67496.249755859375 11992.087921142578 338490.08544921875
leaf_count=947 233760 1035 1609 12359 1382 5025 238064 1334 128925 10405 3123 5310 3885 11361 299950 1257 2975 1562 73335 152405 2903 1064 50652 116542 3493 1796 6892 103126 2362 1480 87722 1522 167145 1341 3714 6086 27914 2958 57881 3433 355564 26275 28629 1957 11616 1952 4915 5890 161091 12476 175416 65925 1117 213466 10063 253603 989 1458 1618 11095 19754 3411 120996
internal_value=-1.22114e-05 0.000580936 -0.000689157 0.000507992 0.006252 -0.00142016 0.00149901 0.000225211 -0.00070429 0.00604675 0.00484997 -0.00494037 -0.00301867 -0.000487621 0.000501769 -0.00911069 0.0117416 -0.00172912 -0.00123723 -0.00018773 -0.000895334 0.0197529 -0.000435335 0.00129269 -0.0080657 0.0175744 -0.00592398 -0.00207368 0.00324452 -0.0021794 -0.00147041 0.0133843 -0.000227979 -0.0157276 -0.000249464 0.0019801 -0.00106237 -0.00240425 -0.00154246 0.000456995 0.000792299 0.00236301 0.000475256 0.00626036 -0.00341199 0.000701282 0.0038715 -1.05178e-06 -0.000977889 -0.000623756 -0.000500992 0.000467771 0.00443037 0.000327221 0.00464089 3.95967e-05 0.000643772 0.00682417 0.00824276 -0.00391307 -0.0011064 -0.00373183 0.000982804
internal_weight=9.11453e+06 4.85795e+06 4.25658e+06 4.79626e+06 61686.2 1.73183e+06 1.06475e+06 3.73151e+06 855659 46203.1 55889.1 85542.9 58564.6 39007.9 2.87585e+06 26978.3 17122.6 457850 1.64629e+06 2.52475e+06 1.16863e+06 5797.11 1.89998e+06 1.01855e+06 19556.7 8454.9 26594.1 477664 47062.3 9630.07 431256 8826.75 1.60027e+06 9008.81 802025 58452.1 356370 114395 299711 362304 2.07382e+06 113581 397809 10734.5 74886.3 1.96024e+06 19890.7 36157.7 1.14874e+06 711589 682508 183666 15000.1 947180 37432.3 1.17589e+06 409534 8138.6 12094.6 69835.3 91098.2 23601.9 344264
internal_count=3329310 1775875 1553435 1752226 23649 635542 397327 1354899 308647 16123 21550 30213 22305 14927 1046252 7908 5718 151093 605329 917893 428868 2099 684133 381204 7378 2743 8226 176461 18646 3842 142867 2904 575600 2598 315640 15690 118594 30872 108533 143140 730612 38634 157554 3566 24273 691978 7818 9604 421050 259959 247483 72067 6142 336414 14804 408455 154852 2447 4741 22711 26598 6844 122948
cat_boundaries=0 1 2 3 4 5 6 7 8 9 10 11 12 13 14
cat_threshold=32020056 34605075 51038738 33778089 10126649 1600 64001552 2844903 17236913 336224 5997440 188452 7007696 16782611
is_linear=0
shrinkage=0.03


Tree=12
num_leaves=64
num_cat=19
split_feature=5 10 7 5 7 2 2 5 5 0 19 1 2 0 0 0 17 19 1 0 1 1 14 1 1 1 18 2 0 10 1 19 1 1 0 1 19 19 1 2 1 14 9 15 1 10 0 8 7 10 0 1 1 19 14 1 6 18 8 0 1 0 18
split_gain=3693.35 1962.75 1622.18 1243.22 1232.96 1221.69 1106.59 1196.72 916.518 934.708 883.751 803.589 698.86 680.569 667.836 656.701 748.996 636.772 580.816 551.984 492.773 490.943 483.874 468.141 450.684 430.386 419.211 382.212 378.928 343.323 390.723 342.654 546.707 339.478 335.976 327.962 447.736 318.71 312.504 312.373 419.854 304.321 684.316 2111.74 286.212 279.36 278.519 274.689 270.022 267.125 264.29 280.04 258.506 258.08 257.031 256.455 254.618 287.855 238.589 238.169 232.664 227.651 276.847
threshold=0.045126419514417655 2.0446702241897587 0.02624323591589928 -1.9876974821090696 -0.16895765066146848 -1.3648050427436826 -1.3648050427436826 -1.9876974821090696 2.0535342693328862 658.50000000000011 -0.41222314536571497 0 -1.3648050427436826 529.50000000000011 644.50000000000011 760.50000000000011 1 0.52390769124031078 2 702.50000000000011 3 4 0.25479234755039221 5 6 7 -1.2990568876266477 -0.42960354685783381 929.50000000000011 2.0446702241897587 8 1.6550678610801699 9 10 789.50000000000011 11 0.081984218209981932 -0.48005665838718409 12 0.35280406475067144 13 -0.16810990124940869 -0.78595551848411549 1.2796644568443301 14 -0.085184644907712923 157.50000000000003 1.3327828645706179 -1.5001068711280821 0.12369984015822412 789.50000000000011 15 16 0.92727679014205944 0.86274191737174999 17 0.87857258319854747 -1.4067004919052122 2.6118419170379643 644.50000000000011 18 217.50000000000003 -1.6712154746055601
decision_type=2 2 2 2 2 2 2 2 2 2 2 1 2 2 2 2 1 2 1 2 1 1 2 1 1 1 2 2 2 2 1 2 1 1 2 1 2 2 1 2 1 2 2 2 1 2 2 2 2 2 2 1 1 2 2 1 2 2 2 2 1 2 2
left_child=1 4 20 12 6 8 7 19 9 25 13 47 -3 -10 29 35 27 21 -12 26 -2 28 38 -14 -16 37 -1 -17 41 31 -31 33 46 -7 -20 45 -37 -4 -19 -13 -41 42 43 -8 -24 56 -33 -5 -28 -35 -23 -52 -11 59 -29 -21 -6 -58 -44 -22 -56 -9 -63
right_child=2 3 5 11 15 14 17 61 10 52 18 39 23 -15 24 16 -18 22 34 55 53 50 44 -25 -26 -27 48 54 -30 30 -32 32 -34 49 -36 36 -38 -39 -40 40 -42 -43 58 -45 -46 -47 -48 -49 -50 -51 51 -53 -54 -55 60 -57 57 -59 -60 -61 -62 62 -64
leaf_value=0.024602822727794394 0.00055955787377444518 0.025883274834289271 -0.0029212357974346265 0.0057456838704598376 0.001087257325730073 -0.0013280325635505984 0.0035992509129921428 0.0080439768431351307 -0.026899887293026562 -0.011358616397799805 -0.011872520713877063 0.0029313001788020447 0.017927880470629175 -0.0099835042202346524 -0.00073363181325831052 -0.0041862634046794965 0.0002665706920727917 -0.00064053631632435986 0.0056200632058056822 0.010378424222052306 5.788574258207958e-05 0.00091241112250211849 -0.0046261379949306307 0.0011683478033143976 -0.0022054112868988068 -0.0018872536718440994 0.017197834353234565 -0.00080679382875211163 0.0047266917199453168 0.014248320737766655 0.00166640903859484 -0.016566610166965708 -0.0013372664018316918 7.2753502756798595e-05 -0.007417690358778155 0.00031192841166204912 -0.0011816727001687352 0.0076438295706607162 0.0019619054347190246 -0.013280715984468996 0.0014186721266619836 0.0012893817209831367 0.0014770631695059625 0.03960744855008945 -0.0010747977850171333 0.00023739327032347473 -0.0060072995389698043 0.013412167730561047 0.0061245540993441431 -0.00089798222867352475 -0.0011861725795269608 0.00087768712191570023 -0.0049756426741870818 -0.0019758429817622824 -0.0070842202885361416 0.0012525558124684302 0.010157244791599419 0.0025947853218901105 0.0054871057985704996 -0.00092788652383496407 -0.0022159715784131517 0.0092839112551517979 0.00045584735344109535
leaf_weight=3107.3439178466797 856077.431640625 3760.4263916015625 3481.3728332519531 8809.752857208252 369124.96484375 424848.15159606934 7159.0004425048828 4964.8517116308212 3732.4910745620728 7062.4293365478516 6056.9510712623596 26434.773979187012 2929.2504844665527 5032.4453725814819 287483.99267578125 54218.3720703125 275731.76239013672 97604.906539916992 4622.7638864517212 5497.1250419616699 669211.09393310547 864188.39389038086 30144.6689453125 3075.5692176818848 537287.31530761719 23516.539970397949 3917.1653289794922 175530.91931152344 34171.1240234375 2534.0783386230469 17366.239044189453 3280.6324615478516 29497.569854736328 624551.72505187988 2884.6454701423645 696768.49322509766 243842.6650390625 9784.6294708251953 72259.437088012695 2755.2942047119141 4741.4408760070801 708901.75164794922 67374.155548095703 1838.6274871826172 63351.75537109375 472960.6939881444 7154.0558624267578 8067.8513641357422 4023.9215812683105 431310.60113525391 126043.38525390625 111498.24584960938 30190.065498352051 86427.94287109375 10644.900634765625 5599.7068252563477 5417.1751098632812 27570.420593261719 16651.544250488281 329037.55499267578 51943.075561523438 3501.0377502441406 36285.211124062538
leaf_count=979 328318 1364 1115 3989 118317 168652 4317 1884 1221 2544 2171 10187 1057 1654 125890 17082 111252 46013 1561 1548 231767 332306 9316 1076 176641 8623 1292 60843 11132 1077 6827 1273 13698 217394 1047 278351 110103 3306 32946 717 2067 214336 36374 675 21079 146824 2688 2667 1311 150863 43462 47433 10727 34038 2224 2251 1289 6738 8651 114913 14093 1161 12818
internal_value=-2.30421e-06 0.000581384 -0.000627091 0.00594653 0.000511515 -0.00113841 0.00101222 0.00481321 -0.00444943 -0.0028423 -0.00977622 0.00406148 0.0157475 -0.0171985 -0.00100351 3.51029e-05 -0.000855106 0.000896696 -0.00497559 0.0105164 2.14757e-05 0.0010848 -0.000487393 0.00938381 -0.00169245 0.000550071 0.0152623 -0.001913 0.00163294 -0.000634662 0.00327974 -0.0006859 -0.00342799 -0.000611939 0.000608027 0.000313622 -7.5274e-05 0.00486753 0.000466632 0.00139806 -0.00400489 0.0015011 0.00311438 0.0109753 -0.0022206 0.000731635 -0.00932453 0.00940774 0.0115941 -0.000323783 0.000668799 -0.000217445 -0.00619149 -0.000403206 -0.00139539 0.00578642 0.00131296 0.00383803 0.00227202 -0.000267042 -0.00304594 0.00199012 0.00123375
internal_weight=9.11484e+06 4.71241e+06 4.40243e+06 60574.4 4.65184e+06 2.46168e+06 2.26808e+06 66896.4 96364.3 74035 22329.3 50809.1 9765.25 8764.94 2.36531e+06 2.38375e+06 568069 2.20119e+06 13564.4 22145.3 1.94075e+06 1.93783e+06 263361 6004.82 824771 36782.5 11048.4 292337 836096 1.54054e+06 19900.3 1.52064e+06 39932.3 1.48071e+06 7507.41 1.81568e+06 940611 13266 169864 33931.5 7496.74 801925 93023.3 8997.63 93496.4 875073 10434.7 16877.6 7941.09 1.05586e+06 1.10173e+06 237542 37252.5 1.08468e+06 238119 11096.8 402113 32987.6 84025.7 998249 62588 44751.1 39786.2
internal_count=3329532 1721524 1608008 23124 1698400 898972 831284 23244 33969 26315 7654 19627 3497 2875 865003 867116 205494 808040 4779 7381 709036 698686 109354 2133 302531 13044 3582 94242 275485 562472 7904 554568 17659 536909 2608 661622 388454 4421 78959 12971 2784 264353 50017 4992 30395 273168 3961 6656 2603 368257 423201 90895 13271 380718 77160 3799 126344 8027 45025 346680 16317 15863 13979
cat_boundaries=0 2 3 5 7 9 11 13 15 17 19 20 22 24 26 28 30 32 34 35
cat_threshold=2618180248 14 32020048 2418173891 103 2402031720 61 210557985 44 789632412 70 661390424 53 3931934772 16 201597584 1 570430121 1 1414055500 34059447 12 3203550732 96 33625122 1 622331939 81 3774882692 67 1075852036 24 3394934826 4 290
is_linear=0
shrinkage=0.03


Tree=13
num_leaves=64
num_cat=19
split_feature=7 5 10 5 2 19 6 0 1 7 10 0 1 1 1 5 0 5 2 8 4 1 1 8 13 1 10 15 1 0 17 12 1 1 10 1 0 1 10 16 4 1 2 2 1 5 12 1 17 15 6 12 4 8 1 0 2 0 0 10 5 1 15
split_gain=3608.05 1699.11 1539.11 1418.27 1113.93 1080.19 850.603 878.802 974.389 761.359 725.886 685.466 703.384 638.795 635.197 594.361 580.139 575.037 1062.43 548.863 584.853 542.088 457.987 614.636 454.152 450.96 838.757 474.578 449.197 424.086 372.336 369.218 366.137 362.769 352.352 349.685 347.577 344.904 306.868 306.608 1463.4 306.504 301.756 287.738 287.728 285.975 282.78 275.672 273.825 271.585 700.806 264.11 262.751 399.829 460.458 433.943 376.722 382.91 360.219 314.943 260.236 258.113 285.426
threshold=-0.054201930761337273 0.276303380727768 2.0446702241897587 -2.2509361505508418 -1.3648050427436826 -1.0000000180025095e-35 0.038077691569924361 658.50000000000011 0 -0.75082522630691517 2.0446702241897587 775.50000000000011 1 2 3 2.0535342693328862 644.50000000000011 -2.2509361505508418 -0.84132790565490712 2.8425709009170537 1.5712455511093142 4 5 3.1577376127243046 -0.38048706948757166 6 -1.5311909317970274 -0.83718565106391896 7 775.50000000000011 8 -0.63220345973968495 9 10 -0.15499237179756162 11 187.50000000000003 12 2.0446702241897587 0.2167661711573601 0.64607051014900219 13 -0.42960354685783381 0.44667378067970281 14 -0.58644592761993397 -0.91319593787193287 15 16 1.2796644568443301 0.2653516978025437 -0.67374533414840687 0.089645657688379302 1.9346206784248354 17 187.50000000000003 -0.53721958398818959 202.50000000000003 745.50000000000011 -1.5311909317970274 1.8151760697364809 18 1.2796644568443301
decision_type=2 2 2 2 2 2 2 2 1 2 2 2 1 1 1 2 2 2 2 2 2 1 1 2 2 1 2 2 1 2 1 2 1 1 2 1 2 1 2 2 2 1 2 2 1 2 2 1 1 2 2 2 2 2 1 2 2 2 2 2 2 1 2
left_child=2 10 5 -4 6 9 7 8 60 17 11 44 -13 -5 -12 -8 37 18 28 25 22 -22 23 24 -21 26 27 -7 -1 45 -31 43 -18 -17 52 -19 -10 -6 -39 40 -25 -15 -14 -29 49 -11 -45 -9 -38 -2 -51 -41 -27 54 55 -54 57 -56 -57 -55 -3 62 -47
right_child=1 4 3 13 16 19 15 47 36 29 14 12 42 41 -16 33 32 35 -20 20 21 -23 -24 39 -26 34 -28 31 -30 30 -32 -33 -34 -35 -36 -37 48 38 -40 51 -42 -43 -44 46 -46 61 -48 -49 -50 50 -52 -53 53 59 56 58 -58 -59 -60 -61 -62 -63 -64
leaf_value=0.019550005898684625 0.00058432555828953018 -0.00094840369701427259 0.02393385925361325 0.00072877300174165787 -0.0012122245489607491 -0.0080245042506640937 -0.005540722449956007 -0.0097189139400088997 0.016323977732286849 0.001346574366594053 -0.00056300330820714195 0.0001225980231480923 -0.0040828907815708684 0.016602304530881698 0.0072797348985984799 -0.0094966611509580967 -0.00098071975921986136 0.00074997264399978873 0.0018343363697399186 -0.020618602584719394 -0.013155056852254304 -0.0027153307550473668 -0.00034767107902302871 -0.02618462313378216 -0.0044108904300104081 0.00071044324141299089 -5.3682057180470637e-05 0.0029671952750388408 0.0078142950230952815 -0.0013939102287853409 0.00063917451319920585 -0.0079758253655359251 -0.0022991333284387338 -0.02113720333734528 5.3421779924250293e-05 0.0019150882893258683 0.011775518283487971 -0.00032751849903452063 0.0050025497555460444 0.00039267908337821617 0.00011951982284889555 0.0065140066547006055 -0.0015865719364744487 -0.010065797718406034 -8.1848458224919265e-05 0.00095841330564128472 -0.00035569602518380965 -0.0038777204479851389 0.0014212760539862568 0.00082544148347947358 0.013397292269655836 -0.0061621944029821504 0.01764797915951127 -0.0067898203692934268 0.017601256758811173 0.0022120034601584657 0.0017043070294201106 0.00433880763658228 0.01246339639561686 0.0009942004817119288 -0.0087523004039411368 0.00011529460243750651 0.0067416860882955551
leaf_weight=4795.8238983154297 614503.8925037384 11955.205659866333 3631.111328125 21671.479312896729 594163.68951416016 18284.74462890625 19955.654174804688 10953.942671775818 2956.7157764434814 498702.53759765625 15748.177886962891 250274.005859375 53709.4013671875 3119.7851619720459 22672.849456787109 5709.804009437561 353664.52294921875 400474.24401855469 28120.090698242188 3025.9792289733887 6619.9025573730469 13826.319366455078 254876.6827545166 2598.4482498168945 3204.4935340881348 171364.14831542969 391005.87117004395 12512.085361480713 7698.9916534423828 172258.29992675781 153126.22326660156 7141.6513481140137 408753.05883789062 4262.588568687439 330089.84983825684 550721.64392089844 3350.9116706848145 813511.78729248047 9833.97265625 27749.94766998291 7080.1193542480469 20862.460134506226 231105.97317504883 3978.6141548156738 1284750.1780395508 406187.57333374023 8373.3175926208496 21779.222489356995 7286.1183090209961 15490.496490478516 5370.7936706542969 6904.5623626708984 3324.2986307144165 5711.562255859375 2698.2093896865845 9365.6943893432617 68097.773288726807 7138.07541847229 4597.2270812988281 25746.776123046875 5665.629638671875 671219.1716003418 7823.6788330078125
leaf_count=1451 191403 4716 1317 8108 212678 10355 5903 4265 1094 173214 5910 101699 17055 1442 8495 1429 144620 158657 10198 1190 2079 4711 82240 1339 870 66511 170089 4245 2688 57779 55691 2829 134669 1437 128923 186346 1225 298160 3889 9376 3271 8781 75633 1468 505804 137845 3332 8141 2526 4384 1214 2331 1244 2051 949 3594 29177 2881 1563 8570 2189 239361 2338
internal_value=4.92429e-06 -0.000564993 0.000630145 0.00590124 -0.00115809 0.000569673 -0.00435778 -0.00240385 0.00119749 0.000899563 -2.4175e-05 -8.82085e-05 -0.00103776 0.00446454 0.00406721 -0.00853168 -0.00102029 0.00157387 0.00506948 -0.000116231 -0.00119407 -0.00610557 -0.000865204 -0.0034729 -0.0122928 0.000212223 -0.000522748 -0.00416945 0.0123467 0.000549287 -0.000437167 -0.00196616 -0.00168761 -0.0145111 0.000728575 0.00142458 0.00722765 -0.000661369 -0.000263823 -0.00223291 -0.00695234 0.00783592 -0.00205731 -0.000238761 0.00017641 0.000751933 -0.00348617 -0.00583778 0.0046995 0.000698613 0.00406453 -0.000914014 0.00147633 0.00251231 0.003481 0.00790897 0.00249702 0.00798395 0.00559048 -0.000419917 -0.0034574 0.000478669 0.00106776
internal_weight=9.11316e+06 4.76743e+06 4.34573e+06 49284.8 2.2738e+06 4.29644e+06 93875.8 63947.7 31214.6 2.90113e+06 2.49363e+06 2.4552e+06 535089 45653.7 38421 29928 2.17993e+06 991811 40614.9 1.39532e+06 325886 20446.2 305440 50563.6 6230.47 1.06943e+06 441296 50290.4 12494.8 1.90932e+06 325385 32005.7 762418 9972.39 628134 951196 13593.7 1.41751e+06 823346 44333.1 9678.57 23982.2 284815 24864 1.92012e+06 1.58393e+06 12351.9 32733.2 10637 635365 20861.3 34654.5 298044 126680 95221.3 17287.2 77934.1 9836.28 13962.9 31458.3 17620.8 1.08523e+06 414011
internal_count=3328942 1738538 1590404 19648 826941 1570756 32925 24156 11750 1025568 911597 897192 194387 18331 14405 8769 794016 359340 14337 545188 107407 6790 100617 18377 2060 437781 192318 22229 4139 666228 113470 11874 279289 2866 245463 345003 4845 514727 302049 16317 4610 10223 92688 9045 702805 552758 4800 12406 3751 197001 5598 11707 116540 50029 39408 6401 33007 3830 5157 10621 6905 379544 140183
cat_boundaries=0 2 4 6 8 9 11 13 15 16 18 20 22 24 25 27 29 30 32 34
cat_threshold=295857217 125 536513624 37 556907875 72 1085292355 25 1660944899 1614823972 80 3197501544 81 2449530924 69 25745049 2809037944 53 1075383973 64 3823247710 66 1422446153 68 2281963536 33883319 4 3760209734 24 21629472 647 2 2718243104 61
is_linear=0
shrinkage=0.03


Tree=14
num_leaves=64
num_cat=16
split_feature=7 3 3 2 2 3 3 0 1 10 18 0 1 1 10 1 0 1 2 6 1 14 11 0 14 2 7 1 15 11 3 7 19 16 4 10 0 1 1 19 18 19 8 1 19 1 18 2 10 1 3 1 0 1 0 0 2 1 1 14 0 16 10
split_gain=3324.15 2125.73 1810.3 1278.23 1260.19 1008.87 975.889 797.353 854.531 763.474 680.484 773.484 628.581 594.713 517.954 509.328 498.085 481.071 463.351 440.045 418.462 415.064 1545.59 369.536 445.36 379.074 368.307 367.48 384.667 927.223 361.736 331.357 323.268 396.902 320.736 314.548 313.935 312.71 308.626 298.04 294.936 289.732 310.821 390.71 277.976 276.364 264.943 284.981 272.256 262.394 256.408 254.312 238.303 237.927 236.669 250.839 600.975 323.706 241.979 234.464 246.23 275.893 233.032
threshold=1.0000000180025095e-35 -1.7904666066169737 0.49299670755863195 -0.26348733901977534 -1.3648050427436826 1.8029391169548037 0.21928988397121432 803.50000000000011 0 2.0446702241897587 -0.82670938968658436 187.50000000000003 1 2 0.040951244533061988 3 803.50000000000011 4 -0.84132790565490712 -0.49656434357166285 5 -0.16810990124940869 0.63976013660430919 775.50000000000011 0.22192367911338809 -1.3648050427436826 -1.0816150307655332 6 1.2796644568443301 0.58892410993576061 1.5147508978843691 -0.98193383216857899 0.29838812351226812 0.70798438787460338 -0.28588008880615229 2.0446702241897587 658.50000000000011 7 8 1.320500433444977 -0.58510729670524586 0.025464545935392383 0.66989099979400646 9 -0.49763871729373926 10 -0.89262008666992176 -0.95707347989082325 2.0446702241897587 11 -1.7904666066169737 12 515.50000000000011 13 112.50000000000001 157.50000000000003 1.0304943919181826 14 15 1.0573982596397402 277.50000000000006 1.05499804019928 -2.4664380550384517
decision_type=2 2 2 2 2 2 2 2 1 2 2 2 1 1 2 1 2 1 2 2 1 2 2 2 2 2 2 1 2 2 2 2 2 2 2 2 2 1 1 2 2 2 2 1 2 1 2 2 2 1 2 1 2 1 2 2 2 1 1 2 2 2 2
left_child=1 3 7 10 5 36 12 9 18 14 15 -12 21 -11 27 -1 -6 -13 19 -9 -18 22 -3 25 -25 -14 35 28 59 -30 -28 -23 -26 -34 -35 -8 44 -37 -7 -29 50 -27 43 -43 -4 -41 -10 48 -48 -38 -16 -46 62 -5 -42 56 57 -56 -57 60 61 -2 -44
right_child=2 6 4 53 16 38 26 8 46 13 11 17 23 -15 40 -17 20 -19 -20 -21 -22 31 -24 24 32 41 30 39 29 -31 -32 -33 33 34 -36 37 49 -39 -40 45 54 42 52 -45 51 -47 47 -49 -50 -51 -52 -53 -54 -55 55 58 -58 -59 -60 -61 -62 -63 -64
leaf_value=0.025166573207062438 0.0018654813768428557 0.0023261164234045324 -0.0069770175237676216 0.0045245382974222837 -0.001066318765925634 -0.0049351668081086776 0.0006216718471933172 -0.015445069358810442 0.00059890818960534563 0.0005351755150859789 0.022019866169997068 0.01079277973994654 0.0041810701655327267 0.0082808855413278089 0.0075800559240922945 0.011420264294763793 -0.0043452436450229165 -0.00022453272883532079 -0.0023833062417064586 -0.0047997422053721803 -0.0015921498018180071 0.0020491983779307903 0.019423000094859089 0.00058271266433007087 -0.00091837284149037834 0.000892965129978602 -0.00019312493146522004 1.7342418013953253e-05 0.0012653809578836563 0.018072123552264115 -0.0022055044079202189 0.00088878440850023504 -0.0022576618277604155 -0.0040306112759206604 -0.015927993353953469 0.011645098313426964 -0.0029386776550522692 0.0012890406504913977 -0.015905008692932553 -0.0058939149148357689 0.0012463117363719386 0.0045604010032928811 -0.0065053040555398895 3.9826490660457639e-05 0.0072616137136223176 0.00011727707440596676 -0.0046088533599567653 -0.0006409425085496898 0.004176105787820095 -0.0092299699203941248 0.00031104271997205711 -0.0014257238909427896 0.00095915361218138178 5.5529157726756301e-05 -0.0043991656698202167 6.1545364013077853e-05 -0.014339363864744862 0.0001609824927774481 -0.0010339083477594335 0.0021062793527035478 0.00011691663982489595 -0.0046762402188314312 -0.0007937038723757839
leaf_weight=4049.299732208252 134799.51959228516 69708.123542785645 5014.3983764648438 23685.654083251953 973157.35754394531 3063.4866790771484 325948.666015625 4537.2662191390991 142895.53369140625 18024.886337280273 2651.4280037879944 6150.9800527095795 27078.01171875 17665.725967407227 4444.73974609375 6239.3525505065918 82388.928833007812 8470.0680177211761 162745.0419921875 15193.624405860901 125292.38354492188 298376.50927734375 5102.7661056518555 190326.52307128906 139992.80065917969 897959.48333740234 1235823.95703125 713539.02607727051 11630.876617431641 3955.6706237792969 85981.0234375 859258.39900803566 22357.401458740234 4080.1247193813324 4081.2781431674957 4685.1044731140137 12124.167594909668 5967.5654487609863 9826.6881256103516 15074.365051269531 51805.996826171875 26804.334808349609 6603.562255859375 48021.892608642578 4353.1940622329712 12665.652038574219 28758.7978515625 242562.2197265625 3565.00537109375 11808.233333587646 236098.43017578125 9910.3142499923706 77728.245300292969 19589.881622314453 25933.717350006104 258607.72082519531 3745.5425720214844 30456.534023284912 608533.49426269531 98599.59765625 382753.58415222168 6058.5910034179688 236775.79522705078
leaf_count=1269 46006 38344 1722 9681 364199 1277 129953 1559 53813 7106 991 2664 10006 6878 1806 2348 28093 2965 52575 4471 50560 92320 1778 87965 40929 334909 457692 278757 3278 968 35461 261122 7805 1185 1048 2039 4469 2232 3125 6329 19264 15914 2547 26870 1833 7209 10659 92017 1403 4064 84775 3299 29681 7840 9904 101033 1567 10593 212674 23201 130212 1551 89664
internal_value=2.42075e-07 0.00056244 -0.000583569 0.00571939 -0.00155969 -0.00595267 0.000482546 -0.000210296 -0.00119703 1.45387e-05 0.0107686 0.00712703 0.000813157 0.00437215 -4.53171e-05 0.0168755 -0.00135096 0.00441971 -0.00290967 -0.00725101 -0.00268469 0.00132784 0.0034935 0.000435979 -0.000414862 0.0006684 -9.8426e-05 0.00035298 0.000880919 0.00553515 -0.000324034 0.00118788 -0.00152835 -0.00432576 -0.00998625 0.000787511 -0.00375451 0.00585916 -0.013317 -0.000101274 -0.000495686 0.000594873 -8.11902e-05 0.00166 -0.000905001 -0.00315186 -0.000448895 -0.000993598 -0.00363946 -0.00604916 0.000445514 0.00123134 -0.000486952 0.00250281 -0.000726923 -0.000837171 -0.00271077 -0.00193717 -0.000707224 0.0007643 0.000511579 0.00158395 -0.000948806
internal_weight=9.11509e+06 4.6435e+06 4.47159e+06 70836.7 1.23694e+06 56100.5 4.57266e+06 3.23465e+06 600257 2.63439e+06 27561.1 17272.5 2.91426e+06 35690.6 2.5987e+06 10288.7 1.18084e+06 14621 182476 19730.9 207681 1.23245e+06 74810.9 1.68181e+06 360838 1.32097e+06 1.65841e+06 1.37908e+06 637798 15586.5 1.3218e+06 1.15763e+06 170512 30518.8 8161.4 336601 43210.3 10652.7 12890.2 741279 1.21963e+06 1.29389e+06 395934 74826.2 19277.9 27740 417782 274886 32323.8 23932.4 240543 14263.5 321108 43275.5 979083 927277 60135.8 56390.3 867141 622211 523612 140858 243379
internal_count=3329471 1697222 1632249 27758 462641 19789 1669464 1169608 216497 953111 10237 6620 1042087 13984 939127 3617 442852 5629 58605 6030 78653 393564 40122 648523 138932 509591 627377 497511 205216 4246 493153 353442 50967 10038 2233 134224 15387 4271 4402 292295 441616 499585 164676 42784 6854 13538 157892 104079 12062 8533 86581 5132 121892 17521 355035 335771 22064 20497 313707 200970 177769 47557 92211
cat_boundaries=0 2 4 6 8 10 12 14 16 18 20 22 24 26 28 30 32
cat_threshold=3221234598 10 202169473 29 1353792579 117 3326664735 2 234655876 1 3892392451 88 34681255 61 3827720893 48 1232341616 8 1627595542 2 2018266624 64 738050073 101 3931406364 54 1275963137 45 928526680 89 2854519194 1
is_linear=0
shrinkage=0.03


Tree=15
num_leaves=64
num_cat=20
split_feature=3 10 7 3 1 3 7 19 19 3 10 0 19 1 0 3 1 1 1 12 1 1 19 1 1 6 14 6 14 8 7 7 0 1 6 1 1 10 19 1 1 16 0 1 1 18 1 19 18 19 14 11 1 14 0 0 1 8 15 19 1 13 10
split_gain=3173.72 2021.61 1562.59 1529.07 1421.08 1133.85 992.714 812.767 713.125 663.88 635.869 613.413 567.362 612.343 554.134 592.743 652.148 532.171 523.651 515.516 452.028 449.639 486.931 485.373 431.341 547.288 430.912 2427.36 410.685 1157.67 404.16 397.559 389.985 616.792 353.481 395.342 343.221 376.484 341.884 320.14 309.499 307.044 301.245 443.854 293.609 286.965 278.614 267.512 266.973 265.421 260.171 309.496 267.134 257.447 251.961 250.564 250.024 255.348 301.226 249.048 372.977 247.65 244.223
threshold=0.31830006837844854 2.0446702241897587 0.02624323591589928 1.8029391169548037 0 -1.7904666066169737 0.2925232350826264 -0.81347149610519398 0.6901068687438966 -1.5114245414733884 -0.063276264816522584 644.50000000000011 -0.65170550346374501 1 942.50000000000011 -1.5114245414733884 2 3 4 -0.66427141427993763 5 6 2.3243991136550908 7 8 -1.7492431998252866 -0.16810990124940869 0.2653516978025437 -0.16810990124940869 1.3327828645706179 -0.63473242521286 2.76854419708252 803.50000000000011 9 -1.125420033931732 10 11 -0.041806276887655251 0.79499089717865001 12 13 0.84782919287681591 775.50000000000011 14 15 -1.2990568876266477 16 0.025464545935392383 -0.47572813928127283 2.3243991136550908 0.25479234755039221 1.9463328719139101 17 0.3748746812343598 745.50000000000011 929.50000000000011 18 5.0616915225982675 -1.4416344165802 0.60009330511093151 19 -0.80947932600975026 -1.8589775562286375
decision_type=2 2 2 2 1 2 2 2 2 2 2 2 2 1 2 2 1 1 1 2 1 1 2 1 1 2 2 2 2 2 2 2 2 1 2 1 1 2 2 1 1 2 2 1 1 2 1 2 2 2 2 2 1 2 2 2 1 2 2 2 1 2 2
left_child=1 2 5 6 9 7 30 18 19 -3 21 -8 13 -5 15 16 -6 41 -1 36 26 28 -23 -24 -14 -26 27 -21 29 -4 -2 59 48 -34 35 -17 54 55 46 -13 -40 49 47 -44 -36 -15 -9 -32 -12 -10 52 62 -19 -30 -7 -38 -49 -58 -59 -27 -61 -51 -52
right_child=3 4 10 12 14 8 11 38 17 -11 32 39 24 45 -16 34 -18 50 -20 20 -22 22 23 -25 25 31 -28 -29 53 -31 42 -33 33 -35 44 -37 37 -39 40 -41 -42 -43 43 -45 -46 -47 -48 56 -50 61 51 -53 -54 -55 -56 -57 57 58 -60 60 -62 -63 -64
leaf_value=0.023624595523597712 0.00046604255781813978 0.02954874117232038 0.0015191476848958427 -0.014332194071085352 0.022687276641300956 0.00040542987411112621 -0.00081388526479826543 0.00092652870960548172 -0.0020450271878134202 0.011356692993335856 0.00043611287986801867 -0.0036782175912576484 -0.0003901265480454439 0.004149588330777886 -0.0068457250319839307 0.0046598126604824987 0.0047973921788744813 0.002190291188719995 0.0076542496931551419 0.0017563204918807599 0.00058279407488186067 8.161320836934781e-05 -0.012633151377944468 -0.00071056514039639907 -0.015867832570024446 -0.0021917468421674808 0.0018273842507244506 0.029225510905662212 2.2571558980986262e-05 0.023896726037373563 -1.879742225691993e-05 -0.014878411993578304 -0.0030620097134521334 -0.0003733548464384617 0.0018120975274216076 -0.008932666217054578 0.0012906526625156231 0.00035757466454441466 0.0068310645622753716 -0.0017826636516621874 -0.0056180507301330628 -0.011624670228490475 1.9002363372596565e-05 -0.002710298186891598 0.0067065152175702115 -0.0065043188932004167 0.0057655880942998382 -0.00013274596374730516 -0.00060187198247407456 -0.015558338595485062 -0.0067819460742805666 0.0065174810151282635 -0.00041177557581270792 0.0018893521014102914 -0.00080894238374179864 0.0046315985208573328 -0.0015069485164412018 -0.014648195470557667 -0.0034321416740854512 -0.013122548077267038 -0.0031143153338023919 -0.0026549035569367291 -0.0014189855480059939
leaf_weight=2944.4236822128296 533871.71923828125 2206.5157470703125 8542.7359943389893 9131.0662670135498 3068.2710189819336 628641.20587158203 659525.25549316406 15190.559337615967 38069.377548217773 9923.0186767578125 292855.51318359375 109944.33251953125 34904.557512283325 2844.7001647949219 4362.8044738769531 3486.8966293334961 4579.8845596313477 56114.4446144104 5034.5189447402954 18035.863922119141 326635.5011870265 873242.15625 5409.0935668945312 7107.4572143554688 3612.6640777587891 43678.816724777222 499874.330078125 3444.0618591308594 111695.14471626282 2745.9210472106934 798201.84020996094 2805.6685333251953 135750.9296875 176809.7236328125 23519.465461730957 4269.3868713378906 624567.98724365234 606089.85134887695 2503.6185474395752 296657.44482421875 6269.1442699432373 3982.7846221923828 94531.34716796875 123932.54248046875 20809.990936279297 11305.667406082153 36422.467639923096 144582.75341796875 935052.02008056641 2702.8282179832458 8737.8545532226562 3966.15380859375 96647.001064300537 164269.8857421875 203558.0078125 20874.577880859375 158596.41125488281 2796.8914413452148 9356.6885147094727 5231.6653442382812 9348.4517822265625 2652.3992600440979 60749.877746582031
leaf_count=865 210612 912 3261 2752 1227 218243 242709 6283 16099 4593 105586 35736 13416 1155 1342 2074 1739 26210 1905 8552 156800 339715 2270 3909 1802 17848 170524 1221 38062 953 284817 1158 40505 69902 7886 2327 202300 195864 1310 114056 2358 1267 38817 42317 7404 4744 14158 62737 339417 1403 2805 1176 43207 41859 70481 6704 59685 1275 3098 2174 3861 1147 20006
internal_value=2.48168e-06 0.000399752 0.000337941 -0.000786036 0.00525438 0.00077918 -0.000648638 0.004602 0.000697639 0.0146648 -0.000194399 -0.00137891 -0.00406473 -0.00828063 0.00346974 0.00422424 0.0120205 -0.000767062 0.013598 0.000834343 0.00145794 0.000331881 -2.61451e-06 -0.00587662 -0.00307872 -0.00452878 0.00200617 0.00616647 0.00136325 0.00697057 -0.000231369 -0.00385744 -0.000595141 -0.00154123 0.00307842 -0.0028285 0.000580562 0.000894522 0.00341231 -0.00229539 -0.00206201 -0.00365659 -0.000510896 -0.00152945 0.00411215 -0.00435874 0.0043429 -0.000311059 -0.000354312 -0.00292537 -0.000161274 -0.00162842 0.000544208 0.0011338 0.000108387 0.00139874 -0.00105085 -0.00182811 -0.00601824 -0.00332546 -0.00671989 -0.00917581 -0.0020938
internal_weight=9.11828e+06 6.06342e+06 5.98719e+06 3.05486e+06 76226.2 3.27371e+06 2.932e+06 68364.7 3.20534e+06 12129.5 2.71348e+06 1.06613e+06 122863 23281.4 64096.7 59733.9 7648.16 273623 7978.94 2.93172e+06 847990 1.17301e+06 885759 12516.6 99581.8 64677.3 521354 21479.9 287254 11288.7 1.86587e+06 61064.6 1.54047e+06 312561 52085.7 7756.28 2.08373e+06 1.25153e+06 60385.8 406602 8772.76 47407.4 1.332e+06 218464 44329.5 14150.4 51613 1.11353e+06 1.22791e+06 43424.6 226215 73453.9 152761 275965 832199 645443 315333 170750 12153.6 58258.9 14580.1 5355.23 69487.7
internal_count=3330600 2185831 2156327 1144769 29504 1170888 1095859 26879 1144009 5505 985439 392501 48910 8651 23999 22657 2966 113320 2770 1030689 337097 430029 345894 6179 40259 26843 180297 9773 84135 4214 703358 25041 555410 110407 19691 4401 693592 404868 24109 149792 3668 19916 492746 81134 15290 5899 20441 411612 445003 18649 93404 23987 69417 79921 288724 209004 126795 64058 4373 23883 6035 2550 22811
cat_boundaries=0 2 4 6 7 9 11 13 15 17 19 21 23 25 27 29 31 33 35 37 39
cat_threshold=2382626840 2 1187702799 20 1097509892 9 571474468 3489706023 80 1483382432 92 77984 13 1649954307 64 1141418484 13 3221306278 10 26264096 49 4032963536 90 3221238304 88 2525406800 44 536644632 116 1074867271 101 2728397682 74 1091086802 19 3391415423 40 2181121034 18
is_linear=0
shrinkage=0.03


Tree=16
num_leaves=64
num_cat=12
split_feature=5 3 3 2 2 7 7 4 3 2 7 5 17 17 7 3 3 18 18 17 17 17 17 17 15 6 9 9 2 12 11 16 5 17 14 11 4 19 3 2 19 17 4 14 11 4 15 17 2 6 19 19 4 17 17 3 11 5 9 19 19 2 8
split_gain=3238.91 1715.86 1708.62 1591.34 1097.92 1082.04 1052.36 907.01 767.904 618.533 558.037 545.682 470.761 465.29 452.643 438.029 422.053 396.423 380.559 337.727 330.555 308.633 295.317 282.03 268.124 1192.24 257.07 254.547 249.138 229.403 245.535 852.087 226.898 225.938 221.224 307.35 570.273 216.602 211.811 202.186 203.544 273.423 254.17 225.288 302.33 193.103 248.152 191.912 189.673 187.443 187.396 183.879 188.166 336.318 183.731 225.48 175.575 174.962 173.405 172.663 160.942 197.613 156.931
threshold=0.091814380139112486 1.5147508978843691 -1.7904666066169737 -0.95707347989082325 -1.3648050427436826 0.22794684022665027 -0.81874781847000111 -0.13379042595624921 -0.098669108003377901 -1.3648050427436826 -1.0816150307655332 -1.9876974821090696 0 1 0.2925232350826264 -0.76653623580932606 0.45614747703075414 1.312424421310425 -0.89262008666992176 2 3 4 5 6 -1.8659238815307615 0.5757543444633485 -0.23888704180717465 -0.23888704180717465 0.15846636146306994 -0.63220345973968495 0.51916241645812999 -0.073546979576349245 -1.1318895816802976 7 -0.14088202267885205 0.63976013660430919 0.39812865853309637 0.21624313294887546 1.3444420695304873 -1.901797831058502 0.6901068687438966 8 0.37287023663520819 0.22192367911338809 -0.080687671899795518 -1.0004346668720243 0.50043657422065746 9 -1.901797831058502 0.5148199498653413 0.92727679014205944 0.025464545935392383 1.5712455511093142 10 11 0.18708706647157672 -0.47967211902141565 2.0535342693328862 -0.4422019869089126 2.3243991136550908 0.34667599201202398 0.85586482286453258 6.8574993610382089
decision_type=2 2 2 2 2 2 2 2 2 2 2 2 1 1 2 2 2 2 2 1 1 1 1 1 2 2 2 2 2 2 2 2 2 1 2 2 2 2 2 2 2 1 2 2 2 2 2 1 2 2 2 2 2 1 1 2 2 2 2 2 2 2 2
left_child=2 5 3 10 7 15 9 14 27 11 13 54 32 -1 -3 26 22 -16 -12 24 -9 -20 -7 -11 25 56 59 34 45 -21 -31 -32 -10 37 35 -8 -37 -6 51 47 -41 58 49 -44 -45 -5 -47 -36 -18 -43 -30 -14 -53 -54 55 -4 -17 62 -42 -2 -25 -62 -35
right_child=1 4 6 28 33 16 8 20 12 23 18 -13 38 -15 17 19 48 -19 21 29 -22 -23 -24 60 -26 -27 -28 -29 50 30 31 -33 -34 57 39 36 -38 -39 -40 40 41 42 43 44 -46 46 -48 -49 -50 -51 -52 52 53 -55 -56 -57 -58 -59 -60 -61 61 -63 -64
leaf_value=0.027784587086603134 0.00067183628004768305 -0.008061654353794771 0.011026846048968461 0.00037426130878095797 -0.0023547055972530807 3.0069085464452382e-05 0.0012968861410300883 -0.0078331673944350005 0.0011805886707588955 0.0015960228636566817 0.013556648090471902 0.0025678949173215874 -0.00020602088816046632 0.012583391660996731 -0.012837806363971773 -0.0094293500213350739 -0.0054975446544460391 -0.025624015862518692 -0.0041175024747790064 -0.00014836856633158586 0.0055535683590402802 0.0095201716423717712 -0.0010167440426910714 0.00083946563378436252 -0.0005978464167397797 -0.023916605311879422 0.0028254447064525014 0.0017921322691973984 0.0018587668748122873 -0.00012367145592205573 0.015527445003666235 0.0012818411267484643 6.9420812303808483e-05 -0.0023282521012911615 0.0072120229922404185 0.00069483778001182858 0.017210242171752269 0.0079690362999372683 -0.0019802269933138997 0.00051219429309821702 0.00016869729145002282 -0.0018354633468952526 -0.0020811912096474774 -0.015328395867775787 -0.0043038085549922788 0.004177099536661311 0.011957490059405537 0.00047494617671763067 -0.0016574530670344604 0.0033515683470103242 -0.0039568444477721294 -0.00089487528353019439 -0.007175196594793906 0.0012921321221326402 0.013603289065270478 -9.7580052854207445e-05 -0.00082927411337242621 -0.0066676730079160175 0.0061396081431673325 -0.0050648409855078994 0.00017355654950217806 -0.0034074969314255993 -0.0070138577493337895
leaf_weight=2996.8025341033936 270609.38586425781 7229.6151926517487 4009.1532039642334 6390.0335845947266 3958.7153663635254 327791.25610351562 168573.14012908936 3024.8575439453125 217655.71875 557898.6847076416 5901.0077972412109 28345.4443359375 740336.91151428223 4775.2894153594971 5287.9695205688477 2362.6253204345703 11826.2490234375 3737.5809478759766 2934.9087009429932 851298.94848632812 3642.7307012081146 3014.3381099700928 932688.93237304688 292085.81358337402 805779.1513671875 2375.6164398193359 54574.598876953125 167752.435546875 32318.956092834473 131586.99926757812 3870.0093078613281 152456.53610229492 688729.65214008093 97164.431575775146 7677.6537952423096 4645.9031372070312 3158.1123657226562 3392.2531433105469 89661.9853515625 1296301.6733474731 54933.308410644531 28394.509759783745 12554.057023525238 3429.646671295166 6446.9975991249084 12636.452864646912 5211.8037729263306 7548.1763439178467 539092.8837890625 8041.7657470703125 5891.5008773803711 284771.27264404297 11412.813285827637 6694.6488723754883 6403.6381225585938 2772.1881656646729 21899.849060058594 10696.0830078125 4751.5263730287552 4800.8492431640625 54855.388916015625 18556.318603515625 6886.0130004882812
leaf_count=892 103938 2383 1359 2687 1183 148020 99345 1146 76296 195978 1972 10195 261373 1756 1749 1316 4121 1251 1067 301887 1134 1026 311647 117326 277281 1072 22225 66227 12968 69514 1556 43543 245925 40927 2143 1791 955 1054 36660 425563 21519 11168 5119 1301 2179 5714 1661 2547 197968 2000 2336 112847 3670 3049 2019 1137 9752 4041 1883 2261 24169 9189 2840
internal_value=-7.78824e-06 -0.000611866 0.000521417 0.00481319 -0.00381899 -0.000498782 0.000447699 -0.00984271 0.000223749 0.00133276 0.0122645 0.00491407 -0.000173333 0.0185107 -0.0136636 -6.71105e-05 -0.00104727 -0.018144 0.00816172 -0.000236424 -0.000524273 0.00280364 -0.000744526 0.00117167 -0.000695746 -0.00365673 0.000944512 0.000680151 0.00247109 9.92072e-05 0.000831229 0.00163499 0.000336254 -0.00268774 0.000564028 0.00156646 0.007385 0.0024083 -0.000581038 0.000440389 0.000403377 -0.000786453 -0.00223686 -0.00474929 -0.0081379 0.00484992 0.00645174 0.00387843 -0.00173994 -0.000690343 0.000961683 -0.000460777 -0.00108347 -0.00404843 0.00995506 0.00647296 -0.0016685 -0.00301424 0.00064441 0.000571747 0.000523851 -0.000731799 -0.00263867
internal_weight=9.1185e+06 4.25803e+06 4.86047e+06 82071.1 145020 4.11301e+06 4.7784e+06 22922.8 3.81347e+06 964927 19622.3 41530.4 2.03926e+06 7772.09 16255.2 2.30161e+06 1.8114e+06 9025.55 11850.3 1.97163e+06 6667.59 5949.25 1.26048e+06 923396 832417 26638.1 329985 1.77421e+06 62448.7 1.13921e+06 287914 156327 906385 122097 1.60646e+06 176377 7804.02 7350.97 1.13288e+06 1.43008e+06 1.41485e+06 118552 58867 22430.7 9876.64 24238.3 17848.3 15225.8 550919 36436.3 38210.5 1.04322e+06 302879 18107.5 13185 6781.34 24262.5 114747 59684.8 275410 365498 73411.7 104050
internal_count=3330820 1553809 1777011 32079 57708 1496101 1744932 7663 1383560 361372 6713 14710 739820 2648 5383 834345 661756 3000 4065 705921 2280 2093 459667 346662 289421 12140 128424 643740 25366 416500 114613 45099 322221 50045 577513 102091 2746 2237 417599 475422 470732 45169 21767 8599 3480 10062 7375 4690 202089 13168 15304 380939 119566 6719 4515 2496 11068 47808 23402 106199 150684 33358 43767
cat_boundaries=0 1 2 3 4 5 6 7 8 9 10 11 12
cat_threshold=1550887 9486390 25170477 12131996 20722908 40585856 40188970 294913 47213747 51423798 38278464 36789955
is_linear=0
shrinkage=0.03


Tree=17
num_leaves=64
num_cat=17
split_feature=3 10 7 3 1 7 3 0 3 19 0 1 18 19 1 7 4 1 10 4 18 18 12 1 1 1 1 15 4 1 6 1 14 1 0 19 16 10 1 0 10 1 1 15 4 19 1 18 1 16 10 14 19 10 8 13 12 7 19 1 8 13 6
split_gain=2847.96 1719.52 1410.04 1364.95 1182.56 999.683 977.163 845.796 826.172 682.285 654.845 551.679 527.31 513.779 486.801 451.759 418.12 813.622 405.894 405.827 393.449 392.459 392.454 385.151 384.537 367.172 349.234 346.355 711.107 342.172 340.154 333.166 323.339 310.735 310.114 273.111 272.879 271.305 284.932 266.322 259.839 387.875 264.03 253.144 368.831 252.691 326.875 250.294 249.399 247.717 238.39 258.882 268.521 229.755 224.011 460.972 234.654 213.604 200.183 268.275 368.179 599.95 199.36
threshold=0.21928988397121432 2.0446702241897587 -0.02698943484574556 1.8029391169548037 0 -0.48774343729019159 -1.5114245414733884 644.50000000000011 -1.7904666066169737 -0.65170550346374501 731.50000000000011 1 -1.6712154746055601 0.6901068687438966 2 1.7402337193489077 1.8258113861083987 3 0.040951244533061988 -0.13379042595624921 1.4107015132904055 1.145769536495209 -0.66427141427993763 4 5 6 7 1.2796644568443301 0.39812865853309637 8 1.0904705524444582 9 0.47087781131267553 10 172.50000000000003 1.0966395139694216 1.05499804019928 -1.5311909317970274 11 942.50000000000011 0.040951244533061988 12 13 -1.8659238815307615 0.39812865853309637 1.320500433444977 14 -1.5294928550720213 15 0.84782919287681591 -0.32439948618412012 -0.14088202267885205 2.3243991136550908 0.10259702429175378 1.6196998357772829 0.14607918262481692 -0.78217837214469899 -0.48774343729019159 0.05331165902316571 16 5.0616915225982675 -0.76755958795547474 -1.7492431998252866
decision_type=2 2 2 2 1 2 2 2 2 2 2 1 2 2 1 2 2 1 2 2 2 2 2 1 1 1 1 2 2 1 2 1 2 1 2 2 2 2 1 2 2 1 1 2 2 2 1 2 1 2 2 2 2 2 2 2 2 2 2 1 2 2 2
left_child=1 2 6 5 8 48 9 33 -3 12 18 -9 -1 22 -12 30 29 -18 23 20 -17 39 40 27 -23 -24 35 32 -29 49 31 34 -4 53 -5 -11 -31 38 -33 47 41 -8 43 44 -42 -25 -47 -6 -2 50 51 -15 -53 -7 55 -34 -56 -39 -35 60 -60 -62 -59
right_child=3 4 10 15 21 7 13 11 -10 26 14 -13 -14 16 -16 19 17 -19 -20 -21 -22 24 25 45 -26 -27 -28 28 -30 36 -32 37 54 58 -36 -37 -38 57 -40 -41 42 -43 -44 -45 -46 46 -48 -49 -50 -51 -52 52 -54 -55 56 -57 -58 62 59 -61 61 -63 -64
leaf_value=0.015819012299978029 0.0010325927241029557 0.026961075165001229 0.00018444384691618192 0.0064893586764744899 0.010005722574054231 0.00034572246791676699 0.001512224627567983 -0.0023534011056325741 0.0087814270990373526 0.0045792476945350508 0.000140556986190025 -0.0008520255357241139 0.0053126536009516856 0.0031697655233845407 -0.0015037077512340678 -0.0084063915127348399 -0.01897528747068231 0.0013383465864365022 -0.00032438329150186797 -0.0024814562477188415 -0.0225051426838585 0.011748277231395435 0.00023893971128903711 0.00027785439547230655 0.0017674960362885025 0.001802867162892815 0.00052910540691694468 -0.00092573772660811693 0.016486647886702031 0.00068853960501838907 0.0057999590015349626 -0.016540498340956618 0.0026198875736406719 -0.00056369138612684768 -0.0020378844013432527 -0.0022545757076069895 -0.0042396513809870367 -0.0011536946642303589 -0.0051268751879163252 -0.0074211833381710801 0.0011884760017148708 0.00034479724000618906 0.00072018189851741907 -0.00030117558428233084 -0.012779825602046303 0.00045611420580705833 -0.0060080893307054442 0.00085855473955666838 -6.0924277563372285e-05 -0.0096984996814109426 -0.00013872300106676096 -0.0035917803741368397 -0.012143025247874197 -0.00064655541515762761 2.6028189263676023e-05 0.01153668384165658 0.0025864039012759897 -0.012175402288700935 -0.0024714598550687871 -0.00088388685307244554 -0.021882562429572403 -0.0005936711122631231 -0.0043544340122787881
leaf_weight=5968.953125 316801.685546875 2554.0185546875 139789.42712402344 4663.6086730957031 2951.7379207611084 518352.45190429688 483394.95428466797 437364.17578125 18738.42626953125 54795.282287597656 251136.85791015625 443836.73986816406 15371.90966796875 4113.6350631713867 456822.86865234375 5085.0764542818069 3203.9689328670502 3957.9221193790436 900512.306640625 5093.6118010282516 2746.2265396118164 7007.9949493408203 179894.4052734375 714606.27528852224 6905.8784332275391 542859.00823974609 49679.312438964844 4410.8505249023438 4042.2863159179688 146885.17919373512 3690.2215881347656 3202.8854751586914 27467.622482299805 602007.84008789062 21579.333908081055 5819.487060546875 10854.602910995483 19665.748504638672 5171.8219833374023 3168.9290313720703 3243.8541603088379 544861.92633056641 374794.56103515625 364905.51037597656 3570.8960838317871 14817.389312744141 13401.382904052734 30116.108591079712 460625.51257324219 3731.113037109375 36320.807876348495 20726.521476745605 3929.0748291015625 353039.8037109375 52815.068267822266 6438.1485137939453 82591.152435302734 3115.2094116210938 78681.026550292969 169588.89892578125 2338.2204246520996 2424.2540016174316 49501.607223510742
leaf_count=1941 115162 1008 51670 1889 1097 174054 149736 143494 7659 19439 112542 177918 5843 2535 144874 1936 935 1657 330438 1883 993 2640 86558 271655 3011 200088 23109 1255 1249 61038 731 978 9352 230846 9226 2119 2430 8101 2350 960 1380 190752 145501 101316 1283 7135 5924 11323 185615 1239 16327 8598 1760 117045 11332 1317 23360 1409 40688 67417 1179 882 19667
internal_value=-2.27451e-06 0.000417422 0.000357694 -0.000672527 0.00504169 -0.000559495 0.000820146 -0.000840992 0.0109627 0.00334473 -0.000138379 -0.00159724 0.00825426 0.000698466 -0.000920455 -0.00377015 -0.000646557 -0.00778074 0.000143983 -0.00907646 -0.0133616 0.00252426 0.000824336 0.000541736 0.00680664 0.00141364 0.00239445 0.00141617 0.00740568 -0.000420869 -0.00314961 -0.00345881 0.0012523 -0.000454985 -0.00052137 0.00392237 0.000349268 -0.00441384 -0.00952511 0.000879941 0.000584348 0.000893641 0.000158322 -0.000408194 -0.00613485 0.000167891 -0.00261629 0.00167645 0.0003847 -0.00218567 -0.00175465 -0.00379435 -0.00495668 -5.62942e-05 0.00213392 0.00431449 0.00158777 -0.00382164 -0.000861286 -0.00156932 -0.0029618 -0.0110578 -0.00481859
internal_weight=9.11175e+06 5.60318e+06 5.53173e+06 3.50858e+06 71443.1 3.38506e+06 2.86288e+06 2.60763e+06 21292.4 131635 2.66885e+06 881201 21340.9 2.73125e+06 707960 123515 233723 7161.89 1.96089e+06 12924.9 7831.3 50150.6 2.49753e+06 1.06038e+06 13913.9 722753 110294 317555 8453.14 226561 110590 106900 309101 1.72643e+06 26242.9 60614.8 157740 80657.3 8374.71 36236.8 1.77477e+06 1.02826e+06 746515 371720 6814.75 742825 28218.8 33067.8 777427 68821.2 65090 28769.2 24655.6 871392 169312 33905.8 135406 72282.6 855040 253032 83443.5 4762.47 52616.8
internal_count=3328848 2025385 1997687 1303463 27698 1254300 1025584 953523 8667 52451 972103 321412 7784 973133 257416 49163 96519 2592 714687 4812 2929 19031 876614 384249 5651 286646 44667 99535 2504 93927 44351 43620 97031 632111 11115 21558 63468 32505 3328 13380 589968 340488 249480 103979 2663 284714 13059 12420 300777 30459 29220 12893 10358 291099 45361 10669 34692 29177 341012 110166 42749 2061 21076
cat_boundaries=0 2 4 6 7 9 11 13 15 17 19 21 23 25 27 29 31 33
cat_threshold=2387493016 10 3758128038 90 262521880 53 1644232839 33566884 29 547400740 81 2744394062 34 2349841537 33 644875812 72 2148534644 108 570898495 46 9007235 16 211637287 37 1208041399 26 3247669594 2 1242352696 44 2492465664 17
is_linear=0
shrinkage=0.03


Tree=18
num_leaves=64
num_cat=15
split_feature=7 3 3 3 0 2 2 1 10 1 10 1 10 2 6 1 9 0 4 10 1 1 0 6 13 1 1 4 11 0 2 0 16 2 1 14 15 9 3 0 0 1 9 10 11 14 7 0 1 4 1 10 10 6 1 4 10 0 14 0 1 1 10
split_gain=2868.94 2109.16 1616.14 1243.62 1127.61 1111.16 1067.94 941.944 824.062 758.567 749.362 739.882 678.913 633.486 514.043 506.574 482.835 481.027 467.465 465.833 437.793 362.93 467.396 348.209 346.849 342.465 320.096 308.724 383.19 562.254 300.112 296.562 322.429 305.21 402.045 286.573 321.514 1453.29 285.945 282.324 277.233 336.786 515.113 256.362 252.506 262.355 250.736 245.664 398.116 237.35 234.593 234.468 230.61 343.089 263.255 328.147 233.499 245.668 229.144 224.292 224.623 223.832 247.481
threshold=-0.53390479087829579 0.57078379392623912 -1.7904666066169737 1.8029391169548037 775.50000000000011 -1.3648050427436826 -0.84132790565490712 0 2.0446702241897587 1 2.0446702241897587 2 0.10259702429175378 -0.74895048141479481 -0.49656434357166285 3 -0.23888704180717465 789.50000000000011 -0.13379042595624921 0.99966230988502514 4 5 929.50000000000011 -2.1526650190353389 1.1729706525802615 6 7 -0.97329071164131153 1.757744371891022 471.50000000000006 -0.84132790565490712 775.50000000000011 0.94121596217155468 -0.84132790565490712 8 0.22192367911338809 -1.8659238815307615 -0.32699543237686152 -1.2063708901405332 187.50000000000003 187.50000000000003 9 -0.78595551848411549 0.10259702429175378 1.2220083475112917 1.0573982596397402 -2.7041386365890498 929.50000000000011 10 1.3573725223541262 11 -1.1542026996612547 -1.1542026996612547 1.0904705524444582 12 1.0000000180025095e-35 0.061080347746610648 202.50000000000003 0.29865437746047979 486.50000000000006 13 14 1.5670744776725771
decision_type=2 2 2 2 2 2 2 1 2 1 2 1 2 2 2 1 2 2 2 2 1 1 2 2 2 1 1 2 2 2 2 2 2 2 1 2 2 2 2 2 2 1 2 2 2 2 2 2 1 2 1 2 2 2 1 2 2 2 2 2 1 1 2
left_child=2 4 6 17 8 18 11 13 12 38 21 -1 16 14 19 46 25 43 -5 -6 30 22 -4 -7 -15 40 -14 28 -27 -30 -19 33 -33 34 39 -29 37 51 -10 -23 41 42 -2 -3 45 -43 -12 -9 -49 -24 -25 -37 53 54 -35 -56 -54 -58 -46 -13 -61 62 -45
right_child=1 3 10 5 7 23 -8 47 9 -11 15 59 26 24 -16 -17 -18 20 -20 -21 -22 31 49 50 -26 27 -28 35 29 -31 -32 32 -34 52 -36 36 -38 -39 -40 -41 -42 44 -44 61 58 -47 -48 48 -50 -51 -52 -53 56 -55 55 -57 57 -59 -60 60 -62 -63 -64
leaf_value=0.024220738506365375 0.011726536138443313 -0.00042554519707552706 0.0011160044395082595 -0.014315874855724482 -0.0051673739085490358 -0.014109306005946958 0.0033372719321504802 -0.0004672017966373701 0.017937527555803714 0.0014120677155147153 0.016736748651585254 0.015628493455296384 0.00024428380418981568 -0.0015071296236459997 -0.0038832613873194702 0.0018669217639692847 0.0017555878167129866 -0.0074497487190576077 -0.0019255535135461795 -0.019706061706502614 -0.00095627100039698449 0.014884548570972515 0.003795912742873519 0.0022625239766675752 -0.010775054506542375 0.00063333838202462081 -0.0006289624832558784 0.00019173420151933948 -0.00043408629344678491 0.01207627364775685 -0.0028956837596091811 1.1451872259023578e-05 -0.0030314269966843434 -0.0036414776060139159 0.0012878551846078963 -0.010053161417538476 -0.00062622465353148998 -0.023174602665403415 0.0076674560946421782 0.0046846730911334275 0.00051233431443022917 0.0010985588508293817 0.0026424355206149251 -0.00090284758308778685 0.0013032115467149494 -0.0041463704530439755 0.0073551612785304364 -0.0012876040535720298 0.0022113822257183065 0.011955060200736969 -0.0033035671622205689 -0.00071112980275131682 0.0011598653205654277 0.0074988779216992405 -0.002529062525526407 0.0019220774403191441 -0.0012884313244343963 0.00057365377343200348 0.0090656437480592586 0.0001867999851622708 0.011387194856134866 -0.001880874097715556 0.0028131398567726742
leaf_weight=4180.156005859375 6985.2408485412598 703256.06646728516 737489.97227478027 12969.532438993454 4050.4686503410339 2499.742151260376 25588.559936523438 521787.3134765625 3065.9113159179688 28089.738464355469 3295.31640625 3154.054009437561 587973.90234375 366706.07444763184 36787.727425098419 17175.409927368164 236416.3111461997 14546.3212890625 3476.489045381546 3890.8571472167969 131309.46533203125 2831.2943267822266 33054.486343383789 7581.825065612793 3665.8029937744141 244680.16566467285 1056793.181640625 526683.88325500488 6353.9150390625 6577.31103515625 124283.09240722656 304564.20465087891 34930.60888671875 28297.679193496704 66386.012573242188 2672.6221480369568 383805.50094604492 3128.9665756225586 11977.859985351562 17670.057723999023 970037.150390625 107159.88513183594 28643.80749130249 228813.99169921875 7229.3165664672852 9325.7046813964844 11588.218978881836 44857.659057617188 84150.653442382812 3550.6738128662109 66765.731611251831 24941.535788059235 472461.58354187012 4214.94384765625 27669.008232593536 32304.273572444916 82769.525726318359 277680.46044921875 6498.171745300293 3191.9956970214844 3251.8476324081421 280183.21319580078 17348.484375
leaf_count=1300 2282 267050 252721 4425 1581 1086 10435 203555 1113 11429 1286 1068 212283 113738 10445 7103 93597 4637 1177 1192 56370 1117 11364 2278 820 99756 384727 243069 1029 1044 41638 122250 8440 13496 24562 1196 108696 1195 4448 7014 302440 35834 8395 92754 1882 1882 4436 15896 34580 1162 28103 10643 180608 936 10496 11994 32228 109471 1347 1195 1200 97069 7389
internal_value=-3.55438e-06 -0.000303507 0.000940814 -0.00126121 -1.69957e-05 -0.00462187 0.00696423 -0.000889647 0.000201401 0.00432672 0.000830915 0.0136966 0.000159189 -0.00200628 -0.00537854 0.00538298 0.000463678 -0.00105214 -0.0116981 -0.0122985 -0.0021984 0.000762256 0.00128024 -0.00310683 -0.001599 0.000332855 -0.000316796 -2.08169e-05 0.000899391 0.00593136 -0.00337286 0.000465616 -0.00030167 0.000722949 0.00242293 -0.000272678 -0.000862708 -0.00381445 0.00975927 0.00609362 0.000706123 0.00183962 0.00442357 -0.000800303 0.00113203 0.000678496 0.0094309 -0.000177376 0.000994814 0.00458887 -0.00273597 -0.00161695 0.000563323 -0.000857852 -0.00125729 -0.000131499 0.000721133 0.000146054 0.00497967 0.00906808 0.00586141 -0.00130101 -0.000640883
internal_weight=9.11527e+06 6.91797e+06 2.1973e+06 1.59303e+06 5.32494e+06 93293.3 39366.6 1.0659e+06 4.25904e+06 43133.5 2.15793e+06 13778.1 4.21591e+06 415101 44729.1 32058.9 2.57114e+06 1.49974e+06 16446 7941.33 270139 2.12587e+06 774095 76847.3 370372 2.33472e+06 1.64477e+06 1.19884e+06 257611 12931.2 138829 1.35178e+06 339495 1.01228e+06 86887.4 941233 414549 30743.1 15043.8 20501.4 1.13588e+06 165842 35629 1.2296e+06 130213 116486 14883.5 650796 129008 36605.2 74347.6 27614.2 925397 92485.9 88271 59973.3 832912 360450 13727.5 9597.9 6443.84 526346 246162
internal_count=3329952 2514070 815882 603976 1910094 37069 15198 381807 1528287 16990 800684 4763 1511297 127776 13218 12825 914287 566907 5602 2773 102645 787859 265247 31467 114558 820690 597010 466628 101829 2073 46275 522612 130690 391922 32693 364799 121730 13034 5561 8131 354062 51622 10677 464262 40945 37716 5722 254031 50476 12526 30381 11839 359229 36922 35986 22490 322307 141699 3229 3463 2395 197212 100143
cat_boundaries=0 2 4 5 7 9 11 13 15 16 18 20 22 23 25 27
cat_threshold=3221300135 10 3456508604 10 2487918632 2383299257 54 3758322339 75 135060488 60 35072295 37 2852507778 15 3809476640 5 4 570820688 64 526384 100 3828351200 1611730880 60 3812517082 34
is_linear=0
shrinkage=0.03


Tree=19
num_leaves=64
num_cat=19
split_feature=5 10 7 2 2 1 2 18 0 19 0 19 1 1 18 1 8 1 11 8 1 0 18 5 0 1 1 0 0 1 14 19 1 10 1 0 8 1 1 1 1 13 5 10 0 9 1 1 8 14 5 8 1 5 9 19 1 10 10 10 8 14 11
split_gain=3064.48 1857.91 1685.24 1222.51 955.884 729.809 728.207 1078.09 1244.16 709.82 690.369 702.175 721.675 652.439 650.728 641.314 579.669 724.297 1986.32 931.936 546.857 546.786 535.145 471.861 563.342 454.734 450.189 450.011 443.419 413.48 406.381 391.152 380.875 388.43 591.539 363.916 341.593 322.906 310.769 309.728 308.895 298.254 292.389 290.915 289.507 283.638 634.632 300.81 314.44 555.455 283.151 270.081 302.404 257.117 255.659 269.866 281.392 321.378 255.347 254.832 254.363 254.319 2352.66
threshold=-0.58644592761993397 2.0446702241897587 0.39938059449195867 -1.901797831058502 -1.3648050427436826 0 -1.3648050427436826 -1.6712154746055601 172.50000000000003 0.05331165902316571 789.50000000000011 -0.46286740899085993 1 2 -0.76156345009803761 3 2.8425709009170537 4 -0.53948548436164845 3.1577376127243046 5 442.50000000000006 1.6733871102333071 1.6610938906669619 515.50000000000011 6 7 616.50000000000011 789.50000000000011 8 1.1931485533714297 -0.072470352053642259 9 -1.5311909317970274 10 760.50000000000011 0.31178255379199987 11 12 13 14 1.2713049650192263 -1.819243788719177 -2.4664380550384517 929.50000000000011 -0.49335202574729914 15 16 1.5127465128898623 0.23951256275177005 2.0535342693328862 1.1615628600120547 17 -1.819243788719177 -0.16046284139156339 0.60009330511093151 18 -1.5311909317970274 -1.1542026996612547 2.0446702241897587 2.2439718246459965 -0.16810990124940869 0.58892410993576061
decision_type=2 2 2 2 2 1 2 2 2 2 2 2 1 1 2 1 2 1 2 2 1 2 2 2 2 1 1 2 2 1 2 2 1 2 1 2 2 1 1 1 1 2 2 2 2 2 1 1 2 2 2 2 1 2 2 2 1 2 2 2 2 2 2
left_child=1 6 9 20 10 53 7 15 22 21 11 14 -13 54 -4 -1 32 18 -18 -20 -3 26 -9 -16 -25 -12 61 38 31 -23 -30 -15 36 34 -34 -10 43 -29 59 -19 -37 -41 -17 -11 -35 47 -47 48 49 -36 -14 52 -33 -5 55 -8 57 -57 -28 -6 -42 62 -2
right_child=2 3 4 5 27 -7 13 8 35 16 25 12 50 28 23 42 17 39 19 -21 -22 29 -24 24 -26 -27 58 37 30 -31 -32 51 33 44 45 40 -38 -39 -40 41 60 -43 -44 -45 -46 46 -48 -49 -50 -51 -52 -53 -54 -55 -56 56 -58 -59 -60 -61 -62 -63 -64
leaf_value=0.0029913391767924127 0.00072632035945715753 0.0095673477076625591 0.0021084587680539725 0.018009963220086127 -0.00011807574180115496 0.0020180568393489405 0.0011948813756029097 0.0042783641100186138 0.0025156017071157875 0.01165452304147211 -0.012198169200119758 0.0036543510056348 -0.0024500336467492994 0.00091955709254495899 -0.0048550494692018286 0.018470433659389551 -0.026468668626693573 -0.00018813184009494046 -0.016903615241372908 -0.001204922322511784 0.02799615847863356 -0.00066216996443271294 0.021064654003062788 -0.024853670878280849 -0.0082450718452159871 -0.0046027548833862042 -0.002588440823630861 -0.00064400416645235884 -0.00037979045857298364 0.00024513604412001311 -0.0034767571643168757 0.0043618330040853196 -0.0081501841443709071 -0.00060264663644229348 -0.00079155799290921982 0.003551636508321914 0.00019752551505316363 -0.0019351327161811383 -0.0010337651612949224 -0.0019537898966798615 -0.0014550338985401293 -0.009242971228696828 0.0076982847851807118 0.0023891623679082492 0.0025677375930806745 0.010258625521881776 -0.0074026305968526405 -0.0052276358397536759 -0.0051061280241327667 0.012349103553726166 -0.011368803913793146 -0.00072955987941670012 0.00016444044802882434 0.0082905920757161619 0.004674864706153743 -0.0062684454556980237 0.0010265667956734612 -0.00068026293663593727 0.00030734133129719891 0.0049638821807877626 -0.0082754932749259016 0.0012202855207887621 0.032029999129324777
leaf_weight=6882.6063117980957 16955.764205932617 2712.0268144607544 5343.5711669921875 3342.615234375 519608.49728393555 25119.827655792236 1178931.2829589844 2975.121936917305 43999.40129840374 3313.336181640625 12543.078399658203 22006.740905761719 18164.749786376953 645086.12014770508 7741.5729675292969 6792.66357421875 3768.5583190917969 126677.25708007812 3931.7653656005859 25122.90665435791 3209.2646894454956 749767.021484375 4022.0598449707031 3233.4917469024658 4268.3521862030029 16432.972137451172 28608.9580078125 263459.40478515625 278579.38891601562 1138411.455078125 44176.1943359375 20611.08349609375 14868.6201171875 516555.92626953125 12448.061601638794 7836.9329223632812 264220.30102539062 515555.68579101562 587574.54299926758 140829.13031768799 18577.400126934052 5235.5599975585938 3419.5599479675293 37783.689086914062 27287.215209960938 5046.5295372009277 2857.0624122619629 18128.590728759766 7669.5299377441406 3767.1964855194092 3885.986328125 291009.86401367188 61552.231842041016 9214.4921684265137 17807.512756347656 11774.279052734375 66280.260498046875 43353.463623046875 649057.98202049732 9029.830078125 6691.0333333015442 520945.81176757812 2471.4035186767578
leaf_count=2452 9530 1058 1755 1237 195153 9088 417419 1182 15069 1502 3638 7399 6958 228095 2742 2107 2018 46604 1333 9294 1154 253049 1407 1090 1445 6733 10518 117094 108297 415414 10828 11519 8483 223698 4861 2995 97933 171909 214694 41687 6643 1097 1078 18732 11662 2099 1540 8655 1995 962 1433 102326 31772 3832 6883 4213 29192 15218 226186 3568 1941 178061 818
internal_value=-2.08666e-06 0.000823235 -0.000368567 0.00696752 -0.00109135 0.00497451 0.000726178 0.0032239 0.00182758 -3.6251e-05 -0.00405043 -0.00232535 -0.000187851 0.000631119 -0.00689857 0.0100909 -0.000649572 -0.00178073 -0.00599009 -0.00333186 0.0196341 0.000204541 0.0139355 -0.0100556 -0.0154156 -0.00789797 0.00070011 -0.000945167 0.000165221 -0.000115144 -0.000803726 0.00047235 -0.000271378 -0.000705132 -0.00290088 0.000727972 0.000593282 -0.00149852 -0.000558973 -0.00127378 -0.00164794 -0.00221522 0.0148544 0.00313748 -0.000443551 -0.00133473 0.00387724 -0.00231587 -0.00010298 0.0022642 -0.00402218 -0.000300717 0.00121813 0.0108753 0.00110509 0.00105619 -0.000290549 -0.00187392 0.00018507 -3.12226e-05 -0.00326107 0.00134597 0.0047158
internal_weight=9.11853e+06 2.80396e+06 6.31458e+06 43598.2 1.98885e+06 37676.9 2.76036e+06 101197 84101.9 4.32573e+06 93620.5 64644.5 44057.5 2.65916e+06 20587 17094.8 1.21951e+06 305565 32823.2 29054.7 5921.29 3.10622e+06 6997.18 15243.4 7501.84 28976.1 1.21804e+06 1.89523e+06 1.34101e+06 1.88818e+06 322756 1.01826e+06 913946 608629 64785.6 77104.8 305317 779015 1.11621e+06 272742 33105.4 146065 10212.2 41097 543843 49917 7903.59 42013.4 23884.8 16215.3 22050.7 373173 82163.3 12557.1 1.31815e+06 1.30034e+06 121408 55127.7 677667 528638 25268.4 540373 19427.2
internal_count=3330347 1017005 2313342 16369 735611 14157 1000636 34874 29237 1577731 33193 22822 15790 965762 7032 5637 484155 102033 12645 10627 2212 1093576 2589 5277 2535 10371 425113 702418 492837 668463 119125 373712 382122 263955 28595 26648 118167 289003 413415 89388 11579 42784 3185 20234 235360 20112 3639 16473 7818 5823 8391 145617 43291 5069 472925 466042 48623 19431 236704 198721 8584 188409 10348
cat_boundaries=0 2 4 6 8 10 12 14 16 18 20 22 24 26 28 30 32 34 35 36
cat_threshold=2651111576 70 4014901308 16 484297877 36 749798615 81 1073758724 64 389168467 64 3762826146 15 2735020832 63 3233948566 74 1124676252 10 2890137664 16 656983128 37 1781870782 51 2283708697 9 2822019072 12 3309827 4 268584993 65 1090527490 202983552
is_linear=0
shrinkage=0.03


Tree=20
num_leaves=64
num_cat=19
split_feature=5 10 3 2 7 2 3 2 1 1 1 5 9 1 1 1 19 19 1 10 1 14 9 1 11 19 1 10 1 3 5 7 1 1 5 1 9 11 19 14 11 10 1 19 14 3 9 1 10 19 1 3 1 3 3 19 16 10 1 9 7 19 2
split_gain=3132.97 1774.18 1714.65 1183.37 1132.47 1095.26 730.708 1156.82 675.648 637.16 532.109 512.005 494.345 469.084 461.878 383.881 354.783 354.644 400.18 327.861 344.638 345.107 790.6 323.068 341.453 321.879 331.709 328.481 296.453 294.336 281.627 281.371 280.672 266.664 268.88 254.13 251.196 2010.32 232.126 231.236 2334.51 225.127 415.849 217.206 283.263 215.931 210.974 1932.16 221.695 210.924 554.671 235.85 209.792 208.699 205.719 205.432 333.747 204.167 293.382 199.349 189.908 187.706 284.385
threshold=-0.58644592761993397 2.0446702241897587 0.90504136681556713 -1.901797831058502 -0.02698943484574556 -1.901797831058502 -1.2063708901405332 -1.1162397265434263 0 1 2 -2.2509361505508418 -0.16046284139156339 3 4 5 0.05331165902316571 0.60009330511093151 6 -0.13103542476892469 7 -0.16810990124940869 -0.78595551848411549 8 0.63976013660430919 0.6901068687438966 9 -2.4664380550384517 10 1.8029391169548037 1.2659193277359011 0.19725037366151812 11 12 1.8151760697364809 13 -0.78595551848411549 0.63976013660430919 1.320500433444977 -0.16810990124940869 0.63976013660430919 2.0446702241897587 14 -0.094954181462526308 0.40836358070373541 -1.1057249307632444 -0.29193235933780665 15 0.24360137432813647 2.3243991136550908 16 -0.66694861650466908 17 -0.41593438386917109 -0.49398952722549433 0.11274404823780061 0.43152049183845526 -0.83188164234161366 18 -0.6626620590686797 0.57200080156326305 2.3243991136550908 0.26829253137111669
decision_type=2 2 2 2 2 2 2 2 1 1 1 2 2 1 1 1 2 2 1 2 1 2 2 1 2 2 1 2 1 2 2 2 1 1 2 1 2 2 2 2 2 2 1 2 2 2 2 1 2 2 1 2 1 2 2 2 2 2 1 2 2 2 2
left_child=1 6 4 10 12 14 7 11 53 38 -3 15 16 36 -4 -1 28 32 -19 20 21 22 -10 24 -21 -22 27 -27 39 60 46 -16 -9 34 -31 -13 37 55 -5 40 -2 49 -43 -25 -45 -38 48 -48 61 -18 -51 -52 -11 -8 -14 -6 -57 58 -34 -17 -7 -15 -63
right_child=2 3 5 9 13 29 8 17 19 52 -12 35 54 30 31 59 41 18 -20 23 25 -23 -24 43 -26 26 -28 -29 -30 33 -32 -33 57 -35 -36 -37 45 -39 -40 -41 -42 42 -44 44 -46 -47 47 -49 -50 50 51 -53 -54 -55 -56 56 -58 -59 -60 -61 -62 62 -64
leaf_value=0.0052093711192480385 0.0013207494739623854 0.028237534976089482 -0.0032130369020725736 0.0085698024255210278 0.00094268182312642857 -0.00095424066273657176 0.00063445492780759834 0.00040258334271471927 0.020038168678329301 -0.0037140964382679376 0.010247028034341148 0.0090583761529643789 0.0030897204153029472 -0.00034686908652932448 -0.0064689034733819316 0.021109650865720631 -0.0003847091754765665 -0.0054091569260008038 0.001589419481507436 0.0015003392997475151 0.0011418005699290507 0.0019540940169710617 0.0030563503513983065 0.00066463763382984618 0.013563559005763021 -0.01235808880833161 0.00051606409369118176 -0.0025221942869669994 2.38078596537349e-05 -0.0046456298364516658 -0.0017545764652570071 -0.014834743081370099 0.0099233243640780063 -0.0024988296169394897 -0.01516090566605975 0.0011259517076771684 0.00092325121275588717 0.019106932570390804 0.018939350184498473 0.00069980817851054554 0.031072670482374307 0.012847616633286712 0.0007210834282424147 -1.4982054306083168e-05 -0.0027597193179160974 -0.00045020128790699253 -0.028269872136856205 -0.00075192906702257567 -0.0012129152827256636 0.00091200614448200094 -0.015556864455052546 -0.005565272557707536 0.003530452640934021 -0.00046036936111008657 0.00094912378552511052 0.00017220820073397418 -0.0052109135971910485 0.0024198834525530366 0.0025097176807184502 0.011600565004775978 -0.0020863150593111246 0.00078406455915178109 -0.010302453575820207
leaf_weight=4019.46484375 47660.149993896484 2959.5838642120361 11662.226928710938 8379.8663921356201 135964.92119789124 482700.19226074219 220345.1455078125 55294.614875793457 3128.6192169189453 4263.7523307800293 3043.5367412567139 6322.2866024971008 72174.895751953125 850068.29177856445 6390.5745468139648 4239.2217175960541 620478.09460449219 12834.238723754883 17181.815383911133 190828.52633666992 497796.50952148438 273708.53694152832 11616.612640380859 457390.8578453064 2130.4966125488281 3856.986328125 30548.709350585938 14658.476440429688 830936.72143554688 7986.3914794921875 292954.451171875 8375.0383682250977 8655.9923095703125 69518.316040039062 3013.85791015625 8553.2216982841492 113303.48095703125 5266.6160888671875 2533.355712890625 763335.7053527832 2493.0423583984375 3149.5726165771484 13029.065078735352 251713.33264541626 39091.087799072266 1134865.7094726562 2522.6415405273438 24185.995630502701 449942.11645507812 12595.757465362549 2997.6022491455078 7322.1579856872559 22689.557302474976 542499.19772338867 91805.256591796875 39045.077947616577 14106.763671875 88929.184135437012 10835.228118896484 3775.4530870914459 184282.24621582031 4080.8088226318359 4245.8047943115234
leaf_count=1436 29361 1062 3799 3439 48851 192991 91834 23868 1265 1702 1187 2295 31008 288542 2335 1160 238900 4274 8358 96715 180884 75643 4230 126482 584 1843 12580 6896 273356 3158 98703 3049 3014 28492 978 2954 47752 1346 1146 264711 722 1657 5002 79588 8457 430846 1199 10836 157208 5714 1411 3305 7919 227534 39004 18825 3761 33325 4165 1205 72542 1831 1810
internal_value=7.20417e-06 0.00084168 -0.000363448 0.00682702 -0.000178621 -0.00168613 0.000746531 0.0024025 0.000602639 0.00486374 0.0191967 0.00823044 0.00029987 -0.000563212 -0.00768769 0.0128304 0.000186597 0.0015928 -0.0014047 0.000923309 0.00135592 0.00219495 0.0066651 0.000539353 0.00163379 0.000913282 -0.00140492 -0.00457144 0.000422365 -0.00147389 -0.000912251 -0.0112098 0.0021424 -0.00318721 -0.00752536 0.00450609 -0.000169294 0.000833848 0.0109745 0.000829457 0.00280262 -0.000401212 0.00309344 0.000257063 -0.000383982 -0.000325522 -0.000727417 -0.00336668 -0.000673526 -0.000489111 -0.00331527 -0.00846548 0.00238301 -0.000144129 0.00189136 0.000324478 -0.00125685 0.00302933 0.00581016 0.0166195 -0.00126704 -0.00039079 -0.00487183
internal_weight=9.11628e+06 2.80382e+06 6.31246e+06 43869.7 5.53853e+06 773929 2.75995e+06 220641 2.53931e+06 37866.5 6003.12 26909.6 2.46798e+06 3.07055e+06 26427.8 12034.1 2.304e+06 193731 30016.1 1.77647e+06 835314 288454 14745.2 941154 192959 546861 49064.2 18515.5 1.64443e+06 747501 1.628e+06 14765.6 163715 80518.6 11000.2 14875.5 1.44255e+06 194383 10913.2 813489 50153.2 659572 16178.6 748195 290804 1.24817e+06 1.33505e+06 26708.6 1.30834e+06 643394 22915.5 10319.8 26953.3 762844 163980 189117 53151.8 108420 19491.2 8014.67 666982 858395 8326.61
internal_count=3330049 1017044 2313005 16455 2005661 307344 1000589 86054 914535 14206 2249 9050 894151 1111510 9183 3801 824139 77004 12632 595167 283341 81138 5495 311826 97299 202203 21319 8739 568150 298161 560129 5384 64372 32628 4136 5249 551381 72783 4585 294794 30083 255989 6659 214527 88045 478598 461426 12035 449391 249330 10430 4716 9621 319368 70012 71437 22586 40504 7179 2365 265533 292183 3641
cat_boundaries=0 2 4 6 8 10 12 14 16 18 20 22 24 26 28 30 31 33 35 37
cat_threshold=3776983872 27 2617557656 68 4173889572 55 732238010 63 1868369008 4 702619456 14 1482182835 64 68739 4 72663056 4 236191776 32 3207383336 45 836898430 68 33702922 16 216985729 3 2265203352 3 1073741828 1569433052 2 536879170 1 3221553537 33
is_linear=0
shrinkage=0.03


Tree=21
num_leaves=64
num_cat=19
split_feature=5 3 2 5 2 0 4 2 1 1 1 1 1 0 1 0 19 1 15 9 6 8 6 0 0 3 9 1 1 5 1 15 9 4 0 1 5 14 14 1 0 9 1 1 14 1 19 1 0 0 1 3 19 9 18 5 1 0 1 9 8 16 9
split_gain=2863.31 1488.91 1221.84 1461.68 1190.57 860.619 837.106 712.114 635.194 629.633 618.719 570 564.312 521.119 781.556 494.464 450.319 427.595 338.176 825.628 2532.81 706.215 337.568 528.628 337.462 336.775 345.879 332.746 326.707 312.576 301.811 296.245 1489.33 2505.54 268.647 273.107 265.681 262.851 553.532 2378.8 313.996 508.583 386.716 353.771 332.814 305.655 292.487 288.771 243.916 243.87 332.316 242.364 240.678 232.044 229.314 227.475 223.972 221.194 248.784 221.034 214.258 311.545 324.006
threshold=-0.2834745049476623 0.90504136681556713 -1.3648050427436826 -2.2509361505508418 -1.901797831058502 775.50000000000011 -0.13379042595624921 -1.3648050427436826 0 1 2 3 4 702.50000000000011 5 760.50000000000011 -0.072470352053642259 6 -1.8659238815307615 -0.29193235933780665 0.2653516978025437 5.9833793640136728 -0.068345718085765825 217.50000000000003 322.50000000000006 -0.066661357879638658 -0.29193235933780665 7 8 -1.6821901202201841 9 1.2796644568443301 -0.78595551848411549 1.0000000180025095e-35 929.50000000000011 10 1.8151760697364809 0.22192367911338809 0.23951256275177005 11 859.50000000000011 -0.69620791077613819 12 13 0.51240363717079174 14 0.34667599201202398 15 887.50000000000011 803.50000000000011 16 -1.3334827423095701 1.0966395139694216 -0.58475568890571583 -1.1163759827613828 0.51314294338226329 17 127.50000000000001 18 -0.23888704180717465 1.3884760737419131 0.94121596217155468 -0.81198406219482411
decision_type=2 2 2 2 2 2 2 2 1 1 1 1 1 2 1 2 2 1 2 2 2 2 2 2 2 2 2 1 1 2 1 2 2 2 2 1 2 2 2 1 2 2 1 1 2 1 2 1 2 2 1 2 2 2 2 2 1 2 1 2 2 2 2
left_child=2 5 3 13 6 9 17 10 29 18 -7 22 -9 14 -1 -13 24 -3 19 21 -21 -2 23 -5 -10 26 -11 -8 -15 -4 -26 57 33 -33 -14 52 -19 -18 39 -39 45 42 -42 59 -45 60 -44 -46 -25 56 -51 -16 -36 -50 -24 -20 -6 58 -31 -43 61 62 -40
right_child=1 4 8 11 49 7 27 12 16 25 -12 15 34 28 51 -17 37 36 55 20 -22 -23 54 48 30 -27 -28 -29 -30 31 -32 32 -34 -35 35 -37 -38 38 40 -41 41 43 46 44 47 -47 -48 -49 53 50 -52 -53 -54 -55 -56 -57 -58 -59 -60 -61 -62 -63 -64
leaf_value=0.023658636557303846 -0.0004997423696640245 -0.021575906122837218 0.002018612352243133 0.019386437042025667 -0.00036364271818409668 -0.0089586994648240183 0.0035771158573424645 -0.0018461027125137091 0.0015329951136458142 0.00042533104020327998 -0.0015503093762474945 0.0026370993994822966 -0.00060364471387916257 7.307906998765373e-05 0.013474717239701483 -0.0024618989015200393 0.00028528279541045309 -0.0034170670871405693 -3.2875534221582132e-05 0.00071094743838233149 -0.039318283765695683 -0.016751831242827551 0.0077329584914592681 0.0031490619221010638 0.00073200758510843177 -7.4606634931073399e-05 0.0018187904870407173 -0.0067205962188473072 0.0098388623421338632 0.0064158676719691977 -0.00030690967786877908 -0.0001656918152783662 0.0012646803754479471 0.037656080125866444 -0.00012142229882579633 0.0024371871156858307 -0.013249953024784128 -0.030600341887957783 0.011194908510733858 -0.00095263386356172748 0.00031187862934147257 0.0038112221968374252 -0.0052980478782482824 0.00027342906373554104 -0.0031040973891497338 -0.0010352420955153318 -0.014315463630865633 -0.011612264352657857 0.016740551786310693 -0.00076315464964025255 -0.0040439208618457028 0.0030909201934882502 -0.0089387925946134133 0.0045121010171129102 -0.0017757518041556666 -0.00071052522246485854 -0.0016548250150485301 0.00062070357348681772 0.0015750791757705774 -0.0019387529770608608 0.00023977604856692872 0.011620146839801801 0.00048435670279053987
leaf_weight=4872.0774993896484 42145.669235229492 3730.937066078186 232419.953125 2914.18994140625 180494.66352844238 18757.996276855469 5264.7253949642181 341040.63301086426 247258.08837890625 805153.0048828125 22115.691223144531 39157.75350189209 415947.63945007324 5462.7269725799561 4161.2275543212891 30399.752410888672 307309.47369384766 3837.2347719669342 858050.55345481634 4147.4810943603516 2160.223876953125 2547.1023559570312 3236.0079498291016 11847.288368225098 604445.73767089844 1000795.0517578125 200170.37109375 6060.8559408187866 7080.5747470855713 11238.86767578125 431167.90490722656 3563.1843872070312 54967.263916015625 2822.0447387695312 35620.582763671875 58653.138916015625 6974.219482421875 2946.81787109375 2936.4841613769531 13730.94970703125 4956.3657073974609 15497.239353179932 6882.4718246459961 12776.602005004883 9686.3592529296875 204076.54968261719 6123.4767379760742 5718.7853393554688 2849.0963554382324 46086.120483398438 70043.243774414062 3940.0221328735352 3017.5537109375 2744.667407989502 7714.6932830810547 927993.00598144531 366392.44877624512 1159568.565246582 63532.400634765625 9829.5340995788574 124424.22412109375 3466.7188029289246 18719.843208789825
leaf_count=1672 20936 1629 84572 1244 77798 5549 1734 103567 83520 294891 8942 13186 167250 2185 1240 10134 149057 1220 310056 2168 799 1136 1034 5099 173412 356062 76800 2299 2199 5256 186576 1199 20303 1119 13640 23957 2029 1197 967 5519 1663 4979 1770 3877 2955 63350 1744 1728 1288 21358 24984 1290 1371 947 2435 327260 139077 430874 22410 3367 39134 1121 7310
internal_value=1.17545e-06 -0.000437078 0.000646373 0.00354509 -0.00174026 -0.000247612 -0.00805368 -0.00108535 0.000543466 -5.24836e-05 -0.00495346 0.0019221 -0.00090025 0.00995888 0.0141739 0.000408533 0.000195952 -0.012815 -0.000453754 -0.00286239 -0.0130183 -0.00142774 0.00528262 0.00756878 0.000537221 0.000314969 0.000702791 -0.00193699 0.00559539 0.00100555 0.000299469 0.000823829 0.00285844 0.0165666 -0.00027169 0.00114744 -0.00975421 -0.000388501 -0.000857203 -0.00621764 -0.000646825 -0.00246037 -0.00682749 -0.000993872 -0.00330539 -0.00028026 -0.00954018 -0.00627484 0.0055892 -0.00149388 -0.00274245 0.00841922 -0.000810897 0.0107499 0.00103638 -0.00038497 -0.00122873 0.000722689 0.00230415 0.00157904 0.00075003 0.00327686 0.0019389
internal_weight=9.11365e+06 5.4272e+06 3.68645e+06 126380 688884 4.73832e+06 25868 895153 3.56007e+06 3.84316e+06 40873.7 100863 854280 25516.6 12973.3 69557.5 2.03195e+06 14542.4 1.83704e+06 51000.5 6307.7 44692.8 31305.9 20355.2 1.28287e+06 2.00612e+06 1.00532e+06 11325.6 12543.3 1.52811e+06 1.03561e+06 1.29569e+06 61352.5 6385.23 513239 97291.3 10811.5 749082 441772 16677.8 425095 71470.8 17962.3 53508.5 28181.7 353624 13005.9 15405.1 17441.1 663016 116129 8101.25 38638.1 5593.76 10950.7 1.78604e+06 546887 1.23434e+06 74771.3 25326.8 149547 25123 21656.3
internal_count=3329444 1986512 1342932 43953 272128 1714384 8911 324276 1298979 1390108 14491 35367 309785 8586 4202 23320 733246 4878 662355 25039 2967 22072 12047 8578 443508 727753 371691 4033 4384 565733 359988 481161 22621 2318 206218 38968 3249 289738 140681 6716 133965 22083 5177 16906 8560 111882 3514 4683 7334 263217 46342 2530 15011 2235 3469 637316 216875 458540 27666 8346 48532 9398 8277
cat_boundaries=0 2 4 6 8 10 12 14 16 18 20 22 24 25 27 29 31 33 35 37
cat_threshold=512085141 36 1423502933 64 1627930598 9 3361521664 52 3758175139 2 3021135928 98 2415960920 43 643631225 12 900016090 81 5902378 65 110493716 72 536871424 64 1611661344 2685415680 74 1073750562 8 544 16 384599384 45 3761318264 34 32772 32
is_linear=0
shrinkage=0.03


Tree=22
num_leaves=64
num_cat=14
split_feature=5 10 3 2 3 3 2 18 7 0 2 0 4 17 0 17 0 0 19 0 0 19 2 17 17 3 17 17 11 17 10 6 10 10 17 4 7 10 17 0 8 5 2 17 17 9 2 18 4 13 8 11 0 0 17 17 4 12 10 10 0 17 9
split_gain=2759.41 1416.37 1378.13 1081.98 1006.37 1002.56 839.87 1225.65 824.757 607.947 825.679 605.038 560.654 533.428 527.464 807.958 515.219 483.264 458.539 613.611 432.895 422.318 377.274 348.233 348.07 344.667 343.932 319.28 355.698 316.092 315.176 328.873 359.914 306.703 354.817 309.197 290.973 290.582 348.819 290.174 281.663 274.266 269.557 261.167 257.293 254.437 247.638 468.798 240.089 237.209 427.313 767.114 416.859 441.699 441.461 385.309 268.47 334.737 274.705 252.412 380.738 863.344 464.111
threshold=0.091814380139112486 2.0446702241897587 1.5147508978843691 -1.901797831058502 -0.45448084175586695 -1.7904666066169737 -1.3648050427436826 -1.4067004919052122 0.10991217568516733 803.50000000000011 -1.1162397265434263 172.50000000000003 -0.13379042595624921 0 760.50000000000011 1 702.50000000000011 529.50000000000011 -0.094954181462526308 127.50000000000001 929.50000000000011 0.6901068687438966 0.35280406475067144 2 3 -0.53516507148742665 4 5 1.9463328719139101 6 -0.020845507271587845 1.0904705524444582 -0.91917148232460011 2.0446702241897587 7 -2.066596150398254 -0.33144003152847284 0.10259702429175378 8 217.50000000000003 0.87295740842819225 -1.9876974821090696 -0.38415426015853876 9 10 -0.23888704180717465 -0.95707347989082325 2.0829391479492192 -1.8749057054519651 -0.58159810304641713 5.0616915225982675 -0.50659728050231922 172.50000000000003 97.500000000000014 11 12 0.089645657688379302 -0.80643746256828297 -0.91917148232460011 -0.15499237179756162 202.50000000000003 13 -0.915412276983261
decision_type=2 2 2 2 2 2 2 2 2 2 2 2 2 1 2 1 2 2 2 2 2 2 2 1 1 2 1 1 2 1 2 2 2 2 1 2 2 2 1 2 2 2 2 1 1 2 2 2 2 2 2 2 2 2 1 1 2 2 2 2 2 1 2
left_child=1 4 8 12 6 -3 7 16 25 33 44 -9 17 -7 18 20 -1 -4 19 29 -16 26 41 -12 -18 45 30 -23 -29 -6 31 39 -33 35 -35 -10 -21 38 -37 -8 48 -15 -42 -24 -11 -2 47 -20 -17 50 52 -52 53 54 -48 56 57 -55 -58 60 61 62 -51
right_child=2 5 3 -5 14 13 21 11 9 10 23 -13 -14 22 15 40 24 -19 46 36 -22 27 43 -25 -26 -27 -28 28 -30 -31 -32 32 -34 34 -36 37 -38 -39 -40 -41 42 -43 -44 -45 -46 -47 49 -49 -50 59 51 -53 -54 55 -56 -57 58 -59 -60 -61 -62 -63 -64
leaf_value=0.020303796241156715 0.00041985976029825016 0.018967753278591983 -0.021549418583608895 -0.0025559993523147926 0.0054490132713092467 0.0092581454251961792 0.0042277172620351919 0.01439325377197288 0.0010921219204866916 -0.0027669459997256185 -0.002513690018184243 0.00085090761803539503 -0.0017271906973263423 0.010460558416426714 0.00014149578866544385 -0.0060825616508956345 0.015953957365642417 -0.0087191305023215857 0.00099091168597742539 0.0010766656849893435 0.0031495753191047018 0.0010766350578397365 -0.0098905619960689868 -0.00059587442370443637 0.0034802502593984917 -0.0002334511284721389 0.00065072256772790609 -0.0022637404802784374 0.0085893792192280414 0.0017121659837936838 0.00088149641772560959 0.013261278310950125 0.0035804550518893563 -0.0012622095732588608 0.0055661203562197038 0.00049022968265687223 0.00021584711596032269 -0.0012095175302925358 -0.00080744983526589834 0.0016653367406812953 -0.0031452791922880656 0.0027449061502597921 -0.0012236239301488614 0.00068689780653566107 -0.0083904020663726243 0.0024691393805692844 0.0074729657530978677 0.011312778107229216 0.0012088828066898916 0.017030619303757009 -0.018684645565896239 -0.0016738900427061157 -0.00010685569516312924 -0.0096378711240422653 -0.0017731711247201214 -0.0064699500799306389 0.01046116072083806 -0.00084688631491271443 -0.00051216831847807152 -0.00047595512812376731 1.3725414008669869e-05 -0.00052829513521175403 0.0047632543419214666
leaf_weight=4959.5491013526917 396772.939453125 4298.2626953125 5003.6892697811127 130718.9501953125 32518.013000488281 13159.207876205444 46594.448760986328 3253.6660162210464 83937.860702514648 11071.288635253906 165823.25605773926 33433.455565810204 4115.7367453575134 4796.5821533203125 264612.09790039062 4401.911865234375 3215.4890427589417 5616.6784770488739 37274.963134765625 546851.11053466797 51420.158203125 56913.656524658203 3218.2253494262695 175320.86711120605 5404.5629301071167 1552825.388671875 652171.27233886719 75712.44384765625 2814.125 54612.000480651855 270442.65780639648 4814.1820678710938 12243.757385253906 12425.521087646484 15239.136138916016 271085.45686340332 999024.8908996582 746114.97253417969 596891.57598876953 271754.05319213867 82545.494201660156 30446.137030124664 321860.28210449219 6000.2098956108093 21846.553161621094 63211.37890625 6708.081127166748 4426.078857421875 52281.065490722656 3002.562255859375 3330.2367782592773 8386.4519424438477 261181.78606414795 6352.0563735961914 15041.862689971924 27994.559154510498 2465.1405029296875 10081.491161346436 12161.777221679688 297848.98118269444 170076.30029296875 40864.340579986572 36170.243312835693
leaf_count=1562 148649 1655 1572 52926 11575 5022 16141 1176 29552 5256 52492 11469 1375 1684 100662 2568 989 1951 13925 194543 19605 26797 1063 72592 1822 556826 252433 30047 787 17874 94775 1018 2832 5196 5628 110544 345290 271123 206207 98129 25612 11827 101348 2457 6464 25486 3243 1561 30400 1153 1797 4125 126985 2673 7378 14803 1141 4658 5272 95151 55213 11777 12303
internal_value=2.32643e-06 0.000490893 -0.000555213 -0.00342498 0.0004327 0.00499903 0.00109493 0.00490446 -0.000453709 -0.000869662 -0.00196608 0.00205373 -0.01113 0.00395546 0.000147598 -0.00053746 0.0126025 -0.0147713 0.000354235 0.000658429 0.000630949 0.000957495 0.00238254 -0.0015282 0.00816233 -1.97876e-05 0.00112886 -0.000634195 -0.00187404 0.00310786 0.00164351 0.00225796 0.00631571 -0.000631997 0.00250107 -0.000683048 0.000520363 -0.000775366 -0.000402163 0.00204044 -0.00133828 0.00379635 -0.0016159 -0.00301911 -0.00650316 0.000701497 -0.000172337 0.00208768 0.000642154 -0.000276871 -0.000882513 -0.00651477 -0.000689456 -0.00257244 0.00108219 -0.00391842 -0.00161547 -0.00424676 0.00134016 0.000114068 0.000816696 0.00252287 0.00570413
internal_weight=9.11716e+06 4.85914e+06 4.25802e+06 145455 4.79722e+06 61918.6 1.44373e+06 50266.7 4.11257e+06 2.09976e+06 374062 36687.1 14736.1 57620.4 3.35349e+06 777121 13579.6 10620.4 2.57637e+06 1.63301e+06 316032 1.39346e+06 44461.2 341144 8620.05 2.01281e+06 1.25802e+06 135440 78526.6 87130 605849 335406 17057.9 1.72569e+06 27664.7 1.69803e+06 1.54588e+06 1.61409e+06 867977 318349 461089 35242.7 404406 9218.44 32917.8 459984 943367 41701 56683 901666 353703 11716.7 341987 80805 21749.9 59055 31060.5 16433.5 14626.9 547962 250113 80037.1 39172.8
internal_count=3330159 1776320 1553839 57824 1752612 23708 539977 17018 1496015 765054 136804 12645 4898 22053 1212635 280195 4373 3523 932440 569282 120267 522959 17031 125084 2811 730961 465328 57631 30834 29449 212895 118120 3850 628250 10824 617426 539833 587874 316751 114270 159928 13511 126960 3520 11720 174135 363158 15486 32968 347672 172075 5922 166153 39168 10621 28547 13744 7331 6413 175597 80446 25233 13456
cat_boundaries=0 1 2 3 4 5 6 7 8 9 10 11 12 13 14
cat_threshold=34605115 36118823 62954768 22183998 40138760 9530609 17247026 6759776 6539136 6471680 33644845 18888424 12587935 16882272
is_linear=0
shrinkage=0.03


Tree=23
num_leaves=64
num_cat=19
split_feature=7 3 3 3 2 5 2 10 1 1 15 17 10 1 15 13 19 1 1 5 10 1 5 3 10 19 1 1 6 5 12 2 1 14 1 1 1 7 5 1 2 10 9 1 10 19 1 10 16 2 19 1 1 19 1 11 13 3 9 19 6 2 5
split_gain=2454.85 1781.73 1298.82 1081.67 920.138 857.208 846.842 664.844 624.296 486.531 531.975 1078.29 477.958 533.368 473.73 2936.39 460.562 443.859 426.527 419.371 318.681 318.324 338.36 304.841 303.2 297.565 295.142 292.147 375.96 282.877 280.021 278.486 268.03 261.872 264.808 260.401 246.203 245.068 239.826 238.585 237.829 234.099 248.77 235.005 264.389 231.548 222.797 205.586 198.496 205.432 195.522 330.231 193.674 191.524 192.607 181.148 180.439 240.239 178.987 178.022 217.738 172.636 406.624
threshold=-0.53390479087829579 0.49299670755863195 -1.7904666066169737 1.8029391169548037 -1.1162397265434263 -0.2834745049476623 -0.74895048141479481 2.0446702241897587 0 1 -1.8659238815307615 2 1.5670744776725771 3 1.2796644568443301 1.2713049650192263 0.92727679014205944 4 5 0.276303380727768 0.51089519262313854 6 2.0535342693328862 -0.066661357879638658 0.10259702429175378 1.320500433444977 7 8 -1.7492431998252866 -1.4649283885955808 -0.28054265677928919 -1.0000000180025095e-35 9 0.10981257632374765 10 11 12 0.39938059449195867 -1.6821901202201841 13 -1.901797831058502 -0.10715288296341895 -0.23888704180717465 14 2.0446702241897587 -0.44552692770957941 15 -2.4664380550384517 0.63852643966674816 1.0000000180025095e-35 0.60009330511093151 16 17 0.34667599201202398 18 0.87435781955719005 -1.3273612260818479 -0.30569486320018763 -0.85952550172805775 -0.11680612713098525 -1.0000000180025095e-35 -1.3648050427436826 -1.9876974821090696
decision_type=2 2 2 2 2 2 2 2 1 1 2 1 2 1 2 2 2 1 1 2 2 1 2 2 2 2 1 1 2 2 2 2 1 2 1 1 1 2 2 1 2 2 2 1 2 2 1 2 2 2 2 1 1 2 1 2 2 2 2 2 2 2 2
left_child=2 5 6 19 21 12 8 16 20 14 11 -11 24 55 25 -16 23 31 -9 36 -1 22 -5 30 35 41 48 53 -29 -20 61 -18 -8 -19 -35 59 -3 -12 -15 -26 46 42 -7 44 -43 -23 -21 -36 49 -27 -30 -52 -25 -6 -55 -14 -44 -58 -28 -2 -61 62 -4
right_child=1 3 7 4 27 9 32 18 -10 10 37 -13 13 38 15 -17 17 33 29 40 -22 45 -24 52 39 26 58 28 50 -31 -32 -33 -34 34 47 -37 -38 -39 -40 -41 -42 43 56 -45 -46 -47 -48 -49 -50 -51 51 -53 -54 54 -56 -57 57 -59 -60 60 -62 -63 -64
leaf_value=0.012768175338958 0.00061199780130593066 0.00025894542951814339 0.0096519763473838852 -0.0094198709111695724 -0.001889741295645143 0.00039653779642737633 -0.00065260278570403445 0.00084855599073089714 0.006206736082252467 -0.017353950881569276 -0.00023744484043238871 -0.0020972608693451754 0.0013803398049132554 0.011655859095406597 0.02986684294174885 8.9968826778779543e-05 0.0037151669746177617 -0.0006333099521899833 0.014806001122762133 0.0018872939703285479 0.025934906185651006 -0.010286500111378605 -0.021465075115728729 0.00092125507461508326 0.00065649407005458624 0.00049107013571675448 0.0078625478892278521 -0.014139030434723275 -0.0023207290264717901 0.0059760686365570815 0.0039348146149758611 -0.0004748686201456238 0.0056193287675618299 -0.0098357711187548064 -0.009032028147636503 0.0010861902368214116 -0.00080473643946068812 -0.00092526855254558755 0.0048062672909299107 -0.0005008598623846912 -0.0013116791075347303 0.00043922665687738628 0.00055878019251634926 -0.00058364737471992422 0.0084019110498766633 -0.0013324251799579677 -0.0066396405034170958 -0.002172246272723419 -0.013994936925663838 -0.0072009998869151399 -0.016212078394076648 -0.0037758218064952967 7.5273091796829967e-05 0.0098317877040810259 0.00017782810628232175 -0.005451945940163465 0.0053359277967145692 0.00098551695936327749 -0.001186594613502388 -0.00010723668095073493 -0.0029488488909991829 0.001034285874516675 0.0015660129572439474
leaf_weight=3647.695743560791 298191.64208984375 294084.81036376953 6987.405029296875 5200.8013153076172 13284.261734008789 364745.41748046875 10722.394710540771 12965.866256713867 7705.9519920349121 4872.192138671875 1162215.3071082234 28459.598876953125 18831.993377685547 5965.3262939453125 3469.1353149414062 20979.621520996094 22700.809997558594 45153.745850086212 4171.8946228027344 3463.5436096191406 3053.2524108886719 6209.5956954956055 3531.681396484375 446866.1312713623 257166.08984375 5022.0439350605011 2152.3341064453125 3028.6593322753906 39991.997493743896 15041.237167358398 32711.183898925781 38450.849548339844 14312.998111724854 5828.1063227653503 4447.5101318359375 719610.09313964844 586234.80261230469 778476.84814453125 20129.274841308594 425572.419921875 834845.67413330078 258590.15405273438 33280.423828125 431635.73675918579 3803.187744140625 4470.7751083374023 13489.934906005859 33700.477966308594 2212.1184678077698 8263.8371088504791 2585.3198089599609 7465.6477394104004 535305.66938781738 3088.078369140625 4655.2210693359375 4282.5090026855469 26376.002685546875 20154.925369262695 22316.585063934326 135636.98181152344 29552.369873046875 926454.42471313477 28066.488616943359
leaf_count=1209 114814 119955 2250 1768 4943 148243 4621 5255 2798 1826 378796 13024 7187 2079 1067 6125 9935 21945 1550 825 1008 2153 1122 167152 116315 2436 1418 1531 16859 6096 14955 16713 5628 2058 1609 234554 214036 263204 7675 127095 309726 108972 14795 169330 1625 1654 4985 11951 634 3981 891 3312 199400 1219 1677 1182 9402 6970 12086 60365 11420 330276 9656
internal_value=3.34279e-06 -0.00027418 0.000876652 -0.00107826 -0.00422099 1.41093e-05 0.00627121 0.000778079 0.0120647 -0.000288087 -0.000577901 -0.00433547 0.000515474 0.00343369 0.000187478 0.00432038 0.000713312 -0.000887693 0.00505765 -0.000908584 0.0187544 -0.0100342 -0.0142845 0.000835052 0.000438496 0.000101726 -0.00244242 -0.00269744 -0.00388266 0.00789263 0.00120537 0.00108056 0.00293552 -0.00223796 -0.00388583 0.00072903 -0.000449403 -0.000513356 0.0063716 -6.49172e-05 -0.00138313 0.000191041 0.000728519 -0.00015324 0.000554776 -0.00653461 -0.00490037 -0.0029723 -0.00567935 -0.00429432 -0.00326136 -0.00700104 0.000460189 0.000295878 0.00404467 0.000113543 0.00224558 0.00345185 -0.000389012 0.000174343 -0.000615675 0.00111249 0.00317896
internal_weight=9.11589e+06 6.91759e+06 2.19829e+06 1.82563e+06 93512 5.09196e+06 39442.3 2.15885e+06 14406.9 3.17703e+06 1.97402e+06 33331.8 1.91494e+06 49209.1 1.203e+06 24448.8 2.12667e+06 150281 32179 1.73212e+06 6700.95 19412.9 8732.48 1.97639e+06 1.86573e+06 1.17855e+06 39966.9 74099.2 53071.6 19213.1 994220 61151.7 25035.4 89129.8 43976.1 1.18299e+06 880320 1.94069e+06 26094.6 682739 851799 1.13859e+06 444557 694029 262393 10680.4 16953.5 38148 15498 13285.9 50043 10051 982172 21027.6 7743.3 23114.5 79811.4 46530.9 24468.9 463381 165189 961508 35053.9
internal_count=3329341 2513276 816065 686656 37129 1826620 15264 800801 5015 1143934 656850 14850 682686 18123 487084 7192 787900 64211 12901 649527 2217 6697 2890 723689 664563 479892 20555 30432 22593 7646 357137 26648 10249 37563 15618 421153 333991 642000 9754 243410 315536 459337 179410 279927 110597 3807 5810 13560 7051 6417 21062 4203 366552 7839 2896 8369 31167 16372 13504 186599 71785 342182 11906
cat_boundaries=0 2 4 5 7 9 11 13 15 17 19 21 23 25 27 29 30 32 34 36
cat_threshold=2529878157 3 2938441768 61 16777216 1621110119 57 2307557848 27 28425538 73 3054133634 23 570425376 9 2219338164 101 3017826494 83 536870913 64 3983164248 18 52857887 36 2935277652 13 704905216 49 571277360 33621002 2 1245498424 44 67111216 5
is_linear=0
shrinkage=0.03


Tree=24
num_leaves=64
num_cat=15
split_feature=3 7 3 3 2 2 4 10 1 10 19 1 1 7 1 15 9 4 1 15 15 13 16 1 6 3 7 2 1 18 6 15 1 18 1 1 7 3 19 1 6 10 1 19 10 4 11 10 8 19 9 18 19 2 1 8 19 1 19 2 8 1 8
split_gain=2141.89 1490.32 1221.91 866.416 857.382 747.235 688.478 628.184 766.847 762.39 636.317 685.809 605.997 515.535 497.371 715.411 4410.51 484.351 425.393 469.568 588.539 756.469 2401.69 413.083 419.197 411.35 378.866 364.083 449.666 361.729 303.481 1989.13 292.003 288.373 278.597 274.49 269.086 266.676 252.671 252.399 246.969 237.53 242.572 230.364 229.742 227.475 226.491 306.905 221.953 351.978 284.632 231.999 212.498 211.992 207.202 206.264 194.736 266.683 193.032 190.082 189.86 578.471 189.678
threshold=0.49299670755863195 -0.81874781847000111 -1.7904666066169737 1.8029391169548037 -0.74895048141479481 -1.3648050427436826 -0.13379042595624921 2.0446702241897587 0 0.10259702429175378 0.92727679014205944 1 2 0.52602475881576549 3 1.2796644568443301 -0.78595551848411549 1.6692219376564028 4 -1.8659238815307615 -1.9622159004211424 -0.76755958795547474 0.29302562773227697 5 -1.7492431998252866 -1.3334827423095701 0.2925232350826264 -1.3648050427436826 6 1.312424421310425 0.63358229398727428 -1.8659238815307615 7 -0.82670938968658436 8 9 0.88381478190422069 -1.0212610363960264 0.25580276548862463 10 0.5757543444633485 -0.39462289214134211 11 0.21624313294887546 -1.1542026996612547 -0.84932526946067799 1.9463328719139101 -1.1542026996612547 -1.0000000180025095e-35 2.3243991136550908 -0.45843861997127527 -0.088280115276575075 -0.71740108728408802 0.47969232499599462 12 2.1537300348281865 0.92727679014205944 13 0.05331165902316571 0.41501186788082128 0.53798204660415661 14 1.7532526850700381
decision_type=2 2 2 2 2 2 2 2 1 2 2 1 1 2 1 2 2 2 1 2 2 2 2 1 2 2 2 2 1 2 2 2 1 2 1 1 2 2 2 1 2 2 1 2 2 2 2 2 2 2 2 2 2 2 1 2 2 1 2 2 2 1 2
left_child=1 2 4 13 12 6 26 9 37 10 14 55 -1 32 15 25 -17 41 19 20 -11 22 -22 43 -25 40 34 28 38 -28 -16 -32 -2 -20 -5 -10 -35 -9 -4 -29 45 42 48 -7 59 -3 62 -48 53 50 -50 -51 -30 -13 -6 -12 -26 -58 -34 60 61 -41 -27
right_child=3 7 27 5 54 23 -8 8 35 18 11 17 -14 -15 30 16 -18 -19 33 -21 21 -23 -24 24 56 46 29 39 52 -31 31 -33 58 36 -36 -37 -38 -39 -40 44 -42 -43 -44 -45 -46 -47 47 -49 49 51 -52 -53 -54 -55 -56 -57 57 -59 -60 -61 -62 -63 -64
leaf_value=0.020191466255398978 0.00010065497054407741 -0.00041098085938890279 0.005400581151464621 0.0003896254964513562 0.0063992298642687132 -0.0014443066809300669 0.0015227407555040956 0.019910028982245743 -0.0014156754238181695 -0.00070762259196216351 0.0015785107131629469 0.007930994062175482 0.0067990923917739463 -0.0014198610286462261 0.00012149819440720157 0.033947743902420342 0.0012753701507025653 -0.013751654800351768 0.0013156767291051753 -0.00065900878348350571 -0.0019694101543502335 -0.0013293203309988136 -0.041122284091974021 -0.012977414799009641 -0.0021004485571842367 0.0010098508445491978 -0.010363946340937864 0.0014920859795145322 0.009203970428530826 -0.022693014997280873 -0.025995074500260177 -0.00029608110450772654 -0.00043431507677315219 0.00014055455903622227 -0.010453449481248692 0.0030993074233403414 -0.0012915618517577558 0.008069060874480425 0.013864908383294666 0.019394778379248436 0.0058795062170910071 -0.0003190458238824049 -0.0018899164831770625 0.0039375660831602677 0.00076000573574255196 0.0030564684091656052 0.010834907497528721 0.0019410570458273345 -0.0030943875737583218 -0.0065539124686246298 -0.012321459636589486 -0.017711165545782968 0.00091098667976394188 -0.0062984266978060397 -0.00024176211446450376 -0.0013374531449315457 -0.01277389046634104 -0.0027850036442580218 -0.0013662579972209673 -0.0028684431331054494 -0.00062786780742120254 -0.0015558276034561987 0.00025017711705869474
leaf_weight=5978.6196594238281 669591.03491210938 25484.014846801758 10669.401229858398 3353.0010480880737 8117.0855579376221 16417.316757202148 5247.1799523830414 2379.5196380615234 17382.640075683594 13587.287841796875 59096.087097167969 2045.1773815155029 6260.7875671386719 582281.4912109375 1648106.0505371094 4178.1358032226562 33483.456237792969 3672.2585754394531 148010.14453125 1313827.3679199219 3602.842529296875 4866.3199462890625 2312.3048095703125 3841.630108833313 56405.884356498718 452420.83119446039 5514.1634292602539 477012.26995849609 3060.7651519775391 3515.1307067871094 3020.5062255859375 26048.028686523438 656111.95361328125 624726.31201171875 5866.6986916065216 39964.170837402344 145594.89501953125 6121.1499176025391 4521.1316070556641 1800.8591079711914 17233.600830078125 27848.784917831421 35988.069292068481 12683.947814941406 512032.48114013672 51303.23796081543 3849.4617919921875 37177.193481445312 19216.900134086609 3241.9651641845703 3563.9129209518433 3490.9548187255859 29939.578231811523 1738.9177131652832 8814.6517467498779 34617.583068847656 3884.4361267089844 6338.4078826904297 287759.09057617188 30398.299438476562 22640.45149230957 3420.6923294067383 854500.96846008301
leaf_count=1938 261473 10201 3792 1382 3403 6146 1786 1023 7101 6043 26074 1476 2335 218726 608062 1290 9070 1434 69603 367823 1639 1748 1008 1900 23913 180517 1853 157999 989 1186 1261 8379 237574 293095 1854 14293 71390 2877 1609 963 4479 12356 14436 4543 201726 20634 980 10295 8566 1510 1765 1551 10382 1145 3550 11773 1651 2752 117421 13030 8237 2053 258760
internal_value=-4.62712e-06 0.00026392 0.00126157 -0.000791961 0.00732085 -0.00324137 -0.00805308 6.616e-05 0.00297918 3.19527e-05 0.00031898 -0.00134629 0.0133685 -0.000654669 0.000421595 0.000822504 0.00490403 -0.00306356 -0.000394331 -0.000735548 -0.00486146 -0.0100935 -0.0172966 -0.00210559 -0.00334697 0.000715891 -0.0108061 0.00110019 0.00364966 -0.0151736 6.78996e-05 -0.00297047 -0.000378516 0.0001029 -0.0065229 0.00173074 -0.00013013 0.01138 0.00791833 0.000982862 0.00263439 -0.00265911 -0.00359959 0.000901376 0.000556885 0.00190575 0.000582065 0.00277677 -0.00544463 -0.00632317 -0.00454029 -0.0123477 0.00168093 0.00139242 0.00294652 0.000501294 -0.00279128 -0.00660014 -0.000718436 -0.0012281 0.000561757 0.00571559 0.000513158
internal_weight=9.11718e+06 6.79837e+06 1.12467e+06 2.31881e+06 29171.1 123068 23496.2 5.6737e+06 65847.5 5.60785e+06 3.35133e+06 194521 12239.4 2.19574e+06 3.15681e+06 1.47963e+06 37661.6 100807 2.25653e+06 1.3382e+06 24368.8 10781.5 5915.15 99571.6 70470.4 1.44197e+06 18249 1.0955e+06 48190.9 9029.29 1.67717e+06 29068.5 1.61346e+06 918331 9219.7 57346.8 770321 8500.67 15190.5 1.04731e+06 94020.9 97134.7 69285.9 29101.3 570293 76787.3 1.34795e+06 41026.7 33297.8 29513.7 22780.8 6732.92 33000.3 3784.1 16931.7 93713.7 66628.7 10222.8 943871 58260.3 27862 5221.55 1.30692e+06
internal_count=3329823 2445663 412006 884160 11226 48966 8061 2033657 25294 2008363 1196014 82086 4273 835194 1113928 496226 10360 44239 812349 378261 10438 4395 2647 40905 30216 485866 6275 400780 16772 3039 617702 9640 616468 434088 3236 21394 364485 3900 5401 384008 35314 42805 30449 10689 226009 30835 450552 11275 16013 13392 10331 3061 11371 2621 6953 37847 28316 4403 354995 24283 11253 3016 439277
cat_boundaries=0 1 3 5 7 9 11 13 15 17 19 21 23 25 27 29
cat_threshold=2382626832 160151900 7 2655707310 1 236262567 45 1083912103 66 2148051444 101 3999039488 4 455871613 36 1077007040 108 3225667 32 137223297 62 645137920 80 1328452097 24 319882250 18 1090527574 64
is_linear=0
shrinkage=0.03


Tree=25
num_leaves=64
num_cat=17
split_feature=5 10 3 2 0 2 2 1 1 4 9 3 2 1 10 1 10 3 1 10 19 1 0 1 1 0 1 1 6 5 15 4 2 13 9 1 1 19 15 15 1 1 4 16 4 4 2 10 1 19 4 6 19 0 0 3 1 4 10 1 6 5 19
split_gain=2399.32 1565.85 1363.55 1031.42 957.058 938.187 712.574 804.062 695.06 686.98 654.184 591.436 834.301 564.11 552.553 634.706 585.012 539.469 520.35 471.513 428.396 787.336 441.01 433.603 432.073 400.621 407.397 398.608 361.26 361.065 336.951 717.91 362.538 501.36 408.134 326.417 321.551 310.228 291.014 1018.96 288.408 281.328 280.264 436.027 374.148 280.716 268.597 264.36 450.197 296.635 262.883 258.776 258.296 346.419 266.775 257.33 285.111 271.025 254.883 307.701 258.628 272.652 251.838
threshold=-0.58644592761993397 2.0446702241897587 0.90504136681556713 -1.901797831058502 775.50000000000011 -1.901797831058502 -1.1162397265434263 0 1 -0.13379042595624921 -0.23888704180717465 -1.2063708901405332 -1.1162397265434263 2 2.0446702241897587 3 0.19294773042201999 -0.8221374750137328 4 0.99966230988502514 0.92727679014205944 5 277.50000000000006 6 7 929.50000000000011 8 9 -0.43540170788764948 -2.2509361505508418 1.2796644568443301 0.39812865853309637 0.12922331690788272 -0.28418399393558497 -0.85952550172805775 10 11 1.6550678610801699 -1.8659238815307615 -1.9622159004211424 12 13 0.32278256118297582 0.70798438787460338 0.64607051014900219 1.058288633823395 0.51371878385543834 -1.1542026996612547 14 0.14480974525213244 -2.3358898162841792 0.87857258319854747 0.05331165902316571 644.50000000000011 202.50000000000003 1.8029391169548037 15 1.0205355882644656 -0.13103542476892469 16 0.72002345323562633 -1.819243788719177 0.6901068687438966
decision_type=2 2 2 2 2 2 2 1 1 2 2 2 2 1 2 1 2 2 1 2 2 1 2 1 1 2 1 1 2 2 2 2 2 2 2 1 1 2 2 2 1 1 2 2 2 2 2 2 1 2 2 2 2 2 2 2 1 2 2 1 2 2 2
left_child=1 11 4 9 10 17 7 19 46 27 14 12 29 -8 16 -16 20 -3 -13 -6 22 42 24 38 30 -15 -27 -4 -21 40 32 -32 33 34 -2 -14 -18 -17 39 -24 -1 -11 43 -22 -44 -46 -7 48 49 -26 -20 -34 53 -38 -54 -5 57 -57 60 -60 62 -62 -52
right_child=2 5 3 55 6 8 13 -9 -10 41 -12 18 35 25 15 37 36 -19 50 28 21 -23 23 -25 47 26 -28 -29 -30 -31 31 -33 51 -35 -36 -37 52 -39 -40 -41 -42 -43 44 -45 45 -47 -48 -49 -50 -51 58 -53 54 -55 -56 56 -58 -59 59 -61 61 -63 -64
leaf_value=0.0040910514115922282 0.014823843428641304 0.027357414117081934 -0.018414859761052595 -0.0010973177532003751 -0.0048807858663726927 0.011415434194208998 -0.0017840670834288544 -0.0015375317588267282 0.0012357657456623134 0.0041687712544392257 0.0012321694961265912 -0.0001366421705694458 -0.00043140914187974754 -0.00060646263902039779 -0.00020925772598223328 0.0057688509825483307 0.00012405497576639066 0.009251731440547575 -0.0014287865728626144 -0.020107949555100153 -0.0014053856635470785 -1.1825667754787002e-06 0.0001737798071805209 0.00025409776941912011 -0.0020443748931112012 -0.00051808172684569343 0.002962311998269507 -0.0080171153354830407 -0.0084283780442756216 0.0039385966310612934 -0.00083999012323791248 0.017528066945897872 0.00025203245558595195 0.0010770916678046727 0.0050591798377974031 0.0022560114894431644 -0.00019342565387465825 0.016570491578978871 -0.00067795267650372099 -0.01673597978720489 0.014063217127059505 -0.0054596576674263587 -0.01550075818279993 -0.012750137335203067 -0.0020214459229343871 -0.011327488846910679 0.001225865813116418 0.00074765882596181826 -0.0042934571954900934 0.0038793891655245589 0.0012559013293030963 0.0091501439284616907 -0.0028229734369498057 -0.0018328064659019726 -0.00098560906343424931 -0.0040332950160783115 -0.0013920376531905076 -0.012477619902361762 0.001678977985399547 0.00025645425909471555 0.0071192539976429638 0.0021338126350533143 -0.00072008531121810324
leaf_weight=3856.1308526992798 4576.6771774291992 2688.4623107910156 5068.0441226959229 667017.294921875 14833.282165527344 12536.393100738525 323373.25692749023 46099.114807128906 22378.800392150879 4360.4579749107361 377701.08385032415 763903.46078491211 58153.080383300781 533643.53897094727 20902.306091308594 16642.885070800781 383195.0947265625 3308.2383728027344 46379.9404296875 4130.9404003620148 23629.43786239624 105449.82678222656 10703.53662109375 1466592.8643398285 14509.856018066406 57838.9404296875 63485.3798828125 9804.0013756752014 5656.6997363567352 14850.81787109375 3763.3334655761719 3893.4617614746094 70207.28742980957 30125.845497131348 24288.248527526855 135335.27142333984 514112.00610351562 2792.868896484375 417102.18549537659 4574.25634765625 8286.8486394882202 7258.9789485931396 4237.3834857940674 3496.0996551513672 8470.9064636230469 4447.0291004180908 2860.6136360168457 460700.59654998779 26329.120239257812 15983.908752441406 681559.16448974609 3065.1630859375 107023.24438476562 149806.80395507812 212017.11767578125 29598.043121337891 47452.618072509766 3864.9325561523438 167487.4638671875 747975.02523803711 12082.521240234375 53937.252197265625 63450.280395507812
leaf_count=1357 1669 1033 1620 265495 4043 4650 101239 18276 8439 1450 149837 325429 26027 206564 9208 5938 152181 1226 13796 1247 10084 44465 4268 492834 4148 23190 23516 3387 1450 5255 1014 1118 30169 8486 12228 50893 176049 1149 170094 1842 2496 2661 1911 1029 3587 1745 1071 152116 10874 5211 231068 779 40264 50760 81312 11751 19443 1603 81865 219355 3094 14084 25305
internal_value=6.06689e-06 0.000736831 -0.000318125 -0.00149722 -0.000153283 0.00636608 -0.000969108 -0.00387711 0.00461482 -0.00731406 3.73161e-05 0.000647453 0.00213779 -0.000758882 -7.24195e-05 0.00342126 -0.00010703 0.017385 0.000517917 -0.00825245 0.00014845 -0.00141118 0.000239801 7.95451e-06 0.000909467 -0.000252683 0.00130335 -0.0115832 -0.0133656 0.00707805 0.00238847 0.00850547 0.00203423 0.0037846 0.00660971 0.00144841 -0.000613098 0.00732112 -0.000826921 -0.00489292 0.0109144 -0.00184724 -0.00476747 -0.00286964 -0.00776932 -0.00522822 0.00951715 0.000509521 -0.00142103 0.00106046 0.000799952 0.000624861 -0.000900459 -0.000563347 -0.00160199 -0.00129115 -0.00288878 -0.00500883 0.000859833 0.000516739 0.0012471 0.00304669 0.00108761
internal_weight=9.11486e+06 2.80103e+06 6.31383e+06 774424 5.5394e+06 43772.5 1.04906e+06 70720 37775.8 26491.5 4.49034e+06 2.75726e+06 220482 978341 4.11264e+06 40338.1 4.0723e+06 5996.7 2.53678e+06 24620.9 2.70615e+06 149731 2.55642e+06 1.89897e+06 657443 654968 121324 14872 9787.64 26993.8 139920 7656.8 132263 58990.8 28864.9 193488 1.36615e+06 19435.8 432380 15277.8 12143 11619.4 44280.9 27125.5 17155.3 12917.9 15397 517523 56822.9 30493.8 1.77287e+06 73272.5 982959 663919 319040 747933 80915.6 33463 1.72649e+06 915462 811029 66019.8 745009
internal_count=3329747 1016443 2313304 307410 2005894 16419 379525 25016 14160 9118 1626369 1000024 86028 354509 1476532 16295 1460237 2259 913996 6740 959671 62821 896850 669038 227812 253270 46706 5007 2697 9108 55463 2132 53331 22383 13897 76920 500566 7087 176204 6110 3853 4111 18356 11113 7243 5332 5721 172349 20233 9359 588567 30948 348385 226809 121576 298292 32797 13354 574771 301220 273551 17178 256373
cat_boundaries=0 2 4 6 8 10 12 14 16 18 20 22 24 26 28 30 32 34
cat_threshold=1074277348 8 2651242680 70 3758105507 2 816962626 100 3844092736 19 908138017 20 1350587092 26 587218949 38 261554260 65 2517148426 10 2983348346 64 2821472330 19 702615105 14 106498137 4 68888496 1 1050887179 16 5554192 4
is_linear=0
shrinkage=0.03


Tree=26
num_leaves=64
num_cat=14
split_feature=5 10 3 2 7 3 2 18 2 3 17 4 17 19 3 17 4 3 5 16 5 3 17 17 12 10 17 2 7 17 10 15 10 17 11 10 5 10 17 16 17 19 5 10 10 4 4 17 10 12 17 17 9 18 3 15 14 19 19 12 17 9 4
split_gain=2135.95 1302.54 1147.99 920.352 874.99 721.992 786.293 961.164 659.602 602.2 536.456 480.382 457.662 420.115 419.481 398.187 384.08 344.073 329.99 303.132 302.932 274.009 255.272 253.799 252.587 226.584 223.755 217.171 208.625 207.765 197.264 325.38 513.482 219.075 208.566 195.761 193.955 193.248 252.603 193.233 192.642 218.405 191.854 183.863 183.61 260.959 344.558 180.605 365.213 197.93 181.005 176.518 174.565 173.33 173.126 172.395 188.925 165.336 163.678 158.099 228.561 1206.01 157.911
threshold=-0.14152416586875913 2.0446702241897587 1.8029391169548037 -1.901797831058502 0.081217024475336089 -0.23420412838459012 -1.3648050427436826 -1.6712154746055601 -1.3648050427436826 -0.94751292467117298 0 -0.13379042595624921 1 0.6901068687438966 0.65383484959602367 2 -2.3358898162841792 -0.66694861650466908 -1.9876974821090696 0.78038501739501964 1.8151760697364809 -1.2063708901405332 3 4 -0.88874357938766468 -2.4664380550384517 5 -1.901797831058502 -0.8938561975955962 6 0.39299380779266363 -1.1032619476318357 -0.83188164234161366 7 -0.59619721770286549 -0.91917148232460011 -0.92820003628730763 0.02079100534319878 8 0.78038501739501964 9 -0.050160093232989304 1.4358447194099428 -0.063276264816522584 2.0446702241897587 1.0205355882644656 1.058288633823395 10 -0.83188164234161366 -0.64327299594879139 11 12 -0.76398310065269459 -0.58510729670524586 -0.37822373211383814 0.96551269292831432 -0.05061740614473819 0.025464545935392383 0.60009330511093151 -0.62240046262741078 13 -0.71280667185783375 -2.3358898162841792
decision_type=2 2 2 2 2 2 2 2 2 2 1 2 1 2 2 1 2 2 2 2 2 2 1 1 2 2 1 2 2 1 2 2 2 1 2 2 2 2 1 2 1 2 2 2 2 2 2 1 2 2 1 1 2 2 2 2 2 2 2 2 1 2 2
left_child=1 5 4 9 17 6 7 10 11 -3 -1 20 36 16 23 54 35 29 51 22 -4 47 25 53 -21 -15 -22 -16 -19 -2 31 32 33 -14 -32 -8 -7 38 -23 -17 41 -37 43 -25 45 52 -47 48 49 -18 -51 -9 -10 -6 -5 56 -24 59 -31 -30 61 -61 -44
right_child=2 3 8 15 14 12 13 18 44 -11 -12 -13 30 19 27 39 21 28 -20 24 26 37 55 42 -26 -27 -28 -29 57 58 34 -33 -34 -35 -36 40 -38 -39 -40 -41 -42 -43 62 -45 -46 46 -48 -49 -50 50 -52 -53 -54 -55 -56 -57 -58 -59 -60 60 -62 -63 -64
leaf_value=0.02101476250408579 0.0018792987772584327 0.026262755470921956 -0.00521710129669132 0.014294930131781475 0.0011858132161191746 0.00098823942891298707 -0.0081795527628534762 0.011405971609404725 0.0021186109081068926 0.008028495836223613 0.0073625175251897717 -0.00015410427236822816 -0.0064443055346579603 -0.01037860332357572 -0.0054833957743082151 0.0032331402469976296 0.009063796198399315 0.00050956980083963991 0.00071381708571755724 0.0015889854462977475 -0.019860325127563173 0.0018928905837100715 0.0035237699529235139 -0.00013732266769967715 -0.0064524394895370167 -0.0018094026856751316 -0.010205744000080641 -0.0013961498276271105 -0.00025927587012697026 0.00069325129753208283 0.0011484699264888479 0.00031460904251502225 -0.00029954299753414353 -0.0022882590618981376 -0.0013918399187585401 -0.0014198081781726123 0.00019579712133715782 0.00042029629468729916 0.00073840988446613107 -0.0024980206540012842 0.0012769595242510398 -0.0083290197219134787 0.0029426284163041674 -0.00087291408705227405 0.0038486166316697669 -0.015242330626481821 -0.0018106817688854288 0.00097810125413489834 0.0020395199517212318 0.0078857380084900539 -0.00052165599476088195 0.0040267777780062831 -0.0029248961936767276 -0.00023106575021877081 0.005884308349121457 -0.002180568462136153 0.00024070316337024985 -0.00074970745270199011 -0.0013204371501783923 0.021077743192103666 0.00040029558828971827 -0.0011325136085028528 -0.0016301400619232241
leaf_weight=3990.6255989074707 121634.19897460938 2742.030158996582 4035.7698122262955 3685.0741729736328 99179.54443359375 493435.978515625 3827.9951477050781 4193.5383911132812 7108.1628246307373 4025.683219909668 7477.2917594909668 4013.6555417776108 14992.824890136719 3126.5693359375 11960.7275390625 33447.260055541992 11320.449222564697 390677.251953125 31305.752563476562 4764.5333099365234 4489.9702911376953 276856.95196533203 20563.624717712402 505396.23583984375 13386.833267211914 24570.121509552002 4368.8401947021484 527968.8974609375 875019.2529296875 257763.56433105469 33628.144409179688 619649.66479492188 299787.01812744141 47939.496398925781 215279.38098144531 21700.20335149765 636612.14562988281 513920.44577026367 444440.30419921875 6286.4349708557129 18075.275161981583 5077.8576986789703 6992.3720703125 774439.43881225586 3779.398681640625 3402.8356891274452 3471.3209991455078 87833.61474609375 106626.84729003906 4087.3826065063477 5262.7152900695801 9689.8463745117188 46952.331121861935 358819.02993774414 5497.0096092224121 18476.80770111084 67692.829586029053 451568.46142578125 42283.857788085938 2992.7931060791016 236191.50558817387 8269.4588470458984 237630.1044921875
leaf_count=1189 48985 1054 1435 1359 45535 177803 1247 1306 2962 1484 2457 1339 6472 1418 4173 13816 4015 146604 10906 1234 1494 80778 12156 170595 3666 11393 1355 199661 287819 95454 23067 186761 139872 24651 67806 6151 231655 184780 175033 1566 6530 1461 2028 257248 1479 1271 1546 36906 41263 1618 2230 3228 19004 165636 1956 5376 28711 175338 17932 1120 94884 2821 77438
internal_value=3.00584e-06 0.00050809 -0.000414517 0.00506513 -0.000355842 0.000445731 0.000915528 0.00439044 -0.00394304 0.0154303 0.0121451 -0.00921828 0.000105861 0.000796312 -0.000745426 0.00362964 0.000948962 5.59424e-05 0.00242137 -0.000703376 -0.0120385 0.00103694 -0.000211956 -0.000543522 -0.0043418 -0.00277744 -0.0151414 -0.00148674 -0.000110943 0.000833495 -0.000294255 -0.000103116 -0.00081673 -0.00328021 -0.00104862 -0.00167201 0.000541815 0.000864848 0.00118158 0.0023256 -0.00111578 -0.00273028 -0.000729573 -0.000582437 -0.00256414 -0.00296216 -0.00846584 0.002025 0.00274699 0.00639638 0.00316375 0.00627011 -0.00226161 7.57672e-05 0.00925564 0.00045409 0.00100581 -0.000264956 0.000409444 -6.99385e-05 0.000599567 0.00477206 -0.00149937
internal_weight=9.11569e+06 4.12528e+06 4.99041e+06 55683.5 4.90879e+06 4.06959e+06 1.70827e+06 56657.1 81622.3 6767.71 11467.9 16908.2 2.36132e+06 1.65161e+06 2.52239e+06 48915.8 1.49903e+06 2.3864e+06 45189.1 152581 12894.6 1.45035e+06 134430 1.98246e+06 18151.4 27696.7 8858.81 539930 1.96472e+06 421682 1.23128e+06 982369 362719 62932.3 248908 48681.3 1.13005e+06 1.23522e+06 721297 39733.7 44853.3 26778.1 1.52446e+06 1.27984e+06 64714 60934.7 6874.16 215131 127297 20670.5 9350.1 13883.4 54060.5 457999 9182.08 106733 88256.5 1.57404e+06 300047 1.12247e+06 247454 11262.3 244622
internal_count=3329530 1504374 1825156 21235 1793271 1483139 625052 19086 31885 2538 3646 5623 858087 605966 922314 18697 542012 870957 15440 63954 4284 526623 59054 718480 4900 12811 2849 203834 708586 162371 448629 357756 170995 31123 90873 15389 409458 440591 255811 15382 14142 7612 507309 427843 26262 24783 2817 86032 49126 7863 3848 4534 21966 211171 3315 46243 40867 561982 113386 386644 98825 3941 79466
cat_boundaries=0 1 2 3 4 5 6 7 8 9 10 11 12 13 14
cat_threshold=17956926 1550895 33687579 34243340 40585344 9651262 39873600 10485776 4501504 43302084 56646680 7184 43041056 8192
is_linear=0
shrinkage=0.03


Tree=27
num_leaves=64
num_cat=20
split_feature=5 10 2 1 0 2 0 1 2 5 19 1 1 1 0 0 1 15 18 1 14 9 1 2 19 18 19 1 0 14 10 16 1 10 1 10 17 10 4 1 0 17 14 19 1 13 13 2 4 4 17 0 4 4 4 1 1 17 1 13 9 19 4
split_gain=2127.82 1135.99 992.188 764.384 761.765 952.538 693.768 1100.01 866.894 1105.91 608.253 567.447 528.728 487.64 461.597 456.443 466.793 670.326 406.821 406.612 395.386 491.371 377.07 375.971 365.37 354.436 343.266 664.146 483.424 920.408 394.484 339.046 332.012 445.756 476.037 329.835 791.325 330.361 328.462 342.777 321.405 481.227 468.128 424.833 383.814 305.362 1158.26 294.484 293.844 411.545 311.323 290.538 541.229 457.724 433.757 413.152 349.405 318.917 304.493 289.902 280.479 278.218 275.838
threshold=0.276303380727768 2.0446702241897587 -1.901797831058502 0 644.50000000000011 -1.1162397265434263 775.50000000000011 1 -1.1162397265434263 -2.2509361505508418 -0.11680612713098525 2 3 4 929.50000000000011 307.50000000000006 5 1.2796644568443301 -1.5294928550720213 6 0.86274191737174999 -0.60418492555618275 7 -0.38415426015853876 0.52390769124031078 -2.0651226043701167 0.92727679014205944 8 157.50000000000003 0.72120228409767162 -1.8589775562286375 0.37747050821781164 9 -1.8589775562286375 10 -1.314770460128784 11 -1.8589775562286375 -0.13379042595624921 12 202.50000000000003 13 0.65615862607955944 2.3243991136550908 14 -0.85125407576560963 -0.97394931316375721 -0.19466183334589002 -1.7580090165138242 0.37287023663520819 15 112.50000000000001 0.23923791944980624 0.089645657688379302 1.123882591724396 16 17 18 19 0.21527120471000674 -0.16046284139156339 1.6550678610801699 0.57931941747665416
decision_type=2 2 2 1 2 2 2 1 2 2 2 1 1 1 2 2 1 2 2 1 2 2 1 2 2 2 2 1 2 2 2 2 1 2 1 2 1 2 2 1 2 1 2 2 1 2 2 2 2 2 1 2 2 2 2 1 1 1 1 2 2 2 2
left_child=1 6 12 61 26 22 8 20 9 18 15 48 -3 -7 -9 16 17 -10 -1 -16 23 59 -6 25 -23 -8 32 28 29 -28 -30 -21 35 34 -34 36 37 -2 39 -20 41 42 43 -13 45 46 -42 -32 -12 -50 -51 54 53 57 58 -55 -54 -53 -43 -22 -5 -4 -52
right_child=4 2 3 60 5 13 7 14 10 -11 11 40 -14 -15 19 -17 -18 -19 38 31 21 24 -24 -25 -26 -27 27 -29 30 -31 47 -33 33 -35 -36 -37 -38 -39 -40 -41 44 51 -44 -45 -46 -47 -48 -49 49 50 62 52 56 55 -56 -57 -58 -59 -60 -61 -62 -63 -64
leaf_value=0.019170479640433953 0.01410465990481815 0.022713099306213309 0.0068890924281030125 0.0017294672973039418 -0.0061564459023849549 -9.5019521291749438e-05 0.0034918529820686999 0.00017127125902246444 0.002840764061631397 0.0019407757854725727 -0.0020897416503627515 -0.0020989206243976102 0.0066691643722405413 -0.001359900599852006 0.00010270914246589341 0.00051463496260981004 0.0010913264496692021 0.014537391498404578 0.010548544354489913 0.0044821041794973187 -0.0039910794197084987 -0.00084238279459618586 -0.0024861861864996842 -0.00034568416318164508 -0.0075474790438080181 -0.0031750126959303273 -0.0050091904162496443 -0.00011960197677838809 -0.0094240627638017358 -0.02259216804258397 0.0032528536649385881 -0.001861055545366617 0.00010178525343298769 -0.00027821249086049484 -0.0072827819738831524 0.00032803441098873886 -0.0009015594561730901 0.0045865098729972595 0.014268823468244481 -0.003165309544304073 -0.0027632310137877458 -0.0010773680929945159 -0.011278952184938558 -0.013186852959256798 0.00018014547244906933 -0.00078657183925174396 -0.02583298368992918 -0.002632745902037699 0.0015546903435427262 0.0021043426507823958 -0.0039932554862646104 0.0017298739491692365 -0.0015339080697796639 -0.017652239953781717 -0.0054061634352346724 -0.0032959491606506276 0.0028272773536550983 -0.0030521174050146902 0.0032037914232000966 -0.010005618114831059 -0.0067480760340472967 0.017437077190352895 -0.00025724192269512328
leaf_weight=3783.2782287597656 6170.16552734375 3652.7742195129395 12202.931655883789 40561.385046005249 39716.535583496094 434677.35693359375 7896.046142578125 497670.17559814453 90072.613006591797 117416.95654296875 31900.60986328125 52885.539642333984 3796.9396476745605 743556.10595703125 47090.41162109375 1975076.1779785156 439797.19749450684 4632.1340637207031 3182.8748531341553 61817.428573608398 38591.269897460938 89218.04354095459 69032.946838378906 337403.28405761719 7962.5646438598633 78388.901245117188 17697.138832092285 115233.94860839844 5823.2203979492188 3153.6159286499023 10446.268020629883 8641.4664459228516 14597.109680175781 1615523.4506835938 17010.858093261719 530424.52734375 15892.151977539062 7020.2640380859375 4202.2182619571686 3359.8239686489105 25508.288314819336 22957.845336914062 6455.603515625 3299.6374816894531 576827.92138671875 66934.910552978516 2116.7801361083984 28553.835556030273 325253.54902726412 45530.0068359375 19998.801300048828 15136.559005737305 32266.497436523438 3406.7671966552734 8725.839599609375 3856.4804534912109 33878.938934326172 73320.237442016602 42841.866455078125 8870.5965270996094 3840.4230442047119 2759.49169921875 160438.42916870117
leaf_count=1230 1506 1265 5089 14962 12424 190384 2739 190454 36069 41799 13099 24193 1534 242558 16684 700913 147390 1409 941 26683 9097 23882 26231 127508 2155 28363 7606 50063 2146 839 4242 1992 5641 578424 6371 189615 7168 1726 1446 1203 13954 6570 1849 1646 228932 30492 1066 11223 118402 17655 7790 5887 12024 1173 3329 1339 11992 27986 18030 1810 1607 1282 56313
internal_value=4.92743e-06 0.000381351 0.00426891 0.00297318 -0.000552909 -0.00114124 0.000333055 -0.000308403 0.000514029 0.00290712 0.000436313 -3.02095e-05 0.0145853 -0.000893272 0.000570642 0.000725111 0.00150284 0.00341324 0.0107138 0.00226143 -0.00125996 -0.00261423 -0.00382762 -0.000797627 -0.00139213 -0.00256475 -0.000235775 -0.00149207 -0.00389944 -0.00767334 -0.00214412 0.00370354 -0.000132777 -0.000347248 -0.00387526 0.0004986 0.00360906 0.00903568 0.00772868 0.00352041 -0.000474656 -0.00129273 -0.00363031 -0.00275121 -0.000110291 -0.00188172 -0.00453531 -0.00105606 0.000709424 0.00087145 -0.000112008 -0.000673058 -0.00138672 -0.00282872 0.000876874 -0.010066 0.000700082 -0.00223393 0.00171043 -0.00511613 0.000995322 0.00883371 -0.000671386
internal_weight=9.11996e+06 5.44543e+06 66813.9 59364.2 3.67453e+06 1.28698e+06 5.37861e+06 1.18355e+06 4.19506e+06 131945 4.06312e+06 1.55354e+06 7449.71 1.17823e+06 615219 2.50958e+06 534502 94704.7 14528.2 117549 568331 144642 108749 423688 97180.6 86284.9 2.38755e+06 180908 65674.1 20850.8 44823.3 70458.9 2.20664e+06 1.64713e+06 31608 559507 29082.6 13190.4 10744.9 6542.7 970420 299032 62640.8 56185.2 671388 94560 27625.1 39000.1 583121 551221 225967 236391 161865 95720 74525.6 7263.25 66145.4 88456.8 65799.7 47461.9 44401.8 14962.4 180437
internal_count=3331394 1993227 25739 22940 1338167 471597 1967488 431367 1536121 46619 1489502 603721 2799 432942 235813 885781 184868 37478 4820 45359 195554 36944 38655 158610 26037 31102 866570 76119 26056 8445 17611 28675 790451 590436 12012 200015 10400 3232 3590 2144 390462 116018 27688 25839 274444 45512 15020 15465 213259 200160 81758 88330 60401 36385 27929 2512 24016 33873 24600 10907 16569 6371 64103
cat_boundaries=0 2 4 6 8 10 12 14 16 18 20 22 23 25 26 28 29 31 33 34 35
cat_threshold=2651209880 2 3774952422 75 1090872503 8 3905650856 55 2741814344 53 2718203904 14 134611993 16 2183281540 14 641796001 9 2717913376 57 74016281 4 4358144 100918700 97 9060416 269484544 2 8389128 2162690304 32 405805824 18 4198656 2282229768
is_linear=0
shrinkage=0.03


Tree=28
num_leaves=64
num_cat=21
split_feature=5 10 3 3 5 2 0 4 1 1 2 18 0 1 7 1 1 5 0 2 1 1 10 0 1 2 1 1 19 10 1 10 1 0 1 10 1 0 3 11 10 1 18 10 1 1 8 0 1 15 19 15 4 3 18 11 15 11 17 1 4 1 2
split_gain=2049.84 1213.82 994.118 990.734 843.735 774.718 654.429 626.75 577.916 533.87 531.154 967.436 553.922 532.313 461.255 456.23 446.669 442.216 432.526 432.005 396.019 384.225 367.925 435.323 590.385 575.678 342.021 337.142 335.473 327.504 695.676 308.206 307.56 288.171 276.046 280.835 271.884 269.983 264.963 263.113 257.877 564.564 250.255 243.703 491.251 234.774 242.328 230.481 274.447 255.531 238.331 229.723 250.798 310.284 244.65 242.416 375.09 229.755 228.968 221.09 219.786 241.293 221.141
threshold=0.276303380727768 2.0446702241897587 1.2205229401588442 -0.23420412838459012 -1.9876974821090696 -1.3648050427436826 644.50000000000011 -0.13379042595624921 0 1 -1.3648050427436826 -1.5294928550720213 172.50000000000003 2 -2.0705847740173335 3 4 1.6610938906669619 789.50000000000011 -1.3648050427436826 5 6 -0.13103542476892469 217.50000000000003 7 -0.74895048141479481 8 9 0.6901068687438966 -1.0245386958122251 10 -2.4664380550384517 11 97.500000000000014 12 -1.8589775562286375 13 760.50000000000011 -0.76653623580932606 1.9463328719139101 -2.4664380550384517 14 -0.76156345009803761 2.0446702241897587 15 16 0.74719053506851207 202.50000000000003 17 -1.1032619476318357 0.29838812351226812 1.2796644568443301 -0.84932526946067799 -1.2063708901405332 -2.0651226043701167 1.9463328719139101 -0.83718565106391896 0.63976013660430919 18 19 -2.066596150398254 20 -1.1162397265434263
decision_type=2 2 2 2 2 2 2 2 1 1 2 2 2 1 2 1 1 2 2 2 1 1 2 2 1 2 1 1 2 2 1 2 1 2 1 2 1 2 2 2 2 1 2 2 1 1 2 2 1 2 2 2 2 2 2 2 2 2 1 1 2 1 2
left_child=1 3 6 10 14 7 27 17 18 38 11 13 -13 -1 -3 51 -9 -4 29 26 -16 -21 23 24 -10 -26 -8 -2 -25 30 31 -5 -19 36 -20 -36 -27 42 -6 47 41 -29 -14 -7 -45 46 -30 48 50 -49 -32 52 55 -54 -55 -12 -57 -53 -35 -39 61 -42 -62
right_child=2 4 5 8 9 43 19 16 22 -11 15 12 37 -15 20 -17 -18 32 34 21 -22 -23 -24 28 25 33 -28 40 45 -31 39 -33 -34 58 35 -37 -38 59 -40 -41 60 -43 -44 44 -46 -47 -48 49 -50 -51 -52 57 53 54 -56 56 -58 -59 -60 -61 62 -63 -64
leaf_value=0.018371892061371544 0.00036047807923730743 0.02268300600172261 -0.0030196175605249269 -0.012585517830898892 0.015552749362069076 -0.001940364224790747 -0.008215457888683499 0.0083561648109204082 0.005467100816235004 0.0012953987600680728 5.12280657887713e-05 0.012250430145680618 0.010307223081517419 0.0060549946841959692 0.015081403027101247 0.00036923481496623991 -0.0050092958338765568 -0.019146026581975652 -0.00042497061231599938 -0.0013771112838965069 0.00077942539690557366 -0.0002682814921435337 -5.8094560325335104e-05 0.00064523903424750569 0.011576198632748103 3.3604362751246873e-05 -0.0023851735708869341 -0.011545387957967109 0.005068811684142833 -9.2257552864638735e-05 1.4525321061171226e-05 -0.00438239493695829 -0.0096652786464653528 -0.0052557564895087524 -0.0097610884065497602 -0.0023094010634389264 0.0070879591169090064 0.0028932264352787033 0.0057890592911495611 0.0066887665274073084 0.0031843757581937297 -0.00035456323271955279 0.0014725648576046737 -0.0054922652098104872 0.0093259611002208826 -0.0034834287421714231 -0.0016914939519427834 -0.0045980947913393548 -0.0017130613555473818 0.00024324995530409317 0.011334987880207753 0.0026296314050342487 0.0029719962359819269 0.0045097682378755881 0.0010489379264077532 -0.00056869533035536516 0.01144733336847386 0.0097306669156631918 0.00034150154424409106 -0.0042359788937879426 0.0012453546322275437 -0.00033243758926036608 -0.00053251946410724294
leaf_weight=4998.3384246826172 841384.748046875 2839.6727905273438 5648.8020451068878 4944.0546875 3223.0318145751953 219515.302734375 11012.623443603516 3177.4983603954315 38183.65234375 42718.787353515625 196563.40490722656 4008.1586066484451 3287.9582643508911 8653.9966583251953 3685.1073837280273 1278894.5041503906 7612.8514499664307 4784.306568145752 89587.5791015625 592489.21273803711 3308.8526382446289 535438.94595336914 1157557.2498160601 648621.87133789062 4520.4241256713867 9036.4197998046875 50894.165618896484 5919.0678100585938 7200.7430801391602 875804.64227294922 2783.4223175048828 24754.8505859375 8954.317943572998 7211.8453140258789 4708.4884033203125 133204.25964355469 10786.554161071777 5546.1188793182373 11175.37614440918 4707.9195861816406 32333.530532836914 12843.352111816406 23353.31921184063 3387.6806907653809 4924.3339576721191 31533.926147460938 14125.369102478027 17296.149827957153 6606.9684410095215 22665.818468093872 4193.4547576904297 19735.070739746094 104878.12615966797 19098.981536865234 487845.70950317383 5061.3479309082031 4339.6803894042969 5173.6642456054688 73200.70240020752 13236.402923583984 66355.997685432434 38404.733032226562 1231041.0761518478
leaf_count=1536 316606 1072 2027 2837 1197 88869 4367 873 11485 17113 69544 1445 1087 2841 1237 495108 2917 1420 46988 187140 1213 223295 378220 215806 1480 2837 17584 2638 4079 365896 1013 13594 3052 3199 1772 46826 3960 2318 3883 1210 10288 4651 7960 1322 2030 11571 4899 9181 2716 6682 1820 5380 40243 6076 163238 1507 810 1179 24738 4291 22789 13414 432909
internal_value=-4.82e-06 0.000364721 -0.000552162 0.000314741 0.00437908 -0.00234781 -0.000416621 -0.00686431 -2.20584e-05 0.00298108 0.000807023 0.00351966 0.0015668 0.0105874 0.0124935 0.000726356 -0.00106834 -0.010089 -0.000545251 -0.000984688 0.00834317 -0.000850757 0.000289264 0.000765434 0.00227437 0.00110978 -0.00342462 -0.000113289 0.000457947 -0.000267516 -0.00201258 -0.00574794 -0.0129936 0.000637326 -0.00172181 -0.00256397 0.0038766 0.000622839 0.00797373 -0.000106883 -0.000400707 -0.00389346 0.00256463 -0.00174942 0.00329152 -0.00184007 0.000591493 -0.000704967 0.00267029 -0.00185247 0.00681218 0.00126831 0.00118186 0.00148668 0.00117937 0.000276369 0.00498125 0.00410621 -0.000161398 -0.00213137 -0.000352797 0.00127557 -0.000441585
internal_weight=9.12098e+06 5.44486e+06 3.67612e+06 5.37791e+06 66950.8 258005 3.41812e+06 30177.8 3.19324e+06 57117.2 2.18467e+06 63084.3 49432 13652.3 9833.63 2.12159e+06 10790.3 19387.4 1.19126e+06 1.18983e+06 6993.96 1.12793e+06 2.00198e+06 844422 142940 104756 61906.8 2.22828e+06 701482 963757 87952.6 29698.9 13738.6 100236 227500 137913 19823 45423.8 14398.4 58253.7 1.3869e+06 18762.4 26641.3 227827 8312.01 52860 21326.1 53545.8 13583.8 39962 6976.88 842696 817787 611823 506945 205964 9401.03 24908.7 80412.5 18782.5 1.36814e+06 70738.3 1.2974e+06
internal_count=3331278 1993087 1338191 1967372 25715 102510 1235681 10289 1162809 22193 804563 21478 17101 4377 3522 783085 3790 6499 500535 432386 2450 410435 662274 284054 47699 36214 21951 803295 236355 404949 39053 16431 4472 34734 95586 48598 6797 15656 5080 22622 486689 7289 9047 92221 3352 20549 8978 21412 5549 15863 2833 287977 281418 209557 169314 71861 2317 6559 27937 6609 479400 23702 455698
cat_boundaries=0 2 3 5 7 9 11 13 15 17 19 21 23 25 26 27 29 31 33 34 36 38
cat_threshold=3845141440 27 2584625304 3494567976 2 201694337 29 102238233 4 793812028 70 1485974439 74 65543 4 1075852100 2 2334527778 59 2752512064 16 2450006378 1 87032128 18 13254696 1682965697 26451143 40 12633113 64 1090519680 2 131080 2289487889 15 536912597 64
is_linear=0
shrinkage=0.03


end of trees

feature_importances:
symbol_id=384
feature_58=164
time_id=163
feature_08=132
feature_36=131
feature_70=129
feature_11=112
feature_04=95
feature_06=67
feature_61=65
feature_01=54
feature_31=53
feature_29=49
feature_24=42
feature_20=40
feature_27=39
feature_23=38
feature_21=31
feature_28=20
feature_30=19

parameters:
[boosting: gbdt]
[objective: regression]
[metric: rmse]
[tree_learner: serial]
[device_type: gpu]
[data_sample_strategy: bagging]
[data: ]
[valid: ]
[num_iterations: 2000]
[learning_rate: 0.03]
[num_leaves: 64]
[num_threads: 0]
[seed: 42]
[deterministic: 0]
[force_col_wise: 1]
[force_row_wise: 0]
[histogram_pool_size: -1]
[max_depth: -1]
[min_data_in_leaf: 1000]
[min_sum_hessian_in_leaf: 0.001]
[bagging_fraction: 0.8]
[pos_bagging_fraction: 1]
[neg_bagging_fraction: 1]
[bagging_freq: 1]
[bagging_seed: 400]
[bagging_by_query: 0]
[feature_fraction: 0.8]
[feature_fraction_bynode: 1]
[feature_fraction_seed: 30056]
[extra_trees: 0]
[extra_seed: 12879]
[early_stopping_round: 0]
[early_stopping_min_delta: 0]
[first_metric_only: 0]
[max_delta_step: 0]
[lambda_l1: 0]
[lambda_l2: 5]
[linear_lambda: 0]
[min_gain_to_split: 0]
[drop_rate: 0.1]
[max_drop: 50]
[skip_drop: 0.5]
[xgboost_dart_mode: 0]
[uniform_drop: 0]
[drop_seed: 17869]
[top_rate: 0.2]
[other_rate: 0.1]
[min_data_per_group: 100]
[max_cat_threshold: 32]
[cat_l2: 10]
[cat_smooth: 10]
[max_cat_to_onehot: 4]
[top_k: 20]
[monotone_constraints: ]
[monotone_constraints_method: basic]
[monotone_penalty: 0]
[feature_contri: ]
[forcedsplits_filename: ]
[refit_decay_rate: 0.9]
[cegb_tradeoff: 1]
[cegb_penalty_split: 0]
[cegb_penalty_feature_lazy: ]
[cegb_penalty_feature_coupled: ]
[path_smooth: 0]
[interaction_constraints: ]
[verbosity: -1]
[saved_feature_importance_type: 0]
[use_quantized_grad: 0]
[num_grad_quant_bins: 4]
[quant_train_renew_leaf: 0]
[stochastic_rounding: 1]
[linear_tree: 0]
[max_bin: 63]
[max_bin_by_feature: ]
[min_data_in_bin: 3]
[bin_construct_sample_cnt: 200000]
[data_random_seed: 175]
[is_enable_sparse: 1]
[enable_bundle: 1]
[use_missing: 1]
[zero_as_missing: 0]
[feature_pre_filter: 0]
[pre_partition: 0]
[two_round: 0]
[header: 0]
[label_column: ]
[weight_column: ]
[group_column: ]
[ignore_column: ]
[categorical_feature: 1,17]
[forcedbins_filename: ]
[precise_float_parser: 0]
[parser_config_file: ]
[objective_seed: 16083]
[num_class: 1]
[is_unbalance: 0]
[scale_pos_weight: 1]
[sigmoid: 1]
[boost_from_average: 1]
[reg_sqrt: 0]
[alpha: 0.9]
[fair_c: 1]
[poisson_max_delta_step: 0.7]
[tweedie_variance_power: 1.5]
[lambdarank_truncation_level: 30]
[lambdarank_norm: 1]
[label_gain: ]
[lambdarank_position_bias_regularization: 0]
[eval_at: ]
[multi_error_top_k: 1]
[auc_mu_weights: ]
[num_machines: 1]
[local_listen_port: 12400]
[time_out: 120]
[machine_list_filename: ]
[machines: ]
[gpu_platform_id: -1]
[gpu_device_id: -1]
[gpu_device_id_list: ]
[gpu_use_dp: 0]
[num_gpu: 1]

end of parameters

pandas_categorical:[[0, 1, 2, 3, 4, 5, 6, 7, 8, 9, 10, 11, 12, 13, 14, 15, 16, 17, 18, 19, 20, 21, 22, 23, 24, 25, 26, 27, 28, 29, 30, 31, 32, 33, 34, 35, 36, 37, 38], [9, 11, 13, 16, 24, 25, 34, 40, 50, 59, 62, 66, 76, 150, 158, 171, 214, 230, 261, 336, 376, 388, 410, 522, 534, 539]]
