tree
version=v4
num_class=1
num_tree_per_iteration=1
label_index=0
max_feature_idx=59
objective=regression
feature_names=time_id symbol_id feature_08 feature_36 feature_61 feature_04 feature_20 feature_06 feature_24 feature_29 feature_58 feature_23 feature_30 feature_28 feature_31 feature_27 feature_21 feature_11 feature_01 feature_70 feature_08_sym_roll5_mean feature_08_sym_roll5_std feature_08_sym_roll20_mean feature_08_sym_roll20_std feature_36_sym_roll5_mean feature_36_sym_roll5_std feature_36_sym_roll20_mean feature_36_sym_roll20_std feature_61_sym_roll5_mean feature_61_sym_roll5_std feature_61_sym_roll20_mean feature_61_sym_roll20_std feature_04_sym_roll5_mean feature_04_sym_roll5_std feature_04_sym_roll20_mean feature_04_sym_roll20_std feature_20_sym_roll5_mean feature_20_sym_roll5_std feature_20_sym_roll20_mean feature_20_sym_roll20_std feature_06_sym_roll5_mean feature_06_sym_roll5_std feature_06_sym_roll20_mean feature_06_sym_roll20_std feature_24_sym_roll5_mean feature_24_sym_roll5_std feature_24_sym_roll20_mean feature_24_sym_roll20_std feature_29_sym_roll5_mean feature_29_sym_roll5_std feature_29_sym_roll20_mean feature_29_sym_roll20_std feature_58_sym_roll5_mean feature_58_sym_roll5_std feature_58_sym_roll20_mean feature_58_sym_roll20_std feature_23_sym_roll5_mean feature_23_sym_roll5_std feature_23_sym_roll20_mean feature_23_sym_roll20_std
feature_infos=[68:967] -1:26:20:30:34:28:3:22:24:12:7:11:23:36:38:14:32:17:21:5:10:6:8:2:16:19:37:1:15:13:25:0:18:4:29:31:9:33:35:27 [-6.1726241111755371:10.536098480224609] [-3.6331501007080078:3.9081733226776123] [-3.0402381420135498:2.5774424076080322] [-3.6992583274841309:3.4615104198455811] [-3.5648505687713623:2.0042605400085449] [-15.321038246154785:21.620344161987305] [-1.4127810001373291:10.744451522827148] [-1.5957297086715698:2.7339985370635986] [-14.244846343994141:22.735517501831055] [-1.9807209968566895:2.7033905982971191] [-1.4726793766021729:0.8173288106918335] [-3.0834453105926514:2.4178903102874756] [-0.40096586942672729:4.1158304214477539] [-3.3220875263214111:2.6435503959655762] [-0.38646817207336426:3.4403641223907471] -1:12:16:14:13:1:5:23:8:24:2:7:22:18:21:3:20:15:6:10:9:17:11:0:19:4:25 [-3.5904271602630615:6.0791192054748535] [-1.5614051818847656:38.477703094482422] [-6.054354190826416:9.9015398025512695] [0:3.5670092105865479] [-6.1134366989135742:9.1677627563476562] [0:3.3416001796722412] [-3.3611574172973633:3.4675860404968262] [0:3.4889862537384033] [-3.0826773643493652:3.2502138614654541] [0:2.9839799404144287] [-3.0402381420135498:2.5774424076080322] [0:2.7045543193817139] [-3.0402381420135498:2.5774424076080322] [0:2.5330471992492676] [-3.2448902130126953:3.0269076824188232] [0:3.0253841876983643] [-2.86958909034729:2.803269624710083] [0:3.1275200843811035] [-3.5648505687713623:2.0042605400085449] [0:0.8382490873336792] [-3.5648505687713623:2.0042605400085449] [0:0.91043347120285034] [-10.631264686584473:20.180126190185547] [0:14.811576843261719] [-7.1700034141540527:8.4312038421630859] [0:12.247615814208984] [-1.4127810001373291:10.744451522827148] [0:3.1849565505981445] [-1.4127810001373291:10.744451522827148] [0:2.2624378204345703] [-1.5957297086715698:2.7339985370635986] [0:0.35880157351493835] [-1.5957297086715698:2.7339985370635986] [0:1.1093595027923584] [-11.004632949829102:11.725292205810547] [0:9.3730735778808594] [-10.14776611328125:9.2729177474975586] [0:6.9414663314819336] [-1.9807209968566895:2.7033905982971191] [0:0.73798459768295288] [-1.9807209968566895:2.7033905982971191] [0:0.78864789009094238]
tree_sizes=7318 7287 7334 7333 7334 7374 7290 7302 7286 7309 7320 7307 7325 7310 7330 7335 7289 7352 7278 7350 7322 7347 7315 7336 7305 7328 7358 7385 7346 7332 7313 7299 7363 7315 7314 7371 7367 7323 7270 7302 7315 7303 7324 7334 7340 7300 7295 7297 7321 7328 7303

Tree=0
num_leaves=64
num_cat=13
split_feature=5 10 3 7 7 3 3 22 22 0 22 55 0 17 12 0 3 22 42 19 42 18 17 3 50 17 3 16 17 17 19 22 17 10 22 32 17 0 16 17 17 0 14 11 22 10 0 32 10 17 30 3 42 38 55 17 0 17 23 10 19 17 16
split_gain=6819.1 4118.18 3328.95 2642.82 2176.12 2135.39 2114.39 1811.14 1518.9 1517.17 1284.13 1093.61 1074.24 1169 944.222 884.217 791.164 734.23 886.894 724.561 724.517 700.79 666.823 663.507 656.923 593.171 573.714 564.332 534.668 527.726 496.504 490.328 481.8 465.715 447.557 510.818 436.527 421.123 415.256 409.866 398.357 420.644 394.109 2034.87 365.531 356.744 341.909 333.633 555.053 392.701 321.641 307.809 304.596 303.627 382.172 321.694 289.867 346.496 283.693 280.733 319.077 336.32 268.668
threshold=1.0000000180025095e-35 2.0446702241897587 1.8029391169548037 0.2925232350826264 -0.16895765066146848 -1.7904666066169737 -1.7904666066169737 -1.9065327048301695 -1.0834116935729978 731.50000000000011 -1.3206875324249265 0.94685247540473949 760.50000000000011 0 -0.55796417593955983 529.50000000000011 0.35258246958255773 -1.9065327048301695 -0.75396415591239918 0.025464545935392383 0.98404008150100719 -0.6997048258781432 1 0.21928988397121432 -0.16348400712013242 2 0.57078379392623912 0.43152049183845526 3 4 0.92727679014205944 -0.67616242170333851 5 2.0446702241897587 -1.0834116935729978 -2.1122099161148067 6 775.50000000000011 0.94121596217155468 7 8 789.50000000000011 -0.16810990124940869 0.63976013660430919 0.36610189080238348 1.0000000180025095e-35 775.50000000000011 1.8985549807548525 -0.041806276887655251 9 -2.0932651758193965 -0.23420412838459012 0.032699899747967727 1.0904705524444582 0.35363148152828222 10 929.50000000000011 11 0.41023367643356329 0.061080347746610648 0.6901068687438966 12 0.63852643966674816
decision_type=2 2 2 2 2 2 2 2 2 2 2 2 2 1 2 2 2 2 2 2 2 2 1 2 2 1 2 2 1 1 2 2 1 2 2 2 1 2 2 1 1 2 2 2 2 2 2 2 2 1 2 2 2 2 2 1 2 1 2 2 2 1 2
left_child=1 4 3 16 6 -3 8 15 21 26 40 25 23 31 20 -4 24 18 22 32 -13 29 -8 34 30 -7 33 56 -12 -1 36 -14 42 45 35 -6 -2 51 -39 -32 -11 -42 43 -19 -27 -5 -38 -9 -49 -50 -33 -34 53 54 -29 -56 -21 -58 -28 60 -36 -62 -41
right_child=2 5 7 9 12 11 17 47 -10 10 28 14 13 -15 -16 -17 -18 19 -20 27 -22 -23 -24 -25 -26 44 58 52 -30 -31 39 50 37 -35 59 -37 46 38 -40 62 41 -43 -44 -45 -46 -47 -48 48 49 -51 -52 -53 -54 -55 55 -57 57 -59 -60 -61 61 -63 -64
leaf_value=0.0284296502656484 -0.0037810898811790842 0.024910094923966085 -0.035078016871499335 -0.0047757194972202627 0.0091683316763387021 0.0056021033348514424 0.018448962080219782 -0.0088932027489057198 1.1144526729957652e-05 -0.0091001020267564865 -0.0085018661106601896 0.0083743400355937494 -0.010282822567472644 -0.0042873593243046753 -0.0037553430214407766 -0.016536874762766288 -0.0054892275167109329 -0.00089799599978564919 -0.001493994718062074 -0.0039638312019527047 0.027651041761139084 0.0041547556003597857 -0.00039027243513791148 -0.004951936684648185 -0.0023084135768133372 0.00011366791314581289 -0.0065419076339881307 -0.0056792276011904137 -0.0064331085860900254 0.010907850028732397 -0.0081706836791872323 -0.010762138526000744 -0.0023949990545838007 -0.00025322666175001899 -0.0032428859037064101 -0.0017744886433615548 -0.0045497178979540566 -0.0039822904173349187 -0.0076071471245276606 -0.0036468946640797412 -0.0081267881562879785 -0.019548541959930027 -0.0024538753840638956 0.029508063486264564 -0.0073385506135708271 -0.0059449298760116476 -0.0060295967652843193 -0.023799478176237482 -0.018576089931343895 -0.0048726454634692492 -0.006291679909722305 -0.0035374939827929729 -0.0040246146959769767 0.0016511476809515204 -0.012775713637966197 -0.0070963198812286476 0.0025889254091197829 -0.0037168350011637327 -0.01012266750334747 -0.0044386488620352035 -0.011908150523142154 -0.0047584396152146541 -0.012683014684934196
leaf_weight=3106.4003314971924 603574.26468372345 4101.9580078125 3755.2084579467773 429832.49536132812 4478.40869140625 14298.523958206177 4051.9656677246094 56178.263671875 29123.733337402344 8994.6958770751953 193769.99452972412 3791.6130428314209 36755.77392578125 267424.68334960938 2618.4363956451416 6053.1450576782227 873209.72265625 36225.758575439453 25073.518432617188 466962.88856506348 3280.4136962890625 4568.0518798828125 2927.3528137207031 651435.11505126953 126897.18600463867 23394.533099651337 314782.07763671875 60916.052742004395 268062.46445465088 3244.8222637176514 59863.671981811523 15442.588745117188 364603.52923583984 15994.59521484375 581240.86717176437 26757.919677734375 808159.0275220871 220347.67291259766 32653.71875 39518.291397094727 3753.5616607666016 12841.078399658203 320689.72943115234 2090.6232604980469 7928.0139870643616 517777.82861328125 170072.65704345703 3842.0415191650391 2973.9398565292358 5094.9170618057251 232620.33996582031 507893.96424865723 53900.07421875 3668.25341796875 15841.849113464355 20769.8291015625 13714.463989257812 18321.198364257812 21254.98974609375 429752.32135009766 6785.1090393066406 45836.26399230957 3196.256591796875
leaf_count=893 215118 1584 1198 157165 1496 5257 1153 22907 11859 3737 56755 1528 11594 107838 1129 2052 327126 19839 8532 198042 1204 1551 1317 240332 54161 9021 116889 18023 113603 1170 21384 4526 128150 6329 205861 9333 278334 81869 8227 20009 1166 4176 106102 595 3023 188076 58612 1316 1005 1797 75749 182337 15546 759 4364 6486 5543 7806 8345 157085 3364 18608 1045
internal_value=-0.00462752 -0.00380883 -0.00544966 -0.00534255 -0.00391222 0.00403757 -0.00324022 -0.0115979 0.00359031 -0.00623644 -0.00766378 0.00248711 -0.00455855 -0.00571184 0.0116378 -0.0236474 -0.00474748 -0.00336624 0.00114028 -0.0034338 0.0173325 0.0131301 0.010595 -0.00419384 -0.00438989 0.000541829 -0.00570112 -0.00426569 -0.00730125 0.0195736 -0.00454671 -0.00704923 -0.00306726 -0.00532889 -0.00374277 -0.000203638 -0.00441554 -0.00337255 -0.00445018 -0.00656926 -0.0142048 -0.0169594 -0.0021103 0.000765262 -0.0017736 -0.00541458 -0.00480701 -0.00986085 -0.0144211 -0.00994639 -0.0065701 -0.00306005 -0.00584625 -0.00681649 -0.00713528 -0.00955746 -0.00377442 -0.00101409 -0.00676848 -0.00384672 -0.00344541 -0.00568235 -0.00432399
internal_weight=9.11809e+06 4.56864e+06 4.54945e+06 4.47155e+06 4.50922e+06 59413.5 2.2107e+06 77897.5 40043 1.78706e+06 487422 55311.5 2.29853e+06 552243 9690.46 9808.35 2.68449e+06 2.17065e+06 32052.8 2.1386e+06 7072.03 10919.3 6979.32 1.74629e+06 1.81128e+06 45621.1 1.29964e+06 654095 461832 6351.22 1.68438e+06 284819 1.4845e+06 963605 1.09485e+06 31236.3 1.58181e+06 1.1255e+06 253001 102578 25589.3 16594.6 359006 38316.4 31322.5 947610 978232 68089.2 11910.9 8068.86 248063 872497 155096 101196 97527.7 36611.7 498999 32035.7 336037 1.06361e+06 633862 52621.4 42714.5
internal_count=3331000 1668695 1662305 1632030 1645949 22746 810163 30275 15473 656241 179437 21162 835786 199707 3861 3250 975789 794690 11002 783688 2732 3614 2470 636079 648663 17301 476804 256569 170358 2063 594502 91869 527119 351570 395747 10829 552064 400583 90096 42438 9079 5342 126536 20434 12044 345241 336946 27025 4118 2802 80275 310487 45178 29632 28873 10850 211391 13349 125234 384918 227833 21972 21054
cat_boundaries=0 1 2 3 4 5 6 7 8 9 10 11 12 13
cat_threshold=32020048 10363190 34613307 62952448 13781562 38021160 36366546 15381284 33753391 16188444 6979840 2598050 52431112
is_linear=0
shrinkage=1


Tree=1
num_leaves=64
num_cat=20
split_feature=5 10 0 23 20 32 20 17 52 1 1 0 5 55 1 1 1 0 1 10 1 54 1 42 10 43 15 46 14 1 55 54 1 8 28 48 55 46 59 1 20 0 1 0 1 54 1 20 1 38 1 54 1 1 0 30 20 14 50 15 54 1 8
split_gain=6560.79 3430.25 2285.59 1956.62 1822.91 1577.42 3076 1326.18 1195.58 1184.23 1086.77 1249.92 982.185 947.452 1731.08 915.963 807.521 799.466 790.921 753.179 1409.24 704.739 699.155 673.916 638.994 600.477 575.518 3522.7 515.208 513.458 507.012 501.113 467.989 466.598 440.096 433.942 429.987 446.998 415.551 482.549 411.916 486.522 841.455 392.863 392.336 385.15 848.292 398.73 382.402 377.792 392.611 370.097 412.684 369.579 510.82 356.226 350.142 341.799 339 394.28 333.8 676.57 484.497
threshold=-0.18968721479177472 2.0446702241897587 775.50000000000011 0.37514926493167883 -1.341222286224365 -2.1122099161148067 -1.0979107618331907 0 0.12774965167045596 1 2 789.50000000000011 -1.9876974821090696 0.75619202852249157 3 4 5 775.50000000000011 6 2.0446702241897587 7 -0.43366186320781702 8 -0.96616706252098072 -2.4664380550384517 1.272141754627228 1.2796644568443301 1.1612098813056948 0.86274191737174999 9 0.75619202852249157 0.082841288298368468 10 0.87295740842819225 0.92982441186904918 -0.60401350259780873 0.58925312757492077 2.2416340112686162 0.019314052537083629 11 0.97971644997596752 172.50000000000003 12 929.50000000000011 13 -2.307860136032104 14 2.1797630786895756 15 1.0904705524444582 16 -2.307860136032104 17 18 142.50000000000003 1.0199372172355654 -1.9049420952796934 1.0573982596397402 -0.60412368178367604 -1.2312717437744138 -1.2624937891960142 19 0.17263140529394153
decision_type=2 2 2 2 2 2 2 1 2 1 1 2 2 2 1 1 1 2 1 2 1 2 1 2 2 2 2 2 2 1 2 2 1 2 2 2 2 2 2 1 2 2 1 2 1 2 1 2 1 2 1 2 1 1 2 2 2 2 2 2 2 1 2
left_child=1 5 8 9 15 6 17 43 13 30 11 60 -5 18 53 -4 34 22 26 25 56 -19 23 -1 32 48 57 -28 -13 -14 -3 45 33 -16 -8 -30 -22 -38 -26 -40 49 42 -42 -6 -33 46 -12 -47 -10 50 -27 52 -9 54 -15 -36 -21 -2 -59 -60 61 -7 -63
right_child=2 3 4 12 7 10 16 51 19 -11 31 28 29 14 24 -17 -18 21 -20 20 36 -23 -24 -25 38 40 27 -29 35 -31 -32 44 -34 -35 55 -37 37 -39 39 -41 41 -43 -44 -45 -46 47 -48 -49 -50 -51 -52 -53 -54 -55 -56 -57 -58 58 59 -61 -62 62 -64
leaf_value=0.036085956160966111 0.00059435936749688799 0.0089107064725147522 -0.014492228172070694 0.030794635608747414 -0.00084899112019376087 -0.0047530351568104276 -0.0026334080262477464 -0.0025647819909079832 -0.0014195088818151375 0.0019424769142085516 0.0050801811021691798 -0.00078177164895018158 0.020840969772173871 -0.0029541009594773893 0.00075684123468001778 -0.0051874599760637786 0.0040360513654871654 0.01969656005009018 -0.00015936601729532411 -0.011066486771828721 0.0035214523788954324 0.0038673394290168845 0.011780377258309082 0.016419079361626863 -0.0069765531227986904 0.00079172758896053344 0.0001919403438658735 0.033965951842398527 -0.0061831008909275734 0.0036954002545383081 0.021089271213445029 0.0014046790918794023 -0.018263267318928685 -0.013322478600691606 0.010579725224977141 -0.0019112371133849454 0.0075861712442601668 0.019360024253265946 0.010025624693879664 -0.0066546836537128345 -0.0030402043096710248 -0.0038533502053784865 -0.026668794656456107 0.0015330808656756022 0.00012024493899166617 0.0017155823920651935 -0.0048193148902790977 -0.00090860608559007123 -0.00038065545334157753 -0.010804545413599253 -0.0023563887712272033 -0.0025700505354140511 -0.015642472604217826 -0.0008140899288091761 0.0098632830745370714 -6.1725927480298844e-05 -0.00071332713667397198 0.007991489646299638 0.0063425193394686403 0.0010150319840070052 0.00066839296184593143 0.011932963328754872 0.00013628635070913719
leaf_weight=2787.59814453125 410936.44555664062 11033.640850067139 12810.952896118164 4393.6617431640625 321628.41831970215 31185.474853515625 39236.760758876801 4583.2390670776367 587833.56433105469 28209.221576690674 11577.476318359375 245261.185546875 3151.7055187225342 4182.6129302978516 3487.7523746490479 37194.107650756836 59904.134231567383 3288.4739379882812 1924546.5390760899 3326.19921875 10374.076599121094 10955.171669006348 8521.0843353271484 3613.5754776000977 16716.614391982555 42403.505348205566 15307.040692806244 3391.0694146156311 32700.538421630859 3157.5037097930908 4270.2197265625 340872.4921875 6839.2363586425781 5389.005407333374 4512.4612202644348 61939.449859619141 8215.5159454345703 4492.5814666748047 3267.1705582737923 2962.8185043334961 2982.6573638916016 21644.747825622559 2491.2151718139648 77280.64453125 575167.63249015808 1203877.9238929749 23744.044431686401 54465.947463989258 697094.61700439453 4309.3235931396484 223888.22873687744 528030.94422912598 4140.9901809692383 22210.807678222656 8439.2825775146484 7584.3972072601318 25039.536926269531 9462.9679493904114 15332.109954833984 67666.829322338104 1162919.4341430664 3434.4534540176392 35213.149329185486
leaf_count=1057 159098 4141 3706 1625 136751 12294 12499 1556 205319 10748 4151 105358 1149 1204 1795 13973 23883 1082 695989 1126 4156 3727 2605 1293 7260 19021 4345 1182 7446 1299 1663 147973 3053 1760 1200 16822 3585 1389 1137 1281 1193 9792 1127 32621 174485 422184 10003 21283 263308 1032 84232 171773 1617 9339 2622 2544 10207 1875 4714 16388 440700 1694 14283
internal_value=1.06913e-05 0.000925598 -0.000697214 0.0084197 -0.00199595 0.000822012 0.00394438 -0.00169767 -0.000389062 0.00559189 0.000706103 0.000103316 0.0199084 2.07569e-05 -0.00333529 -0.00757642 0.00167042 0.0126154 0.000121577 -0.00102109 0.00255098 0.00752751 0.0174677 0.0249662 -0.00770391 -0.00113722 0.00115716 0.0063246 -0.00150734 0.0123089 0.0123066 0.0011351 -0.0123656 -0.00778452 -0.00109087 -0.00338752 0.00805228 0.0117545 -0.00451253 0.00209934 -0.00235119 -0.00587589 -0.0138626 -0.000387489 0.000598224 0.00151527 -0.00157418 0.00160199 -0.000855932 -0.00199786 -0.00185515 -0.00267132 -0.00879842 0.00151585 0.00561196 0.00391056 -0.00192841 0.00096518 0.00261313 0.00199948 0.00054742 -0.00146703 0.00118571
internal_weight=9.11688e+06 3.97698e+06 5.1399e+06 54216 985669 3.92276e+06 140404 935664 4.15423e+06 43513.1 3.78236e+06 1.57265e+06 10702.9 2.52014e+06 73495.3 50005.1 111238 29165.9 2.44664e+06 1.6341e+06 51447.9 14243.6 14922.3 6401.17 38662.6 1.58265e+06 522096 18698.1 339901 6309.21 15303.9 2.20971e+06 15716 8876.76 51333.6 94640 23082.2 12708.1 22946.6 6229.99 297720 27118.6 5473.87 398909 916040 1.29367e+06 35321.5 1.25834e+06 1.28493e+06 270601 266292 536755 8724.23 34832.7 12621.9 12096.9 28365.7 503398 92461.9 82998.9 1.23275e+06 69833.1 38647.6
internal_count=3329717 1449191 1880526 20625 361997 1428566 49890 344318 1518529 16552 1378676 598597 4073 913042 29451 17679 40126 9764 883591 605487 20463 4809 4955 2350 16286 585024 187602 5527 129626 2448 5804 780079 6608 3555 16243 24268 9130 4974 9678 2418 116397 12112 2320 169372 322458 457621 14154 443467 468627 104285 103253 174946 3173 13165 3826 3744 11333 182075 22977 21102 468971 28271 15977
cat_boundaries=0 1 3 5 7 9 11 13 15 17 19 21 23 25 27 29 31 33 35 37 39
cat_threshold=2582759 2651766936 4 3778032482 83 3247077946 6 3221236642 3 3811193140 64 34607136 53 280075591 116 3561152872 98 3372794037 55 304185669 96 402948485 48 801790099 6 205834264 4 231552 36 1418913589 64 1210094232 8 2148663716 74 6184 2 1611661856 18
is_linear=0
shrinkage=0.03


Tree=2
num_leaves=64
num_cat=14
split_feature=7 3 3 2 0 20 3 17 10 52 22 1 22 1 1 30 3 10 3 0 18 1 7 3 1 0 18 10 14 19 10 19 7 1 1 1 18 1 36 19 19 8 1 54 22 10 22 1 20 1 52 1 18 44 18 20 43 22 14 36 0 8 0
split_gain=6062.34 3257.8 2883.36 2245.2 2214.03 1963.2 1596.54 1571.6 1442.34 1514.78 1185.29 1104.71 1000.3 955.755 895.381 888.199 640.516 605.227 596.026 590.502 526.327 517.415 513.226 522.366 511.138 488.466 504.617 456.785 443.344 538.347 430.585 442.299 426.008 418.582 417.604 399.876 396.84 396.478 457.158 388.87 379.362 380.294 462.219 443.102 354.148 352.338 398.662 334.406 329.291 319.257 301.248 378.594 290.978 289.735 289.559 428.737 300.395 308.052 289.551 528.904 422.961 340.604 283.662
threshold=-0.02698943484574556 -1.7904666066169737 1.8029391169548037 -0.84132790565490712 775.50000000000011 -1.0979107618331907 0.21928988397121432 0 2.0446702241897587 0.084031339734792723 -0.67616242170333851 1 -1.9065327048301695 2 3 -0.16493003815412519 0.57078379392623912 0.66419869661331188 0.49299670755863195 745.50000000000011 1.6733871102333071 4 -0.75082522630691517 1.8029391169548037 5 929.50000000000011 -1.0364525914192197 2.0446702241897587 0.72120228409767162 0.45825855433940893 1.5670744776725771 1.0966395139694216 -0.69131106138229359 6 7 8 -2.0651226043701167 9 -0.49656434357166285 1.320500433444977 0.025464545935392383 0.66989099979400646 10 -2.307860136032104 -0.93718397617340077 -1.1542026996612547 0.33564253151416784 11 -1.341222286224365 12 1.9536082744598391 13 -0.6997048258781432 2.7153871059417729 -0.42175430059432978 -1.341222286224365 1.1979719996452334 0.070251468569040312 0.72120228409767162 0.4709084033966065 845.50000000000011 3.1577376127243046 760.50000000000011
decision_type=2 2 2 2 2 2 2 1 2 2 2 1 2 1 1 2 2 2 2 2 2 1 2 2 1 2 2 2 2 2 2 2 2 1 1 1 2 1 2 2 2 2 1 2 2 2 2 1 2 1 2 1 2 2 2 2 2 2 2 2 2 2 2
left_child=1 3 4 13 8 15 12 10 9 16 36 -10 21 17 32 20 24 -1 54 40 -4 -3 27 62 -2 26 -9 -8 -21 -30 31 -5 -14 -29 -27 -7 -6 38 -38 -26 -16 42 -42 -43 -36 46 -44 -13 -28 -33 -45 -52 -15 -39 55 -11 -56 -58 -12 -60 -61 -62 -24
right_child=2 6 5 30 7 35 22 25 11 18 58 47 14 52 19 -17 -18 -19 -20 28 -22 -23 23 -25 39 34 48 33 29 -31 -32 49 -34 -35 44 -37 37 53 -40 -41 41 43 45 50 -46 -47 -48 -49 -50 -51 51 -53 -54 -55 56 -57 57 -59 59 60 61 -63 -64
leaf_value=0.017188510499263666 0.00090001662719096541 0.010951662078454065 -0.016484124645499802 0.004368964497137951 0.0021889536455077132 0.00015612892666994936 0.00053900057016178203 0.0005056861963232866 -0.00096554554889822337 0.0085462763302038263 -0.002071345878486531 0.012186207059732085 0.0022531338979920362 0.015676118639052106 0.0012514547736507456 -0.003333760851310603 -0.00086747589992784723 0.033965570698376961 -0.0021375048105283169 1.4128098529264584e-05 -0.030791662209989197 0.00352061037919364 -0.00010238392350594988 -0.0041912243615745042 -3.2247550173976396e-05 0.004156535147771017 -0.0057451980850124398 -0.003510886272197701 -0.0017799945747880434 -0.010618172691468416 0.016218028706606401 -0.012773590464875299 0.001167403529308257 0.0091253198852047478 -0.0053746603750420901 -0.0057699839275082198 -0.019610140676821392 -0.0043442240803694783 -0.0085866639187588099 -0.0036200171202283374 -0.00039402833879188348 -0.007299017394023403 0.020161871624411399 -0.00040753817494532536 0.00065957363000593956 0.0030910439891348304 0.0049327839034451638 0.0057714550487568102 -0.0016451119578767982 0.002031873545167105 0.014077463602450532 -0.00010662101882803191 0.0055505115378128526 -0.0098271274729337093 -0.00077531555175518185 -5.8296726260681286e-05 -0.0012434431734020717 -0.0041329875366255472 -0.0030986977520593732 -0.002514629139708356 -0.017815072432171133 -0.0065954816111171138 -0.001391381035134762
leaf_weight=4809.9215698242188 852748.23816674948 12376.914947509766 8428.9674204587936 43361.389266967773 3782.12841796875 14087.985771179199 530341.0634765625 105742.61450195312 19284.901489257812 5322.68115234375 256255.35070800781 11662.628723144531 537462.91796875 4670.7581615447998 736382.10031890869 3574.9165822267532 467366.74670410156 3259.35595703125 399387.52734375 276455.52185058594 3203.3894348144531 26535.481536865234 837217.87884521484 32684.904296875 755270.70721435547 27755.437255859375 18731.9521484375 3070.0597991943359 69476.50732421875 6806.18701171875 2463.4591064453125 2430.6908140182495 823792.62990570068 10123.661880493164 10091.444885253906 37637.748603820801 4745.3610005378723 25801.625239372253 11851.810645580292 28199.639770507812 32447.77880859375 8250.88330078125 2552.3424224853516 256474.24816894531 65807.080749511719 24922.251708984375 3927.4887542724609 19850.157287597656 298532.16680908203 2822.2181367874146 2934.3630218505859 3986.8829498291016 5648.8085498809814 13075.098134040833 641172.23306953907 239280.40673828125 91377.510803222656 52160.467956542969 111238.94140625 5728.8662719726562 5414.963020324707 4438.4718551635742 188185.68951416016
leaf_count=1556 273763 3980 2908 17560 1039 5202 208278 44246 7933 1808 83033 4427 181024 1657 271879 1229 175512 1060 148065 115835 1075 9017 309944 13205 298993 14464 7451 946 17288 1881 983 975 271652 4413 3635 15980 1427 7057 3814 13769 18938 3134 1404 96641 25271 13513 2029 7492 125071 1230 982 1617 2106 3663 231181 86799 34458 21109 29389 1335 1291 1015 69724
internal_value=5.4723e-07 0.000784758 -0.000762758 0.00723088 -0.000671865 -0.00694384 0.000683587 -0.00194412 -0.000327799 -0.000399982 -0.00326242 0.00469113 0.0011126 0.0162183 0.00104588 -0.0164178 0.000112004 0.0239523 -0.00115382 0.000520127 -0.0204358 0.00588904 -7.30692e-05 -0.000457969 0.000391783 -0.00083681 -0.00128909 0.000676205 -0.00054457 -0.00256921 0.003994 0.00337296 0.00159608 0.00618903 0.00100881 -0.00415718 -0.0072109 -0.00785191 -0.0117363 -0.000161403 0.000870507 3.43571e-05 0.0021176 -0.000455334 -0.000143019 0.00471114 0.0109423 0.00815017 -0.00188728 -0.00484516 -0.00024082 0.00593292 0.010129 -0.00618768 -0.000772123 0.000129114 -0.00105305 -0.00229359 -0.00265165 -0.00382408 -0.00899979 -0.0127671 -0.000338951
internal_weight=9.11488e+06 4.49587e+06 4.61901e+06 69466.6 4.55208e+06 66933 4.42641e+06 968993 3.58308e+06 3.53229e+06 442333 50797.7 2.82478e+06 18388.8 2.78587e+06 15207.3 2.10359e+06 8069.28 1.4287e+06 1.42462e+06 11632.4 38912.4 1.60162e+06 1.05809e+06 1.63622e+06 526661 423007 543535 352738 76282.7 51077.8 48614.3 1.36126e+06 13193.7 103654 51725.7 59256 55473.9 16597.2 783470 1.07188e+06 335496 63849.9 271646 75898.5 31402.1 6479.83 31512.8 317264 5252.91 263395 6921.25 10319.6 38876.7 1.02931e+06 244603 784710 143538 383077 126821 15582.3 9853.43 1.0254e+06
internal_count=3329355 1644451 1684904 27127 1658510 26394 1617324 353201 1305309 1285457 133063 19852 1010814 6379 997817 5212 762037 2616 523420 545141 3983 12997 606510 392873 586525 220138 176768 213637 135004 19169 20748 19765 452676 5359 43370 21182 17000 15961 5241 312762 410137 138258 35884 102374 28906 16946 3433 11919 132522 2205 99240 2599 3763 10720 375355 88607 286748 55567 116063 33030 3641 2306 379668
cat_boundaries=0 1 3 5 7 9 11 13 15 17 19 20 21 23 25
cat_threshold=29398544 11607106 116 2529878060 2 210623617 61 3930619904 21 35074471 61 8396034 65 141606912 36 67643888 103 1073750784 2 2423259240 2382758072 689985571 81 3523347224 2
is_linear=0
shrinkage=0.03


Tree=3
num_leaves=64
num_cat=0
split_feature=5 10 7 20 7 22 32 22 30 32 0 0 0 0 34 14 19 7 0 10 5 54 54 32 0 20 0 54 19 16 14 44 55 19 20 0 0 16 14 54 16 19 22 42 44 5 10 42 0 58 0 36 56 48 14 54 20 55 42 36 54 4 0
split_gain=6145.98 3567.93 2860.5 1904.5 1896.86 1735.55 2184.31 1616.42 1425.18 1962.03 1337.08 923.695 900.878 899.143 836.473 827.568 693.697 637.147 667.393 562.679 559.937 547.753 491.804 471.617 459.09 446.952 446.233 492.164 439.987 431.621 387.919 382.22 876.782 374.105 321.633 367.103 317.683 342.355 315.728 315.512 312.384 308.318 300.784 286.924 284.204 280.631 370.75 272.535 268.22 266.136 264.386 253.025 326.447 454.955 1197.93 251.362 250.578 249.15 286.458 248.733 254.054 247.92 466.096
threshold=1.0000000180025095e-35 2.0446702241897587 0.2925232350826264 -1.341222286224365 -0.16895765066146848 -1.3206875324249265 -1.8464391827583311 -1.9065327048301695 -0.16493003815412519 1.8985549807548525 789.50000000000011 760.50000000000011 716.50000000000011 544.50000000000011 -1.5156522989273069 0.51240363717079174 -1.0000000180025095e-35 -0.63473242521286 775.50000000000011 2.0446702241897587 -1.9876974821090696 0.12587132304906848 0.10369330644607545 -2.1122099161148067 397.50000000000006 0.46000777184963232 760.50000000000011 -0.083275090903043733 0.05331165902316571 0.43152049183845526 0.32481369376182562 0.91594243049621593 0.94685247540473949 1.320500433444977 -0.75101098418235768 859.50000000000011 789.50000000000011 0.94121596217155468 0.51240363717079174 1.2390264272689822 0.40335552394390112 1.320500433444977 -1.3206875324249265 0.043962735682725913 1.4491579532623293 1.6610938906669619 0.35973155498504644 -0.96616706252098072 887.50000000000011 0.21363092958927157 929.50000000000011 -0.032940823584794991 -0.0428695511072874 -0.41107659041881556 0.16857351362705233 0.10369330644607545 -0.83948951959609974 0.94685247540473949 -0.17004660516977307 0.88028061389923107 -0.99538651108741749 1.5712455511093142 873.50000000000011
decision_type=2 2 2 2 2 2 2 2 2 2 2 2 2 2 2 2 2 2 2 2 2 2 2 2 2 2 2 2 2 2 2 2 2 2 2 2 2 2 2 2 2 2 2 2 2 2 2 2 2 2 2 2 2 2 2 2 2 2 2 2 2 2 2
left_child=1 4 17 8 5 6 26 20 9 45 24 21 19 -11 -9 -13 36 -2 28 22 -3 33 41 56 30 31 47 -28 55 50 -10 -16 -33 59 35 -14 -7 -38 -27 61 -37 -5 -20 49 -21 -4 -47 -1 -12 -31 -18 -30 53 -53 -55 -19 -23 -35 -59 -6 -61 -17 -63
right_child=2 7 3 12 11 16 -8 14 10 13 48 15 34 -15 25 39 29 18 42 44 -22 23 -24 -25 -26 38 27 -29 51 43 -32 32 -34 57 -36 40 37 -39 -40 -41 -42 -43 -44 -45 -46 46 -48 -49 -50 -51 -52 52 -54 54 -56 -57 -58 58 -60 60 -62 62 -64
leaf_value=0.02435921411728665 0.00062652457077094499 0.033523435063602468 -0.0039561601031947126 -0.00052706810938508574 0.0008097369756417625 0.0017422378234029263 0.0025280628492504202 0.021110147754746306 0.0015557377427244739 -0.033223134949982872 -0.014976955128130324 -0.00031666613769593864 -0.0025199838871590974 -0.013800869948199262 0.0025366258119920563 -0.0023502521206061251 0.00060802641168996555 0.00040178757147374801 -0.0070507102899137935 0.00028021480167666921 0.014578173544281108 0.011805807949099002 -0.0018889820468188216 -0.00042916020954103995 -0.0020547007930200398 0.003206634393757085 0.018888143521649074 0.0053871134853371271 -0.00051714451617316712 -0.004107991117469725 0.01423605754813613 0.0067508903466918426 0.022300182383857888 -0.0011317071346954393 -0.0023204575832935963 -0.0055477065623107487 0.0010373811917182309 -0.001978217490853632 -0.0086629230535522628 -0.010401494388084527 -0.013525931220276727 -0.0035629360214734724 -0.0015352397145787476 0.00079225255015780214 0.0071861837348371014 -0.018799648006686018 -0.0056886684547480049 0.014404790849822534 -0.0068521530724637483 -0.00089455156249883109 0.0034049603768260554 -0.0030816690998409992 -0.0011273755788606126 -8.8643949420437313e-05 -0.029044757082219069 -0.00047392993912238071 0.0024324668397030418 -0.00037453782735940672 -0.014566080771174321 0.0084884256728364887 0.0021468410694252455 -0.00090172639234697624 -0.013951414904071821
leaf_weight=3973.333984375 676348.4375 2608.3693237304688 13730.028856277466 698370.70232009888 1048898.7242363095 1148712.0436401367 54869.9521484375 3293.3671112060547 6808.9106454849243 4283.5473897457123 6827.0838165283203 410535.87060546875 27109.831909179688 4316.6889383792877 12481.677860498428 126516.12546539307 489678.23217773438 812036.99633789062 9156.2294921875 10673.569190979004 3064.7000122070312 3997.6503219604492 486961.02100753784 598836.52412796021 23901.078013420105 6923.4775533676147 3519.924446105957 7844.7925109863281 310758.7578125 33115.207092285156 3183.9273242950439 24179.960367918015 3770.0272216796875 35304.031982421875 453911.99719238281 16301.046875 259490.74096679688 38965.9736328125 2840.1471118927002 4967.4281005859375 6061.6260986328125 31459.216979980469 311242.0009765625 55120.247192382812 10775.574363708496 3265.2200164794922 4792.4875335693359 6664.4383163452148 7903.0743408203125 77421.304504394531 32426.91064453125 36947.863040924072 103959.66770935059 2994.7080957889557 2248.4806363582611 463294.2255859375 7165.3731155395508 2327.286491394043 2840.662239074707 6650.9160766601562 39049.013427734375 5033.1577987670898 4820.8550415039062
leaf_count=1331 253477 1007 4936 252948 382607 408177 19627 1085 2632 1362 2425 160150 9742 1509 6071 35452 207361 280523 3158 4869 1207 1346 180222 219993 8256 3040 1212 2626 133181 10965 947 8237 1246 15070 168401 6249 96358 9707 761 1367 1727 13473 112806 15878 3550 1091 1614 2215 2893 21418 13679 14110 30437 1501 944 162539 2655 1091 1328 1573 10096 1255 1191
internal_value=-6.00345e-06 0.000771329 -0.00078646 -0.00170742 0.000675282 0.00130235 0.00573088 0.00809047 -0.00626274 -0.0113589 -0.00307702 7.14596e-05 -0.00150075 -0.0234883 0.00647416 -0.000998322 0.00114288 -0.000172039 -0.000435169 -0.0010657 0.0233107 0.000409777 -0.00115062 -0.000315248 0.000202914 0.00551187 0.0137157 0.00957517 -0.00020252 0.00035844 0.00560105 0.00690284 0.00885187 0.000799413 -0.00257086 -0.00486781 0.00151567 0.000643643 -0.000248776 -0.00297821 -0.00771282 -0.000657952 -0.00169297 -0.000975761 0.00375049 -0.00656679 -0.01101 0.0181326 -0.0106216 -0.0018574 0.000781769 -0.00100131 -0.00203072 -0.00425618 -0.012522 8.36619e-05 0.00579299 -0.00203284 -0.00818173 0.000904142 0.00307059 -0.00270744 -0.00728983
internal_weight=9.11753e+06 4.56791e+06 4.54962e+06 1.82064e+06 4.50875e+06 2.2118e+06 76872.4 59161.7 79012 30388 48624.1 2.29694e+06 1.74162e+06 8600.24 53488.7 551873 2.13493e+06 2.72899e+06 2.05264e+06 1.23824e+06 5673.07 1.74507e+06 1.21679e+06 610000 33893.9 50195.3 22002.5 11364.7 1.73224e+06 687762 9992.84 40431.7 27950 1.13507e+06 503385 49472.5 1.44717e+06 298457 9763.62 141338 22362.7 729830 320398 165657 21449.1 21787.7 8057.71 10637.8 14730.2 110537 522105 456909 146151 42191.1 5243.19 1.27533e+06 11163 40472 5167.95 1.0946e+06 45699.9 136370 9854.01
internal_count=3329904 1668382 1661522 668846 1645728 810554 27011 22654 27665 10512 17153 835174 641181 2871 20440 199415 783543 992676 739199 455062 2214 635759 446643 223994 11835 19355 7384 3838 623235 269301 3579 15554 9483 411765 186119 17718 514242 106065 3801 39265 7976 266421 115964 48261 8419 7641 2705 3546 5318 32383 221040 180173 46992 16555 2445 443062 4001 17489 2419 394276 11669 37898 2446
is_linear=0
shrinkage=0.03


Tree=4
num_leaves=64
num_cat=17
split_feature=7 3 3 2 32 20 3 0 20 1 1 32 0 1 1 1 3 10 1 52 10 52 1 32 0 7 1 10 1 0 16 19 1 28 10 32 20 32 1 1 19 1 3 3 19 7 34 20 10 1 32 32 1 43 0 19 10 1 16 16 1 32 14
split_gain=5660.73 3028.4 2728.3 1953.27 1828.61 1729.35 1552.45 1419.66 1273.38 938.866 809.564 797.983 795.443 848.465 631.037 629.412 609.4 556.342 635.725 529.085 518.4 510.304 551.848 484.783 482.461 462.577 462.169 454.977 453.689 444.619 430.318 425.641 396.309 382.347 374.676 369.602 369.525 815.639 368.753 366.154 360.937 456.507 337.057 328.084 326.288 324.538 323.178 593.961 322.932 315.814 298.007 297.812 294.422 294.214 283.909 272.018 271.87 269.563 268.617 266.616 262.47 252.805 250.986
threshold=-0.02698943484574556 -1.7904666066169737 1.8029391169548037 -0.95707347989082325 -0.20019418001174924 -1.0979107618331907 -0.066661357879638658 716.50000000000011 -1.0979107618331907 0 1 1.8985549807548525 760.50000000000011 2 3 4 0.49299670755863195 2.0446702241897587 5 0.084031339734792723 1.5670744776725771 -0.92156186699867237 6 -1.540651738643646 775.50000000000011 -0.81874781847000111 7 2.0446702241897587 8 775.50000000000011 0.58054399490356456 0.52390769124031078 9 -2.4716247320175166 2.0446702241897587 -2.1122099161148067 -0.83948951959609974 -1.8464391827583311 10 11 1.0966395139694216 12 -0.098669108003377901 1.5147508978843691 1.0966395139694216 -0.98193383216857899 1.5988386273384096 1.1742111444473269 2.0446702241897587 13 -2.1122099161148067 -1.4267835617065427 14 1.98511677980423 789.50000000000011 0.34667599201202398 0.4288236945867539 15 0.29302562773227697 0.70798438787460338 16 0.19621862471103671 -0.16810990124940869
decision_type=2 2 2 2 2 2 2 2 2 1 1 2 2 1 1 1 2 2 1 2 2 2 1 2 2 2 1 2 1 2 2 2 1 2 2 2 2 2 1 1 2 1 2 2 2 2 2 2 2 1 2 2 1 2 2 2 2 1 2 2 1 2 2
left_child=1 3 4 9 12 11 10 16 28 23 27 38 17 34 21 -10 26 19 -19 39 44 22 -8 -1 -23 50 -6 45 -9 36 -31 -32 55 -15 -14 60 37 -12 -4 -2 -38 -42 -35 61 52 -3 -18 -48 -28 -46 57 -11 -5 -34 -30 -7 -44 -16 -56 -26 -21 -27 -47
right_child=2 6 5 20 7 32 14 8 15 51 29 -13 13 33 25 -17 46 18 -20 35 -22 24 -24 -25 59 43 48 -29 54 30 31 -33 53 42 -36 -37 40 -39 -40 -41 41 -43 56 -45 49 62 47 -49 -50 -51 -52 -53 -54 -55 58 -57 -58 -59 -60 -61 -62 -63 -64
leaf_value=0.031573515021509624 0.0014242973341526276 0.0028509930485629458 -0.0020747702804157523 0.0057924436961554618 0.0002328618922832956 -0.002984280293297652 -0.0054179105764419321 -0.0040182201744522446 -0.0028617797158813759 0.014950128521945112 0.017122376582413095 -0.024083595743149021 0.00064342399356151329 -0.0070618205800968533 0.012358073181691026 -0.00097900399704269709 -0.0014548188026373644 0.01135712392541135 0.00057006502992901589 0.011369654515688157 0.017359860115432186 0.00013237958617132124 -0.00085274328142224921 0.015995419661224187 -0.00085353728181852633 0.00079287891269186133 -0.00093889881925285595 0.0090757190430244897 -0.0045483358080466675 0.00035784863018020909 -0.0016293964888408584 -0.0099503746072624934 -0.0049294555635362013 -0.00062943471276705393 0.010942750328391457 -0.00051263781231374798 0.0010529250352804794 0.0024116024077576966 -0.014619784383133104 0.0001863360227153651 0.001351539218377543 -0.004095097465073692 -0.0018099339553219792 -0.0025676124323284954 -0.01059360282208844 0.0037935470284989319 -0.0030511042549165699 -0.017798300952332303 0.0042364197593694822 0.0041677081984224321 0.0013084300572801246 0.0044939495855128193 0.00034331657787479118 -0.014563382784252104 -0.0084668615702343918 0.0057694902825593843 -0.0045107143636286462 0.00105348927271134 -0.015817920539716934 -0.0033557952327428011 0.00080098973866946262 -0.00030633110827700224 0.0013633930277352924
leaf_weight=3725.6900177001953 435795.96212255955 229929.40051269531 3346.8976678848267 31699.064002037048 582410.9665222168 8696.626407623291 35813.45263671875 22824.806762695312 340817.90612792969 4906.4878997802734 3567.6812744140625 6064.94873046875 154632.06176757812 12006.7333984375 4210.768310546875 300945.37701416016 548793.3447265625 8912.4922943115234 10961.928604125977 3999.1399993896484 2519.437744140625 779623.82537841797 71216.16845703125 3509.8319549560547 137371.55590820312 424658.31158447266 816861.07876163721 8003.9970703125 6554.799072265625 224601.05859375 59733.132934570312 6092.9207763671875 35039.570583343506 160749.4966583252 3240.690185546875 499919.13824975491 893477.98809814453 67197.286987304688 5758.8489141464233 424473.11251831055 26995.635314941406 28415.561645507812 122632.91954040527 37525.87109375 2764.3076791763306 41017.783675193787 13790.498550415039 2986.9975433349609 10992.47509765625 2448.6289358139038 388462.38012695312 4906.9708404541016 12432.940300941467 3102.9102172851562 9776.6207294464111 5043.3966979980469 46178.391418457031 3466.166259765625 8283.8027324676514 53149.3359375 4488.4156646728516 338329.60180664062 566199.6312417984
leaf_count=1270 138974 76433 1428 12573 214646 3234 17675 9007 101996 1627 1280 1949 69151 3493 1487 133429 204186 3523 4155 1415 1014 274204 22168 1249 52956 160836 291530 2933 2136 92955 15477 1669 14959 52710 1424 183039 337634 24866 1810 172582 11559 12430 39765 16542 941 22079 4588 1140 4388 1256 151924 1786 5344 1374 3365 1706 14276 1478 2289 14526 1691 126430 177780
internal_value=-2.12146e-06 0.000755448 -0.000739668 0.00699578 -0.000651193 -0.00674679 0.000658344 -0.00115723 -0.00232959 0.0158036 0.00123525 -0.0156549 6.31118e-05 -0.000963633 0.000111525 -0.00197895 -0.000748282 0.000432418 0.00541506 0.000360046 0.00409922 -0.00041523 -0.00238107 0.024 -0.000198345 0.000585686 -0.00041463 0.00195915 -0.00707224 0.000768226 -0.000267321 -0.00240029 -0.00414076 -0.00180424 0.000855126 -0.000407216 0.00106319 0.00315442 -0.0100307 0.000813487 0.000907215 -0.00144218 -0.00161264 0.000170764 0.00342048 0.00189108 -0.00158024 -0.00568116 -0.000870144 -0.00367486 0.00142416 0.00971684 0.00425891 -0.00571349 -0.00989709 0.000229631 -0.00254885 0.00727548 -0.011842 -0.00155166 0.00579879 0.00030546 0.00152758
internal_weight=9.11806e+06 4.49797e+06 4.62008e+06 68913.4 4.55303e+06 67053.2 4.42906e+06 2.66504e+06 689203 17049 2.15523e+06 15170.7 1.88799e+06 499440 2.27383e+06 641763 1.97584e+06 1.38855e+06 19874.4 1.36868e+06 51864.4 1.07717e+06 107030 7235.52 970145 1.19665e+06 1.41026e+06 845151 47440 1.31008e+06 290427 65826.1 51882.5 341568 157873 508407 1.01965e+06 70765 9105.75 860269 948889 55411.2 329561 800514 49344.9 837147 565571 16777.5 827854 5212.94 396139 9813.46 44132 38142.5 24615.2 13740 168811 7676.93 18060.4 190521 8487.56 762988 607217
internal_count=3329739 1644381 1685358 27060 1658898 26460 1617321 972700 252222 5932 777095 5187 686198 180819 840226 235425 720478 505379 7678 497701 21128 381529 39843 2519 341686 458697 510564 279225 16797 497870 110101 17146 21273 110244 70575 186145 387769 26146 3238 311556 361623 23989 106751 303808 20114 276292 209914 5728 295918 2197 154889 3413 17917 16333 7790 4940 54041 2965 5654 67482 3106 287266 199859
cat_boundaries=0 2 4 6 8 10 12 14 16 18 20 22 24 26 28 30 32 34
cat_threshold=2496323628 18 202169472 29 485788696 36 3833803714 83 3357029287 74 2668085436 75 3825205314 16 723914914 63 534103097 96 67643888 71 200347344 45 33930407 45 2164466010 2 673208481 81 1293802629 57 269536297 12 1129868639 16
is_linear=0
shrinkage=0.03


Tree=5
num_leaves=64
num_cat=15
split_feature=7 3 3 20 20 3 32 0 30 10 1 54 1 1 1 22 10 1 0 1 52 32 52 1 32 10 0 0 6 1 14 36 1 18 22 1 32 20 32 18 0 19 1 1 52 26 32 19 16 19 14 58 1 34 22 1 1 48 20 22 50 0 19
split_gain=5059.31 2815.19 2504.46 2003.46 1820.15 1476.33 1427.23 1386.96 1252.27 1128.83 1062.25 1013.87 840.365 809.758 769.556 644.275 609.95 606.594 591.056 533.488 521.648 505.624 486.701 629.469 476.407 475.985 455.88 435.369 431.45 494.042 419.761 396.996 391.946 391.925 396.189 387.327 382.315 376.929 677.066 370.408 366.153 363.278 374.011 351.821 327.244 415.552 326.735 323.747 447.887 322.927 321.465 1455.09 301.974 301.899 553.155 288.618 284.026 278.038 272.563 271.244 297.83 267.036 258.747
threshold=-1.0000000180025095e-35 -1.7904666066169737 0.65383484959602367 -1.341222286224365 -0.94449669122695912 -0.066661357879638658 1.6681945323944094 775.50000000000011 -0.16493003815412519 2.0446702241897587 0 0.10369330644607545 1 2 3 -0.67616242170333851 1.5670744776725771 4 803.50000000000011 5 1.9536082744598391 -0.20019418001174924 -0.92156186699867237 6 -2.1122099161148067 2.0446702241897587 775.50000000000011 544.50000000000011 -1.0000000180025095e-35 7 0.22192367911338809 -0.49656434357166285 8 -0.89262008666992176 -0.93718397617340077 9 -2.1122099161148067 -0.83948951959609974 -1.8464391827583311 -0.89262008666992176 760.50000000000011 0.79499089717865001 10 11 1.9536082744598391 -0.062141548842191689 0.19621862471103671 0.52390769124031078 0.78038501739501964 -0.17624124139547345 -0.16810990124940869 0.63941931724548351 12 1.5988386273384096 1.5657705664634707 13 14 -0.39475017786025995 -0.83948951959609974 -1.9065327048301695 -0.2393136993050575 929.50000000000011 1.0000000180025095e-35
decision_type=2 2 2 2 2 2 2 2 2 2 1 2 1 1 1 2 2 1 2 1 2 2 2 1 2 2 2 2 2 1 2 2 1 2 2 1 2 2 2 2 2 2 1 1 2 2 2 2 2 2 2 2 1 2 2 1 1 2 2 2 2 2 2
left_child=1 4 7 6 12 14 28 9 27 11 15 21 -1 44 25 31 41 36 53 -20 33 -2 23 57 58 50 37 -8 29 -4 -28 32 -9 -12 -35 -23 -7 38 -16 -14 62 52 -43 -42 -11 -46 -26 -32 -49 -39 51 -3 -6 -5 56 -41 -55 -19 -13 -52 -61 -38 -24
right_child=2 5 3 18 16 17 8 10 -10 13 20 24 39 -15 26 -17 -18 22 19 -21 -22 35 40 -25 46 -27 30 -29 -30 -31 47 -33 -34 34 -36 -37 61 49 -40 55 43 42 -44 -45 45 -47 -48 48 -50 -51 59 -53 -54 54 -56 -57 -58 -59 -60 60 -62 -63 -64
leaf_value=0.024826296598083681 0.00093950277260753745 0.0028446637259875694 0.0040643211309359635 -0.0013421564442438363 0.0059610114357743754 0.0063902039854947645 -0.030371307290320868 -0.019964482999699676 -0.0047504645880185048 0.0053254914345782873 0.00050649550037826826 0.013947182833585516 0.016445861485021526 0.0013121245446069956 0.015645851036458446 -0.0023814946920416649 0.018099280050463691 -0.0040244563065397684 -0.0050408167981561272 -0.0015553099568451085 0.0067972340839464957 0.00072411197081789726 0.00044603641464372541 -0.00079226866007160452 -0.00044640723984488664 0.0090805158414518014 0.00069463528499779314 -0.016653881232123285 -0.0090516318653773003 -0.0059335589526242818 -0.0010080882007498021 -0.0049668031478319408 -0.0066616382841680061 -0.0045132040391065017 -0.00099745579729363493 -0.00053166807787120819 0.0005146232098233852 0.001342701040563271 0.0024233424998573866 0.00025185978438785908 0.00035024091461293425 0.0058830842728836543 -0.0078373433235852524 -0.001891550369676392 0.020545863387272104 0.0076700424583979517 -0.0015237514655165663 -0.002776877653816632 -0.014393160761425883 0.00024943484416823194 0.0064510206333876358 0.024566632229346009 0.00061083819365199022 0.0023527106593435594 -0.016431478958942439 0.012019171928643334 -0.0068633839809564773 -0.010550049799926638 0.0024738262159512579 0.001262549991731775 0.0026896581690087082 0.003287986373199321 -0.00061200532227507988
leaf_weight=5289.2640686035156 715698.03805541992 55857.664323806763 7520.3974723815918 709037.01568603516 27877.870436668396 10426.578125 4235.1166280508041 3526.4808349609375 5106.5641841888428 6874.7485961914062 150131.5972366333 2766.2946929931641 5641.3531742095947 21295.211364746094 3669.1044921875 248930.9775390625 2540.9208984375 30391.917617797852 86624.919982910156 72739.386108398438 8375.27978515625 333770.34906005859 722587.54299926758 109782.64453125 582724.38204669952 8114.65966796875 164202.12060546875 4144.4585920572281 12585.695087432861 10847.844207763672 118673.79028320312 29537.631559371948 4660.4115314483643 32122.294464111328 282646.86806488037 654479.23155283928 872572.72039794922 536704.37200927734 67940.470703125 3681.401762008667 97857.545715332031 2775.0451316833496 4972.9911994934082 176884.9951171875 4448.9723358154297 4590.4798126220703 448240.783203125 12992.596038818359 3875.6122131347656 444590.93170166016 10345.430908203125 2915.7449798583984 14413.778046607971 5588.3237991333008 3316.0470275878906 3823.1604385375977 6496.0320053100586 7284.6463470458984 5697.5764007568359 625643.58975207806 166679.38107120991 32402.051483154297 292115.79125976562
leaf_count=1704 257069 31001 2734 270927 10966 3899 1305 1010 1792 2555 58904 943 1932 8499 1316 76705 1019 16594 30760 30647 3380 125430 255074 36798 212900 2974 73209 1404 3826 4488 34702 8487 1668 12168 111666 228662 324757 195255 25129 1168 43898 1343 1903 56912 1707 1759 162611 4554 1036 178665 3055 998 6205 1957 1274 1554 2173 3266 2125 187846 61930 12021 115610
internal_value=-1.20131e-06 0.000692035 -0.00072186 -0.00210889 0.00661906 0.000600015 -0.00832399 -0.00035821 -0.0164675 -4.77969e-05 -0.001494 -0.000118198 0.0147291 0.00514204 0.00115451 -0.00293515 0.0037745 7.61902e-05 -0.00179633 -0.00345042 -0.000621021 0.000332245 -0.000308326 -0.00194099 -0.000856611 0.0018508 0.000706869 -0.0236008 -0.00477392 -0.00184121 -0.000325344 -0.00658853 -0.012433 -0.000754747 -0.00135631 -0.000107539 0.000679759 0.00100073 0.00310188 0.0106316 -0.000121612 0.00304538 -0.00292512 -0.00109314 0.0102577 0.014015 -0.000914818 -0.00156098 -0.00544929 0.000847384 0.00178266 0.00392429 0.00413941 -0.00143244 -0.00558729 0.00626701 -0.00260599 -0.00528599 0.00622975 0.00162583 0.00156278 0.000613939 0.000141443
internal_weight=9.11429e+06 4.64553e+06 4.46876e+06 928242 71015.8 4.57451e+06 44440.1 3.54052e+06 13486.1 2.78059e+06 759932 2.74338e+06 18435.2 37209.4 2.22221e+06 286656 52580.6 2.35231e+06 883802 159364 473276 1.70395e+06 1.43691e+06 147459 1.03943e+06 869556 1.35265e+06 8379.58 30953.9 18368.2 299744 37724.5 8186.89 464901 314769 988250 915401 1.0529e+06 71609.6 13145.9 1.28945e+06 50039.7 7748.04 274743 15914.2 9039.45 1.03097e+06 135542 16868.2 981295 861442 58773.4 42291.6 724437 15400.4 7504.56 12084.4 37676.6 8463.87 802668 792323 904975 1.0147e+06
internal_count=3329828 1698293 1631535 353287 27794 1670499 15549 1278248 4501 1004260 273988 989740 6358 14520 801670 87870 21436 868829 337738 61407 186118 611161 528152 56658 378579 287804 513866 2709 11048 7222 113501 11165 2678 182738 123834 354092 340677 400365 26445 4654 471494 20417 3246 100810 6021 3466 375511 40292 5590 373920 284830 31999 17171 276331 5404 2722 4130 19860 3068 252831 249776 336778 370684
cat_boundaries=0 2 3 5 7 9 11 13 15 16 18 20 22 24 26 28
cat_threshold=3221238695 10 2487918604 2404295356 10 202169472 29 304925752 44 3893834275 89 3826253888 16 3361246235 55 1073750304 724766752 45 2525409104 14 231866433 16 1226642561 57 1610619731 76 1227167706 120
is_linear=0
shrinkage=0.03


Tree=6
num_leaves=64
num_cat=15
split_feature=5 10 3 7 23 3 20 22 7 5 3 17 3 5 17 52 19 48 16 19 20 7 19 52 43 17 17 2 17 10 42 14 58 17 3 17 55 42 17 17 55 17 17 15 9 28 16 10 17 42 17 17 30 55 10 3 52 46 35 17 55 20 20
split_gain=5391.5 3333.5 2514.4 2163.15 1934.96 1596.08 1727.93 1442.17 1152.18 883.875 784.233 733.139 708.127 652.693 676.644 635.792 595.273 583.883 557.899 498.263 484.705 482.762 456.309 436.571 404.268 392.323 389.881 370.26 367.469 367.162 365.7 343.751 1125.1 338.088 335.291 334.974 302.449 302.279 423.753 295.256 428.84 292.122 291.411 282.627 737.662 313.076 271.114 268.192 282.543 265.627 253.62 251.243 331.026 309.646 303.967 243.333 240.051 238.461 237.493 236.466 412.93 232.987 229.605
threshold=-0.14152416586875913 2.0446702241897587 1.8029391169548037 0.2925232350826264 0.41023367643356329 -1.5114245414733884 -0.94449669122695912 -1.9065327048301695 -0.19918341934680936 -1.9876974821090696 0.35258246958255773 0 0.61164435744285595 -2.2509361505508418 1 0.10557980462908746 1.0000000180025095e-35 -0.16048149019479749 0.43152049183845526 0.6901068687438966 -1.341222286224365 0.22794684022665027 0.92727679014205944 0.084031339734792723 1.4123567938804629 2 3 0.3243319988250733 4 1.5670744776725771 0.066866926848888411 -0.16810990124940869 0.58892410993576061 5 0.49299670755863195 6 0.94685247540473949 -0.96616706252098072 7 8 0.50276505947113048 9 10 -1.8659238815307615 -0.29193235933780665 1.0398972034454348 0.58054399490356456 2.0446702241897587 11 0.13071413338184359 12 13 -0.16493003815412519 0.75619202852249157 0.51089519262313854 -0.13255524635314939 0.19654960930347445 1.5626839399337771 0.9357704520225526 14 0.58925312757492077 -1.0979107618331907 -0.26952305436134333
decision_type=2 2 2 2 2 2 2 2 2 2 2 1 2 2 1 2 2 2 2 2 2 2 2 2 2 1 1 2 1 2 2 2 2 1 2 1 2 2 1 1 2 1 1 2 2 2 2 2 1 2 1 1 2 2 2 2 2 2 2 1 2 2 2
left_child=1 5 3 10 11 6 13 21 16 -6 17 57 23 14 -1 34 26 22 37 59 -14 -4 25 41 29 43 31 42 62 -25 39 32 -7 -21 -10 -17 -30 38 -18 40 -20 -5 -13 44 45 -2 -29 -26 -49 -39 -31 52 -9 -53 -55 -28 -51 -3 -33 60 -8 -40 -24
right_child=2 4 7 12 9 8 19 51 15 -11 -12 27 20 -15 -16 35 18 -19 30 33 -22 -23 28 24 47 -27 55 46 36 50 -32 58 -34 -35 -36 -37 -38 49 61 -41 -42 -43 -44 -45 -46 -47 -48 48 -50 56 -52 53 -54 54 -56 -57 -58 -59 -60 -61 -62 -63 -64
leaf_value=0.024151686598609248 0.00018194925396966731 0.0090596937207958264 -0.0091697494036148408 0.00038442811168378497 0.031366116813737722 0.0035664800038497061 0.0036082735994190365 -0.0048691264937147875 0.00078158464712006239 0.012512167464894626 -0.00077129079001372143 0.010664935591847219 -0.0069080637274171845 0.0066618628553095222 0.0091865274419387546 -0.001246768518387118 -0.00232586271827226 0.0021198653840458484 -0.002747551340224628 -0.0090211074275968577 -0.0021776304185414153 -0.022436033230942475 0.0047651320984177141 -0.0014270722845283633 -0.0036772143820221221 0.00079458256564174975 0.0016397528117879179 0.0019527914758075543 -0.0023840101168269776 0.004927810156002666 0.0009893735931001419 0.0016461339128221418 0.024885846485911682 0.00023872916985216076 -0.00036395833134992807 1.2188231445410049e-05 -0.0093783690701825951 0.00025836171461337182 0.015501907691749394 -0.0012521794542965602 -0.011307128245246384 -0.00091087185675812826 0.0036300852819487316 -4.2760542731591721e-05 -0.01613442594923863 -0.011131422716940802 -0.009612643466847013 0.0064037591164985115 -0.0020810429877264652 0.0035496856657680409 -0.00076592303351272325 -0.0041774105757084786 0.0068677330158429814 -0.014956289394475509 -0.0039365430979440693 0.00058754368944154156 0.00082433663389025382 0.018824633956287053 0.0034795881022533239 0.0011823951835773319 0.013286561992037748 0.0054878999372905343 -0.00064225032493554031
leaf_weight=5360.8348331451416 18264.402031302452 5348.0635108947754 4463.0561752319336 214976.10205078125 3972.0230102539062 29422.214294433594 59141.967880249023 4822.6680192947388 972076.11223709583 5144.0269165039062 965086.97265625 6994.7099227905273 20402.9033203125 13384.80615234375 5613.5401668548584 361622.02294921875 5788.1429405212402 142408.23756545782 21215.835752487183 4849.7831344604492 436332.2841796875 5551.0785903930664 9259.4402770996094 512696.50830078125 109209.4345703125 705652.94504141808 377123.990234375 5511.9578018188477 68353.975524902344 14118.333145141602 44758.737548828125 376095.96002197266 2405.6674194335938 13122.557945251465 301204.11187744141 401267.8793400526 6053.244873046875 326695.36840820312 2560.3175201416016 72058.154970169067 7005.225341796875 577979.12805175781 21950.562019348145 1042590.3496973515 3460.0130844116211 2498.1293789148331 2720.624137878418 4932.2005767822266 12334.879501342773 48052.6513671875 14029.221542358398 54145.08712542057 3912.8880437612534 5154.3093605041504 4007.3189353942871 416018.62847900391 73696.9248046875 3905.7983055114746 76524.891662597656 34944.8583984375 4248.9288330078125 11383.510486602783 29795.010711669922
leaf_count=1482 9553 2024 1484 92739 1519 16127 22939 2071 346181 2046 361886 2408 7166 4771 2013 110809 3194 60910 6212 1954 164173 1849 4242 183705 42926 247097 142661 2532 25715 5096 12775 108229 692 5689 114801 164838 2354 137260 871 21097 2038 196340 8613 359723 1486 1470 708 1956 4717 20654 5531 21837 1461 1837 1535 163312 29528 1312 21382 15206 1547 4768 14827
internal_value=4.78252e-06 0.000807611 -0.000658257 -0.000571222 0.00810677 0.000707924 0.00384773 -0.00586625 0.000595449 0.0207399 -6.73352e-05 0.00562452 -0.00135804 0.0111123 0.0165348 0.000100261 0.0011287 0.00026761 0.000360375 0.00232584 -0.00238902 -0.0165311 0.000127739 -0.00103557 -0.00160101 0.000245806 0.00149748 0.0037391 -0.00171661 -0.00124392 -0.00126536 0.00216806 0.00518153 -0.00226671 0.000510597 -0.000584598 -0.00295322 0.000864024 0.0044976 -0.00227174 -0.00487217 -0.000559713 0.00533656 -0.000117195 -0.00332041 -0.00118162 -0.00187276 -0.00312793 0.000346226 0.000704096 0.0020918 -0.00438275 0.000388602 -0.00504039 -0.010141 0.00108784 0.00190009 0.0131749 0.00195615 0.00316527 0.00425731 0.00732628 0.000640071
internal_weight=9.11568e+06 4.12319e+06 4.99249e+06 4.91043e+06 55547.8 4.06764e+06 140667 82056.4 3.92698e+06 9116.05 2.99342e+06 46431.7 1.91701e+06 24359.2 10974.4 2.03617e+06 1.89081e+06 2.02834e+06 613215 116308 456735 10014.1 1.88593e+06 1.46028e+06 667321 1.77247e+06 1.27759e+06 37177.9 113462 540844 145038 484449 31827.9 17972.3 1.27328e+06 762890 74407.2 468177 19732 100279 28221.1 792955 28945.3 1.06681e+06 24222.5 20762.5 8232.58 126477 17267.1 448445 28147.6 72042.3 8735.56 63306.7 9161.63 793143 121750 9253.86 452621 98335.8 63390.9 13943.8 39054.5
internal_count=3329878 1504192 1825686 1793612 21162 1483030 55601 32074 1427429 3565 1089263 17597 704349 8266 3495 736629 690800 727377 238397 47335 171339 3333 666467 533010 243931 619329 452403 14261 47138 194332 42122 146430 16819 7643 460982 275647 28069 196275 8833 29347 8250 289079 11021 372232 12509 11023 3240 49599 6673 187442 10627 28741 3532 25209 3372 305973 50182 3336 129611 39692 24486 5639 19069
cat_boundaries=0 1 2 3 4 5 6 7 8 9 10 11 12 13 14 15
cat_threshold=34605107 9617978 26548013 38053930 34933979 56918284 31511552 25741977 2801920 6538112 188416 45777037 36330015 311553 54549018
is_linear=0
shrinkage=0.03


Tree=7
num_leaves=64
num_cat=16
split_feature=5 3 10 7 23 7 2 3 1 3 30 2 5 3 1 1 7 1 3 1 1 1 54 1 46 55 2 42 1 1 54 1 54 54 1 19 54 2 34 1 44 15 6 19 30 58 10 2 1 18 42 15 30 55 54 14 56 15 1 34 1 2 19
split_gain=5091.48 2787.59 2643.99 2100.79 1617.04 1438.07 1353.7 1251.82 1004.85 945.8 869.963 864.014 809.767 694.939 680.855 571.892 533.209 520.922 488.897 488.614 485.043 483.851 476.925 558.296 446.453 441.141 427.675 619.793 542.601 397.363 390.535 377.073 368.263 358.729 439.399 347.467 338.164 336.628 315.221 312.956 309.788 493.607 1174.42 330.195 355.129 448.73 306.636 305.879 321.887 303.239 290.161 280.513 479.429 280.307 277.339 277.139 720.309 879.283 265.863 261.866 252.244 247.863 295.078
threshold=-0.14152416586875913 1.8029391169548037 2.0446702241897587 0.2925232350826264 0.41023367643356329 -0.75082522630691517 -1.3648050427436826 -1.7904666066169737 0 0.21928988397121432 -0.16493003815412519 -0.74895048141479481 -1.9876974821090696 0.45614747703075414 1 2 0.2593142986297608 3 -0.13255524635314939 4 5 6 -2.307860136032104 7 0.5378178358078004 0.75619202852249157 -1.3648050427436826 -0.75396415591239918 8 9 -2.307860136032104 10 -1.1136040091514585 -2.307860136032104 11 0.40057253837585455 0.27230747044086462 -1.901797831058502 -1.3371447920799253 12 2.8414053916931157 -1.8659238815307615 0.63358229398727428 0.52390769124031078 0.39441095292568212 -0.17129050940275189 2.0446702241897587 0.35280406475067144 13 1.145769536495209 0.07877706736326219 1.2796644568443301 0.39441095292568212 0.75619202852249157 0.10369330644607545 -0.14088202267885205 0.63976013660430919 0.8768218755722047 14 1.5988386273384096 15 0.12922331690788272 0.6901068687438966
decision_type=2 2 2 2 2 2 2 2 1 2 2 2 2 2 1 1 2 1 2 1 1 1 2 1 2 2 2 2 1 1 2 1 2 2 1 2 2 2 2 1 2 2 2 2 2 2 2 2 1 2 2 2 2 2 2 2 2 2 1 2 1 2 2
left_child=2 3 5 14 8 7 10 11 25 17 16 15 -6 19 33 -1 -3 55 58 -5 -11 -14 23 24 -9 -4 27 28 -24 32 39 -8 -28 34 -2 -25 40 -15 -29 -19 -35 42 -42 -43 -45 -46 -38 60 -49 -18 -36 -21 -53 59 61 56 -7 -58 -16 -33 -10 -32 -63
right_child=1 6 4 13 12 9 31 22 47 20 -12 -13 21 37 18 -17 49 30 -20 51 -22 -23 26 35 -26 -27 29 38 -30 -31 54 53 -34 36 50 -37 46 -39 -40 -41 41 43 -44 44 45 -47 -48 48 -50 -51 -52 52 -54 -55 -56 -57 57 -59 -60 -61 -62 62 -64
leaf_value=0.02554222892769106 0.00098759232507893168 -0.01041831444931552 0.0080331147790619461 -0.0014807334128959513 0.02899284577897928 0.0022154283939471945 -0.001807682702045804 0.011941773623688125 0.0077141034659094394 -0.0010507300099385013 -0.0014709421497271506 0.0039007223207568383 0.02028028360895549 -0.0067328850287753294 0.00206611563308281 0.0097761670499412878 -0.017006622426173439 -0.009255888816517786 -4.2489574679569373e-05 -0.000406213115320124 0.00022375527913429577 0.0018780395846687188 0.019565380483821899 0.00036469675326915757 -0.0024457674444596459 0.019213910597998953 -0.0026445431977105845 0.011263716343428622 0.0026669476249619639 0.00205731658199071 0.0015362811210228044 -0.004354048764344586 0.0010291909608544309 0.00023408251587832187 -0.011622908003216659 -0.012251205617036576 -0.0012127601607303906 -0.0020561864630361049 0.0017841805152113289 -0.00096472901114563997 -0.0025271930346680779 -0.00030611849070494426 -0.025175632834965565 -0.00050972554363652668 -0.016222712549290943 -0.0040315045717314183 0.0033217059137531264 -0.010688853064787472 0.0023235427649094952 -0.02923964299851629 -0.001837542046636485 -0.00099989523159863783 0.011954988019818657 -0.013301206376359473 -0.00011394595523685208 0.001147182585813304 0.0024461475313037667 0.026599606247948281 0.00067482509874244292 -0.01407182738280535 0.0011676989840954275 0.00061825826004725012 -0.002160356969103236
leaf_weight=3497.1499614715576 7947.3045043945312 5528.2020871043205 11444.324765205383 696468.24084472656 3981.341064453125 105350.20365524292 31526.801567077637 2826.4157929420471 8109.0364685058594 471901.8681640625 4003.8017295002937 12717.219635009766 2528.5924844741821 14182.568359375 178795.1015625 5188.7944660186768 3924.1920299530029 6524.5820617675781 792042.25411987305 608397.3857421875 624262.78900146484 2622.0987997055054 4231.9526062011719 2822.9622421264648 6169.0778822898865 4399.651611328125 26407.82080078125 3577.989013671875 2887.9493713378906 508706.05624389648 271105.03316688538 25909.114295959473 349656.83908081055 729390.69796901941 7638.3049926757812 6456.1882476806641 466708.56573486328 587621.802734375 26586.430603027344 10998.977750778198 13507.071716308594 339285.66262054443 2426.8400268554688 18568.989574432373 3420.5106794834137 13171.544187307358 13814.61328125 3196.6267700195312 3656.0694524049759 3459.1322784423828 4243.6085205078125 6012.438138961792 4485.770845413208 4556.4200439453125 476129.1501083374 668222.45318603516 2999.9766120910645 2472.7547912597656 400596.15625 2758.4531555175781 15266.977333903313 430768.70747375488 37377.283081054688
leaf_count=1115 3270 1844 4410 230404 1532 46760 13059 1329 2466 189224 1339 5185 965 4924 61989 1785 1267 2760 302855 248280 216683 1083 1323 1172 2090 1786 10913 1176 1153 180261 96366 10445 137968 269799 2877 2861 163969 217823 9412 4742 5822 94607 938 5476 1507 4227 5415 931 1595 1185 1637 1684 1384 1814 177135 210509 1569 732 164273 1006 6278 162732 16608
internal_value=6.38155e-06 -0.000638235 0.000786224 -0.000546777 0.00730728 0.000697761 -0.00613514 0.00171154 0.00502022 0.00038407 -0.013691 0.00888479 0.0188368 -0.00132204 -4.99444e-05 0.0161756 -0.0174783 0.000770349 0.000441964 -0.000935689 -0.000324924 0.010966 0.00154822 -0.00325029 0.00207666 0.0111359 0.00164334 0.00479057 0.012749 0.00151069 0.000386613 -0.00416037 0.000771164 -0.000466345 -0.00447615 -0.00840593 -0.000416648 -0.00216646 0.00291029 -0.00405938 -0.000130968 -0.000813027 -0.00598352 -0.000592929 -0.00336006 -0.0065489 -0.00108237 0.00180916 -0.00376201 -0.0227538 -0.00812349 -0.000322293 0.00453864 -0.0063898 0.000450736 0.00137761 0.00276704 0.0133738 0.00110423 -0.0052914 0.00344358 0.000814429 0.00039639
internal_weight=9.11544e+06 4.99039e+06 4.12505e+06 4.90873e+06 55204.7 4.06985e+06 81666.1 961733 46072.7 3.10811e+06 16915.3 21403.2 9132.03 1.91717e+06 2.99156e+06 8685.94 12911.5 2.01195e+06 1.37143e+06 1.31536e+06 1.09616e+06 5150.69 940330 18274.6 8995.49 15844 922055 37284.3 7119.9 884771 1.2329e+06 64750.8 376065 1.62012e+06 19829.2 9279.15 1.60029e+06 601804 30164.4 17523.6 1.11977e+06 390381 15933.9 374447 35161 16592.1 480523 30228.7 6852.7 7383.32 11881.9 618896 10498.2 33224 1.21538e+06 779045 110823 5472.73 579391 28667.6 23376 739251 468146
internal_count=3329728 1825119 1504609 1793160 21046 1483563 31959 357743 17466 1125820 5635 8085 3580 704499 1088661 2900 4296 719913 529117 481752 405907 2048 349658 7452 3419 6196 342206 13064 2476 329142 460343 26324 148881 559544 7784 4033 551760 222747 10588 7502 382376 112577 6760 105817 11210 5734 169384 11270 2526 2452 4514 251348 3068 13265 452841 259570 49061 2301 226262 11451 8744 275706 179340
cat_boundaries=0 2 4 6 8 10 12 14 16 18 20 22 24 26 28 30 32
cat_threshold=2618212504 14 1892902807 66 2483740813 33 142974097 13 1356508995 72 3977262016 27 2575941689 55 151236501 103 2992290120 100 3814859366 83 3227265524 111 90644 66 1343243040 18 46150690 1 134221824 21 37819424 65
is_linear=0
shrinkage=0.03


Tree=8
num_leaves=64
num_cat=14
split_feature=5 10 3 7 22 3 3 20 7 32 55 12 54 17 52 22 10 30 17 17 24 17 19 17 17 17 54 17 32 19 43 19 7 3 30 46 55 20 22 34 15 10 17 17 19 17 52 54 42 13 52 17 43 17 17 10 36 55 20 4 54 42 54
split_gain=4826.32 2658.4 2340.42 1696.74 1594.57 1573.26 1515.13 1597.58 1176.57 1095.01 798.163 885.662 786.613 674.768 649.195 540.213 601.119 511.905 509.373 488.17 486.563 470.661 443.547 436.613 399.051 380.413 380.177 436.115 374.928 536.505 364.082 360.251 356.321 354.034 350.721 323.136 366.928 322.55 319.839 367.039 319.251 325.502 335.562 318.456 317.579 300.273 287.587 286.136 341.331 340.611 318.649 301.534 282.516 281.475 280.399 327.409 293.786 272.032 270.611 330.627 258.848 256.049 298.049
threshold=-1.0000000180025095e-35 2.0446702241897587 1.5147508978843691 0.02624323591589928 -1.9065327048301695 -1.7904666066169737 -1.2063708901405332 -1.0979107618331907 -0.16895765066146848 -2.1122099161148067 0.94685247540473949 -0.58841416239738453 0.1484339311718941 0 0.10557980462908746 -1.0834116935729978 2.0446702241897587 -0.16493003815412519 1 2 1.6159871816635134 3 0.60009330511093151 4 5 6 -1.4622406959533689 7 1.8985549807548525 -0.65170550346374501 1.272141754627228 0.92727679014205944 0.32570773363113409 -0.8221374750137328 1.758593797683716 2.0813944339752202 0.58925312757492077 0.49277064204216009 0.67894837260246288 1.5988386273384096 -0.83718565106391896 -2.4664380550384517 8 9 -0.050160093232989304 10 0.30239921808242803 0.1484339311718941 0.10411484912037851 -0.33733980357646937 -0.63137605786323536 11 1.3600316047668459 12 13 -0.83188164234161366 0.88028061389923107 0.75619202852249157 0.30511257052421575 0.17685678601264956 0.46426653861999517 -0.96616706252098072 -2.307860136032104
decision_type=2 2 2 2 2 2 2 2 2 2 2 2 2 1 2 2 2 2 1 1 2 1 2 1 1 1 2 1 2 2 2 2 2 2 2 2 2 2 2 2 2 2 1 1 2 1 2 2 2 2 2 1 2 1 1 2 2 2 2 2 2 2 2
left_child=1 6 3 21 17 -3 7 9 19 18 25 13 24 -12 40 23 30 20 -1 61 -4 33 54 60 -5 -7 27 44 -6 -30 -17 46 -22 -2 -33 43 -37 -31 -32 -40 41 42 -10 -18 -21 -24 -23 48 49 50 51 -28 -29 -16 55 56 -9 -44 -27 -60 -14 -8 -63
right_child=2 5 4 12 28 10 8 22 14 -11 11 -13 15 -15 53 16 35 -19 -20 26 32 31 45 -25 -26 58 47 52 29 37 38 34 -34 -35 -36 36 -38 -39 39 -41 -42 -43 57 -45 -46 -47 -48 -49 -50 -51 -52 -53 -54 -55 -56 -57 -58 -59 59 -61 -62 62 -64
leaf_value=0.021022662234462967 0.0023057268605845001 0.025104353627829378 -0.0086404459680904516 -0.0010511158698409614 -0.0028165722468295133 0.0080758773549211554 0.0047714462027665184 0.005173343431891974 0.0011239658402779986 0.0043026260918544619 0.030541526202419525 0.00019595501681313518 -0.0021056467468877631 0.010956435178351702 -0.0012549990493215684 -0.001414045284193289 -0.0096394799946890458 -0.0044072672146984121 0.0090974748216382673 0.0023214469069065867 -0.014947006163773527 0.0001843394381854268 0.003298794459209802 -0.0021876442552216341 -4.3437248595010318e-05 0.0037682473769231248 -0.005421034788945814 -0.0011670142670298712 -0.019314670630806868 -0.0024998397128711304 -0.0023302608836226835 -0.0017505710102945302 -0.02910117239321805 0.00041868196083758654 -0.012413821179834592 0.0019450106638630395 0.01359038072052454 -0.013108348995745677 -0.0047576017306614881 -0.017087515561972966 0.00067525409514078471 -0.00019918421042918228 -0.0026674776333149011 0.0017282645522341069 -0.0076696625717296045 -0.0024704667023622384 -0.00087786072624183528 0.00018896696595245235 0.0024098631969984188 0.0015815404337635448 0.0006819193268779543 -0.00063145352158451497 0.0053518241269641716 -0.00013960692630156333 0.0010014293219678314 0.0025628585983992454 0.015543968497621463 -0.015493487094781344 -0.0082428147533413036 0.0042924836540665662 -0.0084761414348306068 -0.0034893176906899306 0.0015725680477255237
leaf_weight=7190.1694831848145 103726.1455078125 4025.95263671875 3495.9080603122711 933787.06292724609 120629.7744140625 14333.09619140625 22152.52734375 22142.677215576172 3984.3290966749191 18345.10546875 2913.3141894340515 3025.6519813537598 7569.7864685058594 3555.4983067512512 410992.78515625 670925.95831298828 2486.3022613525391 3551.7024133205414 5960.8852043151855 3585.1196966171265 3007.4901313781738 778949.60776209831 11030.626937866211 39232.318511962891 569354.06280517578 23479.530581235886 14309.11328125 34645.418701171875 2906.9596557617188 10370.602363944054 133156.34332275391 89072.414138793945 3468.9228324890137 651301.8232421875 2860.5375213623047 5661.1466445922852 4270.808837890625 3430.0073162317276 30407.442260742188 2336.280029296875 936273.68069720268 390656.32354736328 2577.5290576219559 19563.669990539551 14177.348443031311 30641.415908813477 325159.69177246094 510707.6328125 146213.98202514648 274154.22412109375 254746.62643527985 68003.559996604919 7227.1961669921875 403577.87936139107 81725.035591125488 126210.29689788818 2762.7876586914062 3524.626220703125 4292.0580589771271 3381.5777416229248 23800.32666015625 10625.51708984375 691012.57257080078
leaf_count=2031 41660 1565 1145 309605 49766 5271 8890 8700 2388 6573 993 1263 2197 1526 133854 242545 1173 1197 2174 1308 986 279759 6009 15712 234641 9006 6554 12316 884 3686 50713 37091 1169 231409 928 1723 1336 1332 13220 929 290639 186995 1142 8370 5690 12064 119982 179875 52965 72208 107707 29693 3084 159876 35332 48367 615 1774 1721 1217 7144 4542 262746
internal_value=-2.09706e-06 0.000686521 -0.000694303 -0.000568146 -0.00436832 0.00701267 0.000603729 0.00264178 0.000455347 0.00904065 0.00568575 0.0135954 -0.00109505 0.0198577 -3.47771e-05 -0.00177606 -0.00157096 -0.0141952 0.0156458 0.000969366 -0.0176773 9.14881e-05 0.00190745 -0.00429964 -0.00066944 0.00403343 0.000627674 -0.00171314 -0.00340015 -0.00761153 -0.00172523 -0.000278721 -0.0225449 0.00067793 -0.00208302 0.00246527 0.00695692 -0.00514027 -0.00298362 -0.00563982 0.00037197 -0.000336604 -0.00565625 0.000440983 -0.00564982 -0.000942927 -0.000128481 0.000737763 0.00110779 0.000796298 0.00015759 -0.00146508 -4.13509e-05 -0.000702401 0.0024176 0.00318315 0.00632666 -0.010066 0.00216928 -0.00271963 -0.00693727 0.00159615 0.00149589
internal_weight=9.11265e+06 4.56816e+06 4.54448e+06 4.39362e+06 150861 59006.7 4.50916e+06 306009 4.20315e+06 31496.2 54980.7 9494.46 2.44255e+06 6468.81 2.15159e+06 939410 868808 13524 13151.1 2.05156e+06 9972.32 1.95107e+06 274513 70602.4 1.50314e+06 45486.3 1.32777e+06 59635.1 137337 16707.6 836826 1.19604e+06 6476.41 755028 91933 31981.9 9931.96 13800.6 165900 32743.7 1.33702e+06 400743 10086.5 22050 17762.5 41672 1.10411e+06 1.26814e+06 757428 611214 337059 82312.7 41872.6 814571 232841 151116 24905.5 6102.16 31153.2 7673.64 31370.1 723791 701638
internal_count=3328975 1668673 1660302 1600137 60165 22562 1646111 121865 1524246 10778 20997 3782 889308 2519 776668 345062 320009 4497 4205 747578 3300 710829 111087 25053 544246 17215 471400 22398 55668 5902 307407 437760 2155 273069 38019 12602 3059 5018 64862 14149 482938 192299 5304 9543 6998 18073 399741 449002 269127 216162 143954 36247 15400 293730 93014 57682 9315 2916 11944 2938 9341 276178 267288
cat_boundaries=0 1 2 3 4 5 6 7 8 9 10 11 12 13 14
cat_threshold=19983499 15909434 33892395 40265938 29791824 25441406 34613307 19562816 70823 21102848 1142384 2621456 31511696 56645690
is_linear=0
shrinkage=0.03


Tree=9
num_leaves=64
num_cat=18
split_feature=5 7 22 3 3 20 3 42 1 54 52 1 54 52 1 1 1 52 22 18 1 7 1 1 19 42 15 38 3 44 19 1 56 44 1 55 3 1 1 6 52 1 1 55 19 55 1 3 52 1 12 1 22 12 3 54 7 2 21 18 1 52 13
split_gain=4588.51 2314.61 2242.48 2081.5 1670.51 1183.95 1095.34 1073.73 1007.29 940.866 834.751 819.394 863.632 801.503 1347.65 749.117 706.731 615.573 620.118 592.734 627.324 572.366 544.286 527.544 524.255 487.691 439.551 2478.13 428.099 422.74 498.742 555.846 1486.56 722.602 403.231 817.373 385.7 383.704 381.698 392.97 381.637 378.173 372.044 362.834 329.792 324.257 535.097 309.6 297.944 457.849 291.838 285.139 281.042 280.287 262.7 250.064 241.654 238.054 234.037 231.514 434.641 229.456 227.397
threshold=-0.2834745049476623 0.39938059449195867 -1.3206875324249265 -1.7904666066169737 1.8029391169548037 -1.0979107618331907 0.49299670755863195 -0.75396415591239918 0 1.8726394176483157 1.9536082744598391 1 -0.67391270399093617 1.9536082744598391 2 3 4 0.12774965167045596 -1.3206875324249265 -0.64184212684631337 5 -0.19918341934680936 6 7 0.025464545935392383 0.066866926848888411 1.2796644568443301 0.26586407423019415 1.8029391169548037 2.8414053916931157 -0.050160093232989304 8 -0.53959080576896656 3.1544812917709355 9 0.65409547090530407 0.38659913837909704 10 11 -0.068345718085765825 1.9536082744598391 12 13 0.75619202852249157 -0.41222314536571497 0.94685247540473949 14 -1.7904666066169737 -2.3982589244842525 15 -0.81515207886695851 16 -1.9065327048301695 -0.28054265677928919 -0.57790172100067128 0.17167250066995624 -0.98193383216857899 0.12922331690788272 0.23493710905313495 -1.2021519541740415 17 -0.087592460215091691 -0.54402023553848255
decision_type=2 2 2 2 2 2 2 2 1 2 2 1 2 2 1 1 1 2 2 2 1 2 1 1 2 2 2 2 2 2 2 1 2 2 1 2 2 1 1 2 2 1 1 2 2 2 1 2 2 1 2 1 2 2 2 2 2 2 2 2 1 2 2
left_child=2 6 3 9 17 22 16 11 10 19 21 -5 -13 38 -15 43 26 41 23 20 -1 47 -6 -19 36 34 48 -28 -8 45 -31 32 -32 -34 35 -26 -10 -7 39 -9 -20 -3 -42 -12 -14 53 -47 57 49 -2 59 -27 -30 55 -50 56 -18 -4 -39 60 -36 -23 -17
right_child=1 4 8 7 5 37 28 13 24 -11 15 12 44 14 -16 62 29 18 40 -21 -22 61 -24 -25 25 51 27 -29 52 30 31 -33 33 -35 50 -37 -38 58 -40 -41 42 -43 -44 -45 -46 46 -48 -49 54 -51 -52 -53 -54 -55 -56 -57 -58 -59 -60 -61 -62 -63 -64
leaf_value=0.022617178980587758 0.0049135238628619966 -2.1500543622535338e-05 0.010076676781044709 0.00062768045927640622 -0.02305940575353713 0.0029369840484796818 -0.00083391942311915074 0.0052654130580027754 0.000824824363127787 0.028956872045689429 0.0095684923716038827 0.025844772374392467 0.017666920455622522 0.023090759743167148 0.00091422423901358046 0.010782284305737603 0.001721207195122596 -0.009366537758943836 -0.0018593988201507042 0.003142251459370951 0.0060733696126276642 0.0010398008029364289 -0.0093370912628261173 -0.0026923269305080084 -0.0017325778711199718 -0.0025179098584701023 0.00057980655905904904 0.02750971927434849 -0.01046694290429187 -0.00018251492745803054 -0.027005042680019901 -0.001438911990127568 -0.016972158792823804 -0.0013656795752815479 -0.010992359658178514 -0.0090709796375530467 -0.00042586490160387644 -0.0047969649117403923 -0.0009707213045059064 -0.00069129528661661323 0.0076325503214970357 -0.001248397829037562 -0.00043710285911502964 0.024138202749932263 0.0058461496221023047 -0.012861287114498861 -0.00083192539023662325 0.0015452948870418579 0.0019109462943738842 -0.011029487727314855 0.00039981318465183869 0.0011544428614626268 -0.0029246141430688912 0.0030807049484028641 0.00054931823607102051 -0.00033202996645281758 0.00029055491367781082 0.0026640015437505039 -0.01393236921768805 -0.0010290942949383042 -0.0014241635267823111 0.00010521957214136519 0.0018095883003326342
leaf_weight=5057.5392701625824 2548.4885101318359 352398.24287414551 6674.7872467041016 6704.8468017578125 5373.2580337524414 5177.2298126220703 911506.990234375 26089.565773010254 849425.53063964844 3224.471923828125 3735.0494384765625 3692.3967056274414 2906.9715871810913 4097.8066902160645 6175.4862785339355 3119.9718399047852 121780.72689819336 17862.743179321289 704045.17388916016 5357.9183020591736 3527.256050825119 465600.79644775391 5149.4607162475586 26480.499008178711 118173.9716796875 21844.9599609375 17243.431751251221 3737.9671745300293 4911.498046875 380903.57080078125 2776.1194195747375 141047.49490356445 3128.8960211277008 18050.829987764359 6573.7898559570312 15441.44140625 300396.19384765625 15209.63200378418 45501.245497703552 16126.466317176819 7254.4110717773438 630952.11302185059 17571.172424316406 2624.7078857421875 7886.7748956680298 4422.8211517333984 13334.189346313477 892179.98225402832 198977.3570022583 4414.8117218017578 132161.21286010742 146958.28515625 46618.599609375 30592.484918832779 355105.68407440186 545734.87204742432 833532.60420227051 9378.9891204833984 3024.27490234375 69381.973663330078 12191.427917480469 480357.35423278809 13643.875328063965
leaf_count=1512 1089 143509 2766 2588 1739 1699 346499 9931 305155 1143 1703 1178 970 1387 2167 1549 45326 5849 259628 1822 1263 163752 1764 9908 47586 7136 5106 1059 1620 105938 1636 42065 1020 6593 1978 6215 115794 6437 15932 4947 3134 219742 6741 1160 2814 1911 5525 314566 83901 1871 60581 60962 18843 16974 141302 201159 296876 3517 1375 24322 4664 167077 4125
internal_value=3.46652e-06 -0.000551012 0.000820375 0.00459581 -0.00143411 -0.00802651 -0.000116661 0.00318869 0.000675355 0.0143608 0.00115235 0.00931112 0.013319 0.00186428 0.00979028 0.0068165 0.000195438 -0.00130674 -0.00194007 0.0109761 0.0158607 0.0010817 -0.0163826 -0.00538436 0.000139958 -0.000647774 0.00112023 0.00538295 -0.000984323 -6.14534e-05 -0.000779338 -0.00215703 -0.00638074 -0.0036747 -0.0012806 -0.00258076 0.000498076 -0.00426798 0.000935492 0.00298944 -0.00173049 -0.000808736 0.00192493 0.0155713 0.00903643 0.000191484 -0.00383862 0.00161962 0.000960787 -0.00520397 -0.000491887 0.00067906 -0.00364444 0.000238219 0.00103831 0.000180277 0.000472939 0.0057482 -0.00631211 -0.00182884 -0.00478472 0.000565224 0.00348017
internal_weight=9.11708e+06 5.43087e+06 3.68621e+06 136349 1.7905e+06 33933.9 3.64037e+06 119182 3.54986e+06 17167.2 1.87732e+06 21191 14486.1 97990.6 10273.3 23123.6 2.67733e+06 1.75656e+06 773214 13942.7 8584.8 1.85419e+06 10522.7 44343.2 1.67255e+06 522727 582028 20981.4 963037 2.0953e+06 545907 165003 23955.8 21179.7 353924 133615 1.14982e+06 23411.1 87717.3 42216 728871 983350 24825.6 6359.76 10793.7 1.5494e+06 17757 908234 561046 6963.3 220308 168803 51530.1 1.53164e+06 554083 1.50105e+06 955313 16053.8 18233.9 88147.2 18765.2 945958 16763.8
internal_count=3330100 1987838 1342262 47654 661525 13014 1326313 41914 1294608 5740 660215 7550 4962 34364 3554 8537 959351 648511 285260 4597 2775 651678 3503 15757 634393 213444 234328 6165 366962 725023 157252 51314 9249 7613 145346 53801 420949 9511 30810 14878 269503 363251 9875 2863 3784 567771 7436 320849 228163 2960 91545 68098 20463 560335 225203 543361 342202 6283 7812 30964 6642 330829 5674
cat_boundaries=0 2 4 6 8 10 12 14 16 18 20 22 24 26 27 28 30 32 34
cat_threshold=512609437 44 1233474455 17 2861088816 53 470024344 8 251924480 29 3591303439 3 2986603906 113 3257940964 74 1073742340 96 2685407776 16 534832 101 3361529364 60 61935676 53 2936423320 540049793 16781312 12 512 64 1077944320 64
is_linear=0
shrinkage=0.03


Tree=10
num_leaves=64
num_cat=22
split_feature=7 3 3 20 2 3 3 10 1 52 1 1 30 32 52 7 14 11 3 10 1 32 22 55 1 1 54 10 1 1 1 10 1 10 1 1 50 18 50 1 32 1 44 1 40 1 1 1 1 32 34 23 7 1 55 54 1 32 52 4 54 1 30
split_gain=4116.86 2395.1 2051.86 1576.03 1507 1279.5 1278.56 850.19 759.963 721.581 697.587 695.85 579.916 582.605 570.799 528.048 494.067 1504.3 488.054 417.057 411.723 400.248 391.61 381.656 633.852 380.34 377.927 360.564 352.601 318.347 304.149 336.606 302.227 289.411 380.661 278.865 330.012 273.74 264.522 262.776 251.286 243.172 238.631 235.114 235.093 334.475 229.642 229.517 226.904 234.645 225.458 260.551 225.196 223.863 221.52 333.436 219.919 219.249 212.559 210.802 236.77 248.083 208.732
threshold=0.02624323591589928 -1.7904666066169737 1.8029391169548037 -1.0979107618331907 -0.95707347989082325 0.21928988397121432 -0.066661357879638658 2.0446702241897587 0 0.12774965167045596 1 2 -0.16493003815412519 1.5149758458137514 0.10557980462908746 -0.69131106138229359 -0.16810990124940869 0.63976013660430919 1.5147508978843691 2.0446702241897587 3 -0.11840561032295226 -1.9065327048301695 0.94685247540473949 4 5 -2.307860136032104 1.5670744776725771 6 7 8 2.0446702241897587 9 2.0446702241897587 10 11 -0.68711814284324635 -0.6997048258781432 -0.2393136993050575 12 0.19621862471103671 13 1.2189716100692751 14 1.7753936648368838 15 16 17 18 -2.1122099161148067 1.5988386273384096 0.37514926493167883 -0.98193383216857899 19 0.75619202852249157 -1.4622406959533689 20 -1.237079858779907 1.9536082744598391 1.5712455511093142 0.46426653861999517 21 -1.0151662230491636
decision_type=2 2 2 2 2 2 2 2 1 2 1 1 2 2 2 2 2 2 2 2 1 2 2 2 1 1 2 2 1 1 1 2 1 2 1 1 2 2 2 1 2 1 2 1 2 1 1 1 1 2 2 2 2 1 2 2 1 2 2 2 2 1 2
left_child=1 4 5 12 8 7 11 9 -1 21 58 16 13 -4 28 19 17 -3 40 23 -21 39 57 48 -25 -5 35 46 -7 -11 -16 50 54 42 -35 -13 -37 -10 52 -2 41 -17 43 -28 -12 -46 62 -39 49 -8 -32 -52 -24 -33 55 56 -23 -18 -9 -44 -61 -62 -6
right_child=2 6 3 25 27 14 15 10 37 29 44 26 -14 -15 30 18 22 -19 -20 20 -22 32 38 24 -26 -27 33 -29 -30 -31 31 53 -34 34 -36 36 -38 47 -40 -41 -42 -43 59 -45 45 -47 -48 -49 -50 -51 51 -53 -54 -55 -56 -57 -58 -59 -60 60 61 -63 -64
leaf_value=0.023120324934280047 -6.9587583510519007e-05 0.0032240700620045685 -0.010444700098828601 0.0012707076873311313 0.00021588188987500278 0.00010266720328076911 0.0076384235365432483 0.0058878223957535229 0.014414036579098316 -0.0002100279347612692 0.00072177866876693469 0.00068957621422150231 -0.0036187078614912747 -0.024053360045577617 -0.0027009448933503098 -0.00038359764563671456 0.0133953737885254 0.024587738860580469 -0.0026805370428693216 -0.00080530490866750101 0.0089616047025942829 0.00020286671507817444 0.0020770168518832875 0.0028431360273679937 -0.0088333496171281879 -0.0049111523411740146 0.0035773907424157406 0.014353331041253296 -0.0011246163914724028 -0.0013362212785567073 -0.0014828479350658887 0.0077297461968101194 -0.00070600161451653395 0.011594004550605719 0.00084805561649177398 -0.013225006186133459 -0.0025707475687340806 -3.4883556301603773e-05 0.0024773463233031608 0.0010771448271951584 -0.00060272031087465301 0.00063637215234233662 0.00050348534382601759 0.0010265717803371898 0.014625628586567916 0.0008647976604524584 0.0010025814598031994 0.011027246084281728 0.00024684180599570738 0.0011686413178043269 -0.003106112240288836 -0.013352060239033079 0.00081911444680130246 0.00056543770242019028 -0.0044664133826362784 0.00045199067368411385 0.0079993870348378012 0.0042698775537338557 0.015079700698412832 -0.00022864378334027023 -0.00972178275471966 -0.0018235962694003894 0.0064727558494634225
leaf_weight=5310.0589294433594 285762.16259765625 50831.443550109863 5243.6543118953705 11806.916896820068 6300.5247260928154 306287.7470703125 5122.88037109375 3855.8060913085938 5628.5984840393066 376668.302734375 25876.261047363281 8002.5882263183594 3351.7084963321686 6182.9597015380859 247817.6416015625 382183.65142822266 3443.8861083984375 3145.4358444213867 72636.408203125 6169.6550445556641 10483.817611694336 5087.8726806640625 175241.5173034668 7263.5109176635742 9842.1013870239258 37080.866062164307 35813.597785949707 2647.220458984375 675000.5244140625 564423.34291946888 466811.2802734375 4996.1566162109375 538715.98117721081 5021.2725830078125 7240.6502685546875 4247.5002059936523 6809.6098098754883 3414.6559257507324 172992.03919303417 485235.84478759766 658955.55322265625 467907.483712852 910163.96742248535 352953.59423828125 2907.7935638427734 3502.8023834228516 25868.959446907043 3332.6289215087891 496274.73872375488 313470.23796081543 8997.2295227050781 2968.5966491699219 476047.68422615528 18147.366821289062 7579.64453125 216007.20434570312 9067.7565307617188 7597.8297119140625 5514.490234375 51586.355751037598 5264.9786224365234 11170.07649230957 20130.091388523579
leaf_count=1774 119464 27991 1905 4396 2651 107258 1865 1688 1906 170305 9479 3533 1162 2010 78220 148380 979 1074 29780 2156 4570 2627 54000 2874 4039 15601 18135 1069 251141 174950 180303 2413 181751 2238 2787 1742 2909 1082 64277 160045 235912 159482 289258 189118 965 1426 10386 1341 194359 113555 3296 1118 144820 6871 3453 91343 3538 2265 2380 14619 1447 3457 8298
internal_value=1.86875e-06 0.000607646 -0.000669126 -0.00601482 0.00601375 -0.000589251 0.000524412 -0.000159271 0.0136293 -0.000230424 0.00409087 0.00103345 -0.0145981 -0.0178157 -0.00121774 4.5269e-05 0.00168954 0.00447117 -0.000278642 0.000648977 0.00534897 0.000167956 0.00150979 0.000554866 -0.00387931 -0.00341894 0.000616159 0.00356148 -0.000741558 -0.000885487 -0.00184098 -0.00141627 -0.000312821 0.000674147 0.00526161 -0.00357883 -0.0066616 0.009523 0.00143458 0.000652136 -0.000163021 0.000177818 0.000632977 0.00126172 0.00199587 0.00713728 0.00301392 0.00544934 0.000647971 0.00127275 -0.00158712 -0.00565254 0.00115759 0.00211697 0.000578114 0.000744358 0.00520398 0.00712087 0.0112904 0.000383088 -0.00122782 -0.00436299 0.00497968
internal_weight=9.11541e+06 4.79052e+06 4.3249e+06 63666.1 72632.7 4.26123e+06 4.71788e+06 2.53021e+06 17685.9 2.48855e+06 41657.2 2.28757e+06 14778.3 11426.6 1.73103e+06 2.43031e+06 889300 53976.9 1.58168e+06 848627 16653.5 1.54746e+06 835323 831973 17105.6 48887.8 1.39827e+06 54946.8 981288 941092 749738 501921 776458 1.37921e+06 12261.9 19059.7 11057.1 12375.9 824281 770998 1.50905e+06 850091 1.36695e+06 388767 32286.9 6410.6 52299.6 6747.28 814868 318593 478777 11965.8 651289 23143.5 237742 230163 14155.6 11041.7 9370.3 978185 68021.4 16435.1 26430.6
internal_count=3329236 1750128 1579108 25074 28507 1554034 1721621 923414 6103 907476 15938 824649 5077 3915 630620 896972 295406 29065 573554 323418 6726 562221 266341 316692 6913 19997 529243 22404 358399 345255 272221 194001 282712 521059 5025 8184 4651 4329 263097 279509 543774 307862 516034 207253 11870 2391 21335 2423 309779 115420 184717 4414 198820 9284 100961 97508 6165 3244 4068 308781 19523 4904 10949
cat_boundaries=0 1 2 4 6 8 10 12 14 16 18 20 22 24 26 28 30 32 34 36 38 40 41
cat_threshold=2496307212 2403729560 202153088 61 311532802 65 2200881229 6 2215160112 71 34832445 36 2879770712 53 3221338880 72 791679008 61 2462203932 2 2709725204 66 3924443736 18 3845272514 19 66307 2 1611194660 66 1277010437 40 1610619731 76 136105016 44 688144536 32 253755392 16 536887815
is_linear=0
shrinkage=0.03


Tree=11
num_leaves=64
num_cat=15
split_feature=5 3 3 20 7 22 7 0 17 0 0 22 22 3 5 17 3 48 30 0 17 22 32 17 0 17 17 19 7 16 17 16 19 9 17 20 32 0 19 53 19 3 17 32 17 17 42 32 17 50 55 17 58 17 19 34 18 14 55 15 0 17 19
split_gain=4187.11 2061.48 2033.57 1828.38 1473.75 1348.18 1342.73 1211.19 1372.12 1092.99 985.944 906.054 785.288 753.403 703.477 764.191 527.452 475.572 452.23 442.068 431.501 420.722 417.189 416.434 415.342 546.843 369.499 368.983 355.184 336.379 333.181 330.153 587.531 409.594 321.49 319.547 341.374 314.596 303.105 293.656 299.836 292.424 286.363 283.738 278.729 272.736 266.779 263.465 321.768 257.985 257.28 252.366 249.353 248.874 243.616 325.941 243.189 238.706 230.054 231.593 245.947 360.761 224.269
threshold=0.091814380139112486 1.8029391169548037 -1.7904666066169737 -0.94449669122695912 0.2925232350826264 -1.9065327048301695 -0.75082522630691517 775.50000000000011 0 529.50000000000011 644.50000000000011 -1.3206875324249265 -1.9065327048301695 0.093868259340524687 -2.2509361505508418 1 0.31830006837844854 -0.16048149019479749 -2.0932651758193965 929.50000000000011 2 -0.67616242170333851 -1.6748597621917722 3 789.50000000000011 4 5 1.6550678610801699 -0.8938561975955962 1.3521888256073 6 0.70798438787460338 0.45825855433940893 -0.47100153565406794 7 -0.94449669122695912 -1.8464391827583311 745.50000000000011 0.025464545935392383 0.70401626825332653 1.0966395139694216 0.61164435744285595 8 -2.1122099161148067 9 10 -0.14172784239053723 1.8985549807548525 11 -0.29193235933780665 0.75619202852249157 12 1.9409877061843874 13 -0.050160093232989304 -0.42629419267177576 -0.89262008666992176 0.72120228409767162 0.65409547090530407 -1.8659238815307615 873.50000000000011 14 0.081984218209981932
decision_type=2 2 2 2 2 2 2 2 1 2 2 2 2 2 2 1 2 2 2 2 1 2 2 1 2 1 1 2 2 2 1 2 2 2 1 2 2 2 2 2 2 2 1 2 1 1 2 2 1 2 2 1 2 1 2 2 2 2 2 2 2 1 2
left_child=2 4 3 14 16 9 12 13 19 -3 41 24 22 35 15 -1 17 27 20 -9 -10 29 30 -13 26 -26 -12 28 -2 58 -4 -23 -33 -34 46 36 -8 -30 45 40 -5 -6 62 -36 -29 -37 54 51 -49 -35 -46 -7 -40 -39 -14 57 -16 -56 59 -20 -61 -62 -15
right_child=1 5 6 39 10 47 7 8 18 -11 11 23 34 42 56 -17 -18 -19 21 -21 -22 31 -24 -25 25 -27 -28 44 37 -31 -32 32 33 49 43 38 -38 53 52 -41 -42 -43 -44 -45 50 -47 -48 48 -50 -51 -52 -53 -54 -55 55 -57 -58 -59 -60 60 61 -63 -64
leaf_value=0.027364115750193041 0.0011596336808403129 -0.028739049597009684 0.017431172962434727 0.0029416007814320956 -0.00044548056092759696 -9.7041581307450968e-05 0.0096986682805990584 0.00019857219471484139 0.0041511682240258614 -0.0081778395148193947 0.0037286641009532432 -0.00096964261604837296 0.00064570676387324917 -0.00034093912970726306 0.012559202130557686 0.010643561691820919 -0.00074714013243731684 0.0020382135723233728 0.0038440589191783333 0.0030870588922286657 -0.0070302617147125187 -0.00068297422536730027 0.0040068972908686344 -0.0025765021787240074 -0.016739300494475529 -0.0061185109247004392 -0.0063391197610609303 0.0013054217945169375 0.0001318537794287187 -0.012833121053607162 0.0051085417041400452 -0.0018906084317985162 -0.017143543146183549 0.00083242030469551941 0.005126506945426745 0.00029627706477334566 0.0023144584005906311 -0.0021452906953555997 8.3703225637586599e-05 0.011842429920574099 -0.0042916832506421495 -0.0016168468591524858 0.00021579572567353167 0.0016063089334052406 -0.0031132489086695145 0.0013761024639690948 0.0013567844826400319 -0.014821490632778022 -0.004462086735553334 -0.010427840957018514 -0.010526240806288025 -0.0045295268718413204 0.0048756961206702911 -0.00020043274771889652 -0.0027501601578808522 0.00039028569065072718 0.0033213737426282686 -0.0099547990627185372 0.0028135693086769427 -0.0020553043440426936 -0.012853589607779369 -0.0045034576042004308 -0.0022091791222447602
leaf_weight=4810.7613639831543 239720.76092529297 3724.7723244428635 4718.569522857666 53372.593757629395 800902.51959228516 16764.074181079865 6283.42236328125 246023.98132324219 3567.0539245605469 6202.0225974321365 4704.6743240356445 238511.65338134766 103262.02734375 209533.74609375 4769.2781448364258 5135.8304328918457 856445.5703125 114335.68579101562 3159.0819702148438 59146.28125 23723.014434814453 277523.58728981018 16926.944458007812 371038.16888427734 6771.8219299316406 12373.405120849609 10775.631828308105 9477.7256851196289 999888.44158935547 3619.0269775390625 3446.6461753845215 100654.22085571289 3798.29594373703 3531.7477321624756 21286.55078125 277035.39340209961 54271.070556640625 108049.17144775391 431119.53686523438 3009.706787109375 5704.9589767456055 252209.873046875 993552.69921875 642623.97065734863 19028.599937438965 876975.10672354698 199622.13102722168 4144.8917083740234 7790.3260650634766 3796.6295418739319 5410.1394653320312 37286.694373607635 9994.61328125 131028.35986328125 27490.396942138672 33353.772827148438 5552.6517868041992 4869.2481994628906 4888.9269332885742 20061.581876754761 6101.5030097961426 19762.729656219482 79869.3974609375
leaf_count=1352 87421 1193 1358 21641 291194 6977 2138 97433 1209 2097 1422 106878 40073 95886 1646 1900 319188 48813 1605 23576 7455 101701 5877 117592 2024 4842 4037 5319 348375 836 1529 27100 1062 942 7501 113007 19067 32391 170138 1217 2416 94274 335155 232722 7291 289885 77579 1438 2705 1192 2084 15082 2376 50798 12308 14655 2035 1367 1657 6538 1916 6417 40408
internal_value=-1.22499e-05 -0.00069917 0.000589637 0.00526352 -0.000610203 -0.00559844 0.00050903 0.000240737 -0.000810681 -0.0159035 -0.00129153 -0.00221602 0.00145221 0.000519585 0.0130858 0.0187785 -0.000144546 0.00017267 -0.00182047 0.000758418 -0.00556931 -0.00159153 0.00669559 -0.00194782 -0.00693637 -0.0098905 -0.00328085 3.16499e-05 0.000102617 -0.00398462 0.0122635 -0.00123745 -0.002614 -0.00915412 0.00132475 0.000942428 0.00308142 -0.000101903 0.000861217 0.00270906 0.0022428 -0.000726017 -2.6103e-05 0.00171919 -0.00306194 0.00111689 0.000614227 -0.00404709 -0.00808058 -0.00500434 -0.00475418 -0.00315576 0.000192333 -0.00107952 -0.000262984 -0.00169084 0.00759375 -0.00383563 -0.00339018 -0.0040083 -0.0045488 -0.00648211 -0.000856535
internal_weight=9.11453e+06 4.25658e+06 4.85795e+06 82355.8 4.18067e+06 75912.8 4.77559e+06 3.71799e+06 779358 9926.79 1.69729e+06 644175 1.0576e+06 2.93863e+06 20268.5 9946.59 2.48338e+06 1.62694e+06 474187 305170 27290.1 446897 25092.2 609550 34625.5 19145.2 15480.3 1.5126e+06 1.47869e+06 57592.9 8165.22 389304 111781 11126.7 1.03251e+06 1.65568e+06 60554.5 1.23897e+06 1.59512e+06 62087.3 59077.6 1.05311e+06 1.28296e+06 663911 33916.5 1.15401e+06 368598 65986 11935.2 7328.38 24438.7 54050.8 441114 239078 168975 65713.4 10321.9 32359.6 53973.8 49084.9 45925.8 25864.2 289403
internal_count=3329310 1553435 1775875 32207 1523943 29492 1743668 1348699 280639 3290 622263 236795 394969 1068060 6933 3252 901680 582492 159630 121009 8664 150966 8764 224470 12325 6866 5459 533679 518985 18969 2887 131997 30296 3196 386205 596611 21205 431564 575406 25274 24057 385468 471449 240223 14694 402892 145982 26202 4143 2134 9375 22059 172514 83189 68403 28330 3681 13675 18133 16476 14871 8333 136294
cat_boundaries=0 1 2 3 4 5 6 7 8 9 10 11 12 13 14 15
cat_threshold=34023847 9617978 1049664 2844879 32278080 2935810 25601334 26919636 52970960 34671833 17891542 3343418 25683105 31462929 17335312
is_linear=0
shrinkage=0.03


Tree=12
num_leaves=64
num_cat=20
split_feature=7 3 3 32 10 0 22 3 1 20 28 10 52 1 1 0 1 22 1 32 7 1 19 1 1 32 15 11 10 0 52 1 0 1 55 19 55 1 17 20 32 10 0 1 42 19 20 44 43 20 1 1 24 32 1 1 23 3 1 52 1 10 1
split_gain=3590.61 2117.15 1871.57 1670 1192.44 1138.09 1136.24 1025.95 948.134 873.084 834.036 772.164 672.146 596.954 575.338 530.793 516.799 495.32 491.677 453.717 434.755 433.482 432.423 561.357 402.207 401.048 393.34 1326.8 371.648 366.707 363.428 561.646 351.359 475.51 347.728 346.854 341.513 356.182 336.64 325.121 514.476 322.274 320.49 316.495 312.219 305.714 305.384 297.16 292.286 357.419 336.77 316.423 304.966 281.026 437.229 272.773 271.433 268.294 311.789 263.73 261.959 260.864 259.296
threshold=-0.054201930761337273 -1.7904666066169737 0.65383484959602367 1.8985549807548525 2.0446702241897587 731.50000000000011 -1.0834116935729978 -0.066661357879638658 0 -0.94449669122695912 -0.16493003815412519 2.0446702241897587 0.084031339734792723 1 2 644.50000000000011 3 -0.67616242170333851 4 -1.8464391827583311 -0.81874781847000111 5 1.320500433444977 6 7 -2.1122099161148067 1.2796644568443301 0.63976013660430919 2.0446702241897587 789.50000000000011 -2.3982589244842525 8 760.50000000000011 9 0.65409547090530407 1.0000000180025095e-35 0.75619202852249157 10 11 -0.94449669122695912 -1.8464391827583311 2.0446702241897587 873.50000000000011 12 -0.32084466516971583 0.05331165902316571 -1.0979107618331907 0.085098780691623702 1.3600316047668459 -0.23469024896621701 13 14 -0.92636668682098378 -2.1122099161148067 15 16 0.24844495952129367 1.8029391169548037 17 -0.087592460215091691 18 1.3058599829673769 19
decision_type=2 2 2 2 2 2 2 2 1 2 2 2 2 1 1 2 1 2 1 2 2 1 2 1 1 2 2 2 2 2 2 1 2 1 2 2 2 1 1 2 2 2 2 1 2 2 2 2 2 2 1 1 2 2 1 1 2 2 1 2 1 2 1
left_child=1 4 5 15 9 11 10 13 17 14 21 12 22 28 -1 57 34 42 -17 -16 30 -5 24 -24 26 -14 -2 -28 35 39 31 -9 45 -34 -13 59 -37 -38 -31 40 -15 -10 44 -44 -7 -22 -20 -25 61 50 -50 -51 -53 54 -32 -11 -30 -4 -59 -3 -55 -27 -8
right_child=2 7 3 6 -6 8 62 20 41 55 -12 16 25 29 19 18 -18 -19 46 -21 32 -23 23 47 -26 48 27 -29 56 38 53 -33 33 -35 -36 36 37 -39 -40 -41 -42 -43 43 -45 -46 -47 -48 -49 49 51 -52 52 -54 60 -56 -57 -58 58 -60 -61 -62 -63 -64
leaf_value=0.0039632499037413112 0.00082871994892072141 0.0024062870194395641 -0.0008308714894058242 -0.014836899650390535 0.022218200365901979 0.0029759738705639194 -0.011000517828744014 -0.014323709313034467 -0.00034999533156880109 0.004974615601601169 -0.0049746193048908717 0.0050274318118938097 0.0067411197232231032 0.01635242157195026 0.022842565650017094 -0.00099514387247740671 0.0011290237662544835 -0.0017188977104231821 -0.0073306999147122708 0.0096146859966207126 0.00030735033305780596 -0.029806914216982051 -0.0059968893485079682 0.0070922576710400267 -2.0928196959093675e-05 -0.00057308162266710779 0.00089925924135518575 0.02043601488776042 0.0030792442962219654 0.00087223717808976883 0.011761888592644902 -0.00057610260376600951 -0.0026472589813546724 -0.00013143533308989139 0.014178891096057647 0.00087402823148256435 0.0020222515156038934 -0.0063214661163189323 -0.0016177557028058099 0.00062754505082003337 0.0024886321286502256 0.004822387226013471 -0.013603857432076254 -0.0054152872402047176 -0.0040419265056724349 -0.00076244805059127552 -0.0030236643940898186 -0.00095207420671261764 -0.0027520304572720778 -0.0011259690759668393 0.0014475744069426958 -0.014810526592345115 -0.004663837857115446 0.0015850141793439462 0.00063332664769314405 0.00042580347897656792 0.012930543519005843 0.0010135370606539696 -0.0052297981925397219 0.0012827608833234359 0.0003122799471950927 0.0016373464541050524 -0.0025154393889115462
leaf_weight=6199.859001159668 790282.85703784227 345465.02671039104 576461.54763793945 3573.2538747787476 3798.342041015625 7094.852294921875 4101.2556686401367 3566.8167915344238 492905.4384765625 26186.343910217285 3773.4284639358521 10016.895309448242 6666.099609375 2558.672607421875 4371.4403686523438 128070.58276367188 19101.806350708008 415611.6748046875 16019.5703125 5027.6043853759766 884905.74053955078 3583.6163673400879 21693.090545654297 4753.2345237731934 799498.79820251465 909008.23746299744 13781.6025390625 4042.5040283203125 6115.3514709472656 79952.58203125 5322.5626525878906 10577.896099090576 114588.86669921875 164925.78826904297 5964.39208984375 313925.62475585938 7349.823486328125 12297.422607421875 125643.48828125 737514.494140625 40013.954345703125 11080.2421875 5205.024169921875 23324.13525390625 29063.1513671875 330083.98999023438 196979.23776245117 31441.469120025635 31972.596588134766 25801.980895996094 37124.201019287109 2903.8519592285156 32127.147323608398 212925.81239700317 7868.6755065917969 21702.175918579102 4278.3272399902344 9954.5615234375 25991.55078125 412666.62294781208 459929.71043014526 50728.202819824219 15378.773750305176
leaf_count=2268 260298 106784 219210 1080 1454 2176 1761 1719 197929 11050 1350 3847 2446 949 1368 55606 7409 132320 5182 1675 311523 1221 8484 2838 305949 326588 3920 969 2115 39421 2047 4011 37460 64124 2443 105154 2545 4667 44507 303170 15663 4549 1502 7316 8798 130403 69508 13571 11171 11856 14633 1284 11892 85777 2993 8545 1503 4069 10396 126477 172002 19443 5144
internal_value=-2.26193e-06 0.000620946 -0.000571152 -0.0017367 0.00590095 -0.000267868 -0.00865687 0.00053798 -0.00114522 0.00492304 -0.0163963 4.08885e-05 -1.52962e-05 0.00101406 0.0110861 -0.00151594 0.00446325 -0.00209897 -0.00246442 0.015759 8.50903e-05 -0.0224107 0.000364416 -0.00218289 0.000456147 -0.000592135 0.000928127 0.00533468 0.0014938 0.000477638 0.000701962 -0.00405715 -0.000203922 -0.00116294 0.00844094 0.00144004 0.000633871 -0.00320264 -0.000649481 0.000774705 0.00332369 -0.000236228 -0.00454094 -0.00691804 -0.00266467 1.67095e-05 -0.0033476 0.000105145 -0.000637027 -0.00197237 -0.000495922 -0.0036492 -0.00550536 0.000800112 0.00513576 0.00291457 0.00713858 -0.00098769 -0.0035021 0.00179474 0.000715075 -0.000456238 -0.00431116
internal_weight=9.11484e+06 4.34976e+06 4.76508e+06 983887 67285.8 3.78119e+06 30410.3 4.28248e+06 984285 63487.4 10930.3 2.79691e+06 2.76183e+06 2.08778e+06 15598.9 953477 35083.1 480299 341069 9399.04 2.1947e+06 7156.87 1.66549e+06 57887.8 1.60761e+06 1.09633e+06 808107 17824.1 1.1021e+06 985683 700191 14144.7 1.4945e+06 279515 15981.3 1.0917e+06 333573 19647.2 205596 780087 42572.6 503986 64687.2 28529.2 36158 1.21499e+06 212999 36194.7 1.08967e+06 129930 69096.8 60833 35031 686047 13191.2 47888.5 10393.7 612408 35946.1 758132 672856 959736 19480
internal_count=3329532 1591374 1738158 374527 26360 1363631 10556 1565014 354590 24906 3651 1009041 995342 752955 5311 363971 13699 152112 130296 3043 812059 2301 596029 24893 571136 399313 265187 4889 349245 403710 268549 5730 543510 101584 6290 345627 112366 7212 83928 319782 16612 202478 19792 8818 10974 441926 74690 16409 396867 50836 25804 25032 13176 262819 5040 19595 3618 233675 14465 233261 257779 346031 6905
cat_boundaries=0 2 4 6 8 10 12 14 16 18 20 22 23 24 26 28 30 32 34 36 38
cat_threshold=3758240743 74 210623649 29 1773211472 78 2404311964 3 397182168 37 1079204997 82 1644711457 113 571814311 61 1288835138 24 3758191522 3 8996864 5 1245543 8960 910232707 101 797038106 90 940690024 86 1277011716 60 2755664432 108 1243398168 44 2793406476 50
is_linear=0
shrinkage=0.03


Tree=13
num_leaves=64
num_cat=14
split_feature=5 10 3 23 22 7 3 20 0 22 3 22 42 30 18 5 0 17 0 19 9 14 0 17 56 7 17 17 7 17 0 17 52 10 14 0 17 14 23 17 17 20 17 0 0 17 43 14 20 17 0 22 36 44 17 0 19 46 22 52 44 55 17
split_gain=3804.61 2291.62 1992.69 1581.32 1523.37 1277.66 1075.14 1040.27 904.422 872.949 810.653 660.64 759.521 647.351 627.214 623.721 621.129 566.077 518.937 500.481 494.717 491.682 452.049 503.683 439.048 432.434 413.029 399.274 397.465 384.509 527.96 384.467 378.08 458.796 359.3 332.934 332.526 351.474 317.546 292.941 290.697 286.408 284.522 283.869 279.918 370.131 278.997 273.284 271.58 275.084 270.731 267.644 266.205 263.266 272.438 261.981 259.407 254.229 253.973 251.34 346.306 326.083 249.771
threshold=-0.2834745049476623 2.0446702241897587 0.79618617892265331 0.41023367643356329 -1.9065327048301695 0.081217024475336089 -1.7904666066169737 -0.94449669122695912 803.50000000000011 -0.83575585484504689 0.28408241271972662 -1.9065327048301695 -0.75396415591239918 -0.16493003815412519 -0.89262008666992176 -1.819243788719177 716.50000000000011 0 529.50000000000011 0.34667599201202398 -0.16046284139156339 0.22192367911338809 859.50000000000011 1 -0.080687671899795518 1.3254648447036745 2 3 -0.48774343729019159 4 775.50000000000011 5 0.084031339734792723 2.0446702241897587 0.79738819599151622 831.50000000000011 6 0.29865437746047979 0.24844495952129367 7 8 -1.9049420952796934 9 775.50000000000011 760.50000000000011 10 1.272141754627228 1.3563383817672732 0.30511257052421575 11 112.50000000000001 -0.30877289175987238 1.0923960804939272 2.9913786649703984 12 929.50000000000011 0.92727679014205944 2.6100788116455083 0.03208496421575547 -1.8228916525840757 0.81399738788604747 0.75619202852249157 13
decision_type=2 2 2 2 2 2 2 2 2 2 2 2 2 2 2 2 2 1 2 2 2 2 2 1 2 2 1 1 2 1 2 1 2 2 2 2 1 2 2 1 1 2 1 2 2 1 2 2 2 1 2 2 2 2 1 2 2 2 2 2 2 2 1
left_child=1 6 5 17 13 20 7 14 32 34 11 12 31 18 16 -5 -1 -3 -4 28 27 62 24 -24 36 44 -11 43 -13 30 -12 -8 40 46 39 -30 37 -23 -27 -10 41 -7 -20 59 -6 -46 -34 -32 49 -19 -31 -37 -26 54 -35 -52 -9 -40 -48 60 -2 -62 -21
right_child=2 3 4 15 25 8 10 56 9 26 29 19 -14 -15 -16 -17 -18 48 42 21 -22 22 23 -25 52 38 -28 -29 35 50 47 -33 33 53 -36 51 -38 -39 57 -41 -42 -43 -44 -45 45 -47 58 -49 -50 -51 55 -53 -54 -55 -56 -57 -58 -59 -60 -61 61 -63 -64
leaf_value=0.024101760974041958 0.0023073011284998521 0.010897978680932665 -0.021109595879987494 0.026143765567646002 -0.0010632929004167028 0.0087689900695553189 0.019790847594389177 0.0030653681407924235 -0.0011154486937035117 -0.0026602772656988513 -0.00010422414931242477 0.0015890006377949771 0.0026325959206129758 -0.0039571055740737675 0.0044944736168219326 0.010206289281927751 0.0086034771679726861 0.0069427386846894592 -0.013945833107985035 -0.00071160886969617702 0.0018961682080743173 -0.017489718949770264 0.0026586001919361147 -0.0075897161300502699 -7.2050813518736387e-05 -0.0024246683052459258 -0.00059300920458180183 0.00054090807005642918 0.00091491784584929643 0.0033961119275812855 -0.0017614150569112811 0.0062734723013096972 -0.00084327368070426754 -0.00090329000180988119 -0.013510915108925447 -0.002378710827309866 -0.001607538251388762 -0.0049592496169832681 -0.004907328317454154 -0.0067547729325867804 -0.00043512650466672468 0.0005403327777509507 -0.0028075653662647149 -0.0013476116800431449 -0.00050871405866733538 -0.0036153578508049452 -0.0013529394925549016 -0.0062697380599498892 -0.0021444304367784412 0.00060652572890258273 0.00021332556796541089 0.00019528783271152505 0.0071011612436085898 0.010094883345903135 0.0060383101861840437 0.0035835643920314841 -0.0033485479319905558 -0.012543276271262354 -0.0040755160727304566 2.2980877985819793e-05 -0.002760470604796731 -0.01270537888693273 0.0013874666799278033
leaf_weight=4471.8282012939453 6377.1938705444336 9949.1950531005859 5098.4768786430359 4632.2610473632812 592115.00289916992 3847.52880859375 3985.5581474304199 44291.490161895752 11911.528583526611 162829.59706115723 484755.8037109375 717296.04116821289 26614.970947265625 11877.506508350372 7768.2175903320312 4241.9539184570312 4865.4409027099609 14506.627758026123 4610.4717464447021 76090.018371582031 153597.15028572083 2643.4271831512451 5591.898663520813 18857.840350151062 83972.575872421265 69225.993713378906 186763.66465759277 1072932.3443756104 1119034.9219970703 28312.555297851562 128045.31201171875 3669.6076240539551 649627.2301940918 13678.549469947815 5099.2467651367188 47394.347412109375 22707.378429412842 8449.2049713134766 21942.779449462891 27392.58012008667 753753.27661132812 321567.66137695312 3765.3241634368896 185112.4150390625 53561.019195556641 97132.150329589844 83985.039520263672 13360.50830078125 7824.2323703765869 10737.124383926392 436686.55029296875 156052.32873535156 4924.5246276855469 3948.4534568786621 8086.2392606735229 21789.3173828125 6504.8737297058105 4778.4899597167969 48731.235168457031 851906.9334564209 8545.9440689086914 4543.909423828125 154785.18838500977
leaf_count=1440 3105 3458 1660 1786 231964 1461 1146 17826 5903 50259 168760 251505 8670 4147 2687 1684 1648 5138 1384 34358 65649 1259 1961 5840 25109 26954 76690 399767 391132 11540 46559 1492 233710 5585 1370 15952 8933 3179 9135 8498 252057 134659 1456 62700 26097 33393 31574 3153 3122 4506 181636 54788 1145 1203 3280 9076 2687 1515 20182 287406 2705 1491 68808
internal_value=5.08077e-06 0.000749072 -0.000499948 0.00700863 -0.00182096 -0.00024985 0.000659653 0.00439904 -0.000751979 -0.00205931 0.000588424 0.000893198 0.00502899 -0.00906551 0.0107968 0.0185355 0.0160349 0.00462881 -0.0135654 0.000834567 0.000251885 -0.000168054 -0.00152327 -0.00524778 -0.000780909 -0.00160194 -0.001556 0.000133277 0.00102038 -8.30612e-05 -0.000574713 0.0133535 -0.000479043 -0.000969751 -0.00602135 0.000711959 -0.00369099 -0.0079447 -0.00349724 -0.00504808 -0.000111609 0.000637738 -0.0089633 -0.000280703 -0.0013571 -0.00251149 -0.00109935 -0.00218758 0.00273712 0.00425135 0.000549356 -0.000404387 0.000325692 0.00297292 0.00167887 0.000373535 0.00224377 -0.00627493 -0.00235274 -5.40487e-05 -0.00342412 -0.0062162 0.000695699
internal_weight=9.11316e+06 3.68481e+06 5.42834e+06 51891.4 864107 4.56424e+06 3.63292e+06 67901.9 2.28122e+06 393997 3.56502e+06 2.45207e+06 34270.1 25351.8 17105.5 8874.21 9337.27 43017.2 13474.3 2.4178e+06 2.28302e+06 378022 147147 24449.7 122697 838755 349593 2.12942e+06 2.03978e+06 1.11295e+06 626162 7655.17 1.88723e+06 808057 44403.4 1.32248e+06 33800 11092.6 95947.3 39304.1 1.07917e+06 325415 8375.8 1.05649e+06 742808 150693 782344 141406 33068 25243.8 486788 203447 88897.1 25713.2 21764.8 458476 50796.4 26721.3 132716 871374 19467 13089.9 230875
internal_count=3328942 1341983 1986959 19694 337705 1649254 1322289 26288 826431 142720 1296001 875277 11308 8647 5775 3470 3088 16224 4500 863969 822823 150592 47426 7801 39625 329058 126949 757174 713377 420724 218472 2638 683711 295534 15771 461872 13371 4438 37604 14401 388177 136120 2840 357407 291454 59490 285466 49712 12766 9644 202252 70740 26254 10068 8865 190712 20513 10650 51756 294707 7301 4196 103166
cat_boundaries=0 1 2 3 4 5 6 7 8 9 10 11 12 13 14
cat_threshold=34736179 4211985 62952720 28840741 65590352 10354998 2641920 35865645 40094592 9799218 2189543 4256012 30355808 42238924
is_linear=0
shrinkage=0.03


Tree=14
num_leaves=64
num_cat=17
split_feature=5 10 3 22 23 3 20 1 18 7 7 5 28 1 54 1 1 1 55 1 54 19 1 1 7 42 14 1 19 1 11 54 1 1 11 12 2 36 43 1 43 12 15 48 5 5 4 1 54 54 32 1 38 46 12 15 4 12 32 1 19 22 1
split_gain=3554.74 2187.59 1726.44 1472.18 1301.01 1204.19 1001.46 955.434 953.888 948.733 871.642 807.925 721.279 629.62 558.916 530.056 496.289 455.568 450.715 428.595 423.741 404.297 393.082 387.199 382.554 378.122 451.464 357.183 319.023 318.115 308.295 375.853 307.569 306.508 362.988 474.548 296.377 293.279 286.441 364.594 284.377 261.681 281.078 438.744 254.176 248.869 242.561 237.879 237.846 237.418 235.969 231.83 221.033 412.687 210.484 219.183 361.452 456.77 206.534 205.691 204.863 203.141 198.351
threshold=0.091814380139112486 2.0446702241897587 0.79618617892265331 -1.9065327048301695 0.41023367643356329 -1.2063708901405332 -1.0979107618331907 0 -1.2990568876266477 -0.02698943484574556 -0.19918341934680936 -1.9876974821090696 -0.16493003815412519 1 0.17167250066995624 2 3 4 0.75619202852249157 5 0.10369330644607545 0.025464545935392383 6 7 0.57200080156326305 0.14517004787921908 0.72120228409767162 8 1.6550678610801699 9 -0.042745362967252724 -1.4622406959533689 10 11 -0.37186464667320246 -0.82281196117401112 0.21456344425678256 -1.5503700375556944 2.716700673103333 12 1.3148132562637331 -0.63220345973968495 1.2796644568443301 -0.68713766336441029 2.0535342693328862 -2.2509361505508418 -0.80504435300827015 13 -2.307860136032104 -0.061560703441500657 -1.8464391827583311 14 0.63430985808372509 3.9821166992187504 -0.28054265677928919 -1.8659238815307615 0.39812865853309637 -0.83035868406295765 1.5149758458137514 15 1.6550678610801699 -1.3206875324249265 16
decision_type=2 2 2 2 2 2 2 1 2 2 2 2 2 1 2 1 1 1 2 1 2 2 1 1 2 2 2 1 2 1 2 2 1 1 2 2 2 2 2 1 2 2 2 2 2 2 2 1 2 2 2 1 2 2 2 2 2 2 2 1 2 2 1
left_child=1 5 9 12 7 6 8 18 19 17 16 -6 13 -4 27 -11 48 41 36 -1 58 -18 28 -13 59 26 30 52 -8 -10 31 -23 -33 34 35 -16 -3 -28 -26 -40 -22 -2 -43 -44 -15 -21 51 -14 -7 -50 -31 -24 60 -54 55 56 -19 -58 -17 -5 -12 -34 -42
right_child=2 4 3 24 11 10 22 -9 29 15 14 23 47 44 33 20 21 54 -20 45 40 25 46 -25 38 -27 37 -29 -30 50 -32 32 61 -35 -36 -37 -38 -39 39 -41 62 42 43 -45 -46 -47 -48 -49 49 -51 -52 -53 53 -55 -56 -57 57 -59 -60 -61 -62 -63 -64
leaf_value=0.0071456207860734642 0.00040693149490851854 0.0095413224265895498 -0.022831981471002957 -0.00040630709653174794 0.026702279478077663 -0.0026908025619903214 0.0003878319958739174 0.0014275014423140479 0.010470245922350218 8.0423436997383713e-05 -0.00048928039180213395 0.00032881645483857566 0.0029867871444585357 -0.0039446046191444987 -5.0057983279875909e-05 -0.00050742646936547753 0.00080510226643551756 3.0932040474310706e-05 0.017525561077431667 0.023896307036834513 -0.0012867592604243832 -0.0057604518802498797 -0.0015143355745620131 0.016221992342804362 -0.0025644424299664792 0.0012685421084925688 -0.011340191493091373 0.00046009831644713324 -0.0083197638093153725 0.0060852617096095601 0.00076131263413390759 -0.012056328396131992 0.0066410885833344865 -0.00026711523061081924 -0.0013796547988231868 -0.020842156500776754 -0.0014114190117761613 -0.0026960679272352147 -0.00073371369556362697 -0.013999756294037815 -0.0043827274588655639 0.0013086452171264694 0.011604939201485176 0.002165644686576592 -0.014319346675489361 0.012841940147856626 0.0031964664681612865 -0.0065277027092307694 0.0020574242284264604 0.0009898670829379232 -0.0017633612794714457 0.0021532556011240674 -0.013854096424801381 -0.00076983279007925541 0.0033216427694394302 -0.00027367876994352627 -0.00047342211122080403 -0.017703752650645672 -0.0022948255617495929 -0.0017138760240254438 -0.0060809699975935836 -0.00075578058013569811 -0.0020263693117039813
leaf_weight=5329.7321968078613 481261.67578125 9290.206521987915 4670.8592882156372 168262.18143463135 3967.113525390625 12506.482421875 79677.863616943359 34632.404899597168 4093.8260774612427 499255.4755859375 188808.29511356354 2548.1066751480103 3411.8207740783691 4289.4800796508789 1958.1688990592957 866562.1708984375 902356.4755859375 7792.7928466796875 5123.5517578125 3693.6318359375 511290.70361328125 15257.364013671875 22287.147338867188 3010.2678365707397 206889.29077148438 99992.34423828125 3781.2640686035156 1400602.1250441074 3970.7005615234375 5364.2465209960938 123202.57727050781 2106.5166931152344 3444.7994003295898 530842.90323638916 261171.30530929565 1988.92422914505 2921.106595993042 52860.316619873047 3212.3962230682373 4457.7287769317627 47299.360107421875 182408.50610351562 6280.8435130119324 15035.438469409943 4217.730712890625 3683.4165458679199 129847.69078445435 7654.6521139144897 346486.5048828125 408605.01287841797 9628.2352018356323 50949.08012008667 3328.87939453125 6213.7794189453125 14376.07666015625 745940.88572692871 2514.7544403076172 3077.1578063964844 62365.5322265625 303822.83638763428 6082.0164098739624 106478.92609405518 100644.88403320312
leaf_count=1866 180307 3272 1905 75196 1529 4898 36668 13534 1575 222729 106738 1009 1048 1258 879 288998 323375 3360 1932 1094 167533 8118 8107 1224 79737 39803 990 465067 1912 1743 42190 1137 1677 212138 74422 1145 1093 14300 1704 1455 15671 81243 1263 2552 1198 1175 50536 2841 123278 143404 3456 19014 1297 1957 7878 245686 918 1369 20135 109510 3878 54775 37772
internal_value=3.6061e-07 0.000554939 -0.000632526 -0.00198186 0.00617716 0.000482856 0.00226512 0.00430804 0.00731642 -0.000362023 0.000356081 0.0163668 -0.00924654 -0.0139872 -3.32114e-05 -0.00077222 0.000806081 0.000224981 0.0100542 0.0136835 -0.00104025 0.000451024 0.00170491 0.00897273 -0.00172529 -0.000333749 -0.000855416 0.00028912 -2.5977e-05 0.00307505 -0.000308447 -0.00134386 -0.000742139 -0.000683181 -0.00151618 -0.0105402 0.00692178 -0.00327408 -0.00277564 -0.00846698 -0.00162195 0.000788431 0.00168966 0.004949 -0.00908294 0.0183643 0.00241772 -0.00359754 0.00141176 0.00147974 0.00104524 0.0010372 -0.000882244 -0.00533904 -0.000273871 -0.000341968 -0.00414628 -0.0099624 -0.000627439 -0.00124788 -0.000663934 -0.000523638 -0.00278028
internal_weight=9.11509e+06 4.85809e+06 4.257e+06 710889 61492.8 4.7966e+06 318526 51967.3 31793.1 3.54611e+06 4.47807e+06 9525.49 24244.5 13178.1 2.401e+06 2.08742e+06 2.07708e+06 1.45869e+06 17334.9 12706.8 1.58816e+06 1.30948e+06 286732 5558.37 686644 407124 307132 1.60504e+06 83648.6 19086.3 250490 127288 112030 795961 265118 3947.09 12211.3 56641.6 214559 7670.12 659235 684986 203725 21316.3 8507.21 7377.05 203084 11066.5 767598 755092 14992.5 73236.2 204433 9542.66 773702 759326 13384.7 5591.91 928928 472085 194890 109924 147944
internal_count=3329471 1776205 1553266 275852 23593 1752612 127146 19831 10909 1277414 1625466 3762 8250 4361 867521 752838 757945 524576 6297 4135 530109 486365 116237 2233 267602 162990 123187 578937 38580 6774 107897 65707 57589 288584 76446 2024 4365 15290 82896 3159 220976 265365 85058 3815 2456 2269 77657 3889 271580 266682 5199 27121 113870 3254 259211 251333 5647 2287 309133 184706 110616 56452 53443
cat_boundaries=0 2 4 6 8 10 12 14 16 18 20 21 23 25 27 29 31 33
cat_threshold=2383315096 6 2484138827 42 723783704 49 411880465 44 2403111272 61 699469506 117 863127662 64 649272775 64 3240116800 16 135700481 35 512 78752 89 2138136945 32 576522264 8 134230032 20 3007057240 36 2147560033 4
is_linear=0
shrinkage=0.03


Tree=15
num_leaves=64
num_cat=17
split_feature=5 10 3 3 3 7 22 22 1 18 1 1 1 55 1 1 1 54 12 1 48 15 38 4 1 22 10 1 1 5 19 54 35 54 19 52 23 32 1 38 30 8 1 55 54 1 3 23 7 7 52 1 30 42 52 46 54 1 20 54 46 1 54
split_gain=3552.96 2019.2 1747.71 1231.21 1220.92 1107.52 1074.38 968.868 968.626 815.842 774.78 742.513 692.322 639.976 635.371 509.813 484.35 446.439 385.384 442.469 2009.99 377.163 750.765 488.918 357.672 339.229 473.924 414.713 339.414 334.088 310.266 310.167 307.258 346.973 368.077 305.529 304.988 303.371 586.063 260.719 306.081 369.634 256.417 425.817 315.449 253.039 252.938 251.765 250.306 246.532 269.771 309.782 244.387 240.466 232.355 459.301 282.827 266.056 348.163 231.479 517.836 388.1 229.171
threshold=0.045126419514417655 2.0446702241897587 1.5147508978843691 -1.5114245414733884 -0.23420412838459012 0.2925232350826264 -1.9065327048301695 -1.9065327048301695 0 -1.6712154746055601 1 2 3 0.94685247540473949 4 5 6 0.10369330644607545 -0.63220345973968495 7 -0.75371775031089772 -1.8659238815307615 0.63430985808372509 1.123882591724396 8 -1.3206875324249265 1.5670744776725771 9 10 -2.2509361505508418 -0.11680612713098525 0.082841288298368468 0.8686698079109193 -2.307860136032104 0.45825855433940893 -0.022351294755935665 0.52203881740570079 1.8985549807548525 11 0.72075295448303234 -1.5072321295738218 2.2439718246459965 12 0.54188144207000744 -2.307860136032104 13 -0.098669108003377901 0.18138064444065097 -0.11030013486742972 -0.58419692516326893 -0.92156186699867237 14 -1.0151662230491636 -0.96616706252098072 -1.1480123400688169 2.412865519523621 0.21975249797105792 15 0.36461050808429724 -2.307860136032104 0.24840633571147921 16 -1.7562709450721739
decision_type=2 2 2 2 2 2 2 2 1 2 1 1 1 2 1 1 1 2 2 1 2 2 2 2 1 2 2 1 1 2 2 2 2 2 2 2 2 2 1 2 2 2 1 2 2 1 2 2 2 2 2 1 2 2 2 2 2 1 2 2 2 1 2
left_child=1 4 5 8 7 15 16 9 -3 12 49 13 -1 -5 35 21 -4 24 46 20 -20 22 23 -2 -7 27 -27 -19 -28 45 62 32 33 34 -12 39 -18 42 -39 52 -41 47 43 -8 -44 -11 -17 -42 -33 50 51 -6 -9 -34 55 57 -56 -23 -59 60 -32 -62 -16
right_child=2 3 6 11 10 17 37 14 -10 29 31 -13 -14 -15 30 18 36 25 19 -21 -22 54 -24 -25 -26 26 28 -29 -30 -31 59 48 53 -35 -36 -37 -38 38 -40 40 41 -43 44 -45 -46 -47 -48 -49 -50 -51 -52 -53 -54 -55 56 -57 -58 58 -60 -61 61 -63 -64
leaf_value=0.024899994020099053 -0.00057132966457835359 0.03113559947286678 -0.021687737817736228 0.0064215635050971411 0.0015704976704962147 6.5718453237353894e-05 -0.0019356907839528151 0.00041558385263203591 0.0062433749164000109 0.014091213617971828 0.0034086204164016348 0.001688737621212648 0.0072856064802019182 0.019492307710549377 0.00845255620679344 0.00054179583051647924 -0.0031962330496996638 -0.00044887606273397862 0.025898907799925399 0.00091435646950627691 -0.0010834813255528157 0.0036976214277535772 -0.016375980694708046 -0.015136900615580821 -0.0011198731817849362 -0.0017323646242781265 0.0041653427854332157 -0.0066563995580326682 -0.00051743024107383595 0.0013092438141846362 0.0056367521454322098 0.0005466741889449475 0.0070880018972782968 0.00067836254582747757 -0.0058056954777548015 0.00099646396119179277 -0.013680811268316165 -0.015179110412217605 -0.0029959984679494159 0.010762083714705394 0.0042068920687937748 0.0016578859746758702 -0.011530725903825223 0.0086104507982478519 -0.0027284165765157518 0.0033593823369128958 -0.0004703866664155093 0.013576498782829073 -0.00056968772514621004 -0.00081544067689645519 0.0006382967561404068 -0.0048298496813449507 0.0022836992007188948 0.0017030149340527252 -6.1464285810369922e-07 -0.0055553602228409146 -0.00098879173027351065 0.0015513988522582243 -0.003948188275466457 3.1188034646997823e-05 -0.016200592960905827 -0.003688761194621957 0.00089051814621575508
leaf_weight=3260.7820091247559 20934.56916308403 2961.804759979248 3401.3305549621582 18657.246601104736 10859.183410644531 372403.1845703125 13022.428653717041 78880.136446475983 2707.3013191223145 3870.5949172973633 5327.1910305023193 31880.298686981201 5282.3912086486816 4113.0517578125 3622.7295532226562 393831.91064453125 4885.2401847839355 15666.135040283203 3496.9226298332214 385674.490234375 8552.7638936042786 10751.523284912109 3809.2744140625 2297.2098896503448 594765.94116210938 640016.2041015625 20402.290283203125 25403.388397216797 43841.810302734375 19362.099243164062 4113.6936874389648 381890 7780.6181640625 771272.30694645643 14547.958862304688 379518.14996337891 5111.2925415039062 5164.5047340393066 11385.120265960693 5756.1713538169861 6086.1595940589905 29786.139350891113 3804.6714706420898 4679.8861694335938 96365.126987457275 4078.4099655151367 509837.74108886719 4485.4183731079102 343205.65878868103 780783.16220092773 216626.35278320312 18203.231384277344 313598.49148321152 180611.57153320312 735286.77037632465 23443.940246582031 403835.74537074566 18161.879169464111 24105.922924041748 420374.93719482422 2909.028923034668 9528.4902801513672 627996.16040039062
leaf_count=951 9472 1149 1338 7183 4139 147239 4790 30022 1061 1092 1919 12073 1717 1626 1271 146491 1502 6692 1258 157512 2827 4425 1484 1058 206614 234074 8665 7961 16230 6451 1987 129480 2972 259653 5543 135139 1618 1971 3883 1161 1758 7436 1459 1610 40754 1475 185608 1308 114098 313186 93795 9065 116087 59480 247346 6483 140698 7422 9871 168183 915 4195 224675
internal_value=2.49063e-06 0.000574902 -0.000610157 0.00602829 0.000504209 -0.000498789 -0.00381694 0.00108338 0.0193301 0.00596839 9.65148e-05 0.00464681 0.014057 0.00878247 0.000990525 -0.000101756 -0.0119167 -0.0010886 0.000313228 0.0010914 0.00674894 -0.000536363 -0.0040403 -0.00201455 -0.000663381 -0.00164038 -0.0014858 -0.00429059 0.000970475 0.00343608 0.00050878 0.000488615 0.000836785 0.000577501 -0.00333572 0.0016197 -0.00855267 -0.00300922 -0.0068123 0.00215902 0.00429285 0.00336893 -0.00247499 0.00085351 -0.003063 0.00861253 -2.92628e-05 0.00818686 1.82723e-05 -0.000554634 0.000274169 -0.00243962 0.00190826 0.0019256 -0.000458406 -0.00205925 -0.000350941 -0.000512969 -0.00158481 -0.000105847 -0.00358528 -0.00663649 0.000933958
internal_weight=9.11828e+06 4.71394e+06 4.40434e+06 60319.7 4.65362e+06 4.25652e+06 147820 1.92251e+06 5669.11 35854.3 2.73111e+06 54650.6 8543.17 22770.3 1.88666e+06 2.54402e+06 13397.9 1.7125e+06 1.30139e+06 397724 12049.7 1.24263e+06 27041.1 23231.8 967169 745330 704260 41069.5 64244.1 27311.1 1.06855e+06 1.70464e+06 979540 791147 19875.1 818111 9996.53 134422 16549.6 438593 46113.9 40357.7 117872 17702.3 100170 7949 903670 10571.6 725096 1.02647e+06 245689 29062.4 392479 188392 1.21559e+06 76463.3 1.13912e+06 53019.3 42267.8 436926 16551.2 12437.5 631619
internal_count=3330600 1722245 1608355 23092 1699153 1549430 58925 705823 2210 11686 993330 20882 2668 8809 694137 921955 4458 627475 493696 161597 4085 428259 12014 10530 353853 273622 258969 14653 24895 9018 401226 573145 329567 267115 7462 292911 3120 54467 5854 157772 11663 10502 48613 6400 42213 2567 332099 3066 243578 420185 106999 13204 146109 62452 416245 28201 388044 21718 17293 175280 7097 5110 225946
cat_boundaries=0 2 4 6 8 10 12 14 16 18 20 22 24 26 28 30 32 34
cat_threshold=2399053980 66 3978310592 27 2618213048 36 3490365800 10 210099329 29 1356031639 66 2483057411 3 0 4 2872184876 53 1021100056 49 2890285468 9 2996969608 49 369625136 36 3323699360 97 150995840 10 66193 2 1049376 64
is_linear=0
shrinkage=0.03


Tree=16
num_leaves=64
num_cat=15
split_feature=5 52 20 7 7 24 20 0 17 22 32 0 17 22 17 34 19 19 20 17 17 12 17 43 0 17 24 54 17 44 17 17 39 14 16 19 44 52 17 52 0 17 18 14 6 19 34 40 16 5 0 17 12 14 12 55 17 52 31 52 52 32 17
split_gain=3164.14 1716.61 1442.99 1210.09 1203.26 1127.07 1300.16 1066.56 1087.82 957.034 1184.09 874.582 841.647 810.638 563.259 519.364 506.183 501.087 492.804 431.274 406.726 364.156 408.605 360.036 349.048 414.582 351.383 321.725 690.376 624.276 391.61 313.26 302.651 302.375 298.561 498.413 387.784 338.979 295.849 292.206 384.137 588.873 408.867 361.163 347.622 346.628 324.468 296.176 295.478 291.507 288.655 286.68 285.964 285.257 2407.41 295.494 283.821 276.998 275.309 273.31 317.956 271.736 268.353
threshold=0.276303380727768 1.9536082744598391 -1.9049420952796934 0.22794684022665027 -0.53390479087829579 1.6159871816635134 -1.9049420952796934 775.50000000000011 0 -1.3206875324249265 -1.8464391827583311 731.50000000000011 1 -1.3206875324249265 2 -1.5156522989273069 0.025464545935392383 0.6901068687438966 -0.3483391255140304 3 4 -0.28054265677928919 5 2.716700673103333 142.50000000000003 6 -0.66599118709564198 -2.307860136032104 7 0.8695545792579652 8 9 0.076945073902606978 0.60507917404174816 0.70798438787460338 0.45825855433940893 2.1479899883270268 -0.18490152806043622 10 0.15019405633211139 157.50000000000003 11 2.0829391479492192 0.40836358070373541 1.0904705524444582 0.52390769124031078 -0.50516530871391285 0.25289253890514379 1.3521888256073 -1.819243788719177 929.50000000000011 12 -0.63220345973968495 -0.16810990124940869 -0.59963130950927723 0.94685247540473949 13 -1.5119923353195188 0.10791080445051195 1.9536082744598391 0.12774965167045596 -0.59862622618675221 14
decision_type=2 2 2 2 2 2 2 2 1 2 2 2 1 2 1 2 2 2 2 1 1 2 1 2 2 1 2 2 1 2 1 1 2 2 2 2 2 2 1 2 2 1 2 2 2 2 2 2 2 2 2 1 2 2 2 2 1 2 2 2 2 2 1
left_child=1 4 14 20 9 11 -7 16 18 10 19 23 -4 31 -3 -14 24 38 -9 -1 -2 22 -17 59 25 -6 -26 28 29 30 -19 -13 52 -24 -20 -36 -37 -38 -11 44 41 -41 43 -43 47 -45 -46 -18 -49 -16 -10 -8 -22 54 -54 -55 -15 -40 61 60 62 -27 -5
right_child=3 2 12 5 7 6 51 8 50 17 -12 13 15 56 49 21 39 27 34 -21 32 -23 33 -25 26 58 -28 -29 -30 -31 -32 -33 -34 -35 35 36 37 -39 57 40 -42 42 -44 45 46 -47 -48 48 -50 -51 -52 -53 53 55 -56 -57 -58 -59 -60 -61 -62 -63 -64
leaf_value=0.016663667313988419 -0.00061750098655405112 0.026834246980757613 0.016261080954769726 0.00067922461825932023 -0.00051199643385341741 -0.020363905721912691 0.0018253979865430633 -0.0040142002446169386 -0.00011533857706288221 0.0014910729310590597 0.0021701879341597839 -0.0046958920441475529 0.014192654335565666 -0.0029539183427914851 0.017728966659426557 -0.00075954563371233904 -0.00034184408152766049 0.016584029302958065 -0.00078888619954980033 0.0071829313711658906 -2.4510870625914465e-05 -0.0079210214621123227 0.0034864942458243532 -0.0050832127206304166 0.001516638488116856 0.0054404844941101128 0.0003486802627057071 -0.00023742003999306272 -0.012489144913521393 -0.0072639067399703668 -0.00013018095456667788 -0.011664814149071653 -0.0049210641129422417 0.012196955336831823 -0.0020158341022943845 -0.016407018794902157 0.001554067929014039 -0.011140781273312928 -0.0029921521812061634 -0.00026836521079479943 -0.00044757335284562798 -0.0051958221853919736 0.0017254046627410053 -0.00670472610227276 0.009968878536170964 -0.019395055492585408 0.00093995098792729601 0.0011138891137122571 0.0093651489462559818 0.0040879248409250177 0.0020094700985856212 -0.0057685880816461827 0.040596740222084121 0.0010730575902271828 -0.00013552576199939346 -0.0059558260343623368 -0.0013687776382303777 0.00070940074851727464 -0.00090985843217393459 0.0035881115756167519 -0.0013421819719370773 0.0020729679469907616 -0.00067454287999629803
leaf_weight=7625.9360275268555 1003735.8999023438 3066.7717781066895 4303.9027366638184 176872.62292480469 40593.215759277344 5340.32763671875 5682.7087935209274 83015.029296875 299103.91162109375 792818.82011413574 46634.63525390625 13585.932220458984 3248.812255859375 169594.59608078003 2775.9630432128906 21199.282751560211 394010.43281555176 2330.3099060058594 218748.2236328125 10104.391609191895 716885.75366973877 3221.5520677566528 27399.376760959625 17009.330322265625 265974.43487548828 41865.928695678711 1805667.4801025391 124309.74249267578 6299.2840118408203 5101.2047605514526 2739.4923372268677 10206.101959228516 10127.848523557186 4123.8058490753174 96295.866333007812 3839.3483123779297 3840.1181888580322 3726.4952907562256 18850.42236328125 34444.245056152344 258690.83837890625 19301.546445846558 5284.009033203125 4006.0400714874268 6156.7958526611328 3760.7536315917969 8559.1367645263672 106127.08921813965 4050.352294921875 2867.7671318054199 71243.1484375 20980.278022885323 1535.0125427246094 257352.70861297846 8590.7122497558594 5493.0098114013672 253990.90117263794 519525.99781799316 13438.817389786243 13297.217529296875 466610.84371948242 44492.294253468513 516828.94430541992
leaf_count=2242 371331 1054 1959 72522 13934 1807 1628 25769 122189 267458 16766 5254 1025 51975 1064 8226 155794 1101 75912 3714 249613 1433 10657 7046 101759 13817 630118 52893 2679 1846 1428 3151 4158 1105 25757 1147 980 1098 7997 13801 103220 8116 2089 1100 1460 1017 2136 43912 924 1113 29428 8742 977 92844 6130 2094 103912 211835 4661 5206 171144 15517 178036
internal_value=-7.61906e-06 0.00045142 0.00504607 -0.000687956 0.000389664 -0.00128435 -0.0068596 0.000105543 -0.000884765 0.00109911 0.00467966 -0.0011754 0.00347461 -0.00230627 0.0164929 0.00254043 0.000358211 0.000942527 -0.00195035 0.0112777 -0.000190886 0.001863 0.00246154 -0.00075047 0.000596741 0.00204435 0.000498636 -0.000759525 -0.00469885 0.000141872 0.00759362 -0.00769406 0.000237333 0.00462627 -0.00142552 -0.00271846 -0.00864699 -0.00470127 0.00112253 -0.000266662 -0.0009713 -0.00299941 -0.00590464 -0.00739633 0.000175334 -0.012858 0.00471954 4.26553e-05 0.00141763 0.0107882 0.000293422 -0.00415151 0.000290139 0.00111647 0.00605628 0.000926056 -0.00200356 0.000579759 0.00308387 -0.000687654 -0.000736669 0.00370574 -0.000329371
internal_weight=9.1185e+06 5.44478e+06 72207.2 3.67372e+06 5.37258e+06 1.67e+06 32003.3 3.83624e+06 779812 1.53634e+06 64365 1.638e+06 63496.7 447378 8710.5 59192.8 3.05642e+06 1.47198e+06 409465 17730.3 2.00372e+06 55944 52722.5 1.19062e+06 2.21203e+06 140390 2.07164e+06 140780 16470.3 10171 5069.8 23792 999985 31523.2 326450 107702 11406 7566.61 1.3312e+06 844391 325487 66796.6 32352.3 27068.3 518904 7766.79 14715.9 504188 110177 5643.73 370347 26663 989857 272971 10125.7 262846 423585 538376 99797 1.17361e+06 1.16031e+06 86358.2 693702
internal_count=3330820 1993250 27636 1337570 1965614 610423 12177 1395655 282280 569959 22722 598246 24405 164292 3231 22446 1113375 547237 130663 5956 727147 21421 19988 433954 779806 47929 731877 59947 7054 4375 2529 8405 355816 11762 104894 28982 3225 2078 487290 333569 129343 26123 12322 10233 204226 2117 3596 200630 44836 2177 151617 10370 351658 102045 7107 94938 155887 219832 33995 426908 421702 29334 250558
cat_boundaries=0 1 2 3 4 5 6 7 8 9 10 11 12 13 14 15
cat_threshold=32019992 33556497 52658706 12747070 26284589 29722304 40911950 8732401 8393872 33782063 38123562 53590541 12878853 62921728 7046016
is_linear=0
shrinkage=0.03


Tree=17
num_leaves=64
num_cat=18
split_feature=5 10 3 55 1 0 3 32 32 1 50 30 30 30 42 1 1 0 10 1 54 19 1 54 1 0 1 19 1 55 1 21 24 1 1 7 1 15 48 0 1 15 9 1 1 3 1 21 1 54 13 4 55 31 0 55 52 7 7 7 52 46 0
split_gain=3208.84 1965.91 1759.94 1239.04 1470.98 1105.47 1078.82 962.08 904.287 860.268 810.757 711.356 701.087 1289.34 716.056 806.154 693.723 718.553 567.689 674.889 554.536 551.522 1060.49 570.349 546.439 543.836 524.246 498.295 485.841 465.748 447.436 424.206 423.494 406.01 396.515 394.207 376.815 439.305 3015.45 359.176 354.272 329.352 2208.37 324.943 321.789 320.809 309.98 307.21 306.136 289.984 424.694 268.304 267.753 301.105 265.297 263.185 262.033 251.24 250.078 247.431 246.285 402.386 243.023
threshold=-0.43100050091743464 2.0446702241897587 0.49299670755863195 0.94685247540473949 0 775.50000000000011 1.8029391169548037 -2.1122099161148067 1.8985549807548525 1 -0.2393136993050575 -0.16493003815412519 -0.18652999401092527 -0.16493003815412519 -0.37750276923179621 2 3 789.50000000000011 2.0446702241897587 4 1.2390264272689822 1.320500433444977 5 0.17167250066995624 6 644.50000000000011 7 -0.072470352053642259 8 0.58925312757492077 9 0.17586340010166171 -0.71968489885330189 10 11 -0.13901372998952863 12 1.2796644568443301 -0.77558681368827809 142.50000000000003 13 -1.8659238815307615 -0.29193235933780665 14 15 -1.7904666066169737 16 0.30008564889431005 17 -0.99538651108741749 -1.0902065038681028 1.058288633823395 0.75619202852249157 0.030278087593615059 942.50000000000011 0.65409547090530407 -0.40265959501266474 -0.48774343729019159 -0.58419692516326893 0.10991217568516733 -0.63137605786323536 1.6197648644447329 127.50000000000001
decision_type=2 2 2 2 1 2 2 2 2 1 2 2 2 2 2 1 1 2 2 1 2 2 1 2 1 2 1 2 1 2 1 2 2 1 1 2 1 2 2 2 1 2 2 1 1 2 1 2 1 2 2 2 2 2 2 2 2 2 2 2 2 2 2
left_child=1 7 5 26 -5 10 25 12 48 20 18 30 24 14 15 -14 35 27 21 -20 -7 23 32 36 -1 58 -3 39 -27 -21 -10 34 46 -13 -15 45 37 52 -39 -18 -19 42 -38 49 -33 -9 -23 54 -8 50 55 -34 -2 -54 -22 -29 -17 -11 -4 -25 61 -46 -43
right_child=2 3 6 4 -6 9 8 16 11 57 -12 33 13 31 -16 56 17 40 19 29 47 22 -24 59 -26 28 -28 43 -30 -31 -32 44 51 -35 -36 -37 41 38 -40 -41 -42 62 -44 -45 60 -47 -48 -49 -50 -51 -52 -53 53 -55 -56 -57 -58 -59 -60 -61 -62 -63 -64
leaf_value=0.0036975919178160979 0.00087472684252772525 0.0088601628052120684 0.00046386227384401707 0.027957396845882984 0.0046147381710867855 -0.0018860963962703768 0.0054973163950738169 0.006130900248167535 -0.022870168229816065 0.0010299172270593672 0.0016573392081668935 0.0049463442813430297 0.026866279242025618 0.0053568983200380938 0.0031117430761208298 0.0047948589625331347 0.0030966985197007552 0.0010901543554446167 0.00042768223047572773 0.0035848559189931985 -0.0034344504982804819 -0.0048487244355237139 0.00029452016991718914 -0.00011973018119026263 -0.002706101570655932 -0.00061758618366105212 0.001600158359277512 -0.0048912706541737842 -0.0025408901790939446 0.0152609623257343 -0.010233529432456692 0.0019677489176260325 -0.0033263132138359971 -0.0092977729448661343 -0.0015079040917852461 0.00051248815353858242 -0.00052358528121909328 0.029777144680702822 0.00039992689204839993 0.00076240942367992797 -0.0013050297128665346 0.0015536886858890625 -0.031373645121760996 0.00031366711128544419 0.0069045966449726558 0.0014881829223778759 -0.016521258871527941 -0.014821252225846328 -0.003414622410640247 -0.00070838841014727 -0.00060464284542531132 -0.011548191923941006 -0.0064232683061273919 0.0057339449990388017 -0.012127894540326031 -0.013466902136978685 0.016610923847082956 -0.00062576561209087833 -0.00086707580184814867 -0.0010499778815212558 0.0047697759397951553 0.020074969630246995 2.7640812752890045e-06
leaf_weight=21821.985147476196 568880.51180160046 14396.954124450684 149031.23718261719 4873.7716484069824 4863.8074531555176 335974.2548828125 3645.5404434204102 13663.94140625 4358.6469192504883 109001.53491210938 288128.82198041677 3080.0686798095703 4247.3133659362793 10927.511724472046 5194.0619659423828 3716.8581523895264 63926.353786468506 66159.37451171875 18558.319604873657 6080.4146480560303 15397.821319580078 3434.8611450195312 59893.021484375 566359.34320640564 26588.653869628906 182197.43725585938 23674.681617736816 10728.423156738281 336685.93505859375 6223.0985107421875 6154.9093668460846 16772.969144821167 27486.495572090149 4300.3320653438568 24576.351959228516 569682.35717773438 22731.700138092041 3710.1770796775818 20478.596846103668 823576.61871337891 347205.01135253906 98015.726977467537 2294.6276817321777 325101.4231300354 6584.0557155609131 669960.416015625 5182.3027954101562 3547.0265502929688 67325.90096282959 145890.35375976562 17208.450378417969 4102.4902677536011 8663.8344135284424 2321.1997051239014 3972.3816223144531 4604.482666015625 3100.0478115081787 339023.50610351562 861636.92565917969 471625.0068359375 13089.21075630188 3058.7782382965088 1257055.3484344482
leaf_count=8703 231123 5519 59345 1816 1999 98899 1421 5242 1500 45310 114508 944 1423 4317 1675 1302 21925 33354 7741 2339 4771 1871 25311 203276 9485 74542 8747 4887 121544 2405 2002 6308 12139 1629 7493 195286 10841 1118 5576 299745 123089 31866 883 125997 2413 230473 2042 971 27524 62927 6810 1692 3790 962 1136 2319 1061 140436 323422 172274 4563 935 411882
internal_value=-2.28968e-06 0.000754657 -0.000421009 0.00679278 0.0163398 -0.00010029 -0.00126285 0.000664361 -0.00447618 -0.00109968 0.000134054 -0.0105023 0.00309912 0.004647 0.0123047 0.0166169 0.000553135 0.000176531 -5.1455e-06 0.00404336 -0.00219409 -4.51695e-05 -0.00223596 2.73974e-05 0.000180769 -0.00107615 0.00434911 0.00050288 -0.00186563 0.00948671 -0.0155122 0.00298648 -0.00600363 -0.00335983 0.000606511 0.00109532 0.000325484 0.000950379 0.00491115 0.000930563 -0.000921675 5.19639e-05 -0.00335788 -0.000250936 0.00512505 0.00158102 -0.0118988 -0.0067089 -0.0029562 -0.00127956 -0.00384017 -0.00439575 0.000785133 -0.00385294 -0.00521994 -0.00747009 0.0101617 -0.000222937 -0.000670817 -0.000542406 0.0074496 0.0110906 0.000114952
internal_weight=9.11175e+06 3.24519e+06 5.86656e+06 47809.2 9737.58 4.24814e+06 1.61842e+06 3.19739e+06 88865.4 806917 3.44123e+06 17894 139678 91267.2 16258.3 11064.2 3.05771e+06 1.8044e+06 3.1531e+06 30861.8 358891 3.12224e+06 100099 3.02214e+06 48410.6 1.52955e+06 38071.6 1.39104e+06 518883 12303.5 10513.6 75008.9 40206.1 7380.4 35503.9 1.25331e+06 1.98415e+06 604054 24188.8 887503 413364 1.3801e+06 25026.3 503533 39505 683624 8617.16 22917.2 70971.4 178432 32541.4 31589 579866 10985 19370.2 15332.9 6816.91 448025 1.01067e+06 1.03798e+06 22732 9642.83 1.35507e+06
internal_count=3328848 1179813 2149035 18081 3815 1535162 613873 1161732 35020 291523 1243639 6075 49678 31490 5461 3786 1112054 681053 1129131 12485 105777 1116646 43055 1073591 18188 578853 14266 524610 196086 4744 3502 26029 17744 2573 11810 431001 698041 242569 6694 321670 156443 455472 11724 202940 14219 235715 3913 6878 28945 76943 14016 13831 235875 4752 5907 7206 2363 185746 382767 375550 7911 3348 443748
cat_boundaries=0 2 4 6 8 10 12 14 16 18 20 22 24 26 27 29 31 33 35
cat_threshold=2672615478 12 3221433255 2 2449531170 102 147639445 36 280091983 100 643880481 117 313888459 44 2555036312 102 120390745 37 2527634442 53 3289909816 90 416581705 27 2872311841 37 103809032 638587400 18 4196675924 73 39896576 4 2064 36
is_linear=0
shrinkage=0.03


Tree=18
num_leaves=64
num_cat=22
split_feature=7 5 24 22 22 5 54 1 44 1 24 52 52 1 54 1 55 1 1 22 1 1 18 14 56 1 19 1 20 1 20 1 38 1 19 1 54 52 16 8 1 19 18 19 1 1 1 7 1 22 19 1 1 41 23 44 54 18 30 52 1 50 8
split_gain=2989.38 1705.78 1336.31 1172.67 1102.86 1878.78 721.862 812.228 777.421 639.482 603.703 517.954 511.514 936.03 586.153 459.876 450.793 439.606 431.795 414.708 612.708 413.705 397.157 389.766 1412.84 370.775 541.581 361.721 348.598 325.731 319.44 285.75 285.428 282.105 273.339 444.755 310.133 271.623 263.52 397.827 510.305 467.259 263.322 259.545 256.049 252.838 249.773 247.191 246.874 474.59 336.807 370.319 264.057 242.234 271.386 234.159 231.902 219.143 272.919 217.928 448.892 225.379 213.324
threshold=-0.33144003152847284 0.276303380727768 1.6159871816635134 -1.9065327048301695 -1.3206875324249265 -1.9876974821090696 -2.307860136032104 0 1.7493850588798525 1 -1.6134475469589231 0.19654960930347445 1.9536082744598391 2 0.10369330644607545 3 0.94685247540473949 4 5 -1.3206875324249265 6 7 -1.1163759827613828 -0.16810990124940869 0.63976013660430919 8 1.6550678610801699 9 0.22167839109897616 10 0.39633980393409735 11 -0.2124468311667442 12 1.0966395139694216 13 -1.4622406959533689 -0.75782257318496693 1.3521888256073 1.9346206784248354 14 0.52390769124031078 1.8487074971199038 1.320500433444977 15 16 17 -1.0816150307655332 18 0.81948894262313854 0.6901068687438966 19 20 2.5905983448028569 0.28809757530689245 2.1479899883270268 -0.26263271272182459 -0.58510729670524586 0.3070282936096192 1.9536082744598391 21 -0.52380788326263417 1.2204390764236452
decision_type=2 2 2 2 2 2 2 1 2 1 2 2 2 1 2 1 2 1 1 2 1 1 2 2 2 1 2 1 2 1 2 1 2 1 2 1 2 2 2 2 1 2 2 2 1 1 1 2 1 2 2 1 1 2 2 2 2 2 2 2 1 2 2
left_child=4 12 11 33 5 10 7 43 48 32 15 21 14 -14 25 -1 30 -5 23 20 -13 34 -11 24 -8 26 37 55 -28 -16 45 -10 42 -4 36 -36 38 -2 39 40 -3 -42 -7 46 -21 -15 -6 -25 49 -9 51 -50 -52 59 -55 -12 -44 -22 -59 -46 61 -61 -20
right_child=1 2 3 17 6 9 18 8 31 22 27 19 13 16 29 -17 -18 -19 62 44 57 -23 -24 47 -26 -27 28 -29 -30 -31 -32 -33 -34 -35 35 -37 -38 -39 -40 -41 41 -43 56 -45 53 -47 -48 -49 50 -51 52 -53 -54 54 -56 -57 -58 58 -60 60 -62 -63 -64
leaf_value=0.025448424273951057 -0.0016036422022211378 0.00026752966159723882 -0.024059476626559967 -0.0096409029337319492 -0.00099815337552651797 0.0049826819056721554 0.0021500181692094235 0.016648893717660641 -0.012629019950195225 0.0057548923458340707 0.01938762285044356 -0.00016152166015254 -0.0015163280809964443 0.014886045436834335 -0.0010120136558651001 0.0099439046235817348 0.017654546728508712 -0.0023881609831608928 0.00090160185194783804 -0.0018168753125592082 -0.00046146970164148335 -0.00080043434756107219 -0.0010225924241909774 0.0016150868494052906 0.018926892801797771 0.00056170519490960388 -0.0010051212497496596 0.0052237762517212292 -0.0099839103430337771 -4.7210018815868829e-05 -0.0028251489051148455 -0.0022575839656283824 0.0014478466909854288 -0.011343323668545941 0.00213813221089887 -0.0070269935917707301 0.00021120565496015635 0.00019181074153927947 0.012747508754033137 -0.002720340196731264 0.016952792264404416 0.0011494643664935716 0.01891073925054218 -0.012741226240710625 -0.00083374104076914157 0.0053509914065804813 -0.0095626751817869896 0.00067925163779690846 0.014402538143343526 -0.0014734844321257318 -0.0097159544059846354 -0.00037858931064649066 0.0016270560011572533 -0.0021916740977055479 -0.013795293489929078 0.0076807277948699121 0.0068986986051083419 -0.010662351501599323 -0.0043612895616644953 0.0020118094382213206 0.0088016007278178647 -0.0087798583312253299 0.00014379482554849934
leaf_weight=3617.7269668579102 98071.717254638672 8137.4911956787109 3209.2555694580078 9707.50927734375 6109.869140625 16543.569320678711 83073.688323974609 3120.8313903808594 4221.3869886398315 8973.6908569335938 3293.6482820510864 21284.276641845703 16850.992858886719 3502.1867065429688 559069.908203125 3381.7544784545898 3657.040771484375 33359.47314453125 489508.37244415283 404282.17849731445 4146.8550109863281 1307266.5155334473 58359.325126647949 379785.9052734375 4772.6422424316406 1608631.6791966558 7155.9619750976562 14524.459541320801 8529.3407592773438 721203.92967903614 3008.6891331672668 5529.370623588562 13922.790000915527 3235.4221649169922 8169.1295776367188 11409.623840332031 398286.30276489258 334367.76583862305 2542.8804321289062 8257.4871048927307 4633.1545119285583 2644.7896118164062 2666.2615127563477 6456.7509765625 506386.89639282227 8882.4538111686707 6157.2861938476562 767158.46228027344 2956.0791549682617 2225.9557952880859 2913.1793422698975 3142.6541080474854 4997.1465396881104 5720.3013763427734 2653.1038970947266 2900.2998914718628 3175.1966781616211 14143.022218465805 11013.732847452164 4636.717821598053 6391.2132568359375 2783.2512946128845 1054550.3840255737
leaf_count=1096 55090 4325 975 3385 2878 6592 50345 1467 1106 3006 1291 8617 6946 1293 178533 1215 1369 13355 257209 135281 1261 450099 20597 124404 1664 507495 4122 4907 4988 288073 1111 1958 4426 1161 4192 4898 160741 176869 641 2806 1823 1068 977 3154 197667 3106 2603 243856 627 938 810 1442 2299 2474 1204 905 1238 4693 3431 2114 2761 1084 347891
internal_value=-3.37376e-06 -0.000379936 -0.000929521 -0.00581384 0.000780449 0.00346753 0.000655571 -0.00299842 0.000138614 0.00161188 0.0104045 -0.000841083 7.37393e-05 0.0036353 3.54169e-05 0.0180205 0.00818787 -0.00402669 0.00071847 -0.00139204 -0.00403739 -0.0005317 -0.000118957 0.00113665 0.00306252 0.000349111 -0.000414039 0.0078278 -0.00588923 -0.000468531 0.00593916 -0.00676711 0.00482001 -0.0177442 0.0002594 -0.00320582 0.000419263 -0.000215389 0.00357956 0.00259228 0.00543801 0.0111993 0.00691875 -0.0078696 -0.00124856 0.00806861 -0.00530772 0.000989139 0.00361838 0.00909293 0.00151886 0.00681478 -0.00256401 -0.00081382 -0.00587431 0.0138941 0.0123929 -0.00684968 -0.00790513 -0.000732324 0.0029851 -0.00203662 0.00038404
internal_weight=9.11527e+06 6.15723e+06 2.7843e+06 49511.7 2.95804e+06 131359 2.82668e+06 47830.5 29106.6 103641 27717.9 2.73479e+06 3.37293e+06 35901.4 3.33703e+06 6999.48 19050.4 43067 2.77885e+06 983442 50587.9 1.75135e+06 67333 1.23479e+06 87846.3 2.05676e+06 448125 20718.4 15685.3 1.28027e+06 15393.3 9750.76 36307.8 6444.68 444081 19578.8 424502 432439 26215.8 23672.9 15415.4 7277.94 22385 18723.9 932854 12384.6 12267.2 1.14694e+06 19355.8 5346.79 14009.1 6098.73 7910.33 528571 8373.41 6193.95 5841.46 29303.6 25156.8 520198 13811.2 7419.97 1.54406e+06
internal_count=3329952 2239051 1010056 18876 1090901 46250 1044651 19282 10647 36836 9414 991180 1228995 13825 1215170 2311 6879 16740 1025369 360587 18002 630593 23603 420269 52009 748564 241069 7103 9110 466606 5510 3064 13233 2136 180494 9090 171404 231959 10663 10022 7216 2891 8807 8635 342585 4399 5481 368260 7583 2405 5178 2069 3109 207304 3678 2196 2215 9385 8124 203626 5959 3198 605100
cat_boundaries=0 2 4 6 8 9 11 13 15 17 19 21 23 25 27 29 31 33 34 36 38 40 42
cat_threshold=2127974474 24 3999039496 20 1106263394 57 2518343724 97 581141518 202169481 60 1036829722 17 590352416 53 3849339456 18 2152771752 36 3489870626 89 2961 66 2483660547 101 17829888 52 19922944 20 1423060769 64 2315518104 2 1690325002 2164335488 66 524321 4 525344 1 2740294 36
is_linear=0
shrinkage=0.03


Tree=19
num_leaves=64
num_cat=15
split_feature=5 10 3 20 0 2 30 5 1 32 20 0 22 48 1 1 1 55 10 1 0 1 17 52 55 4 1 1 15 48 7 1 1 4 55 52 14 15 38 46 14 0 1 19 43 43 19 20 0 16 7 1 44 54 22 19 0 1 30 43 0 1 46
split_gain=2837.27 1821.33 1741.03 1060.74 1006.63 995.253 880.781 1087.5 827.742 812.319 1500.05 802.997 785.511 778.258 733.269 707.098 696.746 651.96 637.642 636.44 635.765 615.722 594.676 579.361 511.454 496.301 480.816 441.434 480.874 3157.75 422.797 378.983 369.664 366.139 365.602 365.468 351.174 351.015 1062.7 334.123 784.338 319.178 476.822 318.927 309.259 301.12 292.7 292.656 286.805 276.533 276.477 275.014 273.639 349.453 528.13 269.105 366.508 554.075 394.089 328.549 314.066 278.337 260.957
threshold=-0.58644592761993397 2.0446702241897587 0.49299670755863195 -1.9049420952796934 775.50000000000011 -1.3648050427436826 -0.16493003815412519 1.8151760697364809 0 -2.1122099161148067 -1.0979107618331907 217.50000000000003 -1.3206875324249265 -0.23888704180717465 1 2 3 0.94685247540473949 2.0446702241897587 4 775.50000000000011 5 6 0.19654960930347445 0.75619202852249157 0.93011432886123668 7 8 1.2796644568443301 -0.77558681368827809 0.39938059449195867 9 10 1.0205355882644656 0.58925312757492077 0.8040548861026765 1.1931485533714297 -1.5515179038047788 0.63430985808372509 5.0616915225982675 0.29865437746047979 929.50000000000011 11 -0.072470352053642259 1.3148132562637331 2.716700673103333 0.34667599201202398 -1.9049420952796934 127.50000000000001 1.05499804019928 -0.16895765066146848 12 1.1606699228286745 -2.307860136032104 0.52907299995422374 0.05331165902316571 157.50000000000003 13 -0.97655600309371937 1.3600316047668459 127.50000000000001 14 2.7186417579650883
decision_type=2 2 2 2 2 2 2 2 1 2 2 2 2 2 1 1 1 2 2 1 2 1 1 2 2 2 1 1 2 2 2 1 1 2 2 2 2 2 2 2 2 2 1 2 2 2 2 2 2 2 2 1 2 2 2 2 2 1 2 2 2 1 2
left_child=1 9 4 16 13 6 7 31 12 10 22 -8 35 18 17 25 -3 -5 23 50 43 -20 -1 24 27 -12 44 37 47 -30 -7 -4 -9 -27 -23 -6 -22 38 39 -2 -41 -10 -43 48 -26 -32 -38 51 -21 -17 -11 -29 -45 54 -54 -25 57 58 60 -59 -57 -58 -14
right_child=2 3 5 14 8 30 11 32 41 19 15 -13 62 -15 -16 49 -18 -19 21 20 36 34 -24 55 26 33 -28 28 29 -31 45 -33 -34 -35 -36 -37 46 -39 -40 40 -42 42 -44 52 -46 -47 -48 -49 -50 -51 -52 -53 53 -55 -56 56 61 59 -60 -61 -62 -63 -64
leaf_value=0.01357210737207739 -0.00014738696288655161 0.028648365288451997 0.0010171858466153489 0.0074567316803065501 -0.0041346843565660844 -0.00067088806222278684 0.011992225373576595 -0.019571262185185883 -0.00055566910767128135 0.0014314305247592073 -0.0026760281415784612 -0.0028988007670115775 -0.0011557927514458349 0.0016003834746720833 0.0019070190944646787 0.004422571591998008 0.0079792399715410394 0.02436227856081832 0.00095557460625604314 0.0033905181889255895 -0.00065480741904637137 0.0043440823428773324 0.004914238699474994 -0.00024483380580676259 -0.0093926539102390516 0.010678809164160552 -0.00069362136358678346 0.012411352631267624 0.028889792978389926 0.00039615714138141228 -0.0015907793212154196 -0.0075158410868147955 -0.01003504095530262 0.00024392073732607664 0.014575876291658388 -0.014583845957829975 -0.0027403056455756599 4.9656116022528377e-05 -0.016577516865384105 -0.01988605246480523 -0.0012733275027966779 -0.0021491405535030337 0.0026103471161262686 0.0012370545078115597 0.00033525535211431656 -0.0069056032000166445 -0.011092593830546159 0.00062253296239842871 0.00073234435281519623 -0.0025469834610735527 0.0005669302867570466 0.0010310868031319306 -0.012832068888345448 -0.00050558823453727498 0.0016388794151549048 -0.0068919197441157619 -0.0017884641456255483 0.00085824261590775205 -0.0043683599771669242 -0.0054984908024688943 -0.020043954883413758 8.6997813763823789e-05 -0.0028444628940607155
leaf_weight=13643.712173461914 49211.146900177002 3042.9280052185059 9254.2536010742188 10852.170263767242 5777.2760925292969 1083190.451965332 3598.7545557022095 6442.5836563110352 416442.4013671875 724372.662109375 41764.305004119873 34085.615238189697 212766.14003753662 311647.43319237232 24289.426171779633 50349.827743530273 2883.8307838439941 2529.867431640625 20295.145418167114 39037.421943664551 278985.38960266113 6357.3296794891357 15065.659408569336 748494.60960078239 12115.816842556 4732.9578170776367 33063.769094944 3670.2386169433594 4117.5827400684357 23196.853362321854 556588.61639404297 9470.8846616744995 8721.6465682983398 8377.6574821472168 6223.0830078125 6302.4436340332031 40550.079605102539 1065093.3009733558 4329.5645141601562 2721.6357662677765 8066.7177608013153 25742.501953125 71633.251953125 85805.816360473633 3883.154052734375 9757.888671875 4159.9848480224609 1054856.1971467137 568070.52150726318 5700.810546875 616159.05541992188 3990.2109680175781 5145.2066535949707 254380.79711914062 4056.6463737487793 3824.4585037231445 130451.45983886719 29150.098327636719 26198.129325866699 9764.9783935546875 2859.2373046875 156834.47131347656 134386.72910308838
leaf_count=4245 25598 998 3326 4248 1578 415389 1378 2023 169237 253942 14174 12162 65815 123886 8859 20004 1223 1041 8498 13256 111804 2426 5439 264859 5139 1336 13049 1378 1241 6298 209015 3434 2912 2966 2414 1698 9973 352390 1244 1398 2729 8841 30610 46149 1801 4008 1035 387847 206786 1497 213665 1459 1699 91301 1365 1659 49333 10410 11220 3549 1252 63353 37486
internal_value=-2.0344e-06 0.000792102 -0.000354667 0.0068756 -4.97463e-05 -0.00116847 -0.00463163 -0.00814063 -0.000966517 0.000696004 0.0029255 -0.00147535 -0.00207124 0.000165388 0.00501807 0.00134345 0.0186682 0.0106527 3.41915e-05 0.000577209 9.88036e-05 0.00419172 0.00903685 -6.30199e-06 0.000268321 -0.00107735 -0.00276123 0.000335303 0.000766022 0.004696 -0.00101819 -0.00330301 -0.0141112 0.00401357 0.0094017 -0.00959018 -0.00105041 -8.03245e-05 -0.00223226 -0.00119581 -0.0059759 -0.000194103 0.00135212 0.000487723 -0.00702781 -0.00168241 -0.00351859 0.000664979 0.000903293 0.00371288 0.00103407 0.00650562 -0.000234386 -0.000713409 -0.00645511 -0.000568728 -0.00124386 -0.003161 -0.00602695 -0.000737168 -0.012529 -0.000764692 -0.00180953
internal_weight=9.11853e+06 2.80396e+06 6.31458e+06 43598.2 4.59347e+06 1.72111e+06 71573.7 33889.4 873051 2.76036e+06 139635 37684.4 359233 3.72042e+06 37671.5 110926 5926.76 13382 3.40877e+06 2.62072e+06 1.28019e+06 32875.6 28709.4 3.37589e+06 2.26832e+06 54874.9 49062.7 2.21925e+06 1.08983e+06 27314.4 1.64954e+06 18725.1 15164.2 13110.6 12580.4 12079.7 323695 1.12942e+06 64329.1 59999.5 10788.4 513818 97375.8 956496 15999 566347 44710.1 1.06252e+06 607108 56050.6 1.34053e+06 7660.45 349388 263583 9201.85 1.10758e+06 359083 71796.9 32881.8 38915.1 6683.7 287286 347153
internal_count=3330347 1017005 2313342 16369 1659695 653647 25235 11695 315265 1000636 49661 13540 106577 1344430 14148 39977 2221 5289 1220544 950975 483368 13338 9684 1207206 801571 18476 19989 781582 398223 7539 628412 6760 4935 4302 4840 3276 122812 383359 30969 29725 4127 208688 39451 360556 6940 213023 11008 390684 220042 21501 467607 2837 140514 94365 3064 405635 140776 28090 14131 13959 2911 112686 103301
cat_boundaries=0 2 4 6 8 10 12 13 15 17 19 21 23 25 27 29
cat_threshold=3221367719 2 2651242648 70 3882496308 64 3364462764 55 215993493 36 1890704707 100 30441854 741676417 113 1357544156 88 3646751832 117 2519244858 15 570753040 64 2785017888 32 3075519328 69 282173092 101
is_linear=0
shrinkage=0.03


Tree=20
num_leaves=64
num_cat=21
split_feature=3 52 1 7 7 3 19 0 20 0 7 22 1 3 30 0 1 48 1 19 1 55 1 19 20 14 3 4 1 1 3 52 1 1 1 22 52 20 1 1 22 52 8 1 19 1 0 40 23 1 1 58 14 1 14 58 55 1 48 1 20 1 14
split_gain=2754.89 1471.31 1375.07 1365.74 1058.48 994.515 842.331 769.78 728.57 704.476 664.775 660.694 660.258 655.998 624.897 623.887 637.583 618.207 585.726 574.728 593.643 566.445 503.134 488.803 462.321 430.995 429.672 417.086 415.746 406.968 386.809 359.928 346.461 332.806 325.728 313.999 308.86 416.783 372.272 348.57 294.352 287.547 285.35 282.555 280.135 329.404 276.67 270.757 269.373 311.651 269.02 1875.46 268.531 260.27 257.782 253.204 436.105 245.344 241.963 280.137 240.835 239.931 239.864
threshold=-0.098669108003377901 1.9536082744598391 0 0.43876922130584722 -0.98193383216857899 1.8029391169548037 0.92727679014205944 644.50000000000011 -1.9049420952796934 775.50000000000011 -0.69131106138229359 -0.93718397617340077 1 -1.7904666066169737 -0.16493003815412519 775.50000000000011 2 -0.23888704180717465 3 2.3243991136550908 4 0.94685247540473949 5 -0.44552692770957941 -0.94449669122695912 0.86274191737174999 -1.7904666066169737 1.6692219376564028 6 7 1.5147508978843691 0.12774965167045596 8 9 10 0.36610189080238348 -1.3070639371871946 -0.83948951959609974 11 12 -1.0834116935729978 -0.087592460215091691 0.24788790196180346 13 0.05331165902316571 14 929.50000000000011 1.0003308653831484 0.34759433567523962 15 16 0.58892410993576061 0.13776079565286639 17 0.72120228409767162 1.9409877061843874 0.34082898497581487 18 -0.70403799414634693 19 0.49277064204216009 20 1.1931485533714297
decision_type=2 2 1 2 2 2 2 2 2 2 2 2 1 2 2 2 1 2 1 2 1 2 1 2 2 2 2 2 1 1 2 2 1 1 1 2 2 2 1 1 2 2 2 1 2 1 2 2 2 1 1 2 2 1 2 2 2 1 2 1 2 1 2
left_child=1 4 21 10 13 7 9 42 22 17 36 14 19 23 61 30 -17 26 46 27 -21 35 -4 32 28 60 -6 -8 -9 -27 44 43 -1 -26 -13 53 37 38 -2 -39 -18 55 -5 -28 50 -46 -11 58 62 -50 51 -12 -22 -3 -14 -19 -57 -15 59 -10 -20 -7 -48
right_child=3 2 8 5 6 11 12 24 47 18 15 34 54 57 -16 16 40 41 25 20 52 -23 -24 -25 33 29 31 -29 -30 -31 -32 -33 -34 -35 -36 -37 -38 39 -40 -41 -42 -43 -44 -45 45 -47 48 -49 49 -51 -52 -53 -54 -55 -56 56 -58 -59 -60 -61 -62 -63 -64
leaf_value=0.019579503397042401 0.012617134674389484 0.00772875502778429 0.019614807909712297 -0.0020151038853852858 0.0033547285842960798 -0.020083647296013998 -0.0018583001080133869 -0.0087979918304903447 -0.010868778574875854 7.4772015053124771e-05 0.00076235053822290815 0.0022928401577906586 0.0005218090975128457 0.0006472019424281 0.00055840299460031611 -0.00014648920241204367 -0.0073722618950510356 0.0026256885037282433 -0.0014045565440296407 -0.0018035647953589921 -0.0099036457086257076 0.022200052562843308 0.0024873457429294586 0.0034839127535588885 -0.00068501019811500596 -0.0093658441621917634 0.00018357296035587063 -0.013101456261251296 -0.0030445141512647194 -0.0024692371614781334 -0.0020459103119857499 -5.283335409775827e-05 0.0067601703155538897 -0.0022891825642499942 -0.0051193167574156047 0.00057928563061731501 0.00072390573151948719 -0.0066807701664324962 -0.0020287576918290202 -0.001012010527984025 -0.0021967669316470114 0.001139272039235953 -0.00033515842402932229 0.0010530121107455571 -0.0015701091391145414 -7.8084925035295006e-05 0.00091455825803621001 0.0048411275330601244 -0.0012632225017228985 0.0093285966169052662 -4.6331416169537319e-06 0.021312422002313529 -0.020724617517947807 0.017539281422422278 -0.0034661360692026509 0.004057566333226543 0.016207191853759618 0.0019966589832451902 0.00099720145272270836 0.00050360936063151621 0.0003371591614908866 -0.010695072322578351 0.010261609810372153
leaf_weight=3678.7964515686035 3362.8260674476624 5875.8133316040039 3380.841438293457 103597.25852966309 47053.4140625 4553.4784317016602 72414.486488342285 14772.524444580078 4002.8682098388672 250430.408203125 115035.25069379807 7155.0174140930176 102882.0931854248 185929.15711975098 3036.782413482666 202755.36181640625 10311.775146484375 101781.94116210938 183088.31799316406 6885.3462524414062 6413.5809396505356 4097.232421875 2855.1486740112305 13640.425720214844 190384.83343505859 8796.2568359375 526647.30900037289 3091.7575302124023 48223.662078857422 61454.5927734375 95483.4169921875 800263.3076171875 3995.6606407165527 299619.00250244141 20917.207683563232 2837.9595373868942 816077.7763671875 12646.807243347168 2904.3165106773376 42696.789436340332 239826.11303710938 135485.74935913086 747972.92604064941 931370.46635973454 222471.50341796875 331767.8134765625 53029.619567871094 10150.28125 3515.4524536132812 8656.0820922851562 1497694.730493784 4135.7906270027161 3053.9399954080582 4239.3753243684769 16993.169876098633 12005.948501586914 3412.4606781005859 348787.54112243652 17556.424466609955 3792.6178460121155 117176.70025634766 5570.7210884094238 2586.7833862304688
leaf_count=1106 1030 2345 1333 53101 18705 1630 29076 5237 1321 102204 41464 2330 48912 75111 1057 79745 3401 40972 58243 3314 2555 1617 999 5493 77614 2012 208761 1044 16813 16957 38999 293757 1557 100424 9214 1087 309131 6241 1346 15796 79876 53431 255349 306912 89752 127303 21775 3854 1848 3287 515802 1227 1203 1474 4644 3687 916 122258 6865 1601 41496 1832 603
internal_value=7.10144e-06 0.000587376 0.0052988 -0.000461598 0.000518376 -0.00124033 0.000323052 -0.00110551 0.00236321 0.000442614 -0.000148603 -0.00583226 -0.00151029 0.00173326 -0.0113773 -0.000380292 -0.00139681 0.000671914 -0.000409023 -0.00342378 -0.00852238 0.0124734 0.0118167 0.0068938 -0.00197703 -0.00121977 0.000517507 -0.00231951 -0.00439617 -0.00333507 -0.000177175 0.000458383 0.0129482 -0.00166598 -0.00323105 0.00939905 0.000569273 -0.00147883 0.00585062 -0.00230928 -0.00241017 0.00208058 -0.000539542 0.000738974 -9.49851e-05 -0.000677022 0.000534997 0.000701929 0.00223516 0.00627677 0.00010453 0.00147627 -0.0133891 0.011872 -4.36278e-05 0.00316866 0.00675095 0.00152749 -0.000955932 -0.00535246 -0.000724868 -0.0149559 0.00135018
internal_weight=9.11628e+06 4.07331e+06 58788.6 5.04297e+06 4.01452e+06 1.4458e+06 3.45849e+06 1.40457e+06 41738.2 3.24675e+06 3.59717e+06 41233.2 211734 556032 13161 2.71948e+06 452893 2.55802e+06 688734 91859.1 16352.9 17050.4 6235.99 21314.9 553000 370516 2.30533e+06 75506.2 62996.2 70250.8 2.26659e+06 2.25828e+06 7674.46 490004 28072.2 12953.1 877689 61610.7 6267.14 55343.6 250138 252686 851570 1.45802e+06 2.17111e+06 554239 318218 35502.2 67787.9 12171.5 1.61687e+06 119171 9467.52 10115.2 119875 117200 15418.4 534717 25351.9 7795.49 300265 10124.2 55616.4
internal_count=3330049 1494335 22496 1835714 1471839 524601 1266314 508538 15973 1175566 1311113 16063 90748 205525 4519 977569 163022 927141 248425 37192 7072 6523 2332 8156 200088 118708 828135 30120 22050 18969 814547 809430 2663 178038 11544 4906 333544 24413 2376 22037 83277 99006 308450 515673 775548 217055 129717 13641 27513 5135 558493 42691 3758 3819 53556 45575 4603 197369 9787 2922 99739 3462 22378
cat_boundaries=0 2 4 6 8 9 11 13 14 16 18 20 22 24 26 28 29 31 33 35 37 39
cat_threshold=2387477144 9 779111075 65 536644632 116 268229704 37 203424418 1352720390 86 1610625988 26 258 3595214863 71 397034588 36 1074276658 69 1116384317 32 1682968658 16 3653947480 24 1955924736 87 59789376 33816576 4 2219442192 8 860889724 66 1619042656 64 2516742442 51
is_linear=0
shrinkage=0.03


Tree=21
num_leaves=64
num_cat=19
split_feature=5 10 7 24 20 20 0 20 32 20 1 1 55 19 1 1 0 19 1 1 0 7 0 1 1 1 10 52 1 15 46 55 10 1 54 13 28 1 55 1 1 0 0 1 1 18 1 54 34 0 30 20 52 1 44 1 16 42 20 0 42 23 18
split_gain=2736.56 1511.97 1358.14 1074.69 1018.24 1002.71 792.297 729.427 727.772 1285.41 662.242 655.402 634.331 602.158 601.518 593.361 582.729 569.689 552.188 532.996 502.107 496.043 491.398 491.462 479.336 444.199 423.426 417.814 433.633 417.262 2504.9 399.036 472.397 404.43 384.224 432.709 380.96 367.593 366.772 344.821 339.301 329.305 326.131 321.208 316.09 315.726 313.254 302.318 299.073 376.849 366.845 292.372 356.266 480.803 291.842 438.884 509.199 284.563 287.39 304.832 284.325 328.812 283.975
threshold=-0.2834745049476623 2.0446702241897587 0.39938059449195867 1.6159871816635134 -1.9049420952796934 -1.9049420952796934 644.50000000000011 -1.0979107618331907 -2.1122099161148067 -1.0979107618331907 0 1 0.94685247540473949 0.025464545935392383 2 3 142.50000000000003 0.92727679014205944 4 5 775.50000000000011 -0.19918341934680936 644.50000000000011 6 7 8 -0.18020389229059217 -2.3982589244842525 9 1.2796644568443301 1.0691260099411013 0.75619202852249157 1.1323674321174624 10 -2.307860136032104 -1.0162053704261778 0.92982441186904918 11 0.75619202852249157 12 13 789.50000000000011 831.50000000000011 14 15 -2.0651226043701167 16 -1.4622406959533689 -0.54607501626014698 172.50000000000003 -1.4507958889007566 1.2556032538414004 -0.57872501015663136 17 2.7153871059417729 18 0.2167661711573601 -0.75396415591239918 -1.341222286224365 789.50000000000011 0.98404008150100719 0.26027020812034612 -2.0651226043701167
decision_type=2 2 2 2 2 2 2 2 2 2 1 1 2 2 1 1 2 2 1 1 2 2 2 1 1 1 2 2 1 2 2 2 2 1 2 2 2 1 2 1 1 2 2 1 1 2 1 2 2 2 2 2 2 1 2 1 2 2 2 2 2 2 2
left_child=1 8 17 6 -5 11 44 40 9 15 12 -3 -7 16 34 -1 19 22 36 -10 -17 39 25 57 -19 29 46 28 -27 -2 -31 54 -33 -34 35 38 -11 -9 -15 -18 41 -8 -23 -6 -4 -38 47 -16 49 50 -36 -20 53 -53 -26 56 -56 -24 59 -59 -46 -62 -22
right_child=2 5 3 4 43 10 7 37 13 18 -12 -13 -14 14 26 20 21 24 51 -21 62 42 23 -25 31 27 -28 -29 -30 30 -32 32 33 -35 48 -37 45 -39 -40 -41 -42 -43 -44 -45 60 -47 -48 -49 -50 -51 -52 52 -54 -55 55 -57 -58 58 -60 -61 61 -63 -64
leaf_value=0.016430447223588253 0.00071182097911095621 0.027158915239592889 -0.0010490932410649159 -0.018711485926848539 -0.010339293297287564 0.0063965026646227918 -0.0036337445344232439 -0.0022344074052605715 0.0044738759150102243 -0.002429679568885569 0.0016912375677625661 0.0078115317364467847 0.022373315052521159 -0.0026290392742497203 -0.0031216104268478235 0.010416864715749886 0.0017283441564780119 8.4105217989571498e-05 0.001620993070317068 0.00076464044270577907 0.0074476218110614703 0.00040041210678213121 0.0059068216701354268 -5.7188805159081519e-05 -0.00087505770526902877 -6.3758589131667002e-05 -0.00029092752500210669 -1.668061981333903e-05 -0.012600622102750316 -0.00039871618996413489 0.028357541209877869 -0.0087281486735748277 -0.0066324184053862395 0.0083885325170076405 -0.015416970411442776 -0.001412348093545579 0.0084696530330239678 -0.00077418398373724792 -0.0163471134621134 0.00065008273391464603 -0.0035546509138874257 -0.012154653590607498 -0.00099028473405591514 -0.002377441104183971 6.0942206150814518e-05 -0.00099191784635889414 0.0017671937363150482 0.00076621293149075926 -0.00023496794206915119 -0.0013603455577258642 -0.0041484166132587687 0.019602751531380663 0.0016524904095213612 0.0058685933666610133 -0.020604837647613915 -0.0020865834447953463 -0.005398976460752946 -0.0011085544659838341 -0.0013404004233114504 -0.010421921751022471 -0.00031057214419728254 -0.012289152496328738 -0.0024512186837557992
leaf_weight=6343.1671752929688 808507.63366699219 2960.8206024169922 504870.01620483398 5217.58935546875 5896.7696075439453 11513.16224527359 6958.7435607910156 313650.26457214355 69587.547119140625 40223.969940185547 30987.459092617035 3421.0998077392578 2773.200439453125 2871.9602584838867 25062.63037109375 11468.062914848328 437704.30770874023 98568.538940429688 36954.477752685547 69895.381912231445 4286.328857421875 1004892.3545684814 4725.4783935546875 699987.994140625 77838.755577087402 5093.1051483154297 390758.73864746094 1492500.844348371 4839.8636016845703 13290.737755537033 3424.7684700489044 17508.427093505859 3254.6409149169922 3169.5970306396484 3058.9296264648438 9860.7547073364258 6070.310546875 307123.64874267578 4510.4490966796875 684230.4267578125 40068.894378662109 9888.967529296875 178756.73815917969 20067.941818237305 566405.17790222168 6644.9910278320312 229872.82104492188 63849.33935546875 204408.1012878418 98313.427978515625 17229.120208740234 3104.8696517944336 9361.2571411132812 8823.6984024047852 2687.1505146026611 26726.944679260254 7536.5331401824951 6101.3986663818359 356328.84730529785 6565.437744140625 4761.9473876953125 3633.4901123046875 6646.0799684524536
leaf_count=2167 296056 1033 187267 1757 2158 4740 2703 100452 21442 12958 11328 1376 1165 1284 9904 3775 139088 42772 14060 26053 1390 353830 1491 269345 35715 1767 144625 532302 2034 3705 1213 7427 1341 1467 1188 3851 1873 129607 2271 260487 13924 3697 63046 8024 208234 2083 85224 24841 88090 41358 6996 1088 4285 3725 1376 8854 2740 1903 111816 1953 1973 1439 2308
internal_value=1.3071e-06 0.000632063 -0.000427136 -0.00110404 -0.00662423 0.00572828 -0.00100607 -0.00181008 0.00055963 0.00268109 0.00415793 0.0168565 0.00949794 0.000474687 -0.000126284 0.00833562 0.000732716 -9.44117e-05 0.00121895 0.00261563 0.00603022 0.000618798 4.73714e-06 -0.000526179 -0.0015156 0.000249641 0.000371001 -5.75034e-05 -0.00618839 0.000808827 0.00549975 -0.00265204 -0.00617568 0.000782125 -0.00116326 -0.00552593 -0.000998673 -0.00151203 -0.0110158 0.00107078 -0.00506041 -0.0086322 0.000190383 -0.00419217 -0.000501398 0.00352661 0.00118238 -0.000329769 -0.000930325 -0.0021287 -0.00585081 0.00323412 0.00603463 0.0094715 -0.00191738 -0.00411269 -0.00939456 -0.00140456 -0.00149831 -0.00593804 -2.03129e-05 -0.00549905 0.0014315
internal_weight=9.11365e+06 3.68645e+06 5.4272e+06 1.78854e+06 31182.3 51655.7 1.75736e+06 677691 3.63479e+06 139927 45273.8 6381.92 14286.4 3.49486e+06 1.0498e+06 28743.6 2.44507e+06 3.63866e+06 111184 139483 22400.5 2.30558e+06 3.40137e+06 1.07371e+06 237291 2.32766e+06 709544 1.50243e+06 9932.97 825223 16715.5 138722 23932.7 6424.24 340253 17243.2 52939.3 620774 7382.41 1.12193e+06 56916.6 16847.7 1.18365e+06 25964.7 1.07967e+06 12715.3 318785 88912 323010 118601 20288 58244.3 21289.8 11928.6 114789 36950.6 10223.7 373721 368996 12666.8 574801 8395.44 10932.4
internal_count=3329444 1342932 1986512 661235 11939 19642 649296 250383 1323290 49712 17233 2409 5905 1273578 409632 9640 863946 1325277 40072 47495 7473 816451 1223585 386508 101692 837077 264594 536103 3801 300974 4918 58920 10235 2808 145038 7406 16914 230059 3555 399575 20324 6400 416876 10182 398913 3956 119969 34745 137632 49542 8184 23158 9098 4813 48685 12970 4116 117163 115672 3856 211646 3412 3698
cat_boundaries=0 2 4 6 7 9 11 13 15 17 19 21 23 25 27 29 31 32 34 35
cat_threshold=2651242648 4 3368583348 55 2920550978 82 2417012776 3798610228 72 3255937206 102 3229625254 2 2307795288 22 2785286432 61 2696735 2 2200199 96 1477753763 74 244112385 4 3760208708 26 3791782926 16 2496187969 92 1075988520 66178 39 1610650148
is_linear=0
shrinkage=0.03


Tree=22
num_leaves=64
num_cat=19
split_feature=5 10 3 3 0 3 1 22 22 22 32 0 1 1 55 3 1 0 1 1 1 0 1 1 1 16 0 1 52 0 1 22 19 19 52 55 1 27 0 1 34 1 10 1 5 48 15 28 7 3 10 0 19 1 50 2 19 16 1 1 56 48 52
split_gain=2632.47 1435.13 1394.66 1083.19 1025.21 985.65 830.77 803.135 773.279 773.107 1005.09 766.672 679.651 661.983 620.396 617.259 589.931 538.488 510.597 457.655 448.804 416.977 415.647 386.716 367.054 365.64 348.783 337.669 313.782 319.4 638.036 490.426 414.721 411.12 288.812 266.421 638.906 328.316 265.699 278.64 266.108 367.108 256.11 509.384 255.44 253.677 272.418 692.613 246.189 244.69 237.778 236.464 234.654 329.992 261.413 236.944 231.575 572.394 278.5 230.301 226.286 447.093 250.866
threshold=-1.0000000180025095e-35 2.0446702241897587 1.8029391169548037 -1.5114245414733884 731.50000000000011 -0.45448084175586695 0 -1.9065327048301695 -1.3206875324249265 -1.3206875324249265 -2.1122099161148067 529.50000000000011 1 2 0.94685247540473949 -0.098669108003377901 3 789.50000000000011 4 5 6 775.50000000000011 7 8 9 1.3521888256073 873.50000000000011 10 0.10557980462908746 217.50000000000003 11 -0.75158038735389698 0.79499089717865001 0.52390769124031078 0.10557980462908746 0.94685247540473949 12 0.53247547149658214 112.50000000000001 13 -0.42629419267177576 14 2.0446702241897587 15 2.0535342693328862 -0.32699543237686152 1.2796644568443301 0.39668443799018865 -0.63473242521286 -0.71553316712379444 -0.52332344651222218 817.50000000000011 1.6550678610801699 16 -0.62109863758087147 0.18693338334560397 1.0966395139694216 0.78038501739501964 17 18 -0.17141722887754438 -0.78547245264053334 -0.83352035284042347
decision_type=2 2 2 2 2 2 1 2 2 2 2 2 1 1 2 2 1 2 1 1 1 2 1 1 1 2 2 1 2 2 1 2 2 2 2 2 1 2 2 1 2 1 2 1 2 2 2 2 2 2 2 2 2 1 2 2 2 2 1 1 2 2 2
left_child=1 5 4 6 15 9 -3 11 16 10 21 -4 14 17 -5 19 51 -7 49 45 56 22 -1 -13 44 -19 -23 -12 29 30 32 50 60 -31 35 -17 -37 -38 39 -33 41 -40 -36 -44 -9 46 -2 -48 -20 -10 -32 -6 -21 55 -55 -54 -11 58 -58 -35 62 -62 -15
right_child=2 3 7 12 8 13 -8 24 18 20 27 23 -14 28 -16 34 -18 25 48 52 -22 26 -24 -25 -26 -27 -28 -29 -30 33 31 38 -34 59 42 36 37 -39 40 -41 -42 -43 43 -45 -46 -47 47 -49 -50 -51 -52 -53 53 54 -56 -57 57 -59 -60 -61 61 -63 -64
leaf_value=0.02203512416831846 0.00044770556506966582 0.029601793584519094 -0.0230828811083175 0.0055422569181975429 -0.0048450545987834643 -8.711900843703581e-05 0.0066085209459652173 -0.0047478483458230488 -0.0002287481265629966 0.0017663036147753184 0.0046926411424584626 -0.013431493069319513 0.001036264663359843 -0.0084602377275718559 0.018742445595835513 -0.00015618235117857146 -0.0033145916421936489 -0.0012511064971478458 0.00088429254220382086 -0.00014057695920051248 0.00050373551967324774 0.0004570816843404693 0.0089863905828355718 0.0014475368510424864 -0.0015281251573135393 -0.0048460923981786027 0.012629964632280102 -0.00094690411784192799 3.0253728169116899e-05 0.00076779249073595751 0.014237021886307077 0.0061894461073919759 0.011780091531298104 0.00087210498489835727 -0.0010332251599939112 -0.0099781466668891986 -0.0053658581514755624 0.0058395469776449877 -0.006086944314933642 0.00068839496068003416 0.00090822075219989206 -1.4499617148858565e-05 0.00810383244444479 -0.0011137619528408388 -0.012676808445068979 0.0019183951170621766 -0.0010082837139502232 0.015354285382083761 -0.00075260015474024294 -0.0021044761680063689 0.0033070765981149802 -0.014988391597133216 -0.0016884296168863235 0.0051898647989929766 -0.0053838240889572814 -0.012222192037003967 0.0053033893435974451 -0.011966461411228804 -0.0016775025069955395 -0.00258974180098075 0.013644381330820523 0.003529357529206449 0.0027020717663819309
leaf_weight=4133.0166454315186 505708.45494365692 2699.1235313415527 3767.8580712080002 17793.365352630615 3082.0391845703125 927580.72854614258 3001.9849891662598 22726.207485198975 74545.9150390625 524309.29064941406 18953.837028503418 3115.107460975647 31902.346195220947 2610.2816162109375 3905.718994140625 1143648.589718461 40304.251861572266 204411.3115234375 100509.51782226562 699764.31640625 762730.57434082031 4823.627025604248 4808.7506313323975 3159.6829053163528 41284.622104644775 29081.958984375 3772.8615570068359 19250.571174621582 795114.9564255476 918668.83499145508 3361.3769149780273 12161.300415039062 6508.5517578125 25433.972412109375 814519.02368164062 8238.88720703125 3919.9071960449219 5872.6196594238281 15039.082763671875 25977.151245117188 47987.564895629883 22144.095352172852 8316.5166473388672 15308.659133911133 4356.92041015625 157668.94873046875 5833.3768899440765 3869.1530296802521 466418.29806518555 390365.83151245117 3837.2663040161133 6325.0351257324219 3159.5413589477539 4624.141282081604 3853.2670431137085 4908.3012924194336 7743.8492431640625 3743.4195404052734 15244.744400024414 54009.294189453125 4428.3093504905701 34917.607354998589 5895.4142835140228
leaf_count=1487 189610 1094 1205 6849 1063 377384 1136 9242 24079 187680 6369 1041 12064 1122 1532 409174 14471 88672 42442 255016 293795 1479 1348 1077 16415 6556 1330 6882 265427 304106 1124 4825 2205 10953 295126 3225 1431 2499 5687 8146 16671 6962 3258 6102 1518 59687 1609 1192 191563 120381 1224 1998 1304 2452 1772 1751 3452 880 6687 19576 1345 10024 2383
internal_value=2.61086e-06 0.000511329 -0.000508211 0.00514766 -0.000438644 0.000450342 0.0175743 -0.00447445 -0.00124284 0.0011219 0.00458213 -0.0123944 0.00382444 0.000157364 0.00791834 -0.000182011 -0.0048973 -0.000411265 -0.00106676 0.000303712 0.000975063 0.0105266 0.0150613 -0.00596302 -0.00331024 -0.00169896 0.0058038 0.0018522 0.000491129 0.0008009 0.00194629 0.000808475 0.00467662 0.000588745 -0.00051947 -0.000213238 -0.00383094 0.00135224 0.000364034 0.00244491 -0.000567847 -0.00247269 -0.000943909 0.00213499 -0.00602328 0.00086539 0.000543268 0.00552129 -0.000462385 -0.00180368 0.00841711 -0.0116571 -0.000224079 -0.00375475 0.000382976 -0.00809052 0.00162741 -0.00109606 0.000676273 -0.00148165 0.00371028 0.00466937 -0.000726446
internal_weight=9.11716e+06 4.56799e+06 4.54917e+06 59302.5 4.47076e+06 4.50868e+06 5701.11 78410.4 1.08155e+06 1.36951e+06 55742.7 10042.6 53601.4 3.13917e+06 21699.1 3.38921e+06 49711.3 1.16107e+06 1.03184e+06 1.38939e+06 1.31377e+06 17538.3 8941.77 6274.79 68367.8 233493 8596.49 38204.4 1.9781e+06 1.18298e+06 184868 130508 54360.2 998112 1.99982e+06 1.16168e+06 18031.4 9792.53 123309 38138.5 85170.7 37183.2 838144 23625.2 27083.1 673080 515411 9702.53 566928 464912 7198.64 9407.07 716310 16545.3 8477.41 8067.84 551041 26732 22988.6 79443.3 47851.6 39345.9 8505.7
internal_count=3330159 1668456 1661703 22675 1631205 1645781 2230 30498 395997 511389 18895 3323 20445 1134392 8381 1235208 17532 472612 378465 514393 492494 5644 2835 2118 27175 95228 2809 13251 661780 396353 61718 44639 17079 334635 720815 416329 7155 3930 42291 12971 29320 12649 304486 9360 10760 252098 192411 2801 234005 144460 2348 3061 262295 7279 4224 3055 198699 11019 10139 30529 14874 11369 3505
cat_boundaries=0 2 4 6 8 10 12 14 16 18 20 22 24 26 28 30 32 34 36 38
cat_threshold=528394392 66 2618212536 36 3978310592 27 536884192 10 3892458406 66 2871275938 63 201710737 13 3599819112 113 2158682982 6 2862834698 16 208335877 23 98311 4 1041819008 121 269502464 96 46678032 32 3977134745 3 5787137 64 299152 4 12633104 68
is_linear=0
shrinkage=0.03


Tree=23
num_leaves=64
num_cat=20
split_feature=7 0 1 10 24 2 32 2 32 42 2 54 1 1 4 1 1 2 32 1 1 1 1 46 1 36 1 1 44 1 14 38 0 44 54 54 1 32 52 1 0 1 18 43 1 55 2 43 1 1 56 52 56 10 52 54 39 10 1 36 18 0 54
split_gain=2512.65 1626.43 1257 1186.23 1174.18 972.677 890.406 842.32 819.454 634.594 676.288 658.036 571.53 552.661 538.608 479.931 475.354 453.504 524.323 446.875 444.493 409.599 408.509 380.387 373.84 518.009 366.022 345.125 325.122 324.568 323.676 743.744 445.678 441.499 361.73 312.023 491.278 398.562 370.889 452.547 310.439 434.774 317.965 309.377 327.47 300.905 300.205 298.517 457.97 296.113 295.336 293.941 338.141 458.901 293.527 291.35 332.612 312.136 320.263 289.915 277.313 266.792 266.43
threshold=-0.53390479087829579 775.50000000000011 0 2.0446702241897587 1.6159871816635134 -0.84132790565490712 0.19621862471103671 -1.3648050427436826 -1.8464391827583311 -0.96616706252098072 -0.74895048141479481 -2.307860136032104 1 2 -2.066596150398254 3 4 -1.3648050427436826 -2.1122099161148067 5 6 7 8 1.7531520128250124 9 -0.46366593241691584 10 11 2.7153871059417729 12 0.72120228409767162 0.46993029117584234 845.50000000000011 3.1544812917709355 1.4693279862403872 0.1484339311718941 13 -2.1122099161148067 -1.1480123400688169 14 929.50000000000011 15 -1.0364525914192197 1.1645036339759829 16 0.94685247540473949 -0.59996080398559559 1.4699724316596987 17 18 0.87435781955719005 0.041442576795816428 1.9410765767097475 -1.314770460128784 1.9536082744598391 0.10369330644607545 0.095647938549518599 1.3058599829673769 19 -1.7492431998252866 -0.96159049868583668 929.50000000000011 -1.7562709450721739
decision_type=2 2 1 2 2 2 2 2 2 2 2 2 1 1 2 1 1 2 2 1 1 1 1 2 1 2 1 1 2 1 2 2 2 2 2 2 1 2 2 1 2 1 2 2 1 2 2 2 1 1 2 2 2 2 2 2 2 2 1 2 2 2 2
left_child=3 4 5 9 6 24 17 26 -5 10 13 12 -11 -1 20 -10 55 18 27 -12 -8 51 -9 29 25 -3 -6 -2 50 -14 -7 34 -33 -34 -32 38 -37 -38 39 -13 42 -42 -4 44 -40 -17 49 59 -49 -41 -26 52 -19 -54 -20 56 -16 -57 -59 -24 -15 -39 -21
right_child=1 2 40 8 7 30 14 22 15 11 19 35 23 60 16 45 -18 21 54 62 -22 -23 47 -25 28 -27 -28 -29 -30 -31 31 32 33 -35 -36 36 37 61 43 46 41 -43 -44 -45 -46 -47 -48 48 -50 -51 -52 -53 53 -55 -56 57 -58 58 -60 -61 -62 -63 -64
leaf_value=0.015668412928864759 0.017430163119486673 -0.018235267915453563 0.00059189762273884213 0.022382334940817948 -0.0043206460138226028 -0.0012689534091210287 0.0037040892042352245 0.0032443846813462011 0.00086983524324239097 -0.0079695034542829439 0.005626092178848509 0.0018861097230555954 0.012168159010937554 0.0091542055670550959 0.00031217261165488732 0.0060739258680681495 -0.0010154762360242359 0.00081299446514829156 0.0013320106879061359 -0.0094980707625652895 2.0223199680533653e-05 -0.00011568185367101766 -0.01215209105538396 -0.0059391393010568448 -0.0036917205493821807 -0.0064297050985740621 -0.014802596294254171 0.003671274948119153 -0.0077937826109831044 0.00045164967354595082 -0.001831105649306924 -0.0022464945750635748 -0.015336251168813167 -0.0051954966442087818 -0.010364956876658771 -0.00030392732484800674 0.0091031393110815716 0.00082058966378072617 0.0016099925791154088 -0.0049923802397174076 -0.0019299492748652933 0.0018799277346089494 -0.0010422480036475345 0.0022281758483397793 0.00039859777733487924 0.015054805216695805 -0.0022689566562002802 -0.0017824798483999117 -0.017935626374809194 0.0067952661884489755 0.0042661848990737643 0.00011786367087519716 0.013383806351491258 0.0025721406140405312 0.010542387098509996 -0.00097491050746521932 -0.0063109459448227549 0.0056928375443174454 3.4308137756951284e-05 -0.0019138088779459624 -0.0013214610984871203 0.0042080945148677499 0.00040140841157389336
leaf_weight=6759.4923934936523 3465.7168807983398 4362.3085689544678 141945.19140625 2651.2728881835938 4861.5710983276367 398774.80078125 49061.529418945312 9772.380615234375 14046.425358772278 14262.684036254883 16916.443634033203 51191.643557786942 2568.46923828125 4953.5453643798828 701646.75529283285 13916.718745231628 1040601.9418334961 1005788.7935889363 47112.589965820312 2756.9201049804688 73826.939331054688 1320474.7992858887 2652.6723430156708 7104.3726005554199 27537.892222881317 14341.690576553345 7951.6706008911133 3145.6434707641602 15211.615478515625 12089.221412658691 166157.13238525391 8750.5592041015625 8466.6787719726562 7118.0421752929688 4589.2026977539062 471874.70932388306 5540.20703125 383520.65087890625 405411.96803736687 2679.1270904541016 36035.0771484375 106892.8798828125 437273.2294921875 244746.35314941406 398040.87045288086 4427.1337890625 78397.849731445312 3305.7232398986816 3029.698314666748 6667.9938812255859 4947.4999890327454 719468.46832275391 4077.656494140625 26289.666870117188 3329.7650146484375 415779.60458374023 6886.2975941300392 12745.123229980469 30576.587707519531 39339.328709840775 4199.2448959350586 22127.52099609375 21443.505157470703
leaf_count=2265 1124 1150 58022 1024 1631 135962 17982 3096 5397 6094 6588 17440 1189 1660 245838 5755 387204 331601 16436 1191 24568 543882 1311 2335 9207 4219 2638 1043 4416 4853 44230 2052 1990 1651 1221 145936 2268 166366 126307 1283 12506 45954 178621 97764 162310 1855 32789 1356 1432 2406 1247 237729 1056 7546 1256 146840 2647 3790 12694 16128 1671 9488 9831
internal_value=3.42307e-06 -0.000277348 -0.00119782 0.000886953 -4.74621e-05 -0.00214388 2.31555e-06 -0.00388286 0.00636208 0.00079825 0.00392074 0.000713695 -0.00330579 0.00917125 -0.000441657 0.00504751 -0.000549232 0.00033264 0.00298273 0.00188791 0.00149135 0.000283483 -0.00234692 -0.000244322 -0.00558732 -0.00918233 -0.0108437 0.0109234 -0.00417395 0.00251679 -0.00175885 -0.00276021 -0.00766634 -0.0107078 -0.00206077 0.000783648 0.000356611 0.00111461 0.0011013 -0.000355176 -0.00033279 0.000919342 -0.000641777 0.00129435 0.00100988 0.00824041 -0.00166283 -0.00347772 -0.00954632 0.00341769 -0.00247927 0.000583707 0.000907175 0.00402587 0.00194098 -0.000133701 0.000247758 -0.000722408 0.00170082 -0.00256194 0.00434519 0.00100542 -0.000727772
internal_weight=9.11589e+06 6.91759e+06 1.3824e+06 2.19829e+06 5.53519e+06 660257 5.46428e+06 70913 35041.6 2.16325e+06 57029.2 2.10622e+06 36024.7 15912.3 2.33112e+06 32390.3 2.20824e+06 3.13315e+06 57053.7 41116.9 122888 3.0761e+06 58099.8 21762.1 66401 18704 12813.2 6611.36 47697 14657.7 593856 195082 24335.3 15584.7 170746 2.0702e+06 883063 411188 1.18714e+06 138937 722146 142928 579218 1.0482e+06 803453 18343.9 87745 48327.4 6335.42 9347.12 32485.4 1.75562e+06 1.03616e+06 30367.3 50442.4 1.16763e+06 708533 459101 43321.7 41992 9152.79 405648 24200.4
internal_count=3329341 2513276 502448 816065 2010828 207345 1983236 27592 14031 802034 23206 778828 14471 5596 841563 13007 799013 1141673 19859 17610 42550 1121814 23323 8377 20239 5369 4269 2167 14870 6042 187106 51144 5693 3641 45451 764357 324058 178122 440299 53918 295103 58460 236643 386381 288617 7610 36478 20227 2788 3689 10454 577932 340203 8602 17692 411809 248485 163324 16484 17439 3331 175854 11022
cat_boundaries=0 2 4 6 8 10 12 14 16 18 20 22 24 26 28 30 32 34 36 38 40
cat_threshold=3221451687 10 2119570754 24 2491068424 66 548511074 65 2873037098 51 412322690 46 2871378625 98 101186743 13 2152208432 100 74496 2 3363113113 76 3733496428 114 2164334592 66 1921197991 66 109646235 32 537135120 64 2282612391 14 1268016001 9 3104047168 81 135135240 1
is_linear=0
shrinkage=0.03


Tree=24
num_leaves=64
num_cat=12
split_feature=3 10 7 3 5 17 3 5 7 2 0 0 19 14 18 52 30 12 17 17 42 22 22 0 2 58 12 2 8 30 22 0 52 55 14 17 17 14 50 17 38 3 12 17 5 42 17 35 55 17 17 18 50 17 22 17 19 30 13 5 16 42 16
split_gain=2331.34 1464.88 1208.29 1040.9 929.962 913.842 912.678 733.991 636.181 625.645 584.251 581.958 517.965 571.685 515.07 493.151 490.965 424.712 412.624 391.769 371.119 399.561 368.757 347.377 321.726 305.594 305.293 304.707 286.557 520.341 284.969 447.479 400.364 282.403 274.752 269.31 264.258 735.398 2761.4 262.063 294.373 262.297 260.692 318.575 260.526 265.182 255.521 247.796 250.5 418.284 246.803 239.475 227.012 225.727 224.526 223.355 296.409 477.238 224.931 221.115 218.518 214.957 233.961
threshold=0.31830006837844854 2.0446702241897587 -0.02698943484574556 1.8029391169548037 2.0535342693328862 0 -1.7904666066169737 -2.2509361505508418 -0.13901372998952863 -0.84132790565490712 644.50000000000011 644.50000000000011 0.40057253837585455 0.25479234755039221 -0.6997048258781432 -2.3982589244842525 -0.16493003815412519 -0.66427141427993763 1 2 -0.96616706252098072 -1.3206875324249265 -1.3206875324249265 942.50000000000011 -0.096043132245540605 1.9409877061843874 -0.35152915120124811 -1.1162397265434263 6.8574993610382089 0.39441095292568212 -0.67616242170333851 873.50000000000011 1.116103529930115 0.94685247540473949 1.0573982596397402 3 4 -0.16810990124940869 -0.76353454589843739 5 -0.61848765611648548 -0.94751292467117298 -0.65455603599548329 6 -0.69347921013832081 0.98404008150100719 7 1.0211073756217959 0.94685247540473949 8 9 -0.64184212684631337 -0.2393136993050575 10 -1.3206875324249265 11 0.92727679014205944 1.3573725223541262 -0.70058324933052052 -0.69347921013832081 0.35129547119140631 0.54574120044708263 0.40335552394390112
decision_type=2 2 2 2 2 1 2 2 2 2 2 2 2 2 2 2 2 2 1 1 2 2 2 2 2 2 2 2 2 2 2 2 2 2 2 1 1 2 2 1 2 2 2 1 2 2 1 2 2 1 1 2 2 1 2 1 2 2 2 2 2 2 2
left_child=1 2 6 8 28 24 9 -7 47 14 34 -10 17 26 35 50 22 20 30 27 21 -8 -6 39 -3 33 60 -13 -5 -30 31 -12 -33 -17 44 -1 37 38 -19 40 -9 -42 43 -39 -4 55 -18 48 -2 -50 -15 -20 -38 -47 -53 56 -46 58 -58 -22 -14 -41 -63
right_child=3 5 10 4 16 7 12 23 11 -11 18 19 13 15 -16 25 46 36 51 -21 59 -23 -24 -25 -26 -27 -28 -29 29 -31 -32 32 -34 -35 -36 -37 52 42 -40 61 41 -43 -44 -45 45 53 -48 -49 49 -51 -52 54 -54 -55 -56 -57 57 -59 -60 -61 -62 62 -64
leaf_value=0.008708889105994851 -0.00013045310078357798 0.019247583736360343 0.00078526581774236443 -0.0018999463704667896 -0.017937122345412643 0.016397992725423347 0.012582290296095639 -0.0032746937713093059 -0.00052492857149554655 0.0025276847906350697 -0.0014658510477451759 -0.0056493926127446775 0.00016810973950853852 -0.014666306434141303 0.0039496047468508674 -0.0014220938267535583 0.0029883063893029636 0.035532999458099734 0.00065475711699738439 -0.00082192079006913909 0.00093429473250847945 0.0024486062900422861 -0.0055746009417745627 -0.0054618207404391614 0.00690169400249849 0.0056429077753589124 0.0051300976804707337 -0.0020958218238722255 -0.0024929859909860008 -0.018922408542577963 -0.0010876733386855156 -0.0048561797238826712 -0.015532944616299315 -0.0099554548522562368 0.001329439084829223 0.019799502351858792 0.00056503690072730491 0.014146683695228965 0.0015089903814126189 0.0028025105151166241 0.010335187344209554 0.0013886263965248338 0.0015907236703761034 0.0028657289233441677 0.00061569074667214849 -0.013079884905943815 -0.0087526818152593774 0.0010926601268908464 0.0075699062978025521 -0.0062668497652433259 -0.0047689597879053023 -0.003866350677333387 0.0022790005946807458 -0.002385007538967465 -0.00045968864206330799 -0.00039511846882138809 -0.0049556190279661586 -0.013841895730510432 0.00053522296524239081 0.00024210789751066207 0.0089799906318590896 0.0054021894595646268 0.013894570218450636
leaf_weight=3748.5423889160156 965839.24133300781 4618.6427459716797 345331.423828125 98254.262634277344 6982.9677734375 3668.296875 4243.04345703125 9400.7637939453125 1170150.521484375 49362.166381835938 40381.171630859375 23287.92724609375 266249.31848907471 3503.9253678321838 8012.4028701782227 132510.09716796875 2943.9797135591507 2777.4257659912109 203225.794921875 277866.07360839844 644427.88053894043 19957.251098632812 3159.2986973524094 4461.0513153076172 3238.5480804443359 5375.2860107421875 12059.702239990234 321397.8837890625 5338.6874797344208 2566.5323078632355 425476.75146484375 16210.315948486328 3924.6051940917969 3579.9908447265625 165875.08203125 4318.6163864135742 346746.80065917969 3272.0845794677734 9400.5076446533203 18293.781921386719 3748.0365447998047 13782.390106201172 287544.60272216797 7228.5377349853516 449878.79782104492 2410.9436330795288 3822.0995187759399 157402.833984375 2325.2276916503906 12375.642425537109 6500.7133040428162 18341.77001953125 86995.101715087891 6699.8999338150024 341836.3916015625 854778.24237304926 9799.8214740753174 2934.5718841552734 21300.860059738159 1168432.8091888428 2552.0791854858398 11083.93074798584 3965.5422439575195
leaf_count=1317 372017 1915 127025 39989 2211 1336 1326 5170 430162 20162 12060 7094 116513 1073 2792 42814 896 974 83361 119671 211824 7522 1173 1391 1308 1474 7889 101776 2288 955 132532 4914 1132 1125 41441 1381 159246 487 3710 6945 1242 4484 86882 2803 153418 978 1454 58357 1168 5158 2058 7105 39908 2982 139093 333894 5560 971 7739 387615 821 4632 1110
internal_value=-4.54982e-06 0.000335895 0.000283267 -0.000680538 -0.00338332 0.0044674 0.000697487 0.00335187 -0.000567034 0.00420235 -0.00015522 -0.00091919 0.000621364 -0.000339657 0.00934096 -0.00182513 -0.0099168 0.000782339 -0.000721151 -0.00166023 0.000537437 0.00422758 -0.0140909 0.00261191 0.0141485 -0.00136975 0.000461485 -0.00233592 -0.0023423 -0.0078356 -0.00136164 -0.00328783 -0.00694058 -0.00164693 0.000164244 0.01469 0.00138706 0.00205562 0.00928026 0.00320987 0.00100693 0.00330382 0.00176035 0.00640223 5.00872e-05 -0.000138281 -0.00365416 -1.22493e-05 -0.000189621 -0.00407558 -0.00826032 -0.000168629 0.000908806 -0.00523771 -0.000633221 -0.000103556 0.000411454 -0.00228773 -0.00119546 0.000488165 0.000251938 0.00498695 0.00764381
internal_weight=9.11718e+06 6.06347e+06 5.98721e+06 3.05371e+06 123068 76261 3.0788e+06 68403.8 2.93065e+06 65441.7 2.90841e+06 1.7927e+06 3.01336e+06 432331 16079.6 151470 16908.3 2.58103e+06 1.0494e+06 622552 1.83706e+06 24200.3 10142.3 64735.5 7857.19 141465 280861 344686 106159 7905.22 485993 60516.1 20134.9 136090 1.85901e+06 8067.16 743965 310223 12177.9 60274.4 26931.2 17530.4 298045 10500.6 1.69313e+06 1.3478e+06 6766.08 1.13794e+06 980540 14700.9 10004.6 563404 433742 9110.84 360178 1.33869e+06 483914 34035.3 31100.7 1.81286e+06 268801 33343.3 15049.5
internal_count=3329823 2185454 2155921 1144369 48966 29533 1101716 26310 1095403 25652 1054205 658703 1076064 173767 5490 48544 5734 902297 380197 228541 608287 8848 3384 24974 3223 45413 125223 108870 43232 3243 150638 18106 6046 43939 674008 2698 294010 94856 4684 23583 10896 5726 90172 3290 632567 505542 2350 436700 378343 6326 3131 229559 199154 3960 146198 501582 167688 14270 13299 599439 117334 12687 5742
cat_boundaries=0 1 2 3 4 5 6 7 8 9 10 11 12
cat_threshold=33687569 27563584 31757848 35470720 41197574 29697344 1048578 17092995 395480 35832833 13278288 34265088
is_linear=0
shrinkage=0.03


Tree=25
num_leaves=64
num_cat=16
split_feature=5 10 3 0 22 20 1 22 1 50 3 20 1 1 10 1 54 18 1 1 0 53 1 16 0 0 53 7 14 23 1 15 48 1 1 5 52 1 19 20 40 35 1 0 1 19 7 23 0 0 20 16 3 1 22 0 10 0 20 10 58 43 1
split_gain=2338.39 1531.83 1459.9 1001.22 967.816 917.778 770.352 850.799 730.655 687.732 613.993 676.256 601.671 571.048 570.029 656.473 609.58 487.213 478.456 472.584 463.333 459.862 552.328 448.41 419.051 418.524 417.842 405.018 399.964 386.829 378.288 363.137 3005.7 362.366 345.816 329.408 321.464 573.219 321.007 352.182 351.122 338.897 331.579 314.911 344.647 302.158 302.058 298.317 297.886 292.999 497.174 333.373 287.019 283.173 282.733 274.818 360.199 267.433 338.792 266.847 310.182 300.661 264.012
threshold=-0.58644592761993397 2.0446702241897587 0.90504136681556713 775.50000000000011 -1.9065327048301695 -1.9049420952796934 0 -1.3206875324249265 1 -0.2393136993050575 -1.5114245414733884 -0.94449669122695912 2 3 2.0446702241897587 4 0.17167250066995624 -1.2990568876266477 5 6 831.50000000000011 0.70401626825332653 7 1.3521888256073 929.50000000000011 515.50000000000011 0.70401626825332653 -0.75082522630691517 0.79738819599151622 0.52203881740570079 8 1.2796644568443301 -0.77558681368827809 9 10 -1.819243788719177 -0.92156186699867237 11 -0.072470352053642259 -1.0979107618331907 0.25289253890514379 1.3782039284706118 12 803.50000000000011 13 1.6550678610801699 0.80853313207626354 0.1582041531801224 942.50000000000011 262.50000000000006 0.68063908815383922 0.25374948978424078 -0.30569486320018763 14 0.42796885967254644 745.50000000000011 -1.5311909317970274 187.50000000000003 0.10329049453139307 -0.085184644907712923 1.9409877061843874 0.63684383034706127 15
decision_type=2 2 2 2 2 2 1 2 1 2 2 2 1 1 2 1 2 2 1 1 2 2 1 2 2 2 2 2 2 2 1 2 2 1 1 2 2 1 2 2 2 2 1 2 1 2 2 2 2 2 2 2 2 1 2 2 2 2 2 2 2 2 1
left_child=1 10 3 9 13 12 7 28 26 14 11 17 -3 29 16 -16 21 19 35 -1 38 27 57 34 -8 -15 54 -2 -5 -4 31 -29 -33 -26 48 -12 37 -36 -20 41 42 -40 -41 62 -45 -17 -18 -25 -22 50 -44 -52 59 -13 -7 -51 -57 -23 -59 60 -11 -62 -6
right_child=2 5 4 6 43 8 24 -9 -10 52 18 53 -14 25 15 45 46 -19 20 -21 23 22 -24 47 33 -27 -28 30 -30 -31 -32 32 -34 -35 36 -37 -38 -39 39 40 -42 -43 49 44 -46 -47 -48 -49 -50 55 51 -53 -54 -55 -56 56 -58 58 -60 -61 61 -63 -64
leaf_value=0.0046233211146638189 0.0012524875979923963 0.02661069372844551 0.0015176038134535321 -0.0063728102330224403 -0.00021452462534780816 0.0091964823599401928 -0.00073291915763767262 -0.0018279911503124636 0.00096693609997230187 0.0026960365590780275 0.0024347532431801761 0.0031035014439905078 0.007524568955432318 -0.022393471818320031 -0.000204801460543167 0.0059216881973875746 -0.000402495699013528 0.003301159644809917 0.00081690599738159706 0.01742714088319516 0.00010212329318125519 0.0053950086036714823 -0.0081640890562716187 -0.0021685637771657442 -0.00060655677984497566 -0.0089469407530470123 0.017821538235655538 0.00047899729953310144 -0.018724230854942792 -0.0084854695404551449 -0.0002019855875601456 0.027516003567262984 -0.00018231649770303828 0.0026279101780702992 0.0076659618374294615 0.00085508129700849239 -0.0018088819432590482 -0.0020530991067335951 0.0021107472795433482 0.0003575312486479061 0.0013604311320228766 0.013077511251088133 -0.0013624704513455321 -0.0048816353080251068 -0.0016059579059856217 0.016582235685199318 -0.0015708487984732813 -0.0092512893855328637 0.0041610248540131563 0.00013201386768261025 -0.0021791928563170151 -0.0091063317121563275 0.00048875057674818462 -0.00030043342698172419 -0.0015583180072309165 -0.013029912124368945 -0.0020129336024545001 -0.011805316519365495 0.00053261465156946531 0.0010941550089689663 0.0040634605006688741 0.014338071815818769 -0.001514798971150129
leaf_weight=4496.5153579711914 298086.68536376953 3015.6391220092773 6865.1957397460938 7287.9473648071289 215614.66574859619 9202.0764889717102 551672.4140625 360490.974609375 21692.084489345551 70566.48876953125 139405.328125 50951.050987243652 2981.3857803344727 2976.4071809053421 20902.306213378906 16642.872863769531 1161157.1595067978 12155.790222167969 898720.13216400146 6214.8765487670898 91491.598785400391 5657.4169311523438 13036.883148193359 14080.55680847168 56315.714721679688 6961.9438322782516 3992.4013671875 795730.22271054983 3490.8075180053711 7046.9923095703125 1520596.1223602891 4144.1603217124939 23476.324053287506 69803.644653320312 9420.4347534179688 804014.95223999023 152335.23742675781 12958.792907714844 14160.18310546875 159083.08242797852 93522.021499633789 3085.08740234375 67437.531043052673 43005.567916870117 88261.492065429688 2792.8687744140625 240376.751953125 8633.0135040283203 19789.0634765625 106939.54734897614 10626.198760986328 15200.70751953125 197829.49205344915 38697.788734436035 2888.9283771514893 3060.4326782226562 20777.419921875 2714.6343727111816 7600.5709190368652 98349.28076171875 6404.3140172958374 4275.3334436416626 403692.209815979
leaf_count=1586 110327 998 2178 2322 93927 3446 213948 113665 8021 29193 50863 21218 1266 1052 9208 5938 422336 4241 308253 1900 35886 2093 5981 3195 21537 2594 1571 288977 852 2312 529737 1250 6325 27201 3058 297426 53182 5454 5146 64288 35714 1077 23058 14006 38524 1149 89358 1982 7853 41124 4978 4442 77243 14806 1117 1215 8079 1042 2854 40065 2078 1215 152817
internal_value=5.95913e-06 0.000727386 -0.000314091 -0.000143523 -0.00153414 0.00629515 -0.000977957 -0.00207635 0.004563 5.14231e-05 0.000638984 0.00280938 0.0171932 -0.00748296 -6.10462e-05 0.00348745 -9.61976e-05 0.00741389 0.000546643 0.0120775 0.00024616 0.000169669 -0.00358659 -0.000805345 -0.000376251 -0.0129702 0.00940484 0.000210919 -0.0103798 -0.00354797 7.84576e-05 0.000596384 0.00397775 0.00118383 -0.000483086 0.0010885 -0.00131558 0.0020414 0.000479257 -0.000135155 -0.000287552 0.00407587 -0.000689843 -0.00134506 -0.00267977 0.00745362 -0.000602885 -0.00486202 0.000823999 -0.00143348 -0.00271819 -0.00625721 0.00127702 0.00163454 0.00662723 -0.000517331 -0.00342979 0.000155963 -0.00271848 0.00214528 0.00341754 0.00818143 -0.00106214
internal_weight=9.11486e+06 2.80103e+06 6.31383e+06 5.5394e+06 774424 43772.5 1.04906e+06 371270 37775.5 4.49034e+06 2.75726e+06 112516 5997.02 23850.5 4.11291e+06 40338 4.07258e+06 22867.2 2.64474e+06 10711.4 1.70132e+06 2.67104e+06 29009.5 308709 677792 9938.35 16083.4 2.64203e+06 10778.8 13912.2 2.34395e+06 823351 27620.5 126119 285995 943420 174714 22379.2 1.39261e+06 493892 476647 17245.3 383125 750574 131267 19435.7 1.40153e+06 22713.6 111281 224042 93264.4 25826.9 377425 89648.8 12091 130777 23837.9 15972.6 10315.2 179595 81246.1 10679.6 619307
internal_count=3329747 1016443 2313304 2005894 307410 16419 379525 116839 14155 1626369 1000024 43751 2264 8136 1476575 16295 1460280 7727 956273 3486 607984 948586 11970 110610 262686 3646 6134 936616 3174 4490 826289 296552 7575 48738 105433 348289 61694 8512 497374 189121 182898 6223 147184 299274 52530 7087 511694 5177 43739 82896 32478 9420 149794 36024 4563 50418 9294 5989 3896 72551 32486 3293 246744
cat_boundaries=0 2 4 6 8 10 12 14 16 18 20 22 23 25 27 29 31
cat_threshold=3758105511 2 2655436984 70 3364462764 55 1811680376 100 816962626 100 282446993 4 686886784 117 2425008703 99 722731299 37 60229712 72 120066056 50 134218530 1226842374 104 3758166691 2 3433932549 41 3794872444 34
is_linear=0
shrinkage=0.03


Tree=26
num_leaves=64
num_cat=18
split_feature=3 5 2 0 3 5 0 54 42 1 22 50 1 1 0 1 1 52 1 22 10 1 55 55 1 54 12 52 0 1 1 36 1 1 15 38 58 6 20 1 15 11 6 5 20 0 30 1 10 1 8 22 54 46 1 0 16 38 54 22 17 30 1
split_gain=2175.06 1267.77 1395.7 1204.36 1017.09 741.657 679.465 620.618 737.656 600.936 766.227 575.475 571.782 560.586 536.28 703.389 482.579 440.01 604.559 430.496 422.07 655.619 486.356 410.972 655.337 446.739 424.231 383.431 383.375 351.038 339.489 329.637 310.349 306.575 365.941 747.867 375.612 463.54 334.816 325.11 307.427 1950.09 303.495 273.864 285.027 272.033 395.185 270.169 265.384 254.865 250.102 245.862 241.352 316.84 262.552 251.882 316.235 240.77 233.875 337.554 301.154 226.233 221.812
threshold=0.35258246958255773 -0.58644592761993397 -1.3648050427436826 172.50000000000003 1.8029391169548037 2.0535342693328862 775.50000000000011 1.8726394176483157 -0.75396415591239918 0 -1.3206875324249265 -0.2393136993050575 1 2 716.50000000000011 3 4 1.9536082744598391 5 -1.9065327048301695 1.5670744776725771 6 0.65409547090530407 0.75619202852249157 7 0.12587132304906848 -0.63220345973968495 0.8040548861026765 929.50000000000011 8 9 -2.1526650190353389 10 11 -1.5515179038047788 0.63430985808372509 -0.4785777330398559 -0.068345718085765825 -1.9049420952796934 12 1.2796644568443301 0.63976013660430919 -0.75275856256484974 0.091814380139112486 -1.0979107618331907 172.50000000000003 -0.18652999401092527 13 0.14623204618692401 14 2.9967306852340703 -0.75158038735389698 -2.307860136032104 0.17426442354917529 15 775.50000000000011 0.63852643966674816 -0.93777748942375172 1.0000000180025095e-35 2.1572387218475346 16 -2.4630080461502071 17
decision_type=2 2 2 2 2 2 2 2 2 1 2 2 1 1 2 1 1 2 1 2 2 1 2 2 1 2 2 2 2 1 1 2 1 1 2 2 2 2 2 1 2 2 2 2 2 2 2 1 2 1 2 2 2 2 1 2 2 2 2 2 1 2 1
left_child=1 2 3 -1 14 31 11 8 12 10 27 17 -5 -7 43 51 -9 23 -19 -15 29 22 -22 25 26 33 42 -8 -17 58 -30 -6 -10 38 35 36 37 -35 39 -3 -40 -42 -25 44 45 46 -2 -46 -21 -33 -20 -16 53 -31 -55 57 -57 -54 59 61 -61 -4 -27
right_child=4 6 20 7 5 13 9 16 32 -11 -12 -13 -14 19 15 28 -18 18 50 48 21 -23 -24 24 -26 62 -28 -29 30 52 -32 49 -34 34 -36 -37 -38 -39 40 -41 41 -43 -44 -45 47 -47 -48 -49 -50 -51 -52 -53 55 54 -56 56 -58 -59 -60 60 -62 -63 -64
leaf_value=0.019019727136708218 0.0015826068069079162 0.011663605393455519 -0.0019881355152059259 0.017959338264333539 -0.012264179778602381 -0.0024675699098031111 -0.0035310061587550423 0.018825784942964056 0.00392979521913494 -1.015455550803366e-05 -0.0014148009643885052 0.0014902207105541682 0.0046536167355609561 -0.022071370822430297 -0.0045055754085899739 -0.00078704237306890796 0.0040104248260787005 -0.0020157430915383168 0.0052345828545491543 -0.015876085713673188 0.0054529367291753904 0.0013755168347421391 0.018008550875951872 -0.010469967673713892 -0.0004310852585862202 0.00027601734149406581 -0.016188757442115998 -0.014396492881732751 -0.0014883977052889956 0.0049760833861692564 0.0034136390454226023 -0.00014485976719405124 -0.00074790193077720383 -0.0036332816838103893 0.00015192246625356793 -0.015459845474086074 -0.00010075123401145211 -0.020919058368070058 0.00063925257159140332 -0.00072822142285612634 -0.00016664828485024025 0.021526585797119434 -0.00092957935869975624 -0.00063506998840840237 0.00046873264362270708 0.0015439121767981134 0.01731250522693456 -0.00055079961990150354 -0.0038107282194104423 -0.0032478032097177029 0.0138624622698936 -0.0019723001480448175 -0.00037474007427133781 -0.014446814235051075 -0.0034390453697039402 0.00019860097646269678 -0.0022442692706973965 0.00096294602923690034 0.00058474242486427957 -0.0052691402390918855 0.00062730316367945796 0.0017930051071645551 -0.00064038911017553135
leaf_weight=5062.783332824707 3156.2495944499969 4922.4549865722656 14644.3115234375 4502.6019134521484 2965.0787353515625 6799.8690452575684 5597.8666687011719 4162.5781745910645 22877.577511787415 430430.09619140625 352782.19287109375 287198.42599833012 8234.6057434082031 3535.7799072265625 39056.03857421875 355720.83557128906 3801.7497062683105 10469.983154296875 14874.952835321426 2924.1668119430542 9093.4776306152344 33703.719635009766 3996.86865234375 5082.3960490226746 40495.322500705719 337938.17880249023 3895.5590224266052 6121.9712219238281 18732.1162109375 3032.1458578109741 39535.3212890625 37315.569526672363 28850.627055168152 7397.9998779296875 916602.89373087883 3698.2910165786743 36948.361918449402 1716.9563179016113 859261.63987618685 3108.4143981933594 18900.702139377594 4641.2494506835938 7320.0534825325012 1067349.9138183594 476393.23683166504 25250.550384521484 2636.3045132160187 459577.46202087402 3739.8463449478149 65917.447441101074 3795.1409146785736 294297.57275390625 159958.90435028076 2519.9230804443359 8577.1340160369873 163580.4369354248 67314.6640625 498423.62180614471 456137.1083984375 11739.988899230957 23141.178581237793 512770.26266479492 801454.81085389853
leaf_count=1830 1228 1775 4279 1482 1379 2244 1542 1233 6877 177935 106585 114355 2829 1203 11785 150128 1593 4999 5643 1002 3831 11984 1666 2251 17071 127158 1550 1660 7937 1680 16766 14782 10301 4452 292986 1059 13751 961 334898 1252 5379 1114 2172 394238 154774 9396 983 200764 1295 27115 1134 94982 86746 1159 3419 71433 17710 167016 148703 5566 6814 170815 286881
internal_value=3.2257e-06 0.00032015 0.000931641 0.00488066 -0.000674368 -0.00334172 1.97184e-05 0.0038911 0.00291449 -0.000769225 -0.00166553 0.000205834 0.00938014 -0.00915868 -0.000556229 -0.00124348 0.0117893 8.61659e-05 0.00375482 -0.0136003 0.000776182 0.00359114 0.00928486 5.11479e-05 -0.00247688 9.90647e-05 -0.00755344 -0.00921042 -0.000417542 0.000707632 0.00183804 -0.00241018 0.00132168 0.000385972 1.58934e-05 -0.00248951 -0.00144659 -0.00689903 0.000787417 0.00688339 0.000731932 0.00411379 -0.00484178 -0.000303759 6.19302e-05 0.0028898 0.00875035 -3.18761e-05 -0.00911294 -0.00212657 0.0069879 -0.0022691 0.000277127 -0.00361232 -0.00596018 0.000338947 -0.000513621 0.000637945 0.0010895 0.00149897 -0.00135907 0.001688 -0.000368591
internal_weight=9.11569e+06 6.21078e+06 2.04613e+06 77492.5 2.9049e+06 123198 4.16466e+06 72429.7 64465.4 794932 364502 3.36972e+06 12737.2 16999.7 2.78171e+06 747342 7964.33 3.08253e+06 29140.1 10199.8 1.96863e+06 46794.1 13090.3 3.05339e+06 56793.3 2.99659e+06 16298 11719.8 413988 1.92184e+06 58267.4 106198 51728.2 1.8572e+06 966365 49761.6 46063.3 9114.96 890834 8030.87 882804 23542 12402.4 2.03436e+06 967014 31043.1 5792.55 935971 6664.01 103233 18670.1 333354 903407 14129.2 11097.1 889278 230895 658383 1.01843e+06 562296 34881.2 527415 1.13939e+06
internal_count=3329530 2237529 728966 26145 1092001 49020 1508563 24315 21489 287722 109787 1220841 4311 5744 1042981 281598 2826 1106486 11776 3500 702821 17481 5497 1094710 23044 1071666 5973 3202 174831 685340 24703 43276 17178 657627 313209 20223 19164 5413 344418 3027 341391 6493 4423 761383 367145 11607 2211 355538 2297 41897 6777 106767 349163 6258 4578 342905 89143 253762 336177 187474 12380 175094 414039
cat_boundaries=0 2 4 6 8 10 12 14 16 18 20 22 24 26 28 30 32 33 35
cat_threshold=3221433255 10 2723844424 3 1695816436 72 3758175142 74 3402178620 69 280070208 100 2399421080 74 707859713 81 412998805 13 67503185 1 1221521413 6 2939454759 37 2785050660 32 302464063 100 2156259792 100 1157628672 16 33558825 2818836810 31
is_linear=0
shrinkage=0.03


Tree=27
num_leaves=64
num_cat=23
split_feature=7 5 24 20 24 20 10 5 19 1 53 55 1 4 46 4 41 10 1 55 54 1 4 1 1 1 42 52 1 54 1 1 1 14 15 19 1 1 54 10 1 22 1 16 1 1 18 19 1 7 1 7 2 38 1 18 1 19 1 12 12 1 19
split_gain=2159.92 1116.06 954.329 881.565 842.215 934.463 602.409 657.071 637.376 535.549 487.456 484.127 910.894 464.145 424.812 437.575 424.761 422.586 694.13 577.679 474.509 384.986 380.502 511.516 376.109 372.314 347.833 469.762 425.738 365.492 971.672 344.471 340.552 339.716 2675.95 333.849 855.086 332.709 330.664 365.024 350.868 325.773 321.897 312.889 295.865 287.096 277.739 276.018 264.935 263.534 262.023 260.248 258.87 258.579 255.216 253.785 268.352 250.431 265.746 239.888 676.567 1224.62 239.883
threshold=-0.19918341934680936 0.41731575131416326 -1.6134475469589231 -0.94449669122695912 1.6159871816635134 -1.9049420952796934 2.0446702241897587 -1.4649283885955808 1.0000000180025095e-35 0 0.70401626825332653 0.94685247540473949 1 -2.066596150398254 2.7186417579650883 1.5712455511093142 2.5905983448028569 1.5670744776725771 2 0.94685247540473949 0.10369330644607545 3 0.97164177894592296 4 5 6 0.11702425032854082 0.22167243063449862 7 -1.2624937891960142 8 9 10 -0.16810990124940869 1.2796644568443301 1.320500433444977 11 12 0.10369330644607545 2.0446702241897587 13 -0.27091062068939203 14 0.84782919287681591 15 16 -0.64184212684631337 1.0966395139694216 17 -0.8938561975955962 18 0.88381478190422069 0.12922331690788272 -0.61848765611648548 19 2.0829391479492192 20 1.320500433444977 21 -0.79874885082244862 -0.83035868406295765 22 0.29838812351226812
decision_type=2 2 2 2 2 2 2 2 2 1 2 2 1 2 2 2 2 2 1 2 2 1 2 1 1 1 2 2 1 2 1 1 1 2 2 2 1 1 2 2 1 2 1 2 1 1 2 2 1 2 1 2 2 2 1 2 1 2 1 2 2 1 2
left_child=2 17 3 9 13 37 8 10 21 -1 -8 14 -13 50 26 22 38 20 53 -20 35 33 23 59 -5 -17 29 28 -28 30 43 -7 -18 34 -4 55 -37 -6 44 51 -41 48 -9 -10 -15 -43 -11 -26 -32 -35 -3 -40 -38 -19 -22 56 -2 58 -14 60 -16 -62 -33
right_child=1 4 6 24 5 31 7 42 11 46 -12 12 57 16 15 25 32 18 19 -21 54 -23 -24 -25 47 -27 27 -29 -30 -31 41 62 -34 49 -36 36 52 -39 39 40 -42 45 -44 -45 -46 -47 -48 -49 -50 -51 -52 -53 -54 -55 -56 -57 -58 -59 -60 -61 61 -63 -64
leaf_value=0.0023870520679654217 -0.00026816915166715243 0.0037156989458128368 0.0017815840508629039 -0.0027123043353700386 -0.022810844702525906 -0.0074732834918457445 0.0062317641100927273 -0.0028692634153451592 -0.0056894044430881247 0.01954086946227802 0.021112004176562595 0.0013225328983232855 -0.0093477462259446299 0.00019130049336758798 -0.0030882621955751043 -0.01227823190331322 -0.0085608619248771708 -0.0044943512830352217 0.0036197856264310194 0.015602603522904695 -0.0010360974412339217 0.00038536736512346246 0.0019747925193588458 9.5623483781856862e-05 0.0050262334535407004 -0.0027954256450621272 0.00070660929547765837 0.00012115469315304279 0.0042347036615602955 0.00023286912576797782 0.011149471030228727 -0.0032501791100780332 -0.0019579050367865038 0.0016741012090006164 0.028945855044342748 0.0015428813678826992 -0.0011772132773664767 -0.0088827366748377799 -0.0010551907679729128 0.0057202556518693333 -0.0006888495152965698 0.0021524341973556526 0.0039111127656769901 -0.015658594923656184 -0.00082881790440931873 -0.0025373983363601547 0.0096926501730386291 -0.0041279539521038725 0.00082560817379203201 0.0006901940747846394 0.00028195917953021039 -0.002196972973572079 -0.0065796877545518558 0.00073112791932785129 -0.00015181728208496566 0.0029480522608042389 0.0004966574677026281 -0.012339353803588584 -0.00061630297925882062 -0.0014033391669002054 -0.0006279834281436472 -0.029197183030939166 0.0029559690773673592
leaf_weight=4823.6259460449219 612287.50003051758 26407.708374023438 55945.946960449219 10482.474193572998 3047.4480576515198 11674.20357131958 5695.2330322265625 8481.4196929931641 20172.856781005859 5069.6263847351074 3038.864501953125 18883.56526184082 6809.1537322998047 365502.41766357422 39170.060302734375 5198.3448486328125 11246.438079833984 11417.504219055176 40129.85986328125 3975.84033203125 524572.568359375 1187875.1668395996 40350.456176757812 119104.79913389683 24937.447551727295 13152.402587890625 57651.33544921875 157490.73413085938 66076.270660400391 486103.75834655762 3962.2013244628906 17482.551226615906 18773.847015380859 377828.87817382812 3461.0767211914062 35928.799438476562 11498.500244140625 3228.7003798484802 583451.71585083008 12719.972808837891 19394.908050537109 18491.783256530762 24417.764511108398 3294.7331237792969 853120.81600952148 32157.184394836426 5277.2104377746582 3360.4553298950195 5133.4411926269531 696938.73956298828 82322.759887695312 259616.11938476562 26119.229125976562 33569.436210632324 667567.73717498779 31845.807739257812 1267682.9218528867 7220.100830078125 5823.43408203125 47841.743483901024 2811.5816650390625 2593.87939453125 8244.9561395645142
leaf_count=1764 255163 11191 31079 4605 952 4410 2101 3086 9802 1663 1158 7722 2611 148207 11637 1600 4166 5649 16140 1582 166264 456831 14199 38998 9713 4257 24534 63170 27020 200085 1395 6907 7942 119790 1020 15253 5684 1133 210014 5149 7257 7538 10311 875 292111 12313 1857 1294 2209 214832 26930 95809 11153 10245 268293 11624 424764 3312 2515 15272 899 1199 3136
internal_value=4.84067e-06 -0.000366049 0.000579541 0.00453914 -0.000876011 -0.00500145 0.000518901 0.00410597 0.000476 0.0106693 0.0114182 -9.8427e-05 -0.00339555 -0.000795289 1.55446e-05 -0.00102066 -0.000893163 -1.06956e-05 0.00202701 0.00470054 -6.7833e-05 0.000762834 -0.000694745 -0.00120403 0.00214003 -0.00549251 0.00034476 0.00120796 0.00259127 -8.16309e-05 -0.00191876 -0.00320284 -0.00443607 0.00115816 0.00336649 0.000216249 -0.00176712 -0.0157089 -0.000842355 -0.00128722 0.00185171 0.00011371 0.00216328 -0.00708905 -0.000522859 -0.000825187 0.0145111 0.00393722 0.00533965 0.00103609 0.00111642 -0.0014068 -0.0049274 -0.000595297 -0.000540936 0.000292553 0.000247562 -0.00787921 -0.0053324 -0.00287859 -0.00446226 -0.0144067 -0.0012606
internal_weight=9.11996e+06 5.54283e+06 3.57713e+06 53950.8 2.27623e+06 43677.9 3.52318e+06 41633.3 3.48154e+06 15170.5 8734.1 1.15949e+06 38736.3 2.23256e+06 1.12076e+06 270223 2.12383e+06 3.2666e+06 89092.6 44105.7 3.1775e+06 2.32205e+06 251873 211522 38780.4 18350.7 850534 281218 123728 569316 83212.2 37401.7 30020.3 1.13417e+06 59407 1.98536e+06 73546.5 6276.15 2.09381e+06 875183 32114.9 59744.6 32899.2 23467.6 1.21862e+06 50649 10346.8 28297.9 9095.64 1.07477e+06 108730 843068 37617.7 44986.9 1.19214e+06 1.91182e+06 1.87997e+06 19852.7 12632.6 92417.3 44575.5 5405.46 25727.5
internal_count=3331394 2017128 1314266 20896 825314 16538 1293370 16656 1276714 5284 3259 453162 16160 808776 437002 88061 770655 1191814 33616 17722 1158198 823552 82204 68005 15612 5857 348941 114724 51554 234217 34132 14453 12108 366721 32099 723641 32090 2085 758547 318229 12406 23455 13397 10677 440318 19851 3520 11007 3604 334622 38121 305823 16837 15894 434557 691551 679927 8438 5126 29007 13735 2098 10043
cat_boundaries=0 2 4 6 8 10 12 13 15 17 19 21 23 25 27 28 30 32 34 36 38 40 42 43
cat_threshold=1613827921 12 2435836740 78 1085357927 24 236772393 28 1663128356 82 868368762 70 1644167682 2625504328 85 1846845536 17 3802383374 16 2417236631 31 1235395070 5 2483664643 113 4279124632 25 2203394 187699256 53 2164331781 42 273172864 36 2871296192 96 3624088354 73 1232618328 18 705691816 49 536936736
is_linear=0
shrinkage=0.03


Tree=28
num_leaves=64
num_cat=20
split_feature=3 3 7 20 3 5 5 22 0 1 30 7 1 3 22 1 55 1 1 0 1 1 20 1 1 19 1 0 16 1 1 54 1 11 15 12 55 19 1 1 0 22 42 1 30 40 19 19 1 1 15 17 55 0 20 16 5 54 1 8 54 7 9
split_gain=2136.21 1042.14 1036.27 744.587 704.086 682.411 652.772 607.356 573.873 543.595 527.082 493.621 462.866 456.797 443.946 407.663 364.469 475.462 366.393 348.63 538.317 327.847 315.908 313.441 303.979 327.999 295.002 288.794 516.767 277.408 261.426 246.471 485.086 242.052 253.956 745.182 239.215 238.998 273.753 237.95 236.068 234.764 232.293 230.63 224.073 221.11 270.15 217.697 402.836 217.251 226.896 1435.67 216.941 216.674 273.338 287.356 212.562 210.353 209.607 209.458 208.82 205.912 204
threshold=-0.098669108003377901 -1.7904666066169737 0.48123037815094 0.068307802081108107 1.8029391169548037 -2.2509361505508418 -0.047483958303928368 -0.93718397617340077 644.50000000000011 0 -0.16493003815412519 -0.63473242521286 1 1.3444420695304873 -1.9065327048301695 2 0.75619202852249157 3 4 745.50000000000011 5 6 -0.83948951959609974 7 8 0.25580276548862463 9 775.50000000000011 0.37747050821781164 10 11 -2.307860136032104 12 1.6293224692344668 1.2796644568443301 -0.60971888899803151 0.65409547090530407 0.52390769124031078 13 14 929.50000000000011 -1.3206875324249265 -0.12842650711536405 15 -0.80560949444770802 0.60592040419578563 -0.11680612713098525 1.0966395139694216 16 17 -1.8659238815307615 18 0.50276505947113048 775.50000000000011 -1.0979107618331907 0.23527489602565768 1.8151760697364809 1.2390264272689822 19 0.74719053506851207 0.46426653861999517 -1.328840374946594 -0.76398310065269459
decision_type=2 2 2 2 2 2 2 2 2 1 2 2 1 2 2 1 2 1 1 2 1 1 2 1 1 2 1 2 2 1 1 2 1 2 2 2 2 2 1 1 2 2 2 1 2 2 2 2 1 1 2 1 2 2 2 2 2 2 1 2 2 2 2
left_child=1 3 11 5 8 9 14 10 29 -1 56 31 36 19 23 33 18 -18 60 49 -21 -10 24 -3 25 -23 -9 45 39 -4 -5 32 -2 34 44 -36 42 -30 -39 40 -29 43 -7 -15 -16 46 -17 -32 -49 -13 51 -51 -35 -20 55 -55 -6 -47 -48 -46 -8 -11 -19
right_child=2 6 4 30 7 12 16 26 21 61 -12 13 -14 41 15 27 17 62 53 20 -22 22 -24 -25 -26 -27 -28 28 37 -31 47 -33 -34 52 35 -37 -38 38 -40 -41 -42 -43 -44 -45 59 57 58 48 -50 50 -52 -53 -54 54 -56 -57 -58 -59 -60 -61 -62 -63 -64
leaf_value=0.022676771978973016 0.0013954575670662235 0.0086441518261670108 -0.0012889914563295926 -0.0034200605534771889 -0.0085190999884692808 0.0092670738168429152 0.0009285699673092329 0.0027189713123388329 -0.00091461212369026536 0.013245893240319006 0.00064951145349972526 0.00031496799170275999 0.00089287802040760578 -0.010232060376602084 0.00010446170326872482 0.00093789609797383642 -0.0073043461410028307 0.0035827969289999313 -3.1706063943596726e-05 -0.0020545000902337201 -6.763505798157226e-05 -0.0061378033414469704 -0.0020567906206530274 0.0021586781472224099 -0.0029775453004717138 -0.017469801948475212 -0.0043984664772460944 0.00096554133092412566 -0.0015923929779015238 -0.00010276555210304454 0.0024626158424012794 0.00049733601148329361 -0.0084851333810199922 0.0023950614777083195 0.0018128493131942403 0.016383411515847542 0.013212889895222877 -0.010506973999068407 -0.0012872211009319495 -0.00037648460975661251 0.0051088992248008447 -0.001525642742853177 0.0032507686891183837 -0.0014590804400516778 0.0023729590961038085 0.0017655398904500672 0.00080918864180076896 -0.0097448611858493659 0.0051074469291852598 -0.02489088423767068 -0.00023968621949478026 -0.0011682354996671522 0.0085432684148872423 -0.002314559936638524 -0.00077436593475955367 -0.011239277346376142 -0.017401482203496695 0.0074029371986750626 -0.00075899491602162751 0.0009743033097044132 -0.00044573081335788525 0.0037126044982081128 -0.0019298316789251189
leaf_weight=3157.0901393890381 9960.3690872192383 10344.180961608887 266710.76397705078 10620.594299316406 4186.9035528898239 9068.8844604492188 511313.35070800781 7190.518611907959 225472.197265625 3717.9035339355469 2998.2969170808792 769580.50396645069 23642.043357849121 5681.5974960327148 195158.18108463287 522133.6277923584 13626.943145751953 7783.4693450927734 946730.13461303711 224916.2861328125 270116.72875976562 10709.431419372559 260313.4573059082 19101.889350891113 24516.340148925781 2926.3841934204102 19249.469181060791 60720.33056640625 97514.345581054688 530004.38272094727 46379.164215087891 938053.400390625 8098.4727096557617 71151.892517089844 19722.680328369141 3756.8960876464844 4150.630859375 6109.6608276367188 5527.3646850585938 108555.72125244141 15540.1484375 177403.69970703125 15917.28458404541 5149.8277969360352 123977.61412715912 54639.796417236328 123699.0302734375 3786.8984985351562 2883.9782409667969 2389.7531127929688 1224879.2595214844 50859.136291503906 5565.7383422851562 11504.872852325439 215528.21060180664 4520.6825675964355 5814.1007995605469 6682.08056640625 201888.62097167969 432679.50170898438 123547.00146484375 4520.816873550415 26933.985946655273
leaf_count=1068 3664 3055 106832 5087 1503 3836 208107 2604 88492 1230 1039 252475 8999 1680 72826 183608 5220 3078 328523 75522 100004 3697 88859 6734 7561 1189 8269 24945 25917 181778 18112 355443 3528 20389 5260 1025 1672 1544 1860 47011 6623 72929 6672 2140 57551 21678 45720 1120 1333 880 446913 27764 1545 4215 75105 1130 1868 2550 82474 143673 51377 1496 11277
internal_value=-4.75921e-06 0.000506271 -0.000417235 0.00317197 -0.001125 0.00545231 0.000419901 -0.0050746 -0.00100703 0.0121087 -0.0103828 -0.000156153 0.00401408 -0.000361539 0.000784536 0.000732122 1.15879e-05 -0.00255905 8.01365e-05 -0.000255972 -0.000970414 -0.00177819 -0.00243043 0.00444172 -0.00497985 -0.008569 -0.00246332 0.000376516 -0.000440853 -0.000499893 0.000873323 0.000430498 -0.00304053 0.0012342 0.00107514 0.00414723 0.00654354 -0.00207752 -0.00614033 0.000525785 0.00180991 -0.00178754 0.00543584 -0.00607431 0.000979168 0.000640843 0.000514996 0.00173342 -0.00333179 -8.32535e-05 -0.000323029 -0.00224001 0.00284163 -0.000232899 -0.00105549 -0.00483487 -0.013689 0.00238039 -0.000163197 0.00128583 0.000661112 0.00801042 -0.000693392
internal_weight=9.12098e+06 4.0738e+06 5.04718e+06 127845 1.36009e+06 64174.7 3.94596e+06 39439.3 1.32065e+06 11395.8 12999.3 3.68709e+06 52778.8 2.73098e+06 2.08447e+06 2.05502e+06 1.86149e+06 48344.4 1.81314e+06 2.54274e+06 495033 523938 298466 29446.1 38152.2 13635.8 26440 1.20301e+06 293968 796715 63670.6 956112 18058.8 852013 775295 23479.6 29136.8 109151 11637 184816 76260.5 188235 24986.2 10831.4 751815 909043 847721 53050 6670.88 2.04771e+06 1.27813e+06 53248.9 76717.6 1.17828e+06 231554 16025.6 10001 61321.9 325588 556657 634860 8238.72 34717.5
internal_count=3331278 1494645 1836633 50625 493691 24973 1444020 15283 478408 3794 4410 1342942 21179 980307 755988 746199 688032 19575 668457 903558 175526 189798 101306 9789 12447 4886 10873 443930 107900 288610 25652 362635 7192 302269 280335 6285 12180 29321 3404 78579 31568 76749 10508 3820 274050 336030 311802 20565 2453 728032 475557 28644 21934 408973 80450 5345 3371 24228 128194 201224 259484 2726 14355
cat_boundaries=0 2 4 6 8 10 12 14 16 18 20 22 24 26 27 29 31 33 35 36 37
cat_threshold=2516623373 33 1305260063 9 201710737 29 722501761 88 2938376480 53 3774968742 10 401228952 37 3360326272 29 1074017092 10 84453682 69 2512931904 24 358744122 64 2200562221 103 1074274338 2158502154 34 344697143 3 2148555909 17 2181437483 44 16777216 1094721830
is_linear=0
shrinkage=0.03


Tree=29
num_leaves=64
num_cat=20
split_feature=3 3 5 54 1 3 7 1 20 5 28 18 2 5 1 1 1 1 19 28 1 1 15 46 1 1 20 5 1 34 40 19 1 16 1 54 54 54 1 58 54 55 1 34 43 28 1 1 55 7 54 28 19 17 54 1 1 19 36 13 56 50 28
split_gain=1941.31 1134.12 959.996 828.467 963.612 735.075 642.712 516.109 510.921 455.941 443.392 406.575 683.025 402.302 384.195 366.235 361.336 342.419 353.238 337.193 311.247 298.69 428.238 1482.76 295.325 294.56 290.11 292.061 279.254 389.337 277.026 274.946 520.296 536.47 266.041 258.289 257.988 247.277 233.554 218.756 527.111 214.393 212.486 211.384 210.822 208.2 216.595 206.99 204.94 203.236 201.536 211.858 201.093 291.93 197.417 190.074 187.159 439.282 292.533 219.881 441.05 201.325 179.458
threshold=-0.098669108003377901 -1.7904666066169737 0.51314294338226329 1.8726394176483157 0 1.8029391169548037 -0.98193383216857899 1 -1.9049420952796934 0.71331053972244274 -0.80504435300827015 -1.4067004919052122 0.18693338334560397 -0.92820003628730763 2 3 4 5 0.25580276548862463 -2.0900772809982295 6 7 1.2796644568443301 1.268518924713135 8 9 -1.9049420952796934 -1.9876974821090696 10 1.5988386273384096 1.7753936648368838 0.6901068687438966 11 0.78038501739501964 12 -0.47496367990970606 -1.1136040091514585 0.1484339311718941 13 1.9409877061843874 -0.81379190087318409 0.50276505947113048 14 -1.0000000180025095e-35 2.2348172664642338 -1.1222501993179319 15 16 0.19829948246479037 0.2593142986297608 0.10369330644607545 2.0882695317268376 2.3243991136550908 17 0.10369330644607545 18 19 2.3243991136550908 -0.61848765611648548 -1.132983326911926 -0.53959080576896656 -0.99775144457817067 0.57319018244743358
decision_type=2 2 2 2 1 2 2 1 2 2 2 2 2 2 1 1 1 1 2 2 1 1 2 2 1 1 2 2 1 2 2 2 1 2 1 2 2 2 1 2 2 2 1 2 2 2 1 1 2 2 2 2 2 1 2 1 1 2 2 2 2 2 2
left_child=1 3 7 10 -5 19 26 48 16 21 25 12 14 30 -12 -13 -7 18 -10 20 -4 22 39 -24 -14 43 27 -3 -21 50 -9 37 -33 52 -31 -36 -19 -23 -11 -8 -41 -35 -6 45 -32 -1 -47 -28 49 -2 -30 -52 -34 -54 -15 -29 57 59 -59 -50 -61 -58 -42
right_child=2 6 5 4 42 8 9 13 17 38 11 15 24 54 -16 -17 -18 36 -20 28 -22 31 23 -25 -26 -27 47 55 29 34 44 32 33 41 35 -37 -38 -39 -40 40 62 -43 -44 -45 -46 46 -48 -49 56 -51 51 -53 53 -55 -56 -57 61 58 -60 60 -62 -63 -64
leaf_value=-0.00087934893089391464 0.00011258626331314445 0.011780855370905428 -0.0011857926808716034 0.023741642022405276 0.010198507179119838 -0.01555467669830456 0.00074612797993227646 0.00083470019951054379 -0.0025697779432085109 -0.0009215599773034057 0.02188062862154324 0.004222243216366767 -0.0076381352350428601 0.00025817503143061248 0.0091297765108774905 -0.0010681717214736175 -0.0042705413946831526 -0.010083110254407042 0.0075550060134414402 -0.00020744573766792341 0.0026257420649690969 0.00064284648614489764 0.0015461309457447101 0.022983429242673527 0.0049882123365602793 0.0029994052825663888 0.002173567327711626 -0.0010262265245168909 -0.00068907813843578549 -0.00036966327383061476 0.0022712971675653468 0.0010608915176577652 -0.0010067183262341445 -0.0056369310842945457 -0.010966591631459719 -0.0040112109258078951 -0.0033015524562194447 -7.9269852174911545e-05 0.00010246973699255764 0.013092519487855874 0.0035469688670961255 -0.015067298286480568 -0.0014090871371042321 0.0014368423039413927 0.011934050154338353 -0.0138594637578839 -0.0032115343262042973 0.00086292212899258085 -0.00075800249886050696 -0.0010173559874449892 -0.0013924997828381287 -0.0062096624767494163 -0.010004238912062764 -0.00065536234192920895 -0.00045847174435682141 0.0065907535124652581 -0.0072523604740405562 -0.019825251527605059 -0.0040984451681078489 -0.014474940663580162 -0.0025732572768197822 -0.00062032830901733143 -0.0013680527941830577
leaf_weight=7508.2117004394531 509314.2587890625 4515.7596435546875 32485.928344726562 3697.5415191650391 2669.1964950561523 5404.9184074401855 487177.86950683594 536397.81640625 8141.6806411743164 374346.93896484375 2799.8678703308105 40702.715412139893 2580.8174743652344 832901.97848558426 9078.062442779541 16566.641908764839 4888.6470222473145 5901.4450912475586 5002.7087860107422 380839.89193725586 47403.932495117188 1204889.7116699219 16051.154020786285 3540.4568190574646 4645.6728286743164 18129.903276324272 151470.13842582703 5856.7828154563904 688338.27792358398 14992.308715820312 4825.0361328125 76080.84130859375 84823.224143981934 6097.7579116821289 5735.9726409912109 29575.960830688477 34857.127395629883 660876.25524902344 431483.943359375 4268.8882141113281 18950.797835588455 3372.565673828125 3010.8557357788086 9369.8878631591797 3509.5615234375 3163.5988922119141 3798.8390808105469 381986.20825386047 81232.61076259613 199325.5068359375 517899.10528564453 8344.793701171875 5774.5193901062012 6270.4856147766113 591725.19091796875 5921.0981659889221 4152.8722229003906 1991.2784669399261 2287.6614744663239 3025.3527927398682 37305.621893882751 447228.26644897461 10325.478012800217
leaf_count=2881 196838 1474 11222 1237 897 1870 179475 182895 3140 126303 937 15673 999 286016 3304 7352 1538 2200 1815 176525 16498 433779 4543 1203 1831 8411 57328 1880 224314 4622 1671 33403 35297 1926 1822 9677 13853 238981 170132 1082 5161 1044 1292 3480 1319 722 1565 140238 34770 77520 169951 3004 2350 3427 207036 2130 1622 1002 1156 1499 15336 185567 2406
internal_value=6.84207e-06 0.000494129 -0.000386443 0.00327634 0.0118574 -0.00094454 0.000404028 -7.95845e-05 -0.00409652 0.000249906 0.00259591 0.00395709 0.00774644 0.000225652 0.0121694 0.00269244 -0.0102195 -0.0029264 0.00128411 -0.000827268 0.00107605 0.000443904 0.00107133 0.005425 0.0004731 0.000118771 0.00135562 0.00529836 -0.000919665 -0.00113409 0.000919065 0.000278379 -0.000833218 -0.00218826 -0.00372023 -0.00514096 -0.00428352 0.000387065 -0.000373254 0.000907498 0.00325062 -0.00900145 0.0040581 -0.00207241 0.00634484 -0.00434583 -0.00808073 0.00123514 -0.000547065 -0.000205248 -0.00102698 -0.00146895 -0.00152196 -0.00514846 -3.94879e-05 0.00280895 -0.000966707 -0.00198975 -0.0114318 -0.00165711 -0.00346772 -0.00068141 0.00181355
internal_weight=9.11684e+06 4.0718e+06 5.04504e+06 127722 9377.59 1.78981e+06 3.94408e+06 3.25522e+06 64196.5 3.39433e+06 118344 76373.8 19104.4 1.96936e+06 11877.9 57269.4 10293.6 53903 13144.4 1.72562e+06 79889.9 2.5885e+06 540315 19591.6 7226.49 41970.4 549750 16293.6 1.64573e+06 1.26489e+06 544732 2.04819e+06 182419 106339 50304.2 35311.9 40758.6 1.86577e+06 805831 520723 33545.2 9470.32 5680.05 23840.5 8334.6 14470.6 6962.44 533456 1.28586e+06 708640 1.21458e+06 526244 96868.2 12045 1.42463e+06 11777.9 577224 125843 4278.94 121564 40331 451381 29276.3
internal_count=3330441 1494143 1836298 50581 3426 642051 1443562 1194247 24416 1240512 47155 30096 7071 678937 4241 23025 3408 21008 4955 617635 27720 944077 193870 5746 2830 17059 203050 5484 589915 413390 185885 750207 77447 44044 16121 11499 16053 672760 296435 188124 8649 2970 2189 8648 2990 5168 2287 197566 515310 274358 397269 172955 41074 5777 493052 4010 240952 53763 2158 51605 16835 187189 7567
cat_boundaries=0 2 4 5 7 9 11 13 15 17 19 21 23 24 26 28 30 32 33 35 37
cat_threshold=145665180 66 3778098112 27 3238043743 516796580 121 2429215491 107 1074793456 37 1423585290 21 201625728 5 858849471 108 138427902 90 590741528 49 2435458392 2 1082201984 1351773855 64 104858145 28 12450 64 2447490 60 9306380 296828211 96 536871424 17
is_linear=0
shrinkage=0.03


Tree=30
num_leaves=64
num_cat=14
split_feature=7 3 3 2 0 17 22 10 17 30 10 5 0 17 5 10 55 17 19 18 16 10 42 20 0 17 0 18 3 12 55 5 23 34 17 10 22 43 17 15 10 3 30 17 0 16 19 28 17 22 22 34 0 17 17 0 17 11 14 17 19 22 17
split_gain=1908.99 1423.61 1138.51 935.242 891.225 765.162 778.461 743.678 790.021 699.422 673.671 639.86 637.571 540.861 529.505 466.356 523.395 560.592 462.491 450.448 457.944 525.104 412.402 672.797 372.409 353.652 341.055 342.031 331.65 329.12 319.572 314.59 310.87 308.258 300.722 295.467 280.775 280.32 325.322 255.427 244.404 235.191 234.119 386.554 317.135 233.309 307.241 295.138 231.07 324.642 228.176 466.165 354.598 461.714 303.605 314.663 260.033 225.399 407.039 223.458 222.535 241.951 216.243
threshold=-0.48774343729019159 0.74549677968025219 -1.7904666066169737 -1.3648050427436826 775.50000000000011 0 -0.67616242170333851 1.5670744776725771 1 -0.16493003815412519 1.1323674321174624 0.51314294338226329 232.50000000000003 2 1.6610938906669619 2.0446702241897587 0.75619202852249157 3 -0.65170550346374501 -2.0651226043701167 0.78038501739501964 0.89262145757675182 -0.96616706252098072 -1.341222286224365 803.50000000000011 4 929.50000000000011 -0.82670938968658436 -0.66694861650466908 -0.28054265677928919 0.30729244649410253 -1.9876974821090696 0.52203881740570079 0.50179031491279613 5 0.040951244533061988 -0.83575585484504689 2.716700673103333 6 -1.2312717437744138 -0.13103542476892469 -1.7904666066169737 -2.0932651758193965 7 929.50000000000011 0.70798438787460338 0.45825855433940893 -0.29924127459526056 8 2.1572387218475346 -0.83575585484504689 -1.5156522989273069 929.50000000000011 9 10 817.50000000000011 11 0.51916241645812999 -0.16810990124940869 12 1.0966395139694216 -0.34976193308830256 13
decision_type=2 2 2 2 2 1 2 2 1 2 2 2 2 1 2 2 2 1 2 2 2 2 2 2 2 1 2 2 2 2 2 2 2 2 1 2 2 2 1 2 2 2 2 1 2 2 2 2 1 2 2 2 2 1 1 2 1 2 2 1 2 2 1
left_child=2 4 10 9 7 6 19 11 -9 14 18 28 -11 -12 -3 16 22 36 -1 -6 -21 -22 23 -4 37 -26 27 -7 60 30 62 -17 -16 -19 -33 57 -18 -5 -39 -30 -35 -10 43 -8 -45 -44 -47 -48 -28 -50 51 -32 -52 -54 -53 -56 -57 -13 -59 -60 -2 -62 -24
right_child=1 3 15 24 5 26 42 8 41 12 13 35 -14 -15 32 31 17 33 -20 20 21 -23 29 -25 25 -27 48 -29 39 -31 50 34 -34 40 -36 -37 -38 38 -40 -41 -42 -43 45 44 -46 46 47 -49 49 -51 52 54 53 -55 55 56 -58 58 59 -61 61 -63 -64
leaf_value=0.010592688234329219 0.0010913020903865743 -0.0047139834304143653 0.013556288066948991 -0.00071993337264394399 0.0049063641603562004 0.00068838368705265336 0.0041823478805958006 -0.0001265444978510324 0.013389751496000867 0.012188671648036432 0.024245989742949902 -0.00045124487399098153 -0.0031005485320630181 0.0068270192719262369 -0.010121330935923236 0.012868135310410264 0.00060713521377250162 0.0011578148208669179 0.0021978208629585372 -0.0042067216193843364 -0.0053790291935820267 -0.018623158219876961 0.0012038916332467958 0.0021889258704991996 -0.00042178502275526581 -0.0032253225390232445 0.0027440088774578846 -0.00098948266062614523 -0.00053899366989736065 0.0026159022364681418 0.010360172070525473 0.0075252942167117476 -0.020959297116238791 -0.0077300721717990266 0.0011033876778696536 -0.00087158355055364824 -0.0077098092977847992 -0.010583300219680137 0.00029775941407941982 0.00031188976342650141 0.00051550086296905408 0.0047247960432537034 -0.00064524535933756168 -0.00398519591890202 -0.01354429743061707 -0.0017563499590956672 -0.0029034000533535321 -0.013309408540202367 -0.00043967364190938184 0.007634958869095849 -0.00051346597365816424 0.0053028301222691459 -0.0014465658813156712 0.0064931881173311435 0.0012952669417499348 -0.0073481047498021416 -0.00042018289701299769 0.0099681053869247749 0.0020943440587596548 7.590636491168308e-05 0.0052284362888733943 -0.002474008665802658 0.0004802471814282549
leaf_weight=7534.1773147583008 581144.51721191406 16378.896535873413 5313.998046875 875580.06353759766 4002.7921142578125 160074.04638671875 4205.55224609375 47194.587097167969 2985.39453125 2771.1281833648682 2864.7643852233887 465982.40185546875 21199.544860839844 3696.2639350891113 9274.8641357421875 3371.1058349609375 4647.0496215820312 38793.669647216797 27290.177177429199 47261.091509819031 6364.874005317688 4674.5519409179688 647260.95325660706 39409.030029296875 61374.263854980469 119108.10229492188 55213.427612304688 344995.14501953125 380053.06683349609 72623.469573974609 4850.584228515625 9742.5435285568237 3212.2635498046875 7454.07373046875 20086.259327888489 706982.146484375 17064.708221435547 5570.1904678344727 4445.4892196655273 1929583.5555552244 5712.273681640625 49807.842590332031 303716.94537353516 16424.348327636719 3854.6619262695312 95544.219421386719 5861.5694961547852 4217.9561386108398 63258.232666015625 4817.9178466796875 447480.22803497314 11741.139345169067 11666.92317199707 15132.370529174805 56024.995517730713 7803.3074264526367 12975.365083694458 4096.5854663848877 60853.422439575195 261190.16103935242 4217.6032409667969 28072.427520751953 872921.30372428894
leaf_count=2622 223572 6038 1908 339186 1162 63366 1313 19946 1040 1031 1029 197730 7630 1493 2996 1240 1651 15868 10849 14835 1668 1124 217039 16613 26572 44062 23842 136411 187737 34136 1643 3546 1059 3019 8511 251755 6898 2188 1935 625164 2203 17982 100674 4553 1094 25132 1651 1227 23226 1780 172158 5939 3966 5855 19238 1985 4979 1550 15624 66410 1835 12674 327381
internal_value=1.03289e-05 -0.000245677 0.000746276 -0.00122327 -5.19599e-05 -0.000807773 -0.00168845 0.000135982 0.00269441 -0.00511903 0.00567788 7.81317e-05 -0.00133087 0.0144927 -0.00826398 0.00065799 0.000606558 -0.00188078 0.00401529 -0.00482413 -0.00549257 -0.010993 0.00068966 0.00354096 -0.00103017 -0.0022722 -0.000112387 -0.000457707 0.000336561 0.000630628 0.000561567 0.0041877 -0.0129166 -0.000188364 0.00320468 -0.000425774 -0.00592724 -0.000777037 -0.00576624 0.000171875 -0.00415386 0.00521502 -0.00123811 -0.00408741 -0.00580223 -0.00106763 -0.00228211 -0.00726242 0.00130221 0.000132287 -4.58025e-05 0.00130954 -0.000312708 0.00303892 0.000813176 0.000125825 -0.0030268 -2.78779e-05 0.000577018 0.000457405 0.000956612 -0.00146729 0.000788373
internal_weight=9.11903e+06 6.76557e+06 2.35346e+06 1.11891e+06 5.64665e+06 1.12449e+06 496129 4.52216e+06 99987.8 52836.7 41385.4 4.42218e+06 23970.7 6561.03 28866 2.31208e+06 2.27888e+06 73671.8 34824.4 62303.3 58300.5 11039.4 2.2052e+06 44723 1.06608e+06 180482 628359 505069 2.92307e+06 2.16048e+06 2.08786e+06 33199.9 12487.1 51960 29828.8 1.4991e+06 21711.8 885596 10015.7 2.30964e+06 13166.3 52793.2 433825 24484.6 20279 409341 105624 10079.5 123290 68076.2 567675 93395.4 474280 26799.3 88544.8 76803.7 20778.7 792123 326140 322044 613435 32290 1.52018e+06
internal_count=3330543 2458774 871769 432697 2026077 403058 154433 1623019 38968 18754 15993 1584051 8661 2522 10093 855776 842479 29639 13471 18789 17627 2792 812840 18521 413943 70634 248625 199777 1050982 794319 760183 13297 4055 21090 12057 533069 8549 343309 4123 812901 5222 19022 135644 6960 5647 128684 28010 2878 48848 25006 215763 33784 181979 9821 32141 26202 6964 281314 83584 82034 238081 14509 544420
cat_boundaries=0 1 2 3 4 5 6 7 8 9 10 11 12 13 14
cat_threshold=25204248 15017320 43018807 57311493 208551 53643291 7434802 1552 39919908 25845249 133525 59278850 37799936 36104234
is_linear=0
shrinkage=0.03


Tree=31
num_leaves=64
num_cat=18
split_feature=5 7 52 1 0 2 2 19 46 1 11 14 8 28 32 2 1 1 0 26 34 1 1 15 19 1 1 55 4 1 54 1 1 46 6 0 1 2 18 0 8 52 1 43 2 1 1 55 52 1 34 12 54 52 4 15 18 35 38 15 1 1 54
split_gain=1843.52 1138.01 1068.76 751.853 684.584 838.712 660.837 591.17 525.442 539.347 1344.43 3261.2 753.729 473.828 459.356 895.87 568.039 520.64 451.034 428.236 585.982 435.804 424.593 502.104 420.776 528.657 408.046 404.926 395.509 381.459 550.414 546.152 371.249 364.511 356.961 333.196 331.42 330.29 327.858 317.651 317.056 313.552 326.222 304.395 515.04 673.654 389.679 298.468 363.202 493.684 315.138 304.442 294.048 292.552 289.488 306.956 289.045 287.448 283.59 710.122 282.359 273.73 268.168
threshold=-0.69347921013832081 0.2925232350826264 1.9536082744598391 0 644.50000000000011 -1.1162397265434263 -1.901797831058502 0.05331165902316571 2.8417602777481084 1 -0.53948548436164845 0.22192367911338809 3.1577376127243046 -2.4716247320175166 -2.1122099161148067 -1.1162397265434263 2 3 307.50000000000006 1.2832515835762026 1.5988386273384096 4 5 1.2796644568443301 0.6901068687438966 6 7 0.94685247540473949 0.93011432886123668 8 -1.7562709450721739 9 10 0.61183872818946849 -1.7492431998252866 929.50000000000011 11 -0.84132790565490712 0.46553806960582739 232.50000000000003 0.53798204660415661 -1.5119923353195188 12 1.7056121230125429 1.0304943919181826 13 14 0.75619202852249157 -1.8228916525840757 15 0.62562924623489391 -0.55796417593955983 0.27230747044086462 -2.3982589244842525 0.17685678601264956 -1.6001686453819273 1.6733871102333071 0.98991310596466076 0.63430985808372509 -1.6512409448623655 16 17 -1.4622406959533689
decision_type=2 2 2 1 2 2 2 2 2 1 2 2 2 2 2 2 1 1 2 2 2 1 1 2 2 1 1 2 2 1 2 1 1 2 2 2 1 2 2 2 2 2 1 2 2 1 1 2 2 1 2 2 2 2 2 2 2 2 2 2 1 1 2
left_child=2 7 13 27 19 41 -5 18 29 10 11 -10 -12 -1 15 16 -15 -17 22 43 21 -21 23 37 26 34 -16 -4 -19 40 31 -31 -7 38 39 52 58 57 -33 -26 -9 -6 -43 -3 46 -46 -45 48 49 -42 51 -49 -32 -35 -36 -56 61 -2 -20 -60 -58 -27 -38
right_child=1 4 3 6 5 32 -8 8 9 -11 12 -13 -14 14 24 17 -18 28 36 20 -22 -23 -24 -25 25 56 -28 -29 -30 30 35 33 -34 53 54 -37 62 -39 -40 -41 47 42 -44 44 45 -47 -48 50 -50 -51 -52 -53 -54 -55 55 -57 60 -59 59 -61 -62 -63 -64
leaf_value=-0.001845288260443583 0.0032044607128136685 -0.00020730486391449876 0.008356729146044406 0.013380848712218039 -0.014210807903411535 -0.0019648118456220003 0.0010925568817179946 0.0027493801626406159 -0.0020151800447105119 -0.0011241681017984816 -0.013374487094259088 -0.053463657810867433 -0.0008484200672053008 0.012783288693122688 2.0925968137492131e-05 0.0035231805590518746 0.0037798181640856165 -0.0019993522153820133 -0.0003784140481532032 0.002891080669618718 -0.014333739297797975 -0.0064907912525316138 0.00024083516794198769 0.011962216220357553 -0.021380635635110355 0.0015962857549804373 0.0009755714075491078 0.020739711813409584 0.003578564430073137 -0.0010677464014771767 0.00012978263539976248 0.002066803148316471 -0.00064802564366431704 -0.016900861639088122 -0.00068037052123194359 0.002911060177812062 0.003386388232609719 0.0014270643222590892 -0.010329181838543554 -0.0035434461454773134 0.012474983681594084 -0.0077718756929796807 -0.0029843867718328102 -0.0035075342220321068 -0.002899413838760741 -0.019497906609779545 0.00072731123830408503 0.0019053486684459061 0.00025797993766202266 0.00047523864615100153 -0.0089952570217450446 -0.0084560558780303018 -0.0013230257884310973 -0.006947146511964832 0.0021521815846442228 -0.0074284340090831269 0.0084386516084172507 0.012204855111747522 -0.015271653087796995 -0.0015994691615387462 0.00011456041666412622 -0.0011792790905531788 0.00024236966114873288
leaf_weight=68192.982971191406 10239.005534172058 1386000.0701904297 10128.521026611328 4568.31201171875 2819.5287475585938 308879.65048217773 28393.073211669922 55206.468391418457 3252.2030735015869 255077.85008621216 5105.7166237831116 1677.84228515625 28071.027579784393 10427.354064941406 551036.42907714844 48292.150985717773 16015.245056152344 46706.747053146362 560075.77917480469 8374.5134887695312 4381.8974609375 9495.0216674804688 324877.18096280098 4316.03125 1803.3600125312805 47719.465515136719 1499668.9512329102 3106.9296875 15146.902864456177 27968.033874511719 283856.37139892578 4859.3570823669434 512383.30068969727 4695.1171875 26648.425668716431 26944.9921875 24750.605102539062 277789.779255867 3168.511344909668 1790.6859164237976 5272.9393615722656 16381.670273065567 58913.017776250839 36032.024042129517 6582.0857315063477 3301.7493515014648 42740.124395370483 9937.9327688217163 225616.0414352417 7424.0146179199219 6070.3036193847656 3428.5358285903931 224583.326171875 6144.0264091491699 3750.7663803100586 15190.036191940308 7111.0465393066406 4639.8865966796875 3908.7557067871094 27059.710235595703 7568.0208435058594 96872.343688964844 1781555.7288818359
leaf_count=22255 3701 507751 4255 1578 1001 95878 9920 28785 2005 83858 1618 940 9701 3603 242815 17215 5251 17155 221953 3288 1488 3757 104889 1319 978 21385 492805 1360 5325 11113 119767 2769 207346 1984 11782 11268 8478 103395 1751 1061 1443 6292 20700 14281 2844 1572 16892 4005 86401 3070 2226 1286 95884 2587 2066 6455 2594 1630 1611 8260 3084 36414 609479
internal_value=1.31943e-05 -0.000249857 0.000705248 0.00522587 -0.000771701 -0.00142587 0.00279659 4.73429e-05 -0.000519462 -0.00162173 -0.00495014 -0.0195611 -0.00277784 0.00062048 0.000690669 0.00238008 0.00733825 0.00118949 0.000270437 -0.000378657 -0.00450896 -0.00209644 0.000990376 0.00181023 0.000588523 -0.000695626 0.000719058 0.0112618 -0.000633134 -0.000158443 -0.000612471 -0.00373098 -0.00114331 -0.00767293 -0.0034138 -0.000339646 8.36869e-05 0.00166037 -0.00282914 -0.0125108 0.000686219 -0.0043963 -0.00402786 -0.000316319 -0.00202047 -0.00847394 -0.00121025 0.000244301 0.000535872 0.00547178 -0.00332986 -0.000754548 -0.000511945 -0.0112645 -0.0026961 -0.00553116 0.00014404 0.00601433 -0.000532943 -0.00332732 0.00415436 -0.00026321 0.000285458
internal_weight=9.114e+06 6.60386e+06 2.51014e+06 46196.8 2.39628e+06 899377 32961.4 4.20757e+06 1.18836e+06 293185 38106.8 4930.05 33176.7 2.46394e+06 2.39575e+06 136588 26442.6 110146 3.01921e+06 1.49691e+06 22251.4 17869.5 621862 296985 2.25916e+06 208454 2.05071e+06 13235.5 61853.6 895176 582220 46835 821263 18867 49183.3 535385 2.39735e+06 292669 8027.87 3594.05 312956 78114.2 75294.7 1.47466e+06 88656 9883.84 78772.1 257750 238313 12697 19436.8 13366.5 508440 10839.1 45589.2 18940.8 159271 14878.9 591044 30968.5 14679.1 144592 1.80631e+06
internal_count=3329622 2420266 909356 17113 883090 331217 11498 1537176 472461 98122 14264 2945 11319 892243 869988 48549 8854 39695 1064715 551873 8533 7045 214934 110045 821439 85819 735620 5615 22480 374339 247123 20204 303224 9091 22342 226919 849781 108726 4520 2039 127216 27993 26992 543340 35589 4416 31173 98431 90914 4513 7517 5291 215651 4571 20303 8521 63477 5331 231824 9871 5678 57799 617957
cat_boundaries=0 2 4 6 8 10 12 14 16 18 20 22 24 26 28 30 31 33 35
cat_threshold=2617688216 12 1094730276 64 3495096424 64 412454603 22 1123367472 46 3809823524 63 772821506 16 4045415240 17 1124676252 42 2427602977 68 1209023011 74 1086350100 10 3221238596 26 348846234 68 2449567687 37 77956 279619624 38 2166523217 4
is_linear=0
shrinkage=0.03


Tree=32
num_leaves=64
num_cat=19
split_feature=3 10 3 1 7 19 1 3 0 3 7 19 32 0 1 19 1 30 4 40 1 38 52 9 0 1 1 35 12 54 1 50 1 16 55 54 1 0 1 16 34 27 54 43 1 55 55 1 1 0 55 1 52 0 10 1 1 38 1 9 0 27 1
split_gain=1817.18 1058.02 917.932 854.698 757.527 751.294 795.752 710.591 629.795 613.541 568.468 558.282 385.594 489.698 593.635 471.094 376.094 370.882 421.196 605.608 358.858 354.886 351.56 350.28 345.038 328.256 326.196 313.313 309.913 307.928 528.593 292.675 290.771 280.118 440.991 292.194 275.274 266.179 265.332 261.323 267.258 253.792 245.469 242.904 260.407 247.904 241.463 240.002 232.079 230.068 228.211 226.441 210.346 269.236 328.495 308.951 255.599 255.335 219.377 208.244 206.34 199.181 197.062
threshold=-0.066661357879638658 2.0446702241897587 1.8029391169548037 0 -1.0000000180025095e-35 0.92727679014205944 1 -1.7904666066169737 644.50000000000011 -1.5114245414733884 -0.26218278706073755 2.3243991136550908 1.8985549807548525 127.50000000000001 2 -0.11680612713098525 3 -0.80560949444770802 -0.13379042595624921 0.058049660176038749 4 -2.1509922742843623 -0.022351294755935665 -0.23888704180717465 559.50000000000011 5 6 0.96144783496856701 -0.28054265677928919 -2.307860136032104 7 -0.67032045125961293 8 0.027787560597062114 0.94685247540473949 -2.307860136032104 9 942.50000000000011 10 1.05499804019928 -0.59093686938285817 0.92802804708480846 0.1484339311718941 1.272141754627228 11 0.65409547090530407 0.75619202852249157 12 13 247.50000000000003 0.65409547090530407 14 0.10557980462908746 157.50000000000003 1.3058599829673769 15 16 -1.7384012341499326 17 -0.53137159347534169 831.50000000000011 0.61685153841972362 18
decision_type=2 2 2 1 2 2 1 2 2 2 2 2 2 2 1 2 1 2 2 2 1 2 2 2 2 1 1 2 2 2 1 2 1 2 2 2 1 2 1 2 2 2 2 2 1 2 2 1 1 2 2 1 2 2 2 1 1 2 1 2 2 2 1
left_child=1 5 4 9 27 7 11 17 52 -3 28 33 21 -14 24 -16 -10 51 19 20 -19 -4 23 -12 -15 -23 -20 29 42 30 61 -13 -21 -7 35 -35 -29 38 -5 -8 -41 -37 43 44 -9 -46 -40 -24 -48 -42 -38 -1 58 55 -55 -54 -56 -57 -6 -52 -49 -2 -44
right_child=2 3 12 37 8 6 39 10 16 -11 22 31 13 14 15 -17 -18 18 26 32 -22 25 47 -25 -26 -27 -28 36 -30 -31 -32 -33 -34 34 -36 41 50 -39 46 40 49 -43 62 -45 45 -47 48 60 -50 -51 59 -53 53 54 56 57 -58 -59 -60 -61 -62 -63 -64
leaf_value=0.0039990870771622437 -0.012205643062260605 0.022337246593042249 -0.012584656106382902 -0.0002913314184966517 -0.00057535761626047307 0.00035644448147793177 0.00033140585683032089 0.0014895601537376105 -0.0028201876539963133 0.0075085379848724744 0.00034795303249992985 -0.012794899165796181 0.0035776102511501377 -0.024266684843888033 -0.0097246835863017533 0.0044986247577821631 -0.001070362946053875 0.014780761062667324 0.0046194856658551388 -0.0050287238116890377 0.0066313244037993673 0.0052101283622056072 0.00035757777702932758 0.0020894412050317481 -0.010041808424159726 -0.0023493198709519853 -0.00079259812839899493 1.3092801985820436e-05 0.0032301383500850794 -3.0651858957983091e-05 -0.00018709372080655268 -0.0044366329903979974 0.0053851975725752264 -0.011283188786845347 -0.015007944905670078 -0.002936078599289192 0.0013318498035029328 -0.006414937709538689 0.0027218643056396985 -0.009694936465766817 -0.0063777220171524259 0.0061392515367273562 0.0012111059948023959 0.0022777907044638944 0.00046819505768898279 -0.004820444893257508 0.014230845618773393 -0.00031516656034716306 0.0038866050599278604 0.0022467631883832054 0.006857905258187612 -0.0011942336675857552 0.00056715574148140683 -0.00071727423892710114 -0.00032840662514055125 -0.011475413678877104 0.0038372142740112298 -0.0027002098515990537 0.00034405618901020904 -0.00018549854184896964 -0.0016450260039214824 -0.0036973822378841724 -2.6836117291935904e-05
leaf_weight=10945.472183227539 5927.134033203125 3116.5650634765625 2897.1051635742188 14537.65382194519 406190.83349609375 22119.991905212402 164747.65438842773 360321.75499725342 129767.080078125 12902.210571289062 1067211.7340087891 7868.0808913707733 3262.2130415439606 2754.1340585947037 5399.3455276489258 3419.5411071777344 746551.29516601562 7882.5368847846985 22188.770797729492 4403.9956512451172 12885.941841125488 5448.7805786132812 414966.517578125 115161.11019670963 3486.7154837846756 96651.2197265625 18268.514636516571 170703.36376953125 49949.614776611328 1904942.1136474609 19146.673751831055 7251.0616867542267 5301.2595977783203 3498.5579833984375 2929.5621337890625 36076.613498687744 170597.98315429688 2971.4437255859375 15803.130205154419 4685.6398315429688 4637.547206401825 2999.5506019592285 163714.47998046875 141936.42883300781 350886.68830108643 8157.5496826171875 3981.4671936035156 607794.47070538998 3876.0919189453125 6948.3804974555969 13188.428985595703 24315.584091186523 29070.024169921875 474521.599609375 26290.616027832031 3096.9643859863281 26728.823425292969 79068.996673583984 549549.77460342646 5293.3940124511719 126932.31884765625 4261.0574493408203 394762.88922119141
leaf_count=4710 2673 1186 1345 6597 163461 10581 74338 102375 46151 4994 383119 3378 1114 991 1599 1187 268177 2343 8904 1657 5397 2127 181259 45078 1326 39331 6960 55827 23020 704651 6815 3341 2180 1234 1054 13976 66248 939 5634 1035 1080 1104 72243 56216 143464 3748 1422 196886 1464 1529 5357 9737 12504 170682 10879 1848 9125 25918 178287 1990 40015 2222 124122
internal_value=8.81544e-06 0.00046417 -0.000385125 0.0045168 -0.000318987 0.000408609 -0.00114104 0.000513201 -0.000683467 0.0103932 0.00044559 -0.00357797 -0.0029405 -0.00695583 -0.009238 -0.00420538 -0.00132954 0.00293363 0.0041836 0.00684704 0.00973751 -0.00223953 0.000154365 0.000517579 -0.0163076 -0.00194538 0.00217681 7.35791e-05 0.000907684 -7.76277e-05 -0.00312761 -0.00878911 0.000659838 -0.00241285 -0.00375892 -0.00298321 0.000886492 0.00222632 0.00289986 -2.68553e-05 -0.00365321 -0.00223875 0.000825966 0.0011436 0.000919806 0.000347961 0.00485831 -0.000219175 0.00915685 -0.00120666 0.0016749 0.000418972 -0.000328394 -0.000749864 -0.000467036 -0.00209111 0.00177244 -0.00303127 -4.66991e-05 0.00484109 -0.000544917 -0.00864227 0.000336088
internal_weight=9.11715e+06 4.22894e+06 4.88822e+06 57188.6 4.7649e+06 4.17175e+06 263763 3.90799e+06 2.47084e+06 16018.8 3.8018e+06 82743.4 123319 18321.9 15059.7 8818.89 876318 106192 70931 30473.7 20768.5 104997 2.33207e+06 1.18237e+06 6240.85 102100 40457.3 2.29406e+06 1.46973e+06 1.93428e+06 29334.9 15119.1 9705.26 67624.3 45504.3 42574.7 359783 41169.8 38198.3 181019 16271.6 39076.2 1.41978e+06 861302 719366 359044 23660.7 1.14969e+06 7857.56 11585.9 189080 35261.1 1.59452e+06 638777 527541 111236 53019.4 82166 955741 18481.8 734727 10188.2 558477
internal_count=3330154 1548319 1781835 22236 1732815 1526083 112650 1413433 887032 6180 1371545 34668 49020 6217 5103 2786 314328 41888 27441 11577 7740 42803 846357 428197 2317 41458 15864 845783 525188 716361 11710 6719 3837 27949 17368 16314 129422 16056 15117 77982 3644 15080 502168 305803 249587 147212 8520 418160 2886 2609 73595 14447 572704 230956 190686 40270 20004 27766 341748 7347 236901 4895 196365
cat_boundaries=0 2 4 6 8 10 12 14 16 18 20 22 24 26 28 30 32 34 36 38
cat_threshold=2387477144 2 642794019 64 2464228683 53 3221238272 8 1443422223 69 2064 36 222712996 49 2633368786 24 2518864782 71 747712387 75 1076957250 100 143488675 12 783597760 117 16818213 9 3803758725 33 1218724404 50 114355520 126 2515290048 27 74762344 13
is_linear=0
shrinkage=0.03


Tree=33
num_leaves=64
num_cat=16
split_feature=3 3 3 10 1 7 7 10 5 1 50 5 28 5 4 40 43 1 1 14 22 6 13 1 54 1 1 5 30 17 10 56 43 22 1 6 10 1 54 54 1 46 19 12 34 19 1 5 40 1 32 38 19 14 42 15 36 23 1 4 1 46 1
split_gain=1716.51 896.376 864.047 814.843 1007.38 711.053 549.626 513.016 472.108 496.081 433.866 417.115 399.93 389.599 386.75 398.58 355.889 345.503 320.777 310.974 286.181 284.028 819.637 277.498 274.882 521.973 274.099 273.49 266.205 268.098 259.737 275.51 343.577 256.477 235.935 235.716 234.599 472.602 289.919 257.292 884.711 495.698 290.586 230.994 223.16 306.754 221.689 220.96 260.511 216.608 216.058 211.647 211.061 249.306 230.806 227.996 201.336 232.462 204.957 200.852 195.336 224.697 193.234
threshold=-0.098669108003377901 -1.7904666066169737 1.8029391169548037 1.1323674321174624 0 -0.33144003152847284 -0.98193383216857899 2.0446702241897587 2.0535342693328862 1 -0.2393136993050575 0.091814380139112486 -0.80504435300827015 0.76489081978797924 -0.13379042595624921 0.15945696085691455 1.7056121230125429 2 3 0.25479234755039221 -1.3206875324249265 -1.7492431998252866 -0.70058324933052052 4 -2.307860136032104 5 6 -1.5661572217941282 -1.0151662230491636 7 -0.085184644907712923 1.9410765767097475 0.59121713042259227 -1.9065327048301695 8 1.0904705524444582 1.5670744776725771 9 0.1484339311718941 -2.307860136032104 10 0.24840633571147921 0.40057253837585455 -0.28054265677928919 0.026374530047178272 0.6901068687438966 11 -1.5661572217941282 1.1409343481063845 12 -1.540651738643646 0.038178687915205962 0.6901068687438966 0.72120228409767162 -0.044911779463291161 -1.3246821165084837 -0.068345718085765825 0.24844495952129367 13 -0.97329071164131153 14 2.412865519523621 15
decision_type=2 2 2 2 1 2 2 2 2 1 2 2 2 2 2 2 2 1 1 2 2 2 2 1 2 1 1 2 2 1 2 2 2 2 1 2 2 1 2 2 1 2 2 2 2 2 1 2 2 1 2 2 2 2 2 2 2 2 1 2 1 2 1
left_child=1 3 5 12 7 24 33 -5 21 20 13 17 26 36 15 18 -13 -7 -14 -11 -10 22 -4 -16 25 -2 28 -6 51 -30 31 52 -33 49 -23 60 38 50 39 40 41 -8 -42 -35 45 59 -17 48 -19 -3 -38 -1 54 -54 -12 -56 -18 -58 -59 -28 61 -36 -26
right_child=2 6 8 4 27 11 10 -9 9 19 30 16 14 -15 23 46 56 47 -20 -21 -22 34 -24 -25 62 -27 44 -29 29 -31 -32 32 -34 43 35 -37 37 -39 -40 -41 42 -43 -44 -45 -46 -47 -48 -49 -50 -51 -52 -53 53 -55 55 -57 57 58 -60 -61 -62 -63 -64
leaf_value=0.002355244540651068 -0.0081146524799485982 0.0087272021205055429 -0.00022391585923395752 0.010494482951490193 0.010029681815148404 -0.00089891023151819638 0.011969714954316363 0.026003866180117005 -0.019031718379382129 -0.0069806376542498952 0.00092713879044792021 -0.00073864635973289151 0.014893648661493777 -0.0005129475216315185 -0.0022141718273976881 0.0073407254307326 -0.0017273853563402088 0.0010203372566559359 0.0060872204995033328 0.0042763914066709574 -0.0070758341671082331 0.0044556753779024785 -0.024074254441705609 0.0030916372064850621 0.00078205399100771925 0.00075839074541555931 -8.6786910864392706e-05 -0.0010711102796228877 0.0012359378937508616 0.014957278211340125 0.00050242021410783655 0.0014522601478769799 0.0094436856754844065 0.0010184814459261787 -0.0017828335795940535 0.0054660093697760613 0.014588257763003981 0.00015806639731411965 -0.00019959622039107406 0.0005587883884410217 -1.0448436046039498e-05 -0.0002663457409723421 -0.0093779943053456504 0.0043393403792915093 0.001270349132833545 -0.012833694863261025 -0.0036340101842548852 -4.0730814346021542e-05 0.0073713215927630514 0.0019082911186957218 0.004912362588240432 -0.0075507426137649374 0.00045951942329150897 -0.0086945105920146568 0.0010376503721897634 0.005182860546261589 -0.002483011452856846 -0.014060175759404967 -0.0052611467714051719 -0.0089883123923543331 -0.0015863013509751485 -0.0077813093030411166 4.909352193524673e-05
leaf_weight=7893.7119011878967 10144.09285736084 7412.6324081420898 3676.1439743041992 4717.6491088867188 2867.7232055664062 433864.5283203125 4060.9703330993652 3245.59423828125 3859.8966064453125 6329.5279934406281 63171.70442199707 1775036.5316162109 4821.5982627868652 675984.61474609375 12676.605387926102 2468.3849868774414 88286.882751464844 103672.03723144531 16551.823079824448 3386.7545764446259 3392.8501205444336 5227.5716595649719 1998.6827840805054 29481.196487426758 485684.35139465332 14460.24112701416 8678.4133434295654 6553.140380859375 2521.0566596984863 2612.9209585189819 179884.97351074219 9486.358359336853 9889.284218788147 512906.62364530563 11148.118995904922 3577.8655853271484 2386.4970092773438 32808.01513671875 810710.47498703003 1495025.9528312683 3945.9114303588867 11152.748432159424 12174.567840576172 19566.284557819366 9098.0437088012695 3250.2545318603516 4960.2395248413086 1005022.1015735865 6153.3387451171875 9678.8285293579102 15906.039855957031 2568.6334357261658 11815.321685791016 3457.09228515625 19033.400634765625 32060.796890258789 18031.9814453125 3449.4244613647461 7828.2460098266602 3089.9561100006104 69022.051952600479 11337.457626342773 970672.33110046387
leaf_count=4046 4525 2228 2423 1712 1119 174314 1857 1216 1420 1954 25112 629652 1529 246749 5376 1123 37846 35071 6762 1055 1315 1939 716 11269 200135 5251 3367 2615 1119 963 71610 3067 2705 188133 4566 707 937 12001 293004 536963 1573 4079 5363 8987 3462 1092 1928 347137 2121 3454 6947 905 6085 1080 9336 11192 5672 1000 2373 1122 29943 2994 342256
internal_value=-1.51314e-06 0.000456798 -0.000371284 0.0029269 0.00896411 -0.000309233 0.000376563 0.0168069 -0.00285526 -0.00750045 0.000234005 -0.000545767 0.00197824 0.000122877 0.00332729 0.00600653 -0.000844537 -0.000180649 0.00808668 -0.00305351 -0.013429 -0.00211123 -0.00863784 0.00149635 0.000240409 -0.00290376 -0.000432384 0.00230906 0.00266547 0.00825864 0.00126962 0.00219632 0.00553245 0.00125669 -0.0017416 -0.00208277 0.000302851 0.00231358 0.000258882 0.000502397 -0.00218782 0.00300069 -0.00708136 0.00114055 -0.00243601 -0.00468256 2.01485e-05 9.88867e-05 0.00137649 0.00487359 0.00617497 -7.92413e-05 0.00169713 -0.00161477 0.00213984 0.00363896 -0.00244278 -0.00459705 -0.00797461 -0.00242684 -0.00237844 -0.00480625 0.000293538
internal_weight=9.11584e+06 4.07058e+06 5.04526e+06 128057 17384.1 4.92231e+06 3.94252e+06 7963.24 122957 16969 3.39295e+06 3.44135e+06 110673 3.06416e+06 70959.8 28802 1.89263e+06 1.54871e+06 21373.4 9716.28 7252.75 105988 5674.83 42157.8 1.48096e+06 24604.3 39713 9420.86 15596.3 5133.98 328799 148914 19375.6 549564 100313 95085.5 2.38817e+06 51100.6 2.33707e+06 1.52636e+06 31334.2 15213.7 16120.5 532473 24116.7 15018.6 7428.62 1.11485e+06 109825 17091.5 18292.5 10462.3 129538 15272.4 114266 51094.2 117597 29309.7 11277.7 11768.4 91507.6 22485.6 1.45636e+06
internal_count=3329572 1493187 1836385 50725 6662 1787353 1442462 2928 49032 5744 1239660 1235186 44063 1109473 27987 11342 676543 558643 8291 3009 2735 43288 3139 16645 552167 9776 16076 3734 7033 2082 130187 58577 5772 202802 40149 38210 862724 19885 842839 549835 12872 5936 6936 197120 9043 5581 3051 384329 37192 5682 7884 4951 52805 7165 45640 20528 46891 9045 3373 4489 37503 7560 542391
cat_boundaries=0 2 4 6 8 10 12 14 15 17 19 21 23 25 27 29 31
cat_threshold=265203228 2 2464376066 55 3774886720 25 1409851670 4 1890683483 7 2664858834 24 3820863745 37 19882 2064 36 2656879128 18 2173418644 101 160500931 40 3931799692 5 100774316 3 1410007555 16 505200664 44
is_linear=0
shrinkage=0.03


Tree=34
num_leaves=64
num_cat=15
split_feature=7 3 3 0 1 32 22 10 1 52 6 2 0 30 0 19 1 52 1 10 10 55 1 42 20 22 1 1 15 9 54 0 11 10 31 36 15 7 1 22 1 1 18 36 42 19 19 13 8 0 1 2 44 1 4 1 18 0 28 1 1 19 4
split_gain=1635.39 1314.96 1024.23 943.065 849.61 846.31 802.659 697.809 822.796 768.561 604.169 571.181 538.848 581.19 582.658 502.38 712.673 492.636 462.23 580.854 455.185 437.718 700.77 430.275 513.156 421.6 434.517 416.02 675.875 4374.64 414.246 401.73 369.38 857.727 365.151 365.113 2786.35 342.833 336.83 331.051 331.029 329.044 302.139 290.266 284.679 330.981 281.547 278.376 275.493 275.911 274.275 273.361 416.796 272.913 263.285 261.063 408.808 259.382 269.207 259.072 257.068 256.392 322.602
threshold=-0.69131106138229359 0.97004067897796642 -1.7904666066169737 775.50000000000011 0 1.8985549807548525 -0.67616242170333851 1.5670744776725771 1 0.12774965167045596 -0.49656434357166285 0.12922331690788272 112.50000000000001 -0.16493003815412519 515.50000000000011 1.0966395139694216 2 1.116103529930115 3 0.73040485382080089 2.0446702241897587 0.75619202852249157 4 -0.96616706252098072 -1.341222286224365 0.16816116124391559 5 6 1.2796644568443301 -0.78595551848411549 -2.307860136032104 929.50000000000011 1.9463328719139101 -1.314770460128784 0.090446658432483687 0.63447225093841564 -1.8659238815307615 0.88381478190422069 7 -1.0834116935729978 8 9 -0.82670938968658436 -0.55541878938674916 0.11702425032854082 -0.19481515884399411 1.0966395139694216 1.1729706525802615 2.2439718246459965 873.50000000000011 10 -1.3648050427436826 0.91594243049621593 11 0.97164177894592296 12 1.6733871102333071 127.50000000000001 0.057230070233345039 13 14 0.025464545935392383 1.5712455511093142
decision_type=2 2 2 2 1 2 2 2 1 2 2 2 2 2 2 2 1 2 1 2 2 2 1 2 2 2 1 1 2 2 2 2 2 2 2 2 2 2 1 2 1 1 2 2 2 2 2 2 2 2 1 2 2 1 2 1 2 2 2 1 1 2 2
left_child=2 3 11 7 6 51 10 9 53 15 17 18 -7 14 -14 27 25 -5 19 -1 21 23 -23 24 -4 59 -27 28 32 -30 43 42 39 -34 -18 -29 -37 61 -16 55 -22 -33 -6 -28 -41 -46 -24 -8 -12 -50 -47 52 -3 -9 -31 56 -2 58 -52 -17 -53 -11 -63
right_child=1 5 20 4 31 12 47 8 -10 37 48 -13 13 -15 38 16 34 -19 -20 -21 40 22 46 -25 -26 26 30 35 29 54 -32 41 33 -35 -36 36 -38 -39 -40 44 -42 -43 -44 -45 45 50 -48 -49 49 -51 57 60 -54 -55 -56 -57 -58 -59 -60 -61 -62 62 -64
leaf_value=0.00869643498167149 0.0034042802132592778 0.0017356585734524645 0.012989480817448617 -0.0064285437582406717 0.00042840120582263961 0.0035190288456129763 -0.0012442705252004933 0.011921250168196992 0.00026662093808936955 -3.3665586132789972e-06 -0.00097641206494761723 0.001234323514770107 -0.020087847411891294 -0.0032027889599820737 -0.00029467380713048621 0.0030952990995118165 0.0004138096923110073 -0.019737213425106356 0.0050450587613533483 0.024621011896354583 0.00064271605612059633 0.0017198513315693153 -0.0028999917525516419 0.00067154127813475557 0.0025631836772964781 -0.017070849092998462 -0.018647039867526954 0.00011123714090954637 0.033414243659796609 -9.572673400219145e-05 -0.0033861445037160717 -0.0009960841605311107 0.016068436081138424 0.0019816060160882318 -0.011081121690755978 -0.028949455523331211 3.3176808320888138e-05 -0.0013624952883786224 -0.012570495980376619 0.00030731067204878032 0.0071808883103175831 0.0020031841667995059 -0.00095423101500073898 -0.0054286791728698422 0.00047076437146063328 0.0040750443001958316 -0.0088378675333405116 -0.0087619659600455865 -0.0023537013205296698 -0.0082897734450676618 0.00051264839676623747 -0.0003514087564051179 -0.0059860006727879026 0.0046230843921303338 0.0076276930993868881 0.00037071258317189195 0.014225655395802308 0.00070285225540188661 0.0105581823142107 -0.0040778701663167294 -0.0015402262632955759 -0.0006396855439225669 -0.0038503255667511893
leaf_weight=5928.8631858825684 11758.040031433105 8611.851432800293 4841.73046875 6543.265438079834 206862.9091796875 4253.1873321533203 430608.32373046875 5166.912109375 66820.59765625 1085707.7844371796 20475.368316650391 13387.687683105469 5253.750346660614 11968.91348695755 3542.8861675262451 8772.4968872070312 95638.250382065773 4057.1459350585938 10851.602710723877 3163.2604827880859 11940.136367797852 27336.54443359375 23027.081420898438 1580983.7816162109 34457.568237304688 3053.024169921875 3077.0113408565521 1475204.2071533203 4235.1875915527344 27765.003143310547 23362.952239990234 46066.728271484375 4257.9031982421875 44516.409301757812 2548.556990981102 3361.140625 26394.030395507812 299443.65234375 4660.5575885772705 1277065.1646886468 16763.869003295898 115294.04321289062 455349.4228515625 2915.0414850711823 180569.20947265625 54603.3701171875 10448.061889648438 4474.34814453125 13122.837619781494 15229.643432617188 4446.149754524231 273045.00897216797 23324.583869934082 43036.927734375 4630.5629272460938 11500.936187744141 4285.1504516601562 71614.352600097656 5215.8810768127441 9342.025390625 408876.73150634766 419271.55395507812 30189.86572265625
leaf_count=2072 3757 3699 1752 2457 81368 1445 130501 1656 27447 378897 6062 5413 1752 4263 1322 4205 38416 1231 4290 1067 4684 11109 8766 585677 14553 1579 1723 561078 1308 7377 10694 16592 1106 12503 962 1387 8351 110950 1621 422913 6796 46935 179639 971 60658 18908 4505 999 3524 4165 1655 114386 7818 15857 1312 4299 1271 25855 1661 4787 158587 165899 10463
internal_value=-6.01456e-06 -0.000201428 0.000820354 -6.72234e-05 -0.000785466 -0.00139772 -0.00176837 0.000111072 0.00242223 5.98949e-05 -0.00503858 0.00602833 -0.0063611 -0.00801418 -0.0122907 0.000329527 -0.00137511 -0.0115291 0.0092453 0.0142316 0.000718811 0.000654842 -0.00184382 0.000748626 0.00384921 -0.0042697 -0.00631917 0.000408465 0.000729121 0.00475991 -0.00519066 -0.000195252 0.000640689 0.00321288 0.000114884 4.48685e-05 -0.00324501 -0.000433942 -0.00728792 0.000563287 0.00446449 0.00114698 -0.000522322 -0.0122264 0.000506916 0.00131243 -0.00475291 -0.00132168 -0.00362846 -0.00554318 0.00243085 -0.00119132 -0.00390386 0.00540883 0.00100925 0.00382386 0.00629429 0.00132539 0.00593821 -0.000604696 -0.00106425 -0.000252818 -0.000855381
internal_weight=9.11452e+06 7.37139e+06 1.74313e+06 6.62785e+06 1.31808e+06 743537 494511 5.30977e+06 115024 5.19474e+06 59428.3 33331.4 29679.3 25426.1 13457.2 3.36013e+06 148709 10600.4 19943.7 9092.12 1.7098e+06 1.68109e+06 60811.7 1.62028e+06 39299.3 50522.6 32408 3.21142e+06 1.70646e+06 36630.8 29355 823573 1.66983e+06 48774.3 98186.8 1.50496e+06 29755.2 1.83461e+06 8203.44 1.62106e+06 28704 161361 662212 5992.05 1.59351e+06 316449 33475.1 435083 48827.8 28352.5 135880 713858 31936.4 48203.8 32395.6 27544.1 16043.2 81276.4 9662.03 18114.5 681922 1.53517e+06 449461
internal_count=3328955 2678271 650684 2383378 473473 294893 148939 1909905 44960 1864945 17439 12842 10403 8958 4695 1198736 63337 3688 7429 3139 637842 626362 24380 601982 16305 23959 14967 1135399 564583 9997 13388 324534 554586 13609 39378 570816 9738 666209 2943 540977 11480 63527 261007 2694 531650 108737 13271 131500 13751 7689 48079 284490 11517 17513 8689 9327 5028 29171 3316 8992 272973 555259 176362
cat_boundaries=0 2 4 6 8 10 11 13 15 17 19 21 22 23 25 27
cat_threshold=3221300135 2 3457106108 11 2788443680 112 2664079501 3 2167335880 46 512 773140903 45 1830110661 112 1613872450 73 537266256 64 537931812 1 134480000 637866277 2147762688 80 1671966076 38
is_linear=0
shrinkage=0.03


Tree=35
num_leaves=64
num_cat=10
split_feature=3 10 7 1 3 20 19 1 1 3 22 1 3 46 1 19 11 9 4 5 20 19 5 40 14 23 30 5 15 38 12 1 18 1 7 43 22 24 20 38 19 1 55 54 1 36 5 7 15 15 43 10 12 10 5 42 1 52 54 42 38 14 9
split_gain=1634.81 1000.33 979.361 774.044 699.505 763.512 582.677 711.545 522.022 457.107 451.754 402.55 385.553 380.551 356.936 409.573 473.076 943.471 339.827 287.449 511.768 278.29 276.889 297.064 267.119 324.373 264.857 263.008 253.442 790.142 1767.07 249.413 245.906 282.046 237.744 235.788 228.491 227.518 264.057 311.923 335.89 226.52 227.97 224.533 223.529 217.667 215.186 212.262 210.686 540.292 209.69 264.009 208.152 204.088 199.058 220.371 277.88 436.222 196.912 187.925 187.599 185.915 183.75
threshold=-0.41593438386917109 2.0446702241897587 -1.0000000180025095e-35 0 1.8029391169548037 -1.0979107618331907 1.0966395139694216 1 2 -1.2063708901405332 -1.9065327048301695 3 -1.5114245414733884 2.412865519523621 4 0.11274404823780061 -0.080687671899795518 -0.41107659041881556 1.6692219376564028 -2.2509361505508418 -0.94449669122695912 -0.60042807459831227 -1.1318895816802976 1.1409343481063845 0.79738819599151622 0.10618014633655549 -0.16493003815412519 1.8151760697364809 -1.8659238815307615 0.63430985808372509 -0.82281196117401112 5 0.78405886888504039 6 -0.98193383216857899 1.98511677980423 -0.60895642638206471 -0.61737412214279164 0.46000777184963232 -0.75204560160636891 1.6550678610801699 7 0.22147044539451602 0.10369330644607545 8 -1.7492431998252866 0.46491467952728277 1.1826823353767397 -1.8659238815307615 -1.9622159004211424 1.1645036339759829 1.3058599829673769 -0.6942739188671111 -0.063276264816522584 -0.2834745049476623 0.21063173562288287 9 -0.69040539860725392 0.5490454137325288 -0.96616706252098072 -2.1509922742843623 0.29865437746047979 -0.84132489562034596
decision_type=2 2 2 1 2 2 2 1 1 2 2 1 2 2 1 2 2 2 2 2 2 2 2 2 2 2 2 2 2 2 2 1 2 1 2 2 2 2 2 2 2 1 2 2 1 2 2 2 2 2 2 2 2 2 2 2 1 2 2 2 2 2 2
left_child=1 6 13 12 11 26 8 18 9 34 -5 22 -3 54 15 48 17 -17 37 20 21 -10 23 -4 36 -26 27 -6 29 -13 -31 -7 -12 -34 -1 45 -9 38 53 40 -40 -16 -43 62 -29 -33 -11 -30 49 -15 51 -45 -41 -8 55 56 57 -2 -21 -58 -36 -14 -24
right_child=2 3 4 10 5 31 7 24 19 46 32 28 61 14 41 16 -18 -19 -20 58 -22 -23 43 -25 25 -27 -28 44 47 30 -32 35 33 -35 60 -37 -38 -39 39 52 -42 42 -44 50 -46 -47 -48 -49 -50 -51 -52 -53 -54 -55 -56 -57 59 -59 -60 -61 -62 -63 -64
leaf_value=0.0042911112742476934 -0.0030595703969522768 0.020478038773969046 0.00068708529995486155 0.01147311641162203 -0.0067648281035155838 0.0019593500455796836 -0.0058063430213624659 0.0067819139120905312 0.01402264627854235 0.0010713839019653407 -0.0011363177310675212 -0.0016953049541624076 0.005546770740746854 0.00070982760243367814 0.00093154317878560346 -0.0048307618788999201 -0.00074539223966680528 -0.023063385925717893 -0.013901991442348082 0.00030503649180764101 0.00055626197684735458 0.0040026222531091768 0.00096874576680658592 0.006896221738869503 -0.010510861553392724 5.4317139761380402e-05 -0.0022930545905210779 -0.021580050501549052 -0.00062673394110632447 -0.033008114127999449 0.00049424240208096758 -0.010881027767630372 0.010391316184204091 -0.00014744214677373766 0.0076803414139630308 -0.011020240925109741 0.00077209152315142466 -0.0013165266960905081 -0.0048774747115955704 -0.0081046632998136303 -0.02086464519783136 2.7737755714893728e-05 -0.0010173679608131774 -0.00068547270025910061 -0.010235763069740535 -0.0017412409805998479 7.6272648497987966e-05 -0.0015007884699288431 -0.00036101210823604721 -0.012747428875122835 -0.0018151792302664729 0.002155176052755768 0.00057934656535146801 0.00097314582988093006 8.3078699835274563e-05 0.0016545376274519454 0.0039155451771418709 0.00022147536011514775 -0.00077111090603752613 0.00073261028877834691 0.0016837103670192023 0.015265718527901448 -0.00023272093550122538
leaf_weight=40804.01708984375 44848.66796875 3275.2133178710938 150600.99780273438 4435.986328125 5228.2467211484909 11504.440456390381 7646.3168935775757 6281.818244934082 4623.4591522216797 685332.79739379883 16085.533359527588 81177.799499511719 6099.1987895965576 6616.9813232421875 149310.92810058594 13741.749786615372 13878.424850940704 3133.7747032642365 2780.5588388442993 995920.71733093262 24020.79638671875 5423.4070587158203 137150.21508789062 7264.598876953125 3994.1375274658203 7558.3549346923828 3440.4266797304153 3135.2223834991455 1251602.3715209961 2377.7276821136475 3495.3055210113525 2517.2314667105675 4472.9602165222168 4665.8321075439453 4789.8877410888672 3083.8702392578125 60364.163414001465 29975.337874412537 2062.0908117294312 6693.4527351856232 2780.8748779296875 536497.26873779297 289045.52856445312 414453.65319824219 3285.3051433563232 33457.647534906864 273674.22875976562 312489.5205078125 84792.743835449219 4513.16259765625 139796.3232421875 31693.1962890625 3947.5245625972748 8363.5426244735718 1141697.328125 168528.763671875 17234.55859375 195090.55163574219 180805.17839050293 528330.48547363281 227015.57954406738 2497.9946308135986 695519.91194951534
leaf_count=14608 23205 1331 53383 1577 1919 3573 3559 3115 1503 222950 5930 39616 2959 2682 48322 5730 4804 1523 908 408268 9339 1925 43937 2681 973 1961 1184 993 433731 804 1770 1302 1734 2019 1932 1408 29485 12556 1088 1988 1280 160984 86429 146619 1061 14436 90102 113096 27392 1716 52634 11802 1695 3710 447172 64990 6616 98452 75483 181403 84138 812 253574
internal_value=-5.3932e-06 0.000626133 -0.00026094 0.00524474 -0.000624041 -0.00368955 0.000551912 -0.00131314 0.00066069 0.00109555 0.00264913 -0.00056168 0.0117133 0.000113065 -0.000338382 -0.00183638 -0.00484889 -0.00822238 -0.00365184 0.000218337 0.00293478 0.00861841 -0.000218797 0.000973024 0.000608893 -0.00360144 -0.00961069 -0.01177 -0.00088905 -0.0024645 -0.0130859 -0.00192177 0.00109641 0.00502479 0.00217956 -0.00306475 0.00133902 -0.00318767 -0.00496811 -0.00776085 -0.0140695 -0.000143697 -0.000338183 -0.000351429 -0.0158373 -0.00238219 0.000787408 -0.000801365 -0.000870524 -0.00475023 -0.00080135 -0.000483658 -0.00488436 -0.00226554 0.000350349 0.000670191 0.000458992 -0.000391842 0.000139683 0.00083318 0.00180778 0.00837793 -3.48211e-05
internal_weight=9.11693e+06 2.62639e+06 6.49053e+06 41532.7 3.29327e+06 65652.4 2.58486e+06 142448 2.44241e+06 1.23162e+06 29660.3 3.22762e+06 11872.4 3.19726e+06 1.10153e+06 126677 30753.9 16875.5 64249.7 1.21079e+06 34067.7 10046.9 1.57648e+06 157866 78198.5 11552.5 15089.2 11648.8 1.65114e+06 87050.8 5873.03 50563.2 25224.3 9138.79 272609 39058.7 66646 61469.1 31493.8 15483.9 4842.97 974854 825543 1.41861e+06 6420.53 35974.9 959007 1.56409e+06 95922.9 11130.1 585943 446147 10641 16009.9 2.09573e+06 954033 785504 239939 1.17673e+06 545565 231805 8597.19 832670
internal_count=3329871 988928 2340943 16362 1179523 25876 972566 62318 910248 413730 11260 1153647 5102 1161420 339582 43847 12057 7253 26784 496518 12767 3428 564630 56064 35534 2934 5157 3973 589017 42190 2574 20719 9683 3753 100678 17146 32600 25876 13320 6051 2368 295735 247413 508566 2054 15738 313052 546827 31790 4398 211055 158421 3683 7269 821838 374666 309676 121657 483751 188019 86070 3771 297511
cat_boundaries=0 2 4 6 8 10 12 14 16 18 20
cat_threshold=2386985112 3 777537189 73 739105921 29 725025983 36 1614824000 64 67676592 70 18906401 104 104762368 36 2458477034 33 2805084240 25
is_linear=0
shrinkage=0.03


Tree=36
num_leaves=64
num_cat=16
split_feature=5 10 3 2 0 32 20 1 1 2 30 1 20 1 1 56 19 0 1 30 54 1 42 16 15 44 1 1 10 1 0 1 1 40 58 30 58 38 56 20 1 52 58 43 19 9 30 20 38 30 3 42 30 23 34 0 19 1 0 1 1 19 10
split_gain=1501.71 1062.56 978.234 683.271 625.867 498.865 1038.52 601.555 584.889 494.469 497.806 480.653 454.045 450.226 434.984 408.213 401.36 497.385 491.605 430.637 423.68 577.791 401.793 634.784 394.076 4067.54 390.269 389.85 387.209 386.892 349.935 335.561 327.799 321.692 320.817 297.068 362.538 292.713 490.367 289.659 352.149 474.008 284.727 294.278 362.605 527.633 447.608 336.329 283.128 282.69 281.236 275.351 371.285 461.51 261.793 371.156 404.294 288.383 260.701 378.542 291.114 299.28 326.577
threshold=-0.58644592761993397 2.0446702241897587 0.61164435744285595 -1.901797831058502 644.50000000000011 -2.1122099161148067 -0.94449669122695912 0 1 -1.901797831058502 -0.16493003815412519 2 -1.341222286224365 3 4 -0.4804255068302154 -1.0000000180025095e-35 127.50000000000001 5 1.991441071033478 -1.2624937891960142 6 -0.23463687300682065 0.84782919287681591 1.2796644568443301 1.2672292590141299 7 8 -0.75480234622955311 9 901.50000000000011 10 11 1.7753936648368838 1.0069210529327395 0.089645657688379302 0.31702578067779547 0.63430985808372509 -0.12864176928997037 -0.94449669122695912 12 -0.63137605786323536 -0.26699230074882502 0.97808253765106212 0.40057253837585455 -0.59436970949172963 0.14935107529163363 0.81902104616165172 -1.1738197803497312 0.92978358268737804 0.49299670755863195 0.98404008150100719 0.3182730376720429 0.24844495952129367 -0.54607501626014698 157.50000000000003 1.320500433444977 13 644.50000000000011 14 15 -0.11680612713098525 2.0446702241897587
decision_type=2 2 2 2 2 2 2 1 1 2 2 1 2 1 1 2 2 2 1 2 2 1 2 2 2 2 1 1 2 1 2 1 1 2 2 2 2 2 2 2 1 2 2 2 2 2 2 2 2 2 2 2 2 2 2 2 2 1 2 1 1 2 2
left_child=1 5 4 29 13 6 8 30 -1 10 26 -5 32 24 15 -14 17 31 19 28 21 34 23 -23 51 -26 -4 -12 42 -3 -8 -7 -6 -13 -20 36 -24 -17 -39 40 41 -15 -18 -44 -45 47 -47 -46 -9 -43 -19 -2 53 -53 55 56 57 -22 60 -60 -11 -62 -63
right_child=2 3 9 11 12 16 7 48 -10 58 27 33 14 39 -16 37 18 50 20 -21 54 22 35 -25 25 -27 -28 -29 -30 -31 -32 -33 -34 -35 -36 -37 -38 38 -40 -41 -42 49 43 44 45 46 -48 -49 -50 -51 -52 52 -54 -55 -56 -57 -58 -59 59 -61 61 62 -64
leaf_value=0.010976655671124902 0.00052120245853820894 0.022488310734052535 -0.016916232566632092 0.0091481857760032318 -0.0056533955938488766 0.0053339903760588553 -0.00034061456217472901 -0.0018922043317067718 0.0027321594180777994 0.00010920404788469445 0.0042375640699614256 0.00015830420781777444 -0.012623060953597293 0.01076474824744073 -0.00024625983628599486 -0.0011592458299822044 7.9532911448341345e-05 0.00074782363030678593 0.00054132210340375952 -0.007963253608159148 -0.0080224929785832552 -0.0063016422793658955 -0.0048466867562598449 -0.021684502809528512 -0.00093228083489143676 0.031434402151170798 -0.0057925302774915937 -0.0047374202978621022 0.00013725225334507935 0.0070405287699311751 -0.0067923235844175294 0.0014450237343448706 -0.0012594728658006291 0.0089819773296297908 -0.0086545486556667533 -0.0083460253229713371 0.0068084531703216005 -0.011087469892701832 -0.0016703809210783511 -0.00024873207311230559 0.00012255533346837547 0.0039460948559696743 0.0016450342481017051 0.0021928475741044432 0.0082946087766009331 0.0070153540523130928 0.020906480630842845 -0.0044193772765451006 0.0038689030951324487 -0.0028870613699083902 -0.00021204344334640972 -0.001075289949735299 0.0021650858421545282 -0.018598541736802605 0.00019777507490627194 -0.00080773724099757682 -0.015433612832321015 -0.00045629501186056815 -0.00031060213334424021 -0.0020962209425441866 -0.00038029528088857586 -0.0019834245116817526 0.0042509861011721956
leaf_weight=16385.310760498047 1507103.5965881348 2906.4396171569824 3670.8143653869629 10592.975858688354 25515.186981201172 31884.663940429688 41852.976257324219 9110.5172748565674 14724.556915283203 346408.62559509277 7337.9048538208008 22587.452974319458 3045.23291015625 7113.4088134765625 1375192.264251709 178648.13027954102 38333.899536132812 1343774.1782608032 29929.457084655762 5258.4072265625 7518.8115100860596 9185.3782958984375 5691.1267428398132 3273.7027587890625 22032.721579551697 4148.0774927139282 12603.488711953163 10673.729568839073 320202.75769424438 2991.7488594055176 9231.0989990234375 53472.86625289917 38121.148956298828 4446.5467529296875 3849.0080032348633 6123.6263065338135 4148.2789330482483 7441.3592529296875 15011.019165039062 1632032.1988390088 65556.5849609375 19889.191095709801 42970.243965148926 15538.517639160156 4439.3230819702148 4263.564532995224 4100.1872751712799 3231.9071655273438 48710.820554733276 7500.1959892511368 345314.78860473633 2729.6681213378906 4147.5399322509766 2677.7439422607422 208020.84057617188 113432.61938476562 2932.0645751953125 11403.304578781128 167578.45010375977 294922.9091796875 309894.68933105469 236643.74620056152 7807.06982421875
leaf_count=5177 511102 1053 1570 4448 9078 10393 13169 5548 5291 139551 2133 8066 1614 2400 499925 62445 21895 465686 10898 1886 2957 4605 2902 970 6261 1428 3933 4240 120942 1155 2816 18663 13374 1641 956 2606 1162 2015 4307 624970 23850 6862 12725 4842 1376 1611 1275 1054 17679 2935 130398 1057 1463 1020 81436 44173 1139 3953 71462 106726 112099 92583 3117
internal_value=-2.98844e-06 0.000575057 -0.000259437 0.0052256 -6.04004e-05 0.000501664 0.0022463 0.000865265 0.00707994 -0.000959839 -0.00451786 0.00373629 -0.000538212 0.00017931 -0.000438099 -0.00173025 0.000408364 0.000664504 -0.000130251 0.000566196 -0.000883073 -0.00316116 -0.00631186 -0.0103507 0.000552008 0.00420091 -0.00831996 -0.00108115 0.000669863 0.0147153 -0.00150672 0.00289874 -0.00302262 0.00161042 -0.00050751 -0.00316129 6.80654e-05 -0.00156508 -0.00479325 -0.000152669 0.00141409 0.00386654 0.00218066 0.00326108 0.00545985 0.00862403 0.0138337 0.00293879 0.00296057 0.00207475 0.00055159 0.00048901 -0.00458633 -0.00976195 -0.000470315 -0.00149756 -0.00507702 -0.00346857 -0.000870339 -0.0014493 -0.000573059 -0.000999385 -0.00178423
internal_weight=9.11728e+06 2.80183e+06 6.31545e+06 43525.2 4.91791e+06 2.75831e+06 140015 108905 31109.9 1.39754e+06 34285.9 37627 1.64297e+06 3.27493e+06 1.57934e+06 204146 2.61829e+06 1.77445e+06 843847 438339 405508 62200.6 28422.1 12459.1 1.54284e+06 26180.8 16274.3 18011.6 433080 5898.19 51084.1 85357.5 63636.3 27034 33778.5 15963 9839.41 201101 22452.4 1.73209e+06 100059 34502.8 112878 74543.7 31573.5 16035 8363.75 7671.23 57821.3 27389.4 1.68909e+06 1.51666e+06 9554.95 5407.41 343308 135287 21854.2 18922.1 1.36326e+06 462501 900754 554346 244451
internal_count=3330066 1016546 2313520 16363 1776106 1000183 49680 39212 10468 537414 11876 14155 592758 1183348 570306 70381 950503 625140 325363 167606 157757 24099 12245 5575 522331 7689 5503 6373 165720 2208 15985 29056 22452 9707 11854 6670 4064 68767 6322 661017 36047 12197 44778 22883 10158 5316 2886 2430 23227 9797 596084 514642 3540 2077 133658 52222 8049 6910 525538 178188 347350 207799 95700
cat_boundaries=0 2 4 6 8 10 12 14 16 18 20 22 24 25 27 29 31
cat_threshold=3798610228 64 3529175144 96 2617557144 68 2852467106 63 1073750530 2 300664213 46 2315266570 65 2418058072 10 639437368 12 3905472692 51 3524298804 71 1629503444 14 1146650628 771754056 16 388760921 37 3794810940 42
is_linear=0
shrinkage=0.03


Tree=37
num_leaves=64
num_cat=22
split_feature=5 10 3 23 3 22 0 53 1 0 1 0 1 22 1 20 18 1 1 22 1 20 52 1 54 1 1 1 14 0 0 1 1 54 28 0 28 28 1 1 44 34 52 54 1 20 1 1 1 55 4 2 16 1 23 50 32 2 55 36 1 1 46
split_gain=1536.53 881.109 840.943 742.151 589.803 585.747 560.938 541 577.014 536.714 771.499 647.504 477.277 449.715 424.33 412.676 706.266 413.403 406.75 402.114 1011.94 397.138 505.963 382.081 362.782 350.723 347.113 317.61 313.941 310.295 306.99 628.918 482.557 300.368 288.007 422.121 499.236 968.049 2074.2 780.457 393.571 309.912 302.03 272.825 475.304 258.101 307.425 257.088 256.746 253.592 334.582 336.565 334.457 284.242 249.903 261.489 249.478 268.125 261.509 247.645 251.238 249.108 246.207
threshold=0.045126419514417655 2.0446702241897587 0.84802833199501049 0.37514926493167883 -1.1057249307632444 -1.9065327048301695 644.50000000000011 0.70401626825332653 0 831.50000000000011 1 929.50000000000011 2 -1.3206875324249265 3 -0.94449669122695912 -1.5294928550720213 4 5 -1.9065327048301695 6 -0.83948951959609974 0.98989656567573558 7 0.1484339311718941 8 9 10 0.86274191737174999 232.50000000000003 789.50000000000011 11 12 1.2390264272689822 -0.16493003815412519 337.50000000000006 0.57319018244743358 0.39668443799018865 13 14 0.45725271105766302 -1.3371447920799253 -1.5119923353195188 -0.56716150045394886 15 0.30511257052421575 16 17 18 0.35363148152828222 1.195036828517914 -0.16073241829872129 0.16878688335418704 19 0.52203881740570079 -0.65257567167282093 -2.1122099161148067 1.3456461429595949 0.94685247540473949 -0.38038592040538782 20 21 2.1498924493789677
decision_type=2 2 2 2 2 2 2 2 1 2 1 2 1 2 1 2 2 1 1 2 1 2 2 1 2 1 1 1 2 2 2 1 1 2 2 2 2 2 1 1 2 2 2 2 1 2 1 1 1 2 2 2 2 1 2 2 2 2 2 2 1 1 2
left_child=1 4 6 12 15 14 19 25 -9 18 21 -12 -3 30 -4 16 17 -1 43 20 29 22 -11 -15 34 -5 -21 -18 62 -2 32 33 -8 -32 -20 36 37 39 -39 40 -36 -41 -43 44 -6 -14 -47 -38 -17 -28 51 -51 -52 -53 -16 -56 57 -37 -58 61 -61 -13 -23
right_child=2 3 5 7 9 -7 13 8 -10 10 11 59 45 23 54 48 27 -19 24 26 -22 28 -24 -25 -26 -27 49 -29 -30 -31 31 -33 -34 -35 35 56 47 38 -40 41 -42 42 -44 -45 -46 46 -48 -49 -50 50 52 53 -54 -55 55 -57 58 -59 -60 60 -62 -63 -64
leaf_value=0.0034082145245630606 0.017863163451500397 0.0064677415920140089 -0.013014097031397965 0.012799297620704735 -0.0024379016102747497 -0.0012252915292669862 0.0030079425167831154 0.028066891216953535 0.0079518696529710352 -0.0024668133223630824 -0.00036683796968982042 -0.00091196993589356956 0.0017990622302036107 -2.6299907285928238e-05 -0.00015736677674610595 -0.00017408208863565168 0.005988892676253168 0.014102083242314187 0.00040529826696169636 0.00036028625203410217 -0.0010390311677744605 0.0001124792475460225 -0.010789765934267092 -0.0010960482183749929 9.2072966679938213e-05 -0.0013502788184163743 -0.00015343773430434083 -0.00073992460628378325 -0.0035321886152880648 0.0071725090137665943 -0.0075679799304869825 -0.0021698632595674497 -0.0052756872065149408 -0.018043232456596035 0.013091941790474073 0.0011862156762487283 -0.00010349661546508714 0.029983219095599003 0.0029462751610925919 -0.0083158202573969959 0.0045843541649802835 -0.0062935386986733453 0.0016950698107948789 0.00013890134212753201 0.00028781214351503246 -0.012552887921866053 -0.00027588499364486138 0.0022026848653325022 0.0016148850191557264 0.00092528992072620289 -0.0021824374500809419 -0.0034557754922653907 -0.0095220923267179541 -0.00066374199895422351 -0.011905773929813982 -0.001276421077954896 0.00072798833169733718 0.010082199195119644 -0.0074791808834872393 0.0036145352853989895 -0.0010440746827085595 0.005017455314195088 -0.0018430649801768953
leaf_weight=5429.9296035766602 3497.04718542099 16680.444833755493 5902.3544464111328 2824.0484371185303 109387.03466796875 635524.96875 13256.573905944824 2567.2450680732727 2616.8203616142273 23781.957641601562 252346.21960449219 7581.9079437255859 23833.977717161179 537273.10350036621 8807.0833587646484 101334.34686279297 9532.2857818603516 8200.7650985717773 669878.18798065186 1172021.5653581619 17418.266708374023 120141.35575866699 9082.2044677734375 681850.74317932129 829116.36372947693 3545.9297122955322 1033563.4848127365 18634.738265991211 46462.840087890625 8130.6978249549866 7171.9764175415039 19413.354637145996 12085.632637023926 3759.45654296875 5577.006298661232 7181.6120910644531 75813.469970703125 3841.4647216796875 7588.6593017578125 3610.45751953125 39838.092292070389 4776.5553436279297 39006.086074829102 1016240.7334594727 121547.24658203125 2732.022102355957 5546.6992676258087 102082.46557617188 251140.97515869141 66160.066570281982 18210.521935462952 51095.587158203125 8058.9575567245483 91736.206256866455 4872.0964136123657 3638.098593711853 560075.17959594727 5296.2325134277344 3511.1244812011719 18067.720275878906 24572.982543945312 40153.174392700195 111918.78169250488
leaf_count=1924 1201 6288 2226 1079 57669 249252 4135 902 1148 7910 96165 3672 9257 228783 2840 43783 4130 2536 220605 415650 6099 48282 2797 212435 258288 1303 370639 5962 11386 2523 1893 7691 4770 1058 2040 2063 23719 857 2337 1135 10792 1672 12160 461902 52899 722 2412 28305 97870 25963 7643 24088 2806 33304 1469 1355 166714 1526 1375 6423 6995 17347 35361
internal_value=-4.92568e-06 0.000371535 -0.000407859 0.0039731 0.000324818 -0.00139631 -0.000233975 0.0108083 0.0180001 0.000222041 -0.000568552 0.000413526 0.00235362 -0.000745051 -0.00607594 0.00143488 0.0042532 0.00985772 0.000365516 2.98124e-05 0.00353851 -0.00164941 -0.0047682 -0.000624617 0.000597327 0.00494583 -1.19482e-05 0.00153976 -0.00128139 0.0103851 -0.00338135 -0.00541668 -0.000943655 -0.0111669 0.000871474 0.00123535 0.00218606 0.00383462 0.0120709 0.00281967 0.00562918 0.000125888 0.000822917 -7.26164e-05 -0.0010034 0.000213845 -0.00434798 0.00122001 0.00110061 -0.000355784 -0.00124473 -0.000843572 -0.00443548 -0.00166292 -0.00369844 -0.00736516 0.000769712 0.00496465 0.000676792 0.0025924 0.000930667 0.00407653 -0.000830667
internal_weight=9.11655e+06 4.7131e+06 4.40345e+06 60347.2 4.65275e+06 658745 3.7447e+06 11554 5184.07 4.25848e+06 654109 342722 48793.1 1.27481e+06 23219.6 394273 41797.7 13630.7 3.60437e+06 2.46989e+06 29046 311387 32864.2 1.21912e+06 2.35719e+06 6369.98 2.44085e+06 28167 278523 11627.7 55687 30344.8 25342.2 10931.4 1.52808e+06 858198 282134 104238 11430.1 92808.2 45415.1 47393.1 43782.6 1.24718e+06 230934 32112.7 8278.72 177896 352475 1.26882e+06 235261 208992 26269.5 142832 17317.3 8510.2 576064 12477.8 563586 90375.8 42640.7 47735.1 232060
internal_count=3329535 1721712 1607823 23111 1698601 257142 1350681 4432 2050 1542396 236338 130602 18679 460765 7890 156205 14552 4460 1306058 889916 9823 105736 10707 441218 733588 2382 880093 10092 95029 3724 19547 10642 8905 2951 475300 254695 83017 30993 3194 27799 12832 14967 13832 572470 110568 12391 3134 52024 141653 464443 93804 83355 10449 57392 5664 2824 171678 3589 168089 34437 13418 21019 83643
cat_boundaries=0 2 4 6 8 10 12 14 16 18 20 22 24 26 28 30 32 34 35 37 39 41 42
cat_threshold=3123306549 4 3909559270 65 2622423704 6 2483073795 26 682692290 115 3857716040 19 1867023396 17 2808927320 53 3397566892 51 2334536098 63 217505921 3 1611148260 10 1682770347 121 655488 4 268544131 72 3761242688 18 33558562 9 436634800 861030510 64 1958756352 64 72387584 4 67111952
is_linear=0
shrinkage=0.03


Tree=38
num_leaves=64
num_cat=14
split_feature=7 0 22 24 22 17 34 34 26 18 19 42 14 17 17 54 16 17 36 38 22 0 17 0 55 7 0 11 54 17 11 12 5 54 52 17 55 17 12 16 14 0 4 17 12 17 8 28 54 0 17 26 52 50 22 0 23 18 17 5 17 36 17
split_gain=1502.94 772.374 859.894 667.169 659.546 649.984 744.782 595.572 517.534 514.217 510.514 590.019 490.31 469.717 456.26 435.008 416.992 416.936 388.407 400.441 385.034 405.781 553.266 383.306 410.097 365.801 347.181 323.593 629.566 524.075 1404.87 374.207 316.914 315.056 429.686 405.196 322.671 564.275 311.594 309.463 306.502 319.916 534.877 501.728 317.85 315.727 345.348 300.199 329.336 294.34 357.203 287.162 282.091 280.353 332.877 279.413 322.649 275.908 273.333 272.943 264.311 263.516 263.055
threshold=-0.02698943484574556 803.50000000000011 -0.67616242170333851 -1.6134475469589231 -1.0834116935729978 0 -1.5156522989273069 1.5988386273384096 0.85528782010078441 -0.42175430059432978 1.0000000180025095e-35 0.25105908513069158 0.72120228409767162 1 2 1.8726394176483157 0.43152049183845526 3 -1.7492431998252866 -1.3004564046859739 0.63938462734222423 172.50000000000003 4 845.50000000000011 0.40251433849334722 -0.8938561975955962 942.50000000000011 -0.042745362967252724 -2.307860136032104 5 -0.53948548436164845 -1.1903988718986509 2.0535342693328862 0.062119247391819961 1.9536082744598391 6 0.75619202852249157 7 -0.97862306237220753 0.43152049183845526 1.0573982596397402 112.50000000000001 1.6692219376564028 8 -0.7038399577140807 9 1.5127465128898623 -1.4467057585716245 -1.4622406959533689 789.50000000000011 10 0.12164227291941644 1.9536082744598391 -0.73341310024261464 0.27800011634826666 172.50000000000003 0.14818248897790912 2.4603563547134404 11 -2.2509361505508418 12 -0.68836817145347584 13
decision_type=2 2 2 2 2 1 2 2 2 2 2 2 2 1 1 2 2 1 2 2 2 2 1 2 2 2 2 2 2 1 2 2 2 2 2 1 2 1 2 2 2 2 2 1 2 1 2 2 2 2 1 2 2 2 2 2 2 2 1 2 1 2 1
left_child=3 7 5 4 17 52 -7 9 20 15 25 12 27 26 -10 -2 32 59 -14 -20 21 22 -9 47 -25 57 -4 28 -12 30 -30 -29 -8 36 -35 61 -13 -38 -18 -31 41 42 43 -11 -45 46 -42 51 -49 -27 -51 -21 -3 54 -46 56 -50 -5 -6 -1 -44 -36 -40
right_child=1 2 13 10 58 6 16 8 14 40 11 33 18 -15 -16 -17 38 -19 19 23 -22 -23 -24 24 -26 49 -28 31 29 39 -32 -33 -34 34 35 -37 37 -39 62 -41 45 -43 60 44 53 -47 -48 48 55 50 -52 -53 -54 -55 -56 -57 -58 -59 -60 -61 -62 -63 -64
leaf_value=0.020482628217644856 0.00033963340570955644 -0.0012264025062955267 -0.00030717294257844708 0.0010648199824658724 -0.0022598329869768356 0.0033823033227983255 -0.0035838822845077572 -0.0032496904815742067 -0.017722706129955652 0.0039619493843037574 -0.0058419803871728754 0.0029207639995282196 -0.009151727045003161 -0.0014400690291541379 -0.0048808101067998278 0.0064705148989994419 -0.016689044298577156 0.0040870177386040816 0.0038452625136916239 -0.0013680254529296288 -0.0062943214526618666 -0.0018895850765513163 0.013118908492147771 -0.0028130153412311517 -0.011843997847999558 0.00052068692546556933 0.0025818395597339634 -0.0083882558080139689 -0.024272670886653067 -7.1567394120801358e-05 -0.0016944270252669405 0.00038005877125934877 -0.012673675463424419 -0.00032975081506269699 0.012969563973813327 0.0012867337645791762 0.0045690983150511177 -0.0087676464602893123 -0.0045284865507675609 -0.0030222375375695658 0.010960724946835558 -0.00057379446060399665 -0.00053436947715239803 -0.0010017158824067096 0.0011205837994413687 0.00026664629912231345 0.0021031970972554847 -0.0070724236716027686 -0.0078186979281622878 -0.0013445015128281258 0.00058886949121406845 0.0059729856822259937 0.0076393119333893261 0.0011740414700708952 0.014472300968355906 -0.00058439766022009632 0.00011763510397427543 0.0064315049240383868 0.0029355283473427637 0.008920725048438145 -0.012078189037245094 0.0032741620273640873 -0.010915640605281385
leaf_weight=3193.36376953125 1074033.724609375 41896.806640625 252379.31750488281 778626.80383300781 11991.991924285889 8590.8990478515625 45300.75133562088 3284.2501811981201 3596.1896896362305 42231.047612130642 21045.10400390625 96979.751708984375 6563.4486083984375 417945.52917480469 8128.8195877075195 10512.8583984375 3954.2899017333984 8447.2701606750488 10864.777700424194 10673.734904289246 12447.346950054169 26133.116614341736 4258.3062739372253 12875.901458740234 6976.6603393554688 1845877.0968017578 43952.17578125 4411.3369140625 3008.4602508544922 382032.87452697754 14022.838012695312 539674.84063720703 3733.0581665039062 157964.16904067993 5353.6797485351562 25091.561126708984 5446.5978088378906 5971.4397888183594 12230.76985168457 34908.138061523438 4879.9876708984375 2228818.3986022472 3132.0922908782959 75464.474304199219 3310.5307693481445 214211.00207519531 20979.511962890625 10901.459739685059 11713.558190345764 182562.75512695312 162590.66296386719 8701.4040985107422 3494.814453125 32623.144439697266 3410.1438674926758 64626.703779220581 7600.3453216552734 8713.4892578125 37854.464740753174 4353.9094047546387 4160.9219913482666 4776.2187461853027 11143.642829418182
leaf_count=955 390899 19384 103480 283795 5510 2432 14161 907 1471 17646 11427 38844 1804 140518 2582 3859 953 3153 2847 3027 4581 8966 1491 3733 1958 643923 18115 828 1706 205350 5762 170741 1100 61048 2800 9089 2363 2528 3525 11855 1240 839313 1267 26208 1391 53825 5335 3016 3189 61051 59111 2429 1666 13565 1403 17768 2101 3114 14503 1427 1390 1562 2926
internal_value=-1.13763e-06 -0.000381129 -0.00120122 0.00038932 0.0033869 -0.00344196 -0.00499017 -0.000197669 -0.00321812 -0.000150667 0.00034477 -0.000116414 -0.000426003 -0.000792302 -0.00884471 0.000399092 -0.0059329 0.00868656 -0.00201634 -0.0016929 -0.00178698 -0.000120266 0.00600719 -0.00214183 -0.0059889 0.000569633 0.00012136 -0.000184846 -0.000775226 -0.000529454 -0.00568533 0.000308891 -0.00427713 0.00106472 0.000338366 0.00333442 0.00235914 -0.00241025 -0.00890239 -0.000318636 -0.000377097 -0.00047961 0.000797783 0.00116671 0.000138022 0.000644798 0.00377505 -0.00147292 -0.00216807 0.000370329 -0.000433779 0.00192952 -0.000542923 0.00232401 0.00790111 -0.00153075 -0.0046964 0.00112425 0.00168567 0.0138048 -0.00714157 0.0083938 -0.00758182
internal_weight=9.11663e+06 4.62024e+06 844622 4.4964e+06 65841 130345 84953.4 3.77562e+06 57848 3.71777e+06 4.43056e+06 1.45219e+06 1.1506e+06 714277 11725 1.08455e+06 76362.5 15994.5 151498 144935 46123 33675.7 7542.56 134070 19852.6 2.97837e+06 296331 999104 455017 433972 17031.3 544086 49033.8 301583 193186 35221.5 108398 11418 27328.7 416941 2.63322e+06 2.39315e+06 164332 157039 114808 240071 25859.5 114217 94842.1 2.19103e+06 345153 19375.1 45391.6 39343.8 6720.67 83940.6 19313.9 787340 49846.5 7547.27 7293.01 10129.9 23374.4
internal_count=3329916 1685599 308260 1644317 25548 46147 25097 1377339 19998 1357341 1618769 567775 449541 262113 4053 394758 22665 5535 41872 40068 15945 11364 2398 37221 5691 1050994 121595 407669 236100 224673 7468 171569 15261 118234 74499 13451 43735 4891 7404 217205 962583 902183 62870 60213 42567 60400 6575 31530 26074 764085 120162 5456 21050 16359 2794 23058 5290 286909 20013 2382 2657 4362 6451
cat_boundaries=0 1 2 3 4 5 6 7 8 9 10 11 12 13 14
cat_threshold=34302253 1532139 2868264 45140538 10127194 4096 36325595 3516571 17139225 16957440 25745049 2589933 43074278 14712848
is_linear=0
shrinkage=0.03


Tree=39
num_leaves=64
num_cat=17
split_feature=5 10 0 53 20 1 23 1 32 20 1 1 14 0 19 1 54 0 1 54 1 28 1 0 26 28 0 1 17 4 42 20 19 20 0 1 26 19 1 54 16 1 0 46 10 58 12 0 16 1 24 54 10 28 0 1 1 34 4 22 18 17 19
split_gain=1341.52 943.869 820.414 777.999 763.644 667.221 536.96 499.985 489.318 829.637 464.979 460.858 454.683 554.509 448.264 486.587 522.077 454.357 417.483 536.876 580.625 443.684 415.368 383.457 362.335 351.028 343.237 429.06 383.294 342.358 341.838 565.108 626.065 383.544 550.396 553.748 351.169 341.145 383.745 506.358 711.798 338.275 319.341 324.827 319.179 377.361 318.483 371.511 638.754 561.016 307.791 310.82 306.896 304.651 304.24 397.324 292.316 290.749 288.494 286.262 281.94 277.167 427.342
threshold=-0.33140484988689417 1.5670744776725771 644.50000000000011 0.70401626825332653 -1.0979107618331907 0 0.37514926493167883 1 -2.1122099161148067 -1.0979107618331907 2 3 0.79738819599151622 873.50000000000011 -0.072470352053642259 4 -2.307860136032104 127.50000000000001 5 -2.307860136032104 6 -1.1222501993179319 7 775.50000000000011 0.22679255902767184 0.92982441186904918 262.50000000000006 8 9 1.0205355882644656 0.98404008150100719 0.76887777447700512 -0.41222314536571497 -0.83948951959609974 202.50000000000003 10 0.33685794472694403 0.05331165902316571 11 -1.1136040091514585 0.63852643966674816 12 942.50000000000011 0.39066642522811895 -0.62821972370147694 1.7551484107971194 -0.43091976642608637 157.50000000000003 0.49736455082893377 13 1.6159871816635134 -0.47496367990970606 -0.15499237179756162 -1.5068030357360838 789.50000000000011 14 15 -0.54607501626014698 -2.066596150398254 2.1572387218475346 -2.0651226043701167 16 0.25580276548862463
decision_type=2 2 2 2 2 1 2 1 2 2 1 1 2 2 2 1 2 2 1 2 1 2 1 2 2 2 2 1 1 2 2 2 2 2 2 1 2 2 1 2 2 1 2 2 2 2 2 2 2 1 2 2 2 2 2 1 1 2 2 2 2 1 2
left_child=1 8 18 11 12 6 -5 -6 9 10 -1 -3 56 -14 17 52 26 41 19 20 -2 -22 -11 -12 -23 -24 27 -17 -28 -27 33 32 -32 34 35 36 -20 -35 39 40 -39 -10 -9 -44 45 -40 47 48 -41 -50 -21 -52 59 -46 -19 -56 -4 -18 -49 -16 -25 62 -36
right_child=2 3 4 5 7 -7 -8 42 14 22 23 -13 13 -15 15 16 57 54 30 50 21 24 25 60 -26 29 28 -29 -30 -31 31 -33 -34 37 61 -37 -38 38 44 46 -42 -43 43 -45 53 -47 -48 58 49 -51 51 -53 -54 -55 55 -57 -58 -59 -60 -61 -62 -63 -64
leaf_value=0.013913019331981106 -0.014476697094150524 0.0059173537344364112 -0.0038548436282974932 0.009491653640969799 -0.0011668734209875718 0.0034810487664921597 0.025742001669597829 -0.00030994106816347014 0.005552705607353341 0.0035614147207435952 0.0086405527484599461 0.0008629452768226136 -0.0036408556840546434 -0.015570066535732757 0.0014493439493384588 -0.00168552275296126 -0.0014178385467983085 0.0006518092376789909 0.0073609459110397738 -0.00029605164357866733 -0.013177475932888894 -0.0044307594552769961 -0.001489880933757714 0.0065098587413248074 0.0051139229214567823 0.0090991368602794265 0.00060519692567883774 -0.017267197123861596 -0.0079306371806961568 0.00022598232054846937 -0.012917925836043984 -0.016191283271252684 0.0007475923781274786 0.00044041942867095751 0.0018456738025022261 0.00098578281374892538 0.018890321135486589 -0.0027946307985591127 0.0011595622459128301 -0.0015987849873157151 -0.014194908491855777 0.0014790084467115124 0.0072083237873560484 0.0010303766583804118 0.002869171192167719 0.0088232896641382251 0.003089920345288892 0.0070845471361959114 -0.002184698898875299 -0.016842369378909292 -0.011814132822761456 -0.0021527145526601234 -0.00020033901207920583 -0.00070881951234174668 0.0014146858980326536 -0.00073418003542604347 -0.00083993769323049614 -5.8852101791900977e-05 -0.00061492140534532365 -0.0027016206414960174 -0.0036012451315909255 9.4799969656901483e-05 0.012246125353041015
leaf_weight=6343.3275146484375 4624.0654907226562 21736.760498046875 59034.433387756348 4847.5331878662109 850216.70928955078 8557.1779632568359 2945.0242004394531 830019.90545654297 25564.864624023438 36668.333374023438 10594.586484909058 64077.090087890625 9885.6417846679688 5433.7243041992188 251087.07421875 2727.1786651611328 226941.30899047852 1581628.9200210571 7569.289436340332 1570152.840066433 2935.8899488449097 8492.8087549209595 56263.845702171326 4176.18505859375 6179.8412742614746 6125.2272081375122 11513.292892456055 3840.9582061767578 8027.5233612060547 10823.387172698975 3661.3186194896698 2726.0418319702148 17040.246970415115 1364581.6946716309 17668.934631347656 9107.1458129882812 3470.1659469604492 32723.835357666016 94157.83251953125 33201.50048828125 5799.1685485839844 64985.792015075684 8858.6176452636719 56407.533233642578 23640.138336181641 6156.15625 17687.342742919922 4528.4176940917969 4214.1630859375 5338.3858489990234 3870.3441925048828 13235.432418823242 296195.21813964844 227322.78442382812 100464.173828125 337734.56115722656 56813.427085876465 377149.55136108398 129285.60029602051 15894.55615234375 6102.5479145050049 71384.314712524414 4447.1799774169922
leaf_count=2332 1688 9064 19729 1881 275221 3377 1119 338883 9212 12833 3416 23019 2623 1444 100681 1210 82454 557314 2335 584100 1265 3799 20693 1332 2686 1941 3937 1391 3241 4067 1222 1013 6415 476686 6328 3346 1114 14427 34751 15204 1713 21565 4775 21796 9667 1834 8743 1793 958 1455 1446 4961 118970 85400 34237 120205 22988 140423 53562 7229 2075 23076 1639
internal_value=-1.07225e-05 0.000445691 -0.000300944 0.0032873 -0.000811757 0.00928405 0.0156256 -0.00064586 0.000361315 0.00211748 0.00680613 0.00214429 -0.00301932 -0.0078758 0.000288435 -0.000176268 -0.000748917 0.000551215 -4.1519e-05 -0.000404515 -0.00503358 -0.00254072 0.000955879 0.00463467 -0.000410348 -0.000349692 -0.00490194 -0.0108325 -0.00290627 0.00343448 0.000238597 -0.00336443 -0.00167185 0.000279537 0.00197361 0.00647062 0.0109821 0.000180732 -0.000425999 -0.0013706 -0.00451242 0.00263014 -0.000151056 0.0018694 0.000199996 0.00163029 -0.00074751 -0.00113199 -0.00356634 -0.0104005 -0.000339663 -0.00434152 0.000464538 -0.00037173 0.000458009 -0.000241492 -0.0023768 -0.000569396 -0.000354108 0.00120217 0.000508001 0.00100434 0.00393755
internal_weight=9.11489e+06 3.54302e+06 5.57187e+06 102164 1.87667e+06 16349.7 7792.56 1.7455e+06 3.44085e+06 137097 27216.6 85813.9 131167 15319.4 3.30375e+06 1.19338e+06 630200 2.11038e+06 3.6952e+06 1.60949e+06 22232.6 17608.5 109881 20873.3 14672.7 73212.5 26109 6568.14 19540.8 16948.6 2.08571e+06 23427.6 20701.6 2.06228e+06 113647 20146.6 11039.5 1.94864e+06 584055 232778 38523 90550.7 895286 65266.2 351277 100314 194255 176568 42754 9552.55 1.58726e+06 17105.8 563177 250963 2.01983e+06 438199 115848 604091 133814 266982 10278.7 93500.4 22116.1
internal_count=3329303 1289218 2040085 38460 687459 6377 3000 640675 1250758 48689 9155 32083 46784 4067 1202069 459536 232656 742533 1352626 599945 9438 7750 39534 6823 6485 26701 9779 2601 7178 6008 752681 8650 7637 744031 37838 6795 3449 706193 229507 97855 16140 30777 365454 26571 131652 36585 81715 72972 17617 2413 590507 6407 226880 95067 711756 154442 42717 222877 55355 107910 3407 31043 7967
cat_boundaries=0 2 4 5 7 9 11 12 14 16 17 19 21 23 24 26 28 29
cat_threshold=3159155252 76 3364956839 74 2417012840 2315698328 34 98692501 44 1424541389 64 4195521 9799883 20 2449609290 64 59297858 705956144 4 588579072 20 3524298772 100 256 171704328 4 3224006596 14 690433
is_linear=0
shrinkage=0.03


Tree=40
num_leaves=64
num_cat=16
split_feature=3 10 7 1 19 1 3 3 0 32 19 36 1 0 3 2 1 1 19 0 22 46 1 11 9 1 1 11 50 36 12 0 42 1 1 5 7 5 10 36 4 16 1 52 11 22 0 1 16 10 1 44 7 22 0 19 10 42 22 1 1 46 1
split_gain=1419.78 922.929 746.242 677.103 575.332 758.559 551.411 546.792 560.258 439.017 388.812 459.74 378.795 368.308 361.173 351.487 415.459 350.955 336.796 416.52 415.157 389.081 381.342 762.65 1671.82 341.1 335.236 479.954 330.386 326.515 323.342 313.065 311.332 342.079 307.766 296.74 295.248 271.677 289.969 265.695 262.1 260.244 296.844 256.238 250.502 244.015 349.631 324.24 240.823 239.387 310.245 234.561 230.353 252.72 262.329 227.945 222.17 238.036 218.073 486.983 360.767 209.56 208.463
threshold=-0.20057634264230725 2.0446702241897587 0.22794684022665027 0 1.0966395139694216 1 -1.3334827423095701 1.8029391169548037 644.50000000000011 1.8985549807548525 2.3243991136550908 -0.753553807735443 2 942.50000000000011 -1.5114245414733884 -1.901797831058502 3 4 -0.094954181462526308 292.50000000000006 -0.75158038735389698 2.8417602777481084 5 -0.12783293426036832 -0.41107659041881556 6 7 0.63976013660430919 -0.2393136993050575 0.88028061389923107 -0.78217837214469899 262.50000000000006 0.091338973492383971 8 9 -0.43100050091743464 0.10991217568516733 -2.2509361505508418 0.46870224177837377 -0.55541878938674916 2.2173740267753606 0.37747050821781164 10 -0.26953822374343867 0.21374410390853885 -0.67616242170333851 873.50000000000011 11 1.05499804019928 2.0446702241897587 12 0.39055208861827856 -0.63473242521286 -0.93718397617340077 427.50000000000006 -0.60042807459831227 -0.18020389229059217 -0.033855600282549851 -0.30877289175987238 13 14 6.824134588241578 15
decision_type=2 2 2 1 2 1 2 2 2 2 2 2 1 2 2 2 1 1 2 2 2 2 1 2 2 1 1 2 2 2 2 2 2 1 1 2 2 2 2 2 2 2 1 2 2 2 2 1 2 2 1 2 2 2 2 2 2 2 2 1 1 2 1
left_child=1 4 18 14 6 10 17 8 49 61 29 31 -11 15 -3 16 -5 52 19 20 25 32 23 24 30 39 27 -22 36 43 -23 -12 41 -34 -10 -13 -8 38 55 -2 -24 -20 -43 -6 -25 46 -36 -48 58 51 -51 -4 53 54 -1 -19 57 -30 59 -7 -60 -9 -21
right_child=2 3 7 13 5 48 28 9 34 12 11 35 -14 -15 -16 -17 -18 37 21 62 26 22 40 44 -26 -27 -28 -29 56 -31 -32 -33 33 -35 45 -37 -38 -39 -40 -41 -42 42 -44 -45 -46 -47 47 -49 -50 50 -52 -53 -54 -55 -56 -57 -58 -59 60 -61 -62 -63 -64
leaf_value=0.016108099917555768 0.014344176791125294 0.021832340317389724 -0.0013729258889672333 0.01864036456495205 -0.0040689526812390277 0.010001993457378974 0.00050986859918051121 -0.00193535673413382 -0.00071941417143215518 -0.017444822263853365 -0.02282181634511652 0.0021479277387990992 -0.0049575180360272829 -0.0067256769659792322 0.0083243240659803246 0.0023603443083034972 0.0024103186494038049 0.0093406418975055961 -0.00020162276901886951 0.00033781589123623704 0.0020201566277311851 -0.001674423263880679 -0.00074961841480782933 0.0051756644057584797 -0.026103216870733647 0.0019731443056826116 0.00035297297045926802 0.011756934888594478 0.0012658495930534038 -0.0092376070931388769 -0.013375230072564432 -0.0080464391739992515 0.0019349363925539884 -3.3647768613051987e-05 -0.0021758883864434631 -0.0084844649933807949 -0.00012996315028058965 0.00015706034310023387 0.013245468906845812 0.0047901492670388577 -0.0088715342579050536 -0.0071937508618298666 -0.0013329960566742054 0.00045878067180744908 -0.0020979718418138752 -0.0015994527218011452 -0.013674387905925111 -0.0046329771759422511 -0.0044104128677522692 0.0067123126444170777 -0.00048450571316989758 -0.00018254082589769561 0.0018827136890536165 0.0031910525997219611 0.0052901724361938468 -0.00093523198631760519 0.00070143425819962977 0.0042499512708880655 0.0025743539516734789 8.7175436155456943e-05 -0.0014896884171224692 -0.010441726562716466 -0.00031631898680675377
leaf_weight=2944.7146606445312 4587.2908494472504 2296.2998657226562 172290.37749481201 2802.8903961181641 21450.655769348145 6755.8449096679688 1677904.9110107422 39641.974716186523 390584.84527587891 3510.3218955993652 2530.8923726081848 3928.710205078125 5845.8861122131348 3395.1547546386719 7951.05908203125 31944.713806152344 2887.5891265869141 2813.5694694519043 479594.80616605282 888646.533203125 62955.293067932129 11413.558866500854 266736.93090820312 4972.223237991333 3876.8454437255859 16149.449172973633 255775.01887512207 4907.1973342895508 58581.950927734375 5829.369987487793 2607.5450267791748 2645.5219984054565 114473.69323730469 259546.15710449219 39705.161743164062 5914.2846035957336 1058575.2245178223 138419.17822265625 2834.8486022949219 6117.3356611728668 3619.6107177734375 8274.9732055664062 126459.93475341797 23645.992309570312 29629.205720901489 324455.224609375 5051.0218505859375 12259.046875 9242.5439758300781 9989.947265625 11692.9853515625 1100869.9989089966 150213.87646484375 37530.725280761719 6410.654296875 6250.5438423156738 167605.8366394043 40825.295166015625 30776.493865966797 13066.159637451172 54356.923919677734 2785.4344635009766 865496.9013671875
leaf_count=988 1710 939 86081 998 8552 3278 592775 16025 146385 1324 1036 1433 1800 1028 3566 12381 1100 916 209882 280835 27011 4611 85451 1623 1907 5781 82631 1103 22454 1328 1132 1152 50623 99534 13168 2313 389840 62344 965 1846 847 3131 37883 9044 9160 111536 1425 4541 2171 3226 4993 370548 55738 14077 2211 2335 65141 15712 14022 6260 27752 1125 336303
internal_value=-4.56279e-06 0.000460773 -0.000305761 0.00445644 0.000402742 -0.00124882 0.000491531 -0.00074808 -0.000671791 -0.00379277 -0.00381017 -0.0080518 -0.00967333 0.00273031 0.0113494 0.00358486 0.0104509 0.00162305 -3.14107e-05 0.000203716 0.00114787 -0.000408816 -0.00131299 -0.00365239 -0.00867966 0.00473189 0.000850411 0.00272464 0.000360644 -0.00255929 -0.00385445 -0.0152856 -0.000113451 0.000568932 -0.00131143 -0.00424174 0.000262357 0.00053104 0.00488006 0.00888086 -0.000858487 -0.000528905 -0.00169383 -0.00169509 -0.00105215 -0.00191751 -0.00372754 -0.00728499 0.00023069 -0.000290397 0.00283493 -0.000343634 0.00245568 0.00429149 0.00870203 0.00225787 0.00136791 0.00249153 0.000639606 0.00347316 -2.03084e-05 -0.00249498 1.50649e-05
internal_weight=9.11686e+06 3.58233e+06 5.53452e+06 51277.7 3.53105e+06 180143 3.35091e+06 2.11868e+06 2.0669e+06 51783.6 65945.4 15019.4 9356.21 41030.3 10247.4 37635.2 5690.48 347418 3.41584e+06 2.10464e+06 350492 1.31121e+06 322856 52499.4 17897.9 26854.1 323638 67862.5 3.00349e+06 50926 14021.1 5176.41 988350 374020 772055 9842.99 2.73648e+06 150318 11899 10704.6 270357 614330 134735 45096.6 34601.4 381470 57015.2 17310.1 114198 1.29484e+06 21682.9 1.27316e+06 197100 46886.1 9355.37 9064.11 267013 99407.2 104955 19822 85133.4 42427.4 1.75414e+06
internal_count=3329030 1323849 2005181 20012 1303837 78341 1225496 762177 741903 20274 24858 5934 3124 15507 4505 14479 2098 139574 1243004 737220 120082 505784 104731 18433 7650 9337 110745 28114 1085922 18924 5743 2188 401053 150157 277055 3746 982615 66560 4216 3556 86298 250896 41014 17596 10783 130670 19134 5966 53483 464848 8219 456629 73014 17276 3199 3251 103307 38166 51312 9538 41774 17150 617138
cat_boundaries=0 1 3 5 7 9 11 13 15 17 19 21 23 25 27 29 31
cat_threshold=2386952216 576210593 65 2531337352 53 1888018596 17 1280177537 35 1614811648 64 4061940490 24 2199159044 36 3926999228 10 872301723 36 68157442 1 8992 2 1762636477 1 2173044748 16 268611920 36 379557930 5
is_linear=0
shrinkage=0.03


Tree=41
num_leaves=64
num_cat=20
split_feature=7 0 17 20 10 18 54 54 43 10 1 20 0 1 30 28 1 28 0 42 1 1 1 18 0 19 54 1 27 18 1 1 1 15 38 16 44 0 13 54 9 17 9 1 1 6 24 12 1 9 0 1 20 20 54 1 12 12 1 10 19 1 1
split_gain=1237.27 969.43 875.825 695.776 660.806 637.044 544.355 471.407 427.6 762.319 620.792 609.182 525.066 712.657 476.773 720.096 1090.88 603.592 898.641 600.188 458.928 426.816 426.811 413.455 406.391 380.681 442.195 510.648 442.028 520.47 638.382 379.367 373.001 754.097 4904.07 340.296 399.892 539.084 942.44 537.423 404.975 492.727 327.896 324.133 321.303 440.141 316.836 310.987 391.557 2794.14 328.181 442.38 467.52 443.095 520.283 560.919 386.243 395.775 707.482 329.034 307.211 373.105 331.99
threshold=-0.75082522630691517 775.50000000000011 0 -0.75101098418235768 2.0446702241897587 -0.37130455672740931 0.10369330644607545 1.8726394176483157 1.272141754627228 1.5670744776725771 1 0.92335990071296703 187.50000000000003 2 -0.16493003815412519 -0.17717035114765164 3 0.057230070233345039 157.50000000000003 0.22986762225627902 4 5 6 -2.0651226043701167 929.50000000000011 -0.025541910901665684 -1.7562709450721739 7 1.3974477052688601 -0.64184212684631337 8 9 10 1.2796644568443301 0.26586407423019415 -0.039372077211737626 1.9330871701240542 157.50000000000003 0.40079388022422796 -1.4622406959533689 -0.73448827862739552 11 -0.60418492555618275 12 13 -0.46366593241691584 -0.71968489885330189 -0.79874885082244862 14 -0.35388235747814173 247.50000000000003 15 1.7234488725662234 -0.67759478092193592 -2.307860136032104 16 -0.59963130950927723 -0.66427141427993763 17 -0.91917148232460011 1.0966395139694216 18 19
decision_type=2 2 1 2 2 2 2 2 2 2 1 2 2 1 2 2 1 2 2 2 1 1 1 2 2 2 2 1 2 2 1 1 1 2 2 2 2 2 2 2 2 1 2 1 1 2 2 2 1 2 2 1 2 2 2 1 2 2 1 2 2 1 1
left_child=4 5 3 23 25 7 32 60 9 -8 -11 14 13 -13 15 20 19 18 -16 -17 -10 -6 -19 -3 -4 28 27 -27 -1 30 -30 -9 33 35 -35 -7 37 38 39 -37 41 -41 -29 -31 45 -25 -18 48 49 -34 51 52 56 59 55 -55 57 -49 -59 -53 62 -62 -2
right_child=1 2 24 -5 21 6 8 31 11 10 -12 12 -14 -15 17 16 46 22 -20 -21 -22 -23 -24 44 -26 26 -28 42 29 43 -32 -33 47 34 -36 36 -38 -39 -40 40 -42 -43 -44 -45 -46 -47 -48 50 -50 -51 -52 53 -54 54 -56 -57 -58 58 -60 -61 61 -63 -64
leaf_value=0.00096830377224677543 0.001001897473728942 0.0036789703371096346 -0.00041299104372481389 -0.0011850915878318022 0.0019088913184140965 -0.001365473422397617 -0.00049926032005887227 0.011598374076131691 0.0011402296514343708 0.0066747390925391776 -6.5797790139230483e-06 -0.024869351570134788 -0.0031359875164150494 -0.0061270132981400957 0.01725833488946403 -0.0055470894605679777 0.005544137890988861 -0.0023579605782207288 0.0013748764463978871 -0.023731683687493562 -0.0031663960380838149 0.0090931281822682463 0.00099203890756698488 -0.01432396751241001 0.0014001846893856615 -0.0068555578797566798 0.00033629542554384367 -0.00328857372667297 0.022692411454656374 0.0070364744831703865 0.0049848768113704978 0.001934273058459151 -0.00056990612713188088 -0.00071309781335262418 0.038252188843814768 0.014208789562797218 0.00013114297334926778 0.0011119867187730126 0.021657991162651418 0.018701742951016894 0.00029239219413077785 0.0020787182199197333 0.0027350676149960154 -0.0043526234448385288 -0.0032730143550069716 -0.0051043070327350584 -0.005387464717777503 0.0024750678779254629 -0.00045391769212080302 -0.030381258763015891 -0.00011718995254295034 0.015712454291027529 0.015238224053037692 0.0019865642085335131 0.00029501276940546386 -0.017071170066610925 -0.00070627757593501555 0.022116164975814524 0.0049310047167124829 0.0031574843099207483 -0.0042769487713105641 0.00029570338897036045 0.00015745957243562604
leaf_weight=948004.55429077148 748257.2677230835 5995.169189453125 560306.087890625 714620.1630859375 16402.534408569336 76900.271728515625 1421664.34765625 6010.5321731567383 35355.671703338623 24520.869812011719 25558.325500488281 2652.887092590332 20317.28239440918 5874.3623733520508 4182.8781590461731 2541.6590957641602 3261.653694152832 71899.336484909058 13675.145578384399 4585.8536491394043 60133.635974884033 13642.799575805664 65306.801887512207 6075.638514995575 138808.5546875 16883.033142089844 554023.24429321289 17127.51725769043 2879.6960372924805 4172.7403411865234 5055.9843673706055 9337.3662643432617 23588.950973510742 15597.389953613281 3567.8400268554688 3827.5386123657227 379671.67531299591 218714.11059570312 2840.2121624946594 2656.8833618164062 22121.291104316711 4046.5859694480896 15478.689834594727 4843.6127014160156 61226.890274047852 20001.275654315948 8851.9100375175476 40195.71398806572 737249.87666320801 3210.3447265625 695914.25 2629.4786376953125 2709.8361587524414 2428.2924652099609 175073.45615190268 3238.6916656494141 22745.026179552078 2699.2384033203125 10611.997282028198 6561.0455017089844 26870.052612304688 39887.203491210938 952305.05234527588
leaf_count=343167 252578 1740 235819 225162 6359 32272 516095 2202 14456 9660 10416 1264 8904 2270 1530 1070 1048 25747 5313 1967 24026 5642 25475 1843 58533 7715 216929 6430 830 1730 1923 3415 8825 4710 990 1580 100035 82384 806 615 8511 2118 5876 1679 18410 6082 3017 14919 250291 1152 282206 1099 1066 1210 71330 1491 10799 831 4381 2637 10531 18196 358671
internal_value=1.10558e-05 -0.000150083 -0.000830452 -0.0015032 0.000768997 2.04707e-05 -0.000180027 0.000496128 -0.000581135 -0.00037111 0.00326654 -0.00161615 -0.00575965 -0.0120054 -0.00117305 -0.00263915 -0.00793308 -8.82515e-05 0.00509904 -0.0172314 -0.00157207 0.0051757 -0.000763563 -0.00393968 -5.29785e-05 0.000684567 9.35832e-05 -0.0026233 0.00105418 0.0058551 0.0114557 0.00573028 0.000108779 0.000677427 0.00654885 0.000519077 0.000747714 0.00166858 0.00509778 0.00365422 0.0022505 0.00870717 -0.000428942 0.000922169 -0.00446304 -0.00725194 -0.00244097 -0.000131315 -0.000583454 -0.00414453 0.000226741 0.00111685 0.00300381 0.000332127 5.31031e-06 -0.00893701 0.00256845 0.00396042 0.0084431 0.00675615 0.000450657 -0.00154559 0.000529026
internal_weight=9.1174e+06 7.51888e+06 1.50703e+06 807919 1.59851e+06 6.01185e+06 4.22918e+06 1.78267e+06 1.77038e+06 1.47174e+06 50079.2 298639 28844.5 8527.25 269795 114730 19241.1 155064 17858 7127.51 95489.3 30045.3 137206 93299 699115 1.56847e+06 603512 49489.2 964957 16952 7935.68 15347.9 2.4588e+06 729944 19165.2 710779 633878 254207 35492.5 32652.3 28824.8 6703.47 32606.2 9016.35 87303.8 26076.9 12113.6 1.72886e+06 764049 26799.3 964807 268893 78961.8 189931 180740 5666.98 76252 53506.9 13311.2 9190.52 1.76732e+06 66757.3 1.70056e+06
internal_count=3329978 2731698 547589 253237 598280 2184109 1538516 645593 652258 536171 20076 116087 12438 3534 103649 45584 7102 58065 6843 3037 38482 12001 51222 28075 294352 586279 236950 20021 349329 6162 2753 5617 886258 234021 5700 228321 196049 96014 13630 12824 11244 2733 12306 3409 26335 7925 4065 652237 260268 9977 391969 109763 31996 77767 74031 2701 30930 20131 5212 3736 639976 28727 611249
cat_boundaries=0 1 3 5 7 9 11 13 15 17 19 21 22 24 26 28 30 32 33 35 37
cat_threshold=30971416 3429647263 7 2427453544 113 3257995892 31 1090811804 99 1636932935 109 281635911 39 1683378282 16 2450563372 68 4217184836 9 51392806 4 8422912 137748748 101 1073816320 2 1073741824 24 3892709904 2 270631040 96 1073872896 1377070754 17 637869187 55
is_linear=0
shrinkage=0.03


Tree=42
num_leaves=64
num_cat=19
split_feature=7 32 22 28 0 1 22 10 1 53 1 1 10 1 54 52 43 1 34 32 22 35 42 1 0 1 18 1 38 54 22 18 10 1 0 53 20 1 15 12 1 25 34 28 0 15 12 10 1 43 1 1 0 2 54 1 46 1 0 43 1 1 31
split_gain=1227.93 728.121 617.995 814.465 607.135 611.162 600.183 577.829 764.252 494.894 490.376 486.171 454.069 455.55 444.393 427.349 464.746 423.689 420.515 419.818 354.533 424.272 659.178 354.339 333.38 379.526 306.297 296.882 388.176 407.949 294.253 383.946 289.003 378.175 277.133 271.44 260.659 254.01 470.817 1669.37 250.29 249.99 248.031 243.503 238.219 231.327 368.691 227.197 300.332 235.714 284.423 218.656 217.865 388.312 401.141 1178.91 401.618 350.574 405.313 340.289 603.749 339.105 329.97
threshold=0.02624323591589928 1.6681945323944094 -1.0834116935729978 -0.16493003815412519 803.50000000000011 0 -0.67616242170333851 1.5670744776725771 1 0.26185660064220434 2 3 2.0446702241897587 4 0.10369330644607545 0.10557980462908746 1.2333611249923708 5 -1.5156522989273069 -1.8464391827583311 -0.83575585484504689 1.5566358566284182 -0.41189214587211603 6 427.50000000000006 7 -0.82670938968658436 8 -0.49643515050411219 1.2390264272689822 1.5657705664634707 2.0829391479492192 1.3058599829673769 9 929.50000000000011 0.70401626825332653 0.033919567242264755 10 1.2796644568443301 -0.63220345973968495 11 1.0455449223518374 -1.0961066484451292 1.5642062425613406 929.50000000000011 1.7827306985855105 -0.72108411788940419 1.3058599829673769 12 2.716700673103333 13 14 322.50000000000006 -0.096043132245540605 -2.307860136032104 15 0.085098780691623702 16 157.50000000000003 1.98511677980423 17 18 0.12959598004817965
decision_type=2 2 2 2 2 1 2 2 1 2 1 1 2 1 2 2 2 1 2 2 2 2 2 1 2 1 2 1 2 2 2 2 2 1 2 2 2 1 2 2 1 2 2 2 2 2 2 2 1 2 1 1 2 2 2 1 2 1 2 2 1 1 2
left_child=7 4 3 11 12 26 18 9 35 15 -5 -3 14 36 52 16 37 45 51 -10 21 24 -23 -17 25 -19 -6 28 29 -20 32 -32 -4 -34 -28 -9 -14 38 -1 -40 -18 -21 -15 -30 -25 -11 -47 49 -49 -16 -51 -7 53 57 55 -55 -57 -2 62 -56 -61 -58 -59
right_child=1 2 30 10 5 6 -8 8 19 17 -12 -13 13 42 47 23 40 20 27 41 -22 22 -24 44 -26 -27 34 -29 43 -31 31 -33 33 -35 -36 -37 -38 -39 39 -41 -42 -43 -44 -45 -46 46 -48 48 -50 50 -52 -53 -54 54 59 56 61 58 -60 60 -62 -63 -64
leaf_value=0.00072461675584100521 0.00014672453779028606 -0.018189129006347622 -0.001548315506667492 0.0094354910628677829 0.0014257418398841268 0.0071273591215334402 -0.0012697711160137555 0.0055301225378257381 0.0094732082902162455 8.9284740041924829e-05 -0.0041568149614469403 -0.0068187205960984791 0.0014875172183862419 0.013411034019081062 -0.0006941463859377893 -0.00044273494696422212 0.0028168840213408709 0.012094757555159269 -0.0078014727762915886 0.00017798752577387434 -0.0015822869676069779 0.01914342042127232 -0.00079882155707129438 0.00034084204627539573 -0.0017623690291207394 0.00090871101171981629 -0.0012831036362089697 -0.0033995760273157405 -0.0032900828310886373 -0.02209662031320014 -0.0029922662141151214 -0.01484555054549655 -0.0027652411706487285 0.0068421749444651904 0.0016711333827341614 0.013622676350185096 -0.0063601281646212208 0.00015227659198952345 0.0014407822887723175 0.022819402643536137 0.0010470959146524339 0.0089955584727167241 0.0040546144121210116 -0.012101576220716167 0.0028043406736467801 -0.00101089170210059 0.0078084977733009859 0.0025565860620653524 -0.00066627050276739646 -0.013492595471381721 -0.0020159971140551818 -0.0029742086600255506 -0.00011770458838590536 -0.016998416252815212 0.00035891117244325223 0.011555513994782775 0.0041807130268663338 0.0068089380145202284 0.0016726985028045771 0.0018331031455299919 -0.01589872030570539 -0.0072955474867599209 -0.0038800980827388048
leaf_weight=1039414.9746011496 74477.456665039062 5846.7609329223633 82195.890853881836 2904.6822128295898 97545.11767578125 4044.2355728149414 430302.77966308594 22128.352172851562 5006.6404418945312 350671.3818359375 13135.277854681015 8139.6466753482819 10998.14723777771 2795.781982421875 1173535.7123794556 766365.73400568962 120985.41180419922 3727.5377578735352 4698.4319590330124 75311.320861816406 302097.326171875 2836.2529449462891 3139.9550628662109 803961.990234375 27838.445371627808 10115.193628311157 138446.18115234375 37154.683738708496 13490.967398762703 2913.5373229980469 13107.989799499512 3023.6782913208008 6197.7099456787109 9070.9415588378906 36007.44482421875 4486.6982421875 5821.51584815979 991086.12866210938 19730.107391357422 3939.6631164550781 177437.25054931641 3004.44140625 28637.140869140625 3566.7440824508667 36946.4228515625 8052.8001480102539 9064.6861801147461 45571.108154296875 60632.196533203125 2784.6752662658691 6402.0581321716309 3663.9030990600586 1396201.5744628906 4793.8767395019531 476126.32744598389 2405.0467844009399 4172.5099794864655 27128.037103831768 76716.59716796875 3756.8571357727051 3185.4366569519043 5177.9190356731415 2871.3573053479195
leaf_count=324464 24951 2398 28666 972 45310 990 135211 10387 1701 128409 4656 2279 4584 924 430100 225674 48649 1247 2063 28138 125817 1006 1121 340590 11134 4352 64428 10280 4057 911 5022 1159 2248 3213 16936 2161 2608 397398 5226 1133 70794 1130 10751 954 15624 1348 1386 15689 25059 791 3029 1223 506892 1755 175015 1254 1644 9657 27230 1598 1474 2024 1029
internal_value=-1.10189e-05 -0.000377121 -0.00247741 -0.00630472 -0.000305058 -0.00106493 -0.00168765 0.000320082 0.00246986 0.000269551 -0.00168992 -0.0115946 -0.000133274 0.00275613 -0.000174699 0.00040091 0.000658508 -0.000455368 -0.00427369 0.00105539 -0.00120289 0.00120177 0.00867367 2.38581e-05 0.000129541 0.00393353 7.94654e-05 -0.00509744 -0.00764888 -0.013284 -0.00146552 -0.00521793 -0.000844212 0.00294546 -0.000673315 0.00689406 -0.00122901 0.000497792 0.000819895 0.00500317 0.00176476 0.00051681 0.00488726 -0.00513556 0.00044909 0.000255531 0.00366039 -0.000612278 0.000716868 -0.000731632 -0.00551709 0.00233236 9.68487e-05 0.00053685 0.000105375 -0.00448658 0.000634717 0.00172655 0.00282878 0.000262735 -0.00632889 -0.00217824 0.00578537
internal_weight=9.117e+06 4.32965e+06 143623 30026.4 4.18603e+06 771834 499835 4.78735e+06 109937 4.67741e+06 16040 13986.4 3.41419e+06 48252.6 3.36594e+06 3.95987e+06 2.35259e+06 717544 69532.5 83322.4 349755 47657.4 5976.21 1.60727e+06 41681.2 13842.7 271999 61824.4 24669.7 7611.97 113596 16131.7 97464.5 15268.7 174454 26615.1 16819.7 2.05417e+06 1.06308e+06 23669.8 298423 78315.8 31432.9 17057.7 840908 367789 17117.5 1.28893e+06 106203 1.18272e+06 9186.73 7708.14 2.07701e+06 680811 499618 16549.4 11755.5 181193 106716 483069 6942.29 9350.43 29999.4
internal_count=3329923 1581034 50613 10305 1530421 282363 155689 1748889 43517 1705372 5628 4677 1248058 18867 1229191 1429552 847664 275820 20478 30969 144677 18860 2127 581888 16733 5599 126674 18265 7985 2974 40308 6181 34127 5461 81364 12548 7192 728221 330823 6359 119443 29268 11675 5011 356214 131143 2734 474668 40748 433920 3820 2213 754523 247631 184764 6677 4922 62867 37916 178087 3072 3668 10686
cat_boundaries=0 2 3 5 7 9 11 13 15 17 19 21 23 25 27 29 31 33 35 37
cat_threshold=938527768 36 2621850264 637538344 1 2518737530 47 11607106 52 2303416729 39 1073948599 66 1107329056 8 1073820512 10 596972551 114 135642533 28 1863391267 55 3893313726 11 17379973 95 3221753893 72 676610529 24 474917064 112 274426074 22 2197927944 96
is_linear=0
shrinkage=0.03


Tree=43
num_leaves=64
num_cat=20
split_feature=3 10 1 3 5 2 0 18 1 48 0 1 22 3 0 55 1 59 0 22 1 22 1 22 1 1 1 40 1 22 1 0 55 1 1 28 31 1 1 0 1 54 54 0 1 0 6 1 6 28 1 58 0 1 16 15 13 55 4 30 0 0 2
split_gain=1395.77 775.133 754.762 677.171 608.985 542.13 541.533 578.598 509.135 497.5 433.87 534.908 429.054 412.835 407.023 404.088 702.657 385.067 358.936 500.098 749.562 375.53 356.724 327.897 329.83 302.747 293.46 273.498 265.074 263.915 536.681 407.812 259.033 342.692 305.682 256.602 264.579 529.217 266.585 246.78 387.519 246.545 245.934 350.132 616.92 311.756 328.506 279.694 245.867 245.748 243.956 243.594 250.156 402.6 241.548 241.149 355.203 240.899 326.212 240.198 245.291 227.699 280.364
threshold=0.21928988397121432 2.0446702241897587 0 1.8029391169548037 -0.69347921013832081 -1.3648050427436826 157.50000000000003 -1.6712154746055601 1 -0.16048149019479749 716.50000000000011 2 -1.9065327048301695 -1.5114245414733884 515.50000000000011 0.75619202852249157 3 0.016411988064646724 644.50000000000011 -1.9065327048301695 4 -1.3206875324249265 5 -1.9065327048301695 6 7 8 0.88728466629982006 9 -0.75158038735389698 10 187.50000000000003 0.30729244649410253 11 12 -2.4716247320175166 0.12959598004817965 13 14 929.50000000000011 15 -0.040949549525976174 0.19583122432231906 157.50000000000003 16 127.50000000000001 -1.304655075073242 17 1.0904705524444582 -1.7609887123107908 18 -0.65784636139869679 202.50000000000003 19 0.25374948978424078 -1.6512409448623655 -1.0521099567413328 0.65409547090530407 -0.54096814990043629 0.054903509095311172 142.50000000000003 97.500000000000014 0.032384587451815612
decision_type=2 2 1 2 2 2 2 2 1 2 2 1 2 2 2 2 1 2 2 2 1 2 1 2 1 1 1 2 1 2 1 2 2 1 1 2 2 1 1 2 1 2 2 2 1 2 2 1 2 2 1 2 2 1 2 2 2 2 2 2 2 2 2
left_child=1 4 13 10 5 6 -1 8 -8 15 29 -12 14 -3 -5 18 17 -17 19 20 -6 25 -16 24 -4 -20 -14 -25 -23 30 31 -2 33 -21 -34 -7 38 -38 41 -13 -41 51 -31 44 45 -44 -47 -46 -28 -11 -29 -37 53 59 -15 56 -18 -54 -59 -53 -61 -36 -63
right_child=3 2 23 12 9 35 7 -9 -10 49 11 39 26 54 22 16 55 -19 21 32 -22 28 -24 27 -26 -27 48 50 -30 42 -32 -33 34 -35 61 36 37 -39 -40 40 -42 -43 43 -45 47 46 -48 -49 -50 -51 -52 52 57 -55 -56 -57 -58 58 -60 60 -62 62 -64
leaf_value=0.015795969357395492 0.009446803817372583 0.019112681430138466 0.015710990553598387 -0.0142675865603419 0.011117968090069524 -0.001635899506043923 0.015390491281167408 0.0013300553875643082 0.0031494898871572193 -0.0017621857584571013 -0.0018302459316995952 -0.00060771356698959922 0.0054843927386280193 0.0035988407166974994 -0.011196686794513333 -0.0067402791396072989 0.00096419885774828515 0.0020141262698939694 -0.0073290490796409048 -0.00014896606016402599 -0.00036767342370347742 -0.0012903939495837904 0.0009714751546777377 -0.00090908445674309549 0.0014533730095022763 -0.0015888659660106988 -0.0026258832990903821 0.0096079866708939452 -0.00011609370083808143 -7.3914233051321646e-05 -4.2934256072068368e-05 0.0022923984319842272 0.00035787233541429244 0.00067411902764137035 0.0017085441508079007 -0.0018750577719238793 -0.010333559992201365 0.001197939829515024 0.00044889553861127227 -0.0011108069011662215 0.0032488550479009403 0.00058910444961587222 -0.0032413399061121686 -0.000449428141396279 0.0029551437366621982 -0.018702614643177597 -0.0065398533351435926 -0.0015042011978850752 0.0050529741691453236 0.0015585029183890289 0.0017241076737598885 0.003978147181872305 0.0015293102147722626 0.00089853912736030661 0.011740360106357274 0.0015085261936866774 -0.016154359085708569 0.014371167421995417 0.0027434817950561297 0.0066042631011130138 0.016168227397991116 -0.00027697237034349302 -0.00241427223078563
leaf_weight=3037.8296890258789 8606.3638916015625 2966.6138916015625 2831.2157974243164 5168.1519622802734 9369.2316665649414 44172.380981445312 5503.1090774536133 47965.63830947876 6906.583080291748 21833.7626953125 372531.806640625 461787.27917480469 4486.4597473144531 8408.4979767799377 3518.697603225708 29003.086868703365 2730.5275754928589 5354.681575357914 11808.364807128906 791945.29008162022 11243.878684997559 212328.21626281738 5612.5459423065186 29858.128936767578 3020.5025863647461 27587.389099121094 100799.34359931946 4712.4692840576172 933814.39079284668 1561505.9296875 156208.91027832031 42895.51416015625 214617.69064331055 1070819.2239564657 22183.331268310547 14349.903930664062 5832.7598682045937 9242.1408233642578 1044959.2728805542 33751.992553710938 40184.755493164062 236399.56068080664 32352.299682617188 591371.154296875 16465.091430664062 2377.1222381591797 12502.26496887207 54578.929565429688 3893.3636455535889 246018.04091089964 14046.099716186523 9589.9453067779541 202629.36751556396 15629.235656738281 5379.2647795677185 32167.113132476807 1811.1306428909302 3092.341858625412 7275.3707573413849 5736.8199596405029 4177.0906982421875 98357.122932434082 125997.86974334717
leaf_count=1104 3650 1224 1083 1685 3063 14041 1693 16090 2238 10022 119449 187881 1491 4129 1207 10237 1790 1696 3701 282774 3947 67113 2028 11410 1045 10087 41917 1699 342306 573123 53410 17861 74582 372015 8962 9001 1833 3534 383188 11617 18604 79662 13517 223970 8315 1376 4994 16714 774 104814 5162 3064 66083 5380 1827 14099 942 1100 2466 1620 1148 39910 53294
internal_value=-6.74561e-06 0.000286973 0.0033966 -0.000475837 0.000246959 0.000726408 0.00344687 0.00282426 0.00859674 4.04445e-05 -0.000396281 -0.000957209 -0.00265802 0.00896202 -0.00754363 -5.23345e-05 -0.002292 -0.00537424 -7.24293e-06 0.000207871 0.00485951 -0.000432653 -0.00373224 0.00168207 0.00838842 -0.00331239 -0.00201782 0.000874429 -0.000333655 -0.000190756 0.000832809 0.00348808 0.0001666 0.000324192 -0.000469962 0.000618784 0.000682677 -0.00327182 0.000721301 -0.000350064 0.00125903 0.00129184 -0.000284369 -0.000747449 -0.00223746 -0.00489407 -0.0084886 -0.000470302 -0.00233987 0.00128779 0.00371274 0.00192478 0.00214456 0.00448984 0.00677834 0.000594483 -0.00587263 0.00175762 0.00621689 0.0073625 0.01064 -0.00119057 -0.00147731
internal_weight=9.11731e+06 5.60671e+06 71222.8 3.5106e+06 5.53549e+06 1.6665e+06 63413.2 60375.3 12409.7 3.86899e+06 3.38712e+06 908256 123479 16754.4 14299.4 3.60114e+06 71066.5 34357.8 3.53007e+06 2.34453e+06 20613.1 1.18554e+06 9131.24 54468.4 5851.72 39395.8 109179 48616.7 1.14614e+06 2.47886e+06 207711 51501.9 2.32392e+06 1.86276e+06 461156 1.60309e+06 1.55891e+06 15074.9 1.54384e+06 535724 73936.7 498880 2.27115e+06 709647 118276 47231.7 14879.4 71044 104693 267852 18758.6 262480 248130 35133.1 13787.8 36708.8 4541.66 212997 10367.7 19503.9 9913.91 246538 224355
internal_count=3329761 2026178 27579 1303583 1998599 593245 21125 20021 3931 1405354 1254481 337551 49102 7180 4920 1290518 28764 11933 1261754 838547 7010 423207 3235 20399 2128 13788 44182 18271 409419 916930 74921 21511 831537 654789 176748 572120 558079 5367 552712 218102 30221 169524 842009 268886 44916 19887 6370 25029 42691 114836 6861 89862 80861 11212 5956 16831 2732 69649 3566 5832 2768 102166 93204
cat_boundaries=0 2 4 6 8 10 12 14 16 18 20 21 23 25 27 29 31 33 35 37 39
cat_threshold=2386952344 10 3528126504 42 3758109606 74 707892647 81 4014511140 20 2292900358 4 1353244708 17 1224751024 20 2064 4 1073752578 18 3944087664 3503961692 8 2317038834 41 577331363 48 210078849 12 68093009 1 928024899 29 1084489732 34 553746976 80 98433 12
is_linear=0
shrinkage=0.03


Tree=44
num_leaves=64
num_cat=19
split_feature=5 10 7 2 19 46 1 24 3 28 1 1 1 22 1 1 54 1 42 34 1 56 1 9 8 50 10 42 14 46 1 54 9 46 6 1 54 12 1 9 2 32 30 28 42 38 28 30 1 22 52 1 3 10 1 22 1 54 1 54 52 1 1
split_gain=1236.19 797.529 789.214 625.478 457.94 512.716 531.846 438.344 430.676 409.681 406.389 405.598 368.317 345.441 474.592 326.908 364.164 726.037 379.967 305.243 391.166 303.569 958.039 1423.42 300.156 283.459 283.404 273.141 272.371 278.517 278.153 266.63 468.571 412.391 393.59 291.053 261.941 238.554 746.182 3605.58 232.366 395.139 362.144 334.333 344.816 330.852 255.907 507.439 2942.41 239.844 333.366 560.089 232.228 228.764 307.477 250.229 366.397 251.135 224.946 294.772 234.369 340.87 221.441
threshold=-0.58644592761993397 2.0446702241897587 0.39938059449195867 -1.901797831058502 0.05331165902316571 2.8417602777481084 0 1.6159871816635134 -0.57790172100067128 -2.4716247320175166 1 2 3 -1.3206875324249265 4 5 -2.307860136032104 6 1.0000000180025095e-35 -0.59093686938285817 7 -1.0000000180025095e-35 8 -0.41107659041881556 0.31178255379199987 -0.61324849724769581 -2.4664380550384517 0.2740392684936524 0.47087781131267553 0.74675399065017711 9 -2.307860136032104 -0.60418492555618275 0.17426442354917529 -0.49656434357166285 10 0.10369330644607545 -0.63220345973968495 11 -0.77578279376029957 0.18693338334560397 -2.1122099161148067 -0.18652999401092527 0.57319018244743358 -0.45176027715206141 -0.46308161318302149 0.37269936501979833 0.57349699735641491 12 -0.23568364977836606 -1.3070639371871946 13 1.5147508978843691 1.3058599829673769 14 -1.3206875324249265 15 1.8726394176483157 16 -1.4622406959533689 -1.1480123400688169 17 18
decision_type=2 2 2 2 2 2 1 2 2 2 1 1 1 2 1 1 2 1 2 2 1 2 1 2 2 2 2 2 2 2 1 2 2 2 2 1 2 2 1 2 2 2 2 2 2 2 2 2 1 2 2 1 2 2 1 2 1 2 1 2 2 1 1
left_child=1 9 4 10 8 15 -7 36 -2 19 -3 -5 -11 14 -9 24 17 28 -19 20 -1 22 23 25 26 -8 -6 -26 29 30 -17 32 34 -34 -14 -35 -4 58 39 -39 41 42 -33 44 45 -44 -42 48 -48 -43 51 -51 -23 -38 -55 56 -56 -58 59 62 61 -60 -10
right_child=2 3 7 11 5 6 21 13 37 12 -12 -13 31 -15 -16 16 -18 18 -20 -21 -22 52 -24 -25 27 -27 -28 -29 -30 -31 -32 40 33 35 -36 -37 53 38 -40 -41 46 49 43 -45 -46 -47 47 -49 -50 50 -52 -53 -54 54 55 -57 57 -59 60 -61 -62 -63 -64
leaf_value=-0.0090243413962181728 0.00089917634712854044 0.020981216262545972 -0.0003573932565306953 0.0072415092514457793 0.011322323780270137 5.6867323548242176e-05 -0.011812006999885133 -0.018540939184467746 0.013197108598899162 0.00085156801511636359 0.005235614807630122 0.00078808060973340442 -0.0035838165656977591 -0.0023763388998914062 -0.003741378087146756 -0.0056806524758713931 -0.00038096722527462644 -0.014765439815468594 -0.003795118091869604 0.00012527440737635713 -0.0018771152206924298 -0.0013364323367300599 -0.0025437943941979224 -0.025149396862854528 -0.00017188464269956078 0.00071146947672949849 0.0022981380658801801 0.0023007765975028025 0.0084296308297100286 -0.00707911663574704 0.0063654390889956959 -0.0026907168428471971 0.011318318843205274 -0.0077417139934734657 -0.016113851642499469 0.0023616916267544959 -0.001269450755781735 0.035484777216139754 0.00037707006647825825 -0.00094520525348177177 0.0002486641320522867 -6.2842585016841318e-05 0.0038497866585128025 0.0015820592021849285 0.0021586785898311425 0.01708935821850022 -0.034449829017457481 -0.00057074728229965579 -0.00084624534504777965 -0.0012072987351295329 0.00097185384329690698 0.01306699060246151 -0.0084832187059630648 0.0023525100986126002 -0.012368722820388643 -0.00021062990776449966 -0.005225139432841904 0.0047641552492680775 0.00098794130290224299 0.00026533353282903033 -0.00029489855217977714 -0.0048279153407890423 0.0025882154847002314
leaf_weight=9201.5348510742188 622707.806640625 3134.6269683837891 1099236.437789917 13713.771368980408 3411.148681640625 114336.25363481045 2485.6640725135803 3172.3034362792969 2607.5032348632812 1450822.9617919922 2826.2241058349609 24272.693963050842 6456.1965770721436 24665.189697265625 5077.3935852050781 2683.02099609375 582625.85180664062 6135.6280822753906 5297.4147033691406 39484.952392578125 27411.028991699219 113456.94692194462 60412.21014881134 4502.676305770874 213998.48816537857 4687.2221217155457 37743.448358058929 49503.69189453125 2979.0707092285156 5067.4262828826904 4774.9431324005127 5340.020092010498 2616.3891100883484 4490.6929388046265 3466.5911045074463 5951.4925580024719 721556.46260070801 3170.9672546386719 580328.97607380152 10624.392120361328 421920.73139095306 312503.09985351562 2473.325497508049 8646.7246526479721 4009.6542421579361 5444.0645781755447 2726.579345703125 200936.85645294189 16238.945258140564 4538.1098937988281 217273.2238111496 5428.1332092285156 4240.3588256835938 38241.168823242188 3883.1240692138672 83731.4052734375 6010.0528106689453 3628.4794921875 14452.319496154785 566982.01904296875 1274554.0030517578 24333.993858337402 5513.9533081054688
leaf_count=3004 230007 1086 406407 5443 1501 42510 1148 1154 960 475118 1152 8786 3242 10003 1561 1537 252075 2997 2632 12282 9526 33213 19930 1796 79594 2093 18728 18142 818 2033 1955 2284 1419 1458 1138 2889 265036 1151 232507 3461 181672 122143 1390 3034 1532 1829 1438 79611 7398 1702 83340 2405 1101 16837 1157 30231 2082 1239 4199 238790 372090 7608 2471
internal_value=5.57858e-06 0.000530067 -0.000227164 0.00453938 3.57346e-07 -0.000492551 -0.00155957 -0.000721692 0.000193748 0.000466158 0.0135703 0.00312064 0.000527763 -0.00415472 -0.00946712 -0.000137593 -0.000538644 -0.0039485 -0.00967784 -0.00170438 -0.00367733 -0.00253324 -0.00406644 -0.0119281 0.000664828 -0.00363357 0.0030474 0.000292685 0.000284152 -0.00165555 0.00203184 0.000145958 -0.00305475 0.000679672 -0.00796718 -0.00199008 -0.00066392 1.68029e-05 0.000541097 0.00743294 0.000206889 0.000650188 0.00426849 0.006075 0.0093302 0.0129585 -0.000183805 -0.00101356 -0.00570368 0.000476431 0.00121803 0.00658177 -0.00159426 -0.00105706 7.39988e-05 -0.000822174 -0.00460822 -0.00146258 -0.000148147 0.000346642 -0.000364812 -0.00266199 0.00601979
internal_weight=9.11415e+06 2.80133e+06 6.31282e+06 43947.3 4.32362e+06 1.21834e+06 304121 1.9892e+06 3.10528e+06 2.75738e+06 5960.85 37986.5 2.68128e+06 32914.9 8249.7 914220 609563 26937.5 11433 76097.5 36612.6 189785 72087.8 11675.6 304657 7172.89 41154.6 263502 15504.5 12525.4 7457.96 1.23046e+06 22981.4 13058.6 9922.79 10442.2 1.95629e+06 2.48257e+06 594124 13795.4 1.20748e+06 565656 25913.8 20573.8 11927 7917.39 641823 219902 18965.5 539743 227239 9966.24 117697 857051 135494 97253.1 13521.7 9638.53 1.88844e+06 575103 1.31334e+06 38786.3 8121.46
internal_count=3329075 1016321 2312754 16467 1577047 483803 101791 735707 1093244 999854 2238 14229 975042 12718 2715 382012 264047 11972 5629 24812 12530 59281 24967 5037 117965 3241 20229 97736 6343 5525 3492 499924 10146 5766 4380 4347 722989 863237 237119 4612 489778 219659 10069 7785 4751 3219 270119 88447 8836 209590 87447 4107 34314 316582 51546 34709 4478 3321 626118 242221 383897 11807 3431
cat_boundaries=0 2 4 6 8 10 12 14 16 17 19 21 23 25 27 29 31 33 35 36
cat_threshold=2283708673 41 3905593396 53 2651242648 78 148884629 76 2516694786 61 1124676252 10 2418067491 100 1207968580 76 1073742336 2415935520 32 335556864 18 0 4 1073742336 2 1612714024 17 2890285724 8 14656 66 2805270602 32 4330800 8 2148597768
is_linear=0
shrinkage=0.03


Tree=45
num_leaves=64
num_cat=18
split_feature=5 3 2 0 18 0 3 1 1 0 4 22 0 30 4 1 1 0 1 2 1 22 1 43 0 1 14 5 10 42 10 1 46 0 1 10 1 10 1 31 23 20 56 15 1 0 27 58 1 26 1 56 18 38 6 1 32 1 11 10 1 20 0
split_gain=1252.67 762.824 616.76 902.046 980.467 637.912 574.833 525.878 443.86 488.093 409.303 408.197 433.215 364.938 1006.56 6735.61 362.491 351.444 347.856 337.888 345.657 330.881 1120.43 390.572 381.3 326.951 340.887 323.863 304.151 302.34 297.794 620.085 294.579 323.206 275.062 268.547 289.863 262.991 262.187 259.744 234.471 233.859 232.966 407.214 231.525 292.814 229.737 308.999 227.881 216.57 209.374 205.802 381.797 220.923 203.62 202.042 199.79 307.053 194.953 531.392 187.158 230.162 248
threshold=0.51314294338226329 -0.34227260947227472 -1.3648050427436826 172.50000000000003 -1.2021519541740415 702.50000000000011 1.3444420695304873 0 1 789.50000000000011 -2.066596150398254 -1.9065327048301695 515.50000000000011 0.39441095292568212 0.57931941747665416 2 3 644.50000000000011 4 -1.901797831058502 5 -1.9065327048301695 6 2.716700673103333 127.50000000000001 7 -0.14088202267885205 -1.1318895816802976 2.0446702241897587 0.98404008150100719 -2.4664380550384517 8 0.085098780691623702 322.50000000000006 9 -0.83188164234161366 10 0.51089519262313854 11 1.4544032812118532 0.4552000910043717 -0.75101098418235768 0.63976013660430919 0.8768218755722047 12 97.500000000000014 0.98272567987442028 1.1362043619155886 13 -0.84629449248313893 14 1.9410765767097475 -0.6997048258781432 -0.79098540544509877 0.12087754905223848 15 1.8985549807548525 16 1.9463328719139101 -1.0245386958122251 17 -1.0979107618331907 292.50000000000006
decision_type=2 2 2 2 2 2 2 1 1 2 2 2 2 2 2 1 1 2 1 2 1 2 1 2 2 1 2 2 2 2 2 1 2 2 1 2 1 2 1 2 2 2 2 2 1 2 2 2 1 2 1 2 2 2 2 1 2 1 2 2 1 2 2
left_child=1 2 3 -1 5 18 10 -7 9 13 39 12 -8 51 15 -15 -14 21 -5 50 30 22 40 38 -25 26 42 29 -6 -10 31 -21 33 -16 -31 36 -34 -18 41 48 -12 60 49 -44 45 -13 -22 -48 -2 -4 -19 -3 -53 -54 -24 -26 -46 -58 -28 -60 61 62 -23
right_child=6 8 25 4 28 7 11 -9 27 -11 17 44 16 14 32 -17 37 19 -20 20 46 23 54 24 55 -27 58 -29 -30 34 -32 -33 35 -35 -36 -37 -38 -39 -40 -41 -42 -43 43 -45 56 -47 47 -49 -50 -51 -52 52 53 -55 -56 -57 57 -59 59 -61 -62 -63 -64
leaf_value=0.016043977755049774 0.0030785303432823829 0.00016008192410891378 0.0056612258579181547 0.023145151103409155 -0.00059476906705007392 0.012994264636923766 -0.014333023988032297 -0.00077554585413982396 0.0007649963465742554 -0.0016110704630360431 0.0061633570517718303 0.0085515616857185454 0.0051795282350773041 -0.047031872663608004 0.015780343054412858 -0.00018718650420543654 -0.013404299560875032 -0.0015199381332374261 0.0092388209634886639 0.015876737836912579 -0.0014892592355711806 0.015451880848384352 -0.00012361759293283385 -0.011734126736542994 -0.0056233598422121608 0.00027880985448913075 0.00075793333733874886 5.3751745799111427e-05 0.0072314404254638079 0.00022388314911566271 -0.00029460188879663066 -0.0035057267331680942 -0.0059432744000185254 0.0010389976912939575 0.0098866550761007779 -0.00037193241860618856 -0.00051242692186673319 -0.0017430452173746731 -0.00059427321656670379 0.0094509652647943622 0.015215011164893419 1.6894475982780799e-05 0.0022303838223689944 0.017809963529301701 -0.0019950201191089273 -0.00060757324797738866 -0.00047393184170267715 0.0081044510078159826 0.00024290566373997332 0.0016195139443844887 -0.0065536747907610719 0.0093982518500204983 -0.004150463396481039 0.0026904641588622962 -0.0088289155035623911 0.0018618620160306988 -0.012538927330787139 -0.0028450634062801082 0.013839111817477113 0.0017768315577590631 0.00067507171220586206 0.0020885020948572777 0.0039300886358501104
leaf_weight=4797.1363525390625 34768.14040184021 654877.79089355469 14936.844543457031 3160.9825098514557 40952.929801940918 3866.6479806900024 4827.6092712879181 6996.0696120262146 556310.390625 258781.802734375 4969.0258026123047 3405.7838439941406 3069.6578228473663 3225.4383850097656 2041.0537397861481 18740.183319091797 3255.6832594871521 14578.557228088379 3426.6810696125031 3044.7807769775391 496159.31922912598 2868.9173240661621 15594.1522564888 4983.2815630435944 6636.2910306453705 1170619.6783447266 772160.23205566406 2094974.5167489648 5011.5956420898438 4593.5039901733398 401880.42539978027 2882.7875823974609 16890.383422851562 3873.5721817016602 6278.5350723266602 380416.13038039207 18572.052169799805 3737.3172245025635 867316.66385746002 3351.8377208709717 5367.45703125 712712.89132165909 3789.7812042236328 2506.773681640625 97819.458953857422 39772.446166992188 13832.702644348145 5194.4040451049805 95668.678127288818 59272.553451538086 15218.278709411621 6124.1278381347656 5698.2435412406921 16655.184284687042 2857.0799942016602 6329.6429824829102 4255.2344360351562 9525.3324584960938 3673.7606201171875 30888.497192382812 36299.875366210938 14882.652709960938 4063.3365821838379
leaf_count=1728 14337 271824 7532 1010 14156 1169 1565 2360 190386 102293 1408 1308 1174 1399 1005 7343 972 4779 1086 861 165143 1046 5667 1922 2549 460826 259044 728318 1905 1325 162083 1487 6661 1957 2492 139141 7756 1261 308350 1063 1781 261716 1982 744 38699 16810 5767 1328 31213 28605 5739 1693 1555 4956 884 2802 1642 3263 1012 8800 12815 5140 1392
internal_value=-1.80335e-06 0.000240928 0.000701058 0.00350747 0.00255794 0.00861095 -0.000511352 0.00414087 -7.35556e-07 -0.000436117 -0.000407578 -0.0022064 -0.00694979 -0.000166349 -0.000836224 -0.0070965 -0.00340229 -0.000489687 0.0159732 -0.00095018 -0.00084866 -0.000229278 0.00295913 -0.000284711 -0.00468541 0.000608025 0.00104238 0.000225921 0.00025923 0.000861854 -0.000196104 0.0064762 -0.000510129 0.00613506 0.00581535 -0.00060471 -0.00310138 -0.00716755 -0.000236478 0.00121118 0.0108582 0.000166111 0.00290381 0.00844211 -0.00174986 0.000115755 -0.00136517 0.00186948 0.00099909 0.00243336 -0.00409422 0.000268658 0.00276505 0.000946065 -0.00147282 -0.00197285 -0.00247143 -0.00585301 0.000856613 0.0030608 0.00199595 0.004191 0.00870609
internal_weight=9.11524e+06 6.17411e+06 2.12606e+06 68212 63414.9 17450.4 2.94113e+06 10862.7 4.04805e+06 1.3859e+06 2.77146e+06 169669 14890.3 1.12711e+06 443759 21965.6 10062.7 2.63767e+06 6587.66 952791 922994 1.68488e+06 28787.7 1.65609e+06 17949.2 2.05785e+06 887228 2.66216e+06 45964.5 567182 407808 5927.57 421793 5914.63 10872 415879 35462.4 6993 1.63814e+06 133789 10336.5 770828 80506 6296.55 154778 43178.2 515186 19027.1 130437 74209.4 29796.8 683355 28477.6 22353.4 18451.2 12965.9 111600 13780.6 806722 34562.3 58114.8 21814.9 6932.25
internal_count=3330029 2262063 791959 23414 21686 5625 1067966 3529 1470104 547583 1001272 66694 4972 445290 165262 8742 3407 954659 2096 347187 336669 607472 9740 597732 7273 768545 307719 922521 16061 194203 164431 2348 156520 2962 3817 153558 14417 2233 590459 46613 3189 282109 38863 2726 61722 18118 172238 7095 45550 36137 10518 280028 8204 6511 6551 5351 43604 4905 268856 9812 20393 7578 2438
cat_boundaries=0 2 4 6 8 10 12 14 16 18 20 22 24 26 28 30 32 34 35
cat_threshold=3226390576 12 3779081152 27 1073742336 2 576001232 113 3591383341 54 595395704 61 1716027428 17 2349185153 29 39321632 4 76351494 64 3758100800 16 3407229226 59 1074794356 39 2871296192 98 1506762923 9 2157378695 91 2460090376 16 1209274632
is_linear=0
shrinkage=0.03


Tree=46
num_leaves=64
num_cat=20
split_feature=5 3 2 0 3 4 22 0 32 0 1 0 22 54 19 1 9 0 1 1 1 0 1 28 17 0 42 20 1 19 17 19 1 58 58 1 3 53 1 22 1 22 1 34 1 1 54 0 0 1 17 36 54 1 20 1 54 36 19 38 27 4 0
split_gain=1124.34 727.606 623.3 789.163 550.478 461.063 458.868 589.56 433.953 399.823 774.738 449.82 387.716 361.009 355.66 391.124 423.928 359.885 480.048 352.443 336.322 701.004 318.409 294.471 424.666 294.136 286.605 281.919 352.733 473.983 280.307 275.697 446.387 284.817 420.441 269.787 268.573 276.86 429.398 265.576 412.739 264.732 292.758 260.121 537.444 252.543 245.13 243.639 241.413 239.02 234 287.183 232.839 703.164 249.012 544.298 590.608 249.03 247.731 229.195 224.481 314.196 275.1
threshold=0.51314294338226329 -0.37822373211383814 -1.3648050427436826 172.50000000000003 1.5147508978843691 -2.066596150398254 -1.9065327048301695 529.50000000000011 -2.1122099161148067 760.50000000000011 0 929.50000000000011 -0.75158038735389698 1.8726394176483157 -0.094954181462526308 1 -1.0571297407150266 127.50000000000001 2 3 4 217.50000000000003 5 -2.4716247320175166 6 644.50000000000011 0.62844356894493114 -0.83948951959609974 7 0.52390769124031078 8 0.6901068687438966 9 1.9409877061843874 1.4741001725196841 10 -1.5114245414733884 0.3303512334823609 11 -0.48981456458568567 12 -1.3206875324249265 13 -1.8051400780677793 14 15 1.0783427953720095 157.50000000000003 775.50000000000011 16 17 -0.032940823584794991 -2.307860136032104 18 -0.83948951959609974 19 -0.99538651108741749 -0.82849833369255055 0.14480974525213244 -0.49643515050411219 0.36913171410560613 1.8258113861083987 397.50000000000006
decision_type=2 2 2 2 2 2 2 2 2 2 1 2 2 2 2 1 2 2 1 1 1 2 1 2 1 2 2 2 1 2 1 2 1 2 2 1 2 2 1 2 1 2 1 2 1 1 2 2 2 1 1 2 2 1 2 1 2 2 2 2 2 2 2
left_child=1 2 3 -1 5 45 7 -6 35 12 11 -11 20 -10 17 39 30 18 -14 -7 21 26 -9 24 -12 52 50 28 46 -30 -17 36 33 34 -33 48 37 -4 -39 40 -16 42 -27 44 -18 -2 -25 -42 -5 -19 51 -3 53 -21 55 56 -54 58 -58 -48 62 -62 -34
right_child=4 9 31 8 6 19 -8 22 13 10 23 -13 14 -15 15 16 43 49 -20 25 -22 -23 -24 27 -26 41 -28 -29 29 -31 -32 32 60 -35 -36 -37 -38 38 -40 -41 47 -43 -44 -45 -46 -47 59 -49 -50 -51 -52 -53 54 -55 -56 -57 57 -59 -60 -61 61 -63 -64
leaf_value=0.01547623517843456 0.0030491005277170809 0.014453357134774214 0.0014488204911047816 0.015412674198164987 -0.016701062194265075 0.00012045919267916872 -0.0018249823930648898 -0.010879869912427006 0.00024032229891539369 0.00012711697949653022 0.003807828572553238 0.0031470468641147283 0.0042921592874546341 0.0083894207939080867 -0.010241200662331928 0.014094116437796577 -0.0010806956267415072 -0.00031026003270222648 8.8363744975702201e-05 0.0035210547268060281 0.00031664119593237036 0.0014200701820089917 0.0011196339427114127 -0.0037297743599582268 -0.0073738686963130901 -0.00072725334912265578 0.016389048675468646 -0.00086833021772336088 -0.0023703452265291802 0.0089229923124517548 0.0017864287373302614 0.0014277138220637627 -0.00060802809989992941 0.010082064083344286 -0.0071674340269972971 0.0022524068892598829 0.00061724422568436809 0.009194341923991517 0.00024590162636959202 -0.0007487869464987678 -0.0072158055310010977 -0.0010126982789251554 -0.0056305506660513319 2.4418462561858942e-05 0.014354954162906806 0.000358500375958907 -0.015888375979665581 -0.00068050021745645563 0.0054722278769627772 0.00044838322866752259 0.0027623080298183797 0.0028959965350322391 0.014257750764958865 -0.0085941985408082133 -0.00049052640367525427 -0.00054602099347095126 0.0039543942928286016 0.0011624603878697391 0.015560631923420805 -0.0056114846869795331 -0.00097077564946185517 -0.011256446295174558 -0.0098539064792803333
leaf_weight=4657.8899230957031 48188.143310546875 4850.6984430551529 117541.2578125 4433.6818170547485 4414.9139326810837 662765.19873046875 105031.181640625 3101.4428753852844 40408.055755615234 283782.76171875 3885.5751113891602 52616.5322265625 46647.883911132812 5561.6785888671875 6446.3974609375 3196.2737121582031 4868.1000938415527 532047.94555664062 51366.108764648438 7136.4300231933594 142631.25463867188 93490.274169921875 5506.0201450586319 17774.815795898438 14223.28816986084 20073.218688964844 2872.6830444335938 504903.40587043762 24937.905744552612 3857.7369689941406 3487.0094909667969 74696.019409179688 5301.4863815307617 3111.68408203125 5494.121826171875 6107.3810729980469 1620318.5516357422 11068.253723144531 8561.3283081054688 500707.2744140625 6361.4060401916504 686558.11029052734 24158.433654785156 548457.98905950785 3468.5937347412109 90079.815185546875 3445.4442138671875 26528.54122543335 4374.2562017440796 1256315.78515625 8858.852502822876 3222.0252870321274 4289.2735595703125 10857.971099853516 1154253.795923233 76347.084997177124 6341.7768596410751 28622.268642067909 2237.4048156738281 4521.1845703125 94926.451171875 2745.3885498046875 6380.6270217895508
leaf_count=1686 18781 1936 48087 1296 1419 267797 41771 1128 13970 112396 1214 20874 16250 2002 2871 1206 1687 237106 17031 3083 47775 35525 1759 6049 4053 6663 1110 173980 8018 1443 1447 35893 1903 763 1368 2165 592344 3722 3895 188124 2040 242045 8314 220396 1477 29521 1302 8957 1409 388831 3597 869 1601 3901 401912 24486 3147 8993 1152 1251 39405 795 2239
internal_value=6.08623e-06 0.000235975 0.000703772 0.00358125 -0.0004768 -0.000392834 -0.00248378 -0.00779453 0.00267005 9.29553e-06 -0.000544973 0.000599489 0.000165365 0.00122705 6.94366e-05 -0.000358356 0.000194569 0.000319694 0.00208964 -0.000479877 0.00128605 0.00250615 -0.00321917 -0.00121157 -0.00497622 -0.00067676 0.00763286 -0.00108968 -0.0031387 -0.000855799 0.00770245 0.000607053 -0.000470292 0.00118415 0.000838418 0.00711555 0.000725152 0.00199974 0.0052974 -0.000935258 -0.00330866 -0.00115764 -0.00340711 0.000104386 0.00536218 0.00129653 -0.00568927 -0.00194484 0.01047 0.000222683 0.00614285 0.009833 -0.000404357 -0.00379256 -0.000356415 0.00095721 0.00372227 0.0025068 0.00698854 -0.0100633 -0.00173053 -0.00126045 -0.00566007
internal_weight=9.11542e+06 6.17546e+06 2.01569e+06 65542.9 2.93996e+06 2.82191e+06 118054 13022.4 60885.1 4.15977e+06 913949 336399 3.24583e+06 45969.7 2.9899e+06 1.10352e+06 563478 1.88638e+06 98014 2.68364e+06 255926 113295 8607.46 577549 18108.9 2.02088e+06 19804.3 559440 54537.1 28795.6 6683.28 1.95015e+06 192656 83301.8 80190.1 14915.3 1.75749e+06 137171 19629.6 540044 39336.3 730790 44231.7 556795 8336.69 138268 25741.4 32889.9 8807.94 1.78836e+06 16931.6 8072.72 1.29009e+06 17994.4 1.27209e+06 117838 41490.7 37201.5 8579.18 7966.63 109354 97671.8 11682.1
internal_count=3329230 2261757 752942 22528 1067473 1021396 46077 4306 20842 1508815 330580 133270 1178235 15972 1087423 428205 226213 659218 33281 973094 90812 43037 2887 197310 5267 705297 7512 192043 18063 9461 2653 730414 82366 38024 37261 4870 648048 55704 7617 201992 13868 257022 14977 223560 3164 48302 8602 10997 2705 625937 6402 2805 448275 6984 441291 39379 14893 13292 4299 2553 44342 40200 4142
cat_boundaries=0 2 4 6 8 10 12 13 15 16 18 20 22 23 25 27 29 31 32 34 35
cat_threshold=486050840 36 2998573824 23 3283912711 110 186912808 49 3407266160 108 2158158375 10 1182800 1090724804 2 33282 3576608080 6 3592089644 113 2820519299 9 805339648 3302588419 64 83895351 72 2871298244 106 1232126049 57 50504840 2961271312 2 3763896644
is_linear=0
shrinkage=0.03


Tree=47
num_leaves=64
num_cat=16
split_feature=3 10 1 12 19 1 54 38 55 43 19 1 54 3 0 1 0 32 1 52 0 1 3 1 54 1 22 12 38 30 22 1 2 0 1 1 13 0 12 19 23 58 30 1 0 34 4 6 0 0 1 12 1 17 3 0 14 54 20 38 28 1 56
split_gain=1132.8 774.306 878.605 577.449 654.735 1300.45 624.211 476.874 473.123 447.098 470.323 697.084 428.802 424.889 389.387 373.828 376.376 370.306 369.14 406.888 377.606 351.444 346.755 404.176 345.363 759.819 385.799 466.184 344.245 477.013 349.808 337.73 335.22 509.307 743.433 375.708 362.039 414.01 355.819 348.727 465.638 412.149 331.777 383.051 331.093 338.751 325.138 403.341 319.343 318.629 390.098 474.026 464.812 430.586 317.544 314.329 390.11 493.591 293.267 289.957 286.591 358.877 2735.46
threshold=0.49299670755863195 1.5670744776725771 0 -0.28054265677928919 2.3243991136550908 1 0.10369330644607545 -0.86500483751296986 0.75619202852249157 1.1979719996452334 0.6901068687438966 2 -2.307860136032104 1.8029391169548037 901.50000000000011 3 789.50000000000011 -2.1122099161148067 4 -0.92156186699867237 775.50000000000011 5 -1.7904666066169737 6 -1.7562709450721739 7 0.27800011634826666 -0.65455603599548329 0.88028061389923107 -0.80560949444770802 -0.13357604295015332 8 0.097939603030681624 277.50000000000006 9 10 1.6346192359924319 901.50000000000011 -0.65455603599548329 0.6901068687438966 0.32444959878921514 -0.37186464667320246 -1.7684512734413145 11 873.50000000000011 -1.5156522989273069 -0.64905393123626698 -0.61848765611648548 929.50000000000011 127.50000000000001 12 -0.79874885082244862 13 14 -1.3334827423095701 307.50000000000006 1.1931485533714297 -0.47496367990970606 1.0397192239761355 -0.75204560160636891 0.37269936501979833 15 -0.44629131257534022
decision_type=2 2 1 2 2 1 2 2 2 2 2 1 2 2 2 1 2 2 1 2 2 1 2 1 2 1 2 2 2 2 2 1 2 2 1 1 2 2 2 2 2 2 2 1 2 2 2 2 2 2 1 2 1 1 2 2 2 2 2 2 2 1 2
left_child=1 3 8 4 6 59 9 -7 -3 10 18 12 -12 -2 -9 -8 17 -17 19 31 -21 58 23 -4 25 26 -20 -28 30 -30 44 -1 33 34 39 -34 37 -37 -38 40 -23 -41 -5 -44 -18 -46 -10 -48 -39 50 51 52 -26 -53 -51 56 -45 -58 -11 -6 -19 62 -62
right_child=13 2 22 42 5 7 15 14 46 21 11 -13 -14 -15 -16 16 28 60 24 20 -22 32 -24 -25 49 -27 27 -29 29 -31 -32 -33 35 -35 -36 36 38 48 -40 41 -42 -43 43 55 45 -47 47 -49 -50 54 -52 53 -54 -55 -56 -57 57 -59 -60 -61 61 -63 -64
leaf_value=-0.0033163013380037814 -0.00047443787949647692 0.004158703337868724 0.014755618782614985 -0.0020809453472832003 -0.0023934639857686045 -0.014524702431894769 0.00025944418112654947 -0.0040462082244639309 0.0026674591658567177 0.0027092557165123671 -0.010936913163330196 -0.00015212550134624712 -0.0030527656535049908 -0.0022814933884612791 -0.016374566408855044 0.0050833406105247171 -0.00062765921431728509 9.1508122639509298e-05 0.0025535544626901214 0.00036766030344311874 -0.0012399146930587826 0.0032681301135624556 0.00043727168776296792 0.0010597895387793798 0.008448056387547441 -0.00031781452660521384 0.0071579206368701008 0.020471080482454437 -0.013409275267123367 -0.0026093088489472951 -0.000307071642895873 -0.0004084812410015832 0.0011736343485028876 0.00096088430289172978 0.0012540913544212128 -0.00065775521781536632 -0.00099762947145351608 -0.010013083147790766 0.0094414843229257972 0.0047043835326216425 0.013612508528104732 0.020102567186070258 0.0050779856756568934 0.0022642719526294315 0.0045581215048499232 -0.0038377770443017035 0.023417301208043195 0.0083686474541911273 -0.001787960935206543 0.0022298303009970024 0.0011182945747818145 0.01597963960549529 -0.0044064524057458492 0.0048110554615197233 0.00033383072360029532 0.00068935282444631055 0.00054168013992876031 0.015396692125460663 0.0097306412427031648 0.0036270473858390309 -0.031018436240290399 -0.00068600480942737575 0.00062053069619283255
leaf_weight=59331.020751953125 2197585.9609375 40681.955078125 3373.2163391113281 19425.628662109375 11616.190427780151 6689.1121845245361 874052.212890625 20555.551893234253 2544.1991233825684 30987.740341186523 7178.767578125 160250.53796386719 45803.031127929688 123692.09375 2593.2283248901367 11569.31640625 69093.127105712891 709691.27701056004 7166.7754669189453 846327.72296142578 155691.15673828125 15188.401710510254 120407.32666015625 4554.6117858886719 4260.2943725585938 22778.954259872437 7199.7206671237946 3528.9484460353851 4761.2404289245605 16176.464649200439 208396.60336303711 91209.781005859375 192631.50634765625 178570.77526855469 35519.551696777344 113684.20959472656 5917.5079865455627 8043.3502807617188 5830.8455290794373 2621.6442098617554 5274.4417343139648 3888.5883951187134 31200.466491699219 35217.93823993206 4557.4439697265625 83413.312866210938 2984.34805560112 3475.4679577350616 9003.41015625 83629.781005859375 72231.554986953735 5305.3331298828125 6193.2347221374512 7555.8369941711426 1608349.7131652832 124254.79891967773 3352.7441101074219 5034.5886535644531 6468.9992828369141 18919.473321914673 3008.1076369285583 535652.42873895168 13382.206816196442
leaf_count=26069 835749 15870 1389 10840 7141 3116 413625 8160 1218 10050 2996 62352 18865 49104 1089 3239 19697 215635 2044 334135 61755 6140 45588 1692 1610 7716 2048 1046 1064 4186 60938 35564 78382 68879 11679 49865 1920 3529 1594 1574 2168 1095 13221 18283 1271 23788 1339 1195 3957 30472 19633 1421 1632 4142 492322 59247 1050 1577 2262 7636 1678 147981 4200
internal_value=1.46393e-06 0.000196842 0.00214926 0.000144339 9.25773e-05 -0.00301667 0.000122181 -0.00746886 0.00553579 0.000364982 0.000222492 -0.00113859 -0.00412118 -0.000570734 -0.00543052 -0.00024269 -0.000507128 -0.000258261 0.00031986 -0.000100609 0.000117874 0.00110665 0.000837482 0.0069128 0.000584936 0.00331824 0.00794107 0.0115445 -0.00132722 -0.00506784 -0.00111285 -0.00155483 0.000923507 0.00177668 0.00410755 0.000309779 -0.000858172 -0.00131161 0.00418524 0.00786082 0.00593714 0.0139102 0.00166095 0.00202615 -0.00218194 -0.00340258 0.0117581 0.0153337 -0.0056707 0.000522735 0.00220819 0.00558097 0.00083775 0.00943876 0.000427551 0.00145838 0.00364974 0.00946242 0.00392198 0.00133631 -0.00030726 -0.000819902 -0.00519068
internal_weight=9.11954e+06 6.79826e+06 178021 6.62024e+06 6.40175e+06 60373.6 6.34138e+06 29837.9 49686 3.80762e+06 3.19399e+06 213232 52981.8 2.32128e+06 23148.8 2.53375e+06 1.6597e+06 1.2733e+06 2.98076e+06 1.15256e+06 1.00202e+06 613631 128335 7927.83 1.8282e+06 40674.4 17895.4 10728.7 386398 20937.7 365460 150541 576174 241063 62492.6 335111 142479 130731 11748.4 26973.1 20462.8 6510.23 218486 199061 157064 87970.8 9004.02 6459.82 17046.8 1.78753e+06 95546.3 23314.7 10453.5 12861.2 1.69198e+06 167860 43605.3 8387.33 37456.7 30535.7 1.26173e+06 552043 16390.3
internal_count=3330722 2445869 68291 2377578 2273360 27142 2246218 12365 19622 1348916 1105822 84213 21861 884853 9249 897302 483677 372733 1021609 457523 395890 243094 48669 3081 564086 12854 5138 3094 110944 5250 105694 61633 230782 91535 22656 139247 60865 57351 3514 10977 8308 2669 104218 93378 44756 25059 3752 2534 7486 551232 28438 8805 3242 5563 522794 80157 20910 2627 12312 14777 369494 153859 5878
cat_boundaries=0 1 3 5 7 9 11 13 15 17 19 21 22 24 26 27 28
cat_threshold=2387493016 497988056 38 271631010 56 796182600 53 4115851592 18 4099 19 27307556 10 594052 37 1611702336 18 4023943700 32 2729692544 100 67174816 10485796 44 8388612 32 40960 512
is_linear=0
shrinkage=0.03


Tree=48
num_leaves=64
num_cat=0
split_feature=5 10 3 7 43 3 55 12 30 36 55 10 19 4 34 3 18 12 34 20 20 50 14 16 40 54 55 16 20 38 52 54 20 40 23 54 13 12 28 58 11 15 44 9 50 36 14 23 46 12 9 14 58 4 50 58 16 19 10 20 18 13 23
split_gain=1112.45 730.194 716.976 697.14 468.665 427.433 356.359 440.707 339.99 319.628 307.589 305.861 300.926 381.105 515.794 350.656 287.032 280.405 279.431 271.194 251.108 235.906 259.175 301.795 235.351 229.472 229.003 285.859 247.366 226.831 288.125 220.074 570.968 219.714 219.449 218.76 383.165 212.567 262.595 511.262 286.853 267.37 667.787 220.721 209.446 242.335 205.711 304.465 412.036 204.089 198.864 546.1 4147.21 196.253 293.242 325.178 275.125 214.945 275.474 192.039 628.72 387.901 372.217
threshold=-0.58644592761993397 1.5670744776725771 -1.5114245414733884 0.39938059449195867 1.7056121230125429 -0.71553316712379444 0.94685247540473949 -0.58841416239738453 -2.4630080461502071 0.63447225093841564 0.29741974174976354 1.5670744776725771 0.6901068687438966 1.3573725223541262 -1.2013117074966428 -1.2063708901405332 1.6733871102333071 -0.66427141427993763 -0.055435659363865845 -1.341222286224365 -1.9049420952796934 -1.0584753155708311 0.25479234755039221 0.2167661711573601 0.36618767678737646 0.10369330644607545 0.75619202852249157 0.20081280916929248 0.36461050808429724 0.16580078005790713 -1.5119923353195188 -2.307860136032104 0.56254187226295482 0.27886500954627996 0.062911335378885283 0.082841288298368468 -0.33733980357646937 -0.73767229914665211 -0.54505351185798634 1.7551484107971194 1.757744371891022 1.2796644568443301 1.6799823641777041 -0.88363558053970326 -0.76353454589843739 -0.90638580918312062 0.15107047557830813 0.34759433567523962 1.0691260099411013 -0.88874357938766468 -0.73448827862739552 -0.16810990124940869 0.42059455811977392 0.089645657688379302 -0.66222321987152089 1.6270270943641665 0.94121596217155468 1.0966395139694216 -0.13103542476892469 1.0397192239761355 1.2249385714530947 -0.16988047212362287 0.64710909128189098
decision_type=2 2 2 2 2 2 2 2 2 2 2 2 2 2 2 2 2 2 2 2 2 2 2 2 2 2 2 2 2 2 2 2 2 2 2 2 2 2 2 2 2 2 2 2 2 2 2 2 2 2 2 2 2 2 2 2 2 2 2 2 2 2 2
left_child=1 8 20 5 11 -2 -4 24 18 59 17 25 15 16 -15 29 21 -7 -1 -13 -3 -14 23 46 -8 -5 28 -28 -21 -10 -31 32 -24 34 -12 36 -17 -38 39 -39 41 43 -43 -40 -18 -46 -23 48 -48 -25 51 52 -19 54 57 56 -56 -33 -59 62 -61 -62 -6
right_child=3 2 6 4 9 10 7 -9 12 -11 33 19 13 14 -16 35 44 50 -20 26 -22 22 31 49 -26 -27 27 -29 -30 30 -32 53 -34 -35 -36 -37 37 38 40 -41 -42 42 -44 -45 45 -47 47 -49 -50 -51 -52 -53 -54 -55 55 -57 -58 58 -60 60 61 -63 -64
leaf_value=-0.0026297019834042906 0.00068929645642335619 0.018836007617824956 0.0016486487985481317 -0.00032471924700070516 -0.0012226730392615455 -0.00016626255638072521 0.0063422958755712288 -0.0023397720851436304 0.0011755659526428023 -0.0094615232169670618 -0.0022768950352060036 -0.0047952763132871569 0.0082209088668579733 -0.016617724964595435 -0.0024539223456745245 0.00016659610026370907 0.0081888955425743898 0.00038761704279448149 0.0016002293353192579 0.0028707905135548092 0.0076589838222822634 0.00017477312386723307 -0.013936292212353964 -0.0021598320349835638 0.017981303275132705 -0.0010257515782315617 0.001375640540757258 0.015850997262887124 -0.0022915792806669452 0.011422705564774187 0.0028928496055883992 -0.00068716120266444148 0.00023232151980730773 6.8158251851028822e-05 -0.00069858909927864824 0.00011146724899107083 0.00079451113901540847 -0.00027861878690130048 0.0070299315226610721 0.0090287403929447865 -0.0012723393878041793 0.0027680811110491017 0.012907641710455055 0.001991318614391223 -0.0049835047120548783 0.003474679284917472 0.0085580471061873879 -0.011777907644889739 -0.0046550919005114598 0.0076273531894394718 0.00030726177954642754 0.00092173398310895838 0.048501189437139033 -0.0035117658770413484 -0.0011410234424844843 0.0063866034045341538 -0.0084317980656093573 0.012564091625580691 0.00094373521874360788 -0.0014755774127366698 -0.019485005319520902 -0.0043499461516547005 -0.0086324013875501704
leaf_weight=56323.696166992188 680134.6015625 2949.496337890625 70403.069580078125 1051886.4791297913 145063.57799339294 1983427.7041015625 3049.4233446121216 2606.4513549804688 128991.78515625 5207.857177734375 94445.4990234375 5339.297607421875 2696.5639495849609 2868.0235595703125 11904.755432128906 609937.68919754028 5366.2018737792969 10904.627945899963 18725.3017578125 35409.450831413269 4699.55029296875 100790.33753442764 4663.6191101074219 2577.2149753570557 3222.1731519699097 699828.18004989624 2509.0422954559326 2401.4374408721924 10928.550145149231 3849.362548828125 47460.725341796875 6123.7988833189011 5666.4736633300781 280657.1181640625 493867.1767578125 903146.71315002441 446077.2880859375 71911.224948883057 8327.785758972168 5730.31494140625 16592.919189453125 22437.066909790039 7902.4640960693359 128581.70924377441 4064.9192543029785 12146.049434661865 2836.5421159267426 3219.0739440917969 8407.8812620639801 7465.251359462738 678583.18123203516 100494.24108886719 1887.1569662094116 25227.069812774658 15205.771030545235 3566.8770446777344 6711.8529968261719 3776.7806777954102 3570.2940292358398 16844.920190811157 3383.9247040748596 2776.1126646995544 6364.5877380371094
leaf_count=18632 264252 1073 25993 385492 58413 660752 1195 1072 53430 1498 35801 1779 1126 1143 4755 274211 2019 6876 5732 13341 1861 48678 1501 1117 1170 254851 1299 765 4285 1130 15246 1848 1624 106885 190363 319730 119548 24200 2872 1008 2991 6809 1317 39006 2209 4326 1426 1107 3344 2863 275738 36805 723 8893 5498 1005 1727 1149 961 7944 1752 811 2552
internal_value=5.95559e-06 0.000503443 0.00320988 -0.000214858 -0.000679851 -1.099e-06 0.0023632 0.00802547 0.000416777 -0.00214128 -0.000129949 -0.000534664 0.000473385 -0.000542129 -0.00520841 0.000574413 -0.000234392 2.4274e-05 -0.00157427 0.00163604 0.0119784 -0.000584894 -0.000703937 0.000129287 0.0123317 -0.000604791 0.00230648 0.00846364 0.00165316 0.00184676 0.00353382 -0.00210496 -0.00616788 -0.000622502 -0.000951982 0.000471103 0.000717632 0.00119264 0.00187179 0.000408846 0.0024896 0.00286286 0.0054108 0.00229805 0.0030545 0.0013529 -0.00030541 -0.00365052 -0.0013196 0.00511583 0.000501517 0.00166504 0.00750193 -0.00145061 -0.000115541 -0.00200784 -0.0033751 0.00346377 0.00692169 -0.00192246 -0.00447607 -0.0126732 -0.00153438
internal_weight=9.11413e+06 2.80178e+06 86930.2 6.31234e+06 1.98794e+06 4.3244e+06 79281.1 8878.05 2.71485e+06 179641 3.64427e+06 1.8083e+06 2.6398e+06 238855 14772.8 2.40095e+06 224083 2.7753e+06 75049 56587.8 7649.05 202505 199809 125296 6271.6 1.75171e+06 51248.5 4910.48 46338 180302 51310.1 74512.5 10330.1 868970 588313 2.22065e+06 1.3175e+06 707561 261483 77641.5 183842 167249 30339.5 136909 21577.2 16211 115254 14463.5 11244.4 10042.5 791869 113286 12791.8 64182.4 38955.4 25484.5 21917.6 13470.9 7347.07 174433 23005 6160.04 151428
internal_count=3329522 1016545 32364 2312977 734782 1578195 29430 3437 984181 72970 1313943 661812 959817 98319 5898 861498 92421 980894 24364 21469 2934 83867 82741 58535 2365 640343 19690 2064 17626 69806 16376 24206 3125 333049 226164 791692 471962 197751 78203 25208 52995 50004 8126 41878 8554 6535 54555 5877 4770 3980 320142 44404 7599 21081 12188 8230 7225 3958 2110 71472 10507 2563 60965
is_linear=0
shrinkage=0.03


Tree=49
num_leaves=64
num_cat=20
split_feature=7 0 22 1 18 10 5 1 19 55 1 34 22 0 22 28 1 1 1 1 54 1 31 43 4 1 10 1 0 10 1 1 0 35 0 0 1 22 1 18 38 14 8 54 0 1 54 1 26 34 38 14 0 46 28 0 1 1 20 1 0 1 42
split_gain=1090.32 629.296 790.935 700.309 599.049 533.157 600.273 509.87 489.546 496.371 596.871 371.375 664.774 797.498 542.863 657.953 410.056 391.636 356.784 344.243 342.627 426.152 324.188 323.077 932.396 551.918 491.601 463.149 395.627 373.913 502.774 317.742 310.402 455.574 595.62 489.594 399.47 307.35 366.488 305.34 301.721 511.933 331.19 299.899 296.174 300.279 329.478 289.757 277.609 268.917 257.392 578.593 482.63 548.913 316.677 254.876 425.452 288.535 250.769 384.35 303.363 250.623 250.299
threshold=-0.33144003152847284 803.50000000000011 -0.67616242170333851 0 -0.37130455672740931 2.0446702241897587 -2.2509361505508418 1 -0.13747201114892957 0.94685247540473949 2 1.5988386273384096 1.5657705664634707 127.50000000000001 -1.3206875324249265 -0.16493003815412519 3 4 5 6 1.8726394176483157 7 0.14456553757190707 2.716700673103333 -0.13379042595624921 8 2.0446702241897587 9 217.50000000000003 1.5670744776725771 10 11 307.50000000000006 1.5566358566284182 915.50000000000011 731.50000000000011 12 -0.75158038735389698 13 -2.3570466041564937 -0.49643515050411219 0.86274191737174999 2.2439718246459965 0.10369330644607545 367.50000000000006 14 -0.47496367990970606 15 0.36410160362720495 -0.59093686938285817 0.46993029117584234 0.72120228409767162 845.50000000000011 3.445138812065125 1.6692219376564028 292.50000000000006 16 17 1.7234488725662234 18 202.50000000000003 19 0.25105908513069158
decision_type=2 2 2 1 2 2 2 1 2 2 1 2 2 2 2 2 1 1 1 1 2 1 2 2 2 1 2 1 2 2 1 1 2 2 2 2 1 2 1 2 2 2 2 2 2 1 2 1 2 2 2 2 2 2 2 2 1 1 2 1 2 1 2
left_child=5 4 3 40 20 8 -7 -4 32 62 -11 23 13 -13 15 -15 -17 -14 -16 -8 22 -22 -2 29 25 -25 28 -26 -27 43 -31 -24 37 -34 35 49 -37 38 -1 -5 41 -3 -42 44 45 58 -47 -41 55 -35 -9 54 -53 -54 -52 57 -57 -12 -6 60 -60 -39 -10
right_child=1 2 7 39 11 6 19 50 9 10 48 12 17 14 18 16 -18 -19 -20 -21 21 -23 31 24 27 26 -28 -29 -30 30 -32 -33 33 34 -36 36 -38 61 -40 47 42 -43 -44 -45 -46 46 -48 -49 -50 -51 51 52 53 -55 -56 56 -58 -59 59 -61 -62 -63 -64
leaf_value=0.0079022641768764414 0.0003864046977997658 -0.006166419086893144 0.00070789092628041649 0.007286183057912789 0.00071338033195231568 0.016287173586312861 -0.00058067588716534196 -0.00070443379085753611 -0.0001326578939550485 -0.0083592068855404891 0.013309832027874757 0.0088634272563881244 -0.018423688619160078 -0.015390622925413587 0.002664356464338893 0.005685700584724904 -0.0077455258580694537 -0.0040052923817040509 -0.0034571142703436323 0.0052684858495935221 -0.000339677356833232 0.010609117198183313 0.0013708120900693395 -0.023129653720871168 0.011039447795998246 -0.020991962805314839 0.0034882977474525183 -0.0016629368947280172 -0.0040552035499382324 0.0043186675365196403 -0.00033542837812988231 -0.01136939798897066 0.00049989106912349352 0.01431391579551392 0.017004033642579519 -0.010553140822409263 0.0032930870839079523 0.0024344996981525363 0.0013517253624166863 0.00030670614873126321 -0.00068901784228386103 -0.020439431110583016 -0.0070393197194389811 -0.00064256987416396101 -0.00039250725682014051 -0.0012578398751703706 0.00042943071936163364 -0.003016175961083722 -0.0053746329806312098 0.0039209004052835755 -0.00094548552166315964 0.0010563129920375465 -0.014600063576453423 -0.0020173229652515005 -0.0089162884118402317 -0.011165961712614535 0.0027393012142198111 0.0014110335501138882 0.016427204803551899 0.00041992173387428065 0.0044656096251957395 0.00053584852261177602 0.0009018245240929849
leaf_weight=14737.423675537109 1514349.2051329613 7381.5111970901489 215534.849609375 3341.1864013671875 465679.93591308594 3227.87646484375 15632.695569992065 574457.11730957031 995854.67953109741 13821.519195556641 2704.7545776367188 5933.0232214331627 3500.8440208435059 5878.9357833862305 15362.626602172852 3417.1940612792969 5053.9661026000977 3318.7130470275879 19340.998430788517 21513.252183914185 6236.540283203125 6562.776123046875 3052.8529434204102 2432.8593215942383 3237.3371658325195 2430.7583994865417 2727.669921875 12548.765186071396 2537.2462356090546 37439.976013183594 47238.286437988281 4154.0434861183167 1306585.0853118896 3122.263542175293 3118.4859008789062 3445.0569458007812 4085.0546569824219 106420.76304626465 16085.798980712891 35291.946109771729 11672.546276092529 3260.4002990722656 20153.702261924744 1348248.8594818115 1125581.9858433604 172331.568359375 263289.54564726353 71401.928157806396 7521.7904357910156 7925.6106338500977 92016.329925537109 4763.5504150390625 8621.0198745727539 4891.5116195678711 4710.9981994628906 3001.2540588378906 5755.4918184280396 5664.3617887496948 3178.3209838867188 10072.863128662109 4777.5313415527344 151881.58255386353 266917.65225219727
leaf_count=4884 549167 3636 100066 1168 164688 1191 5815 198099 382566 5298 1118 1864 1166 1899 5347 1244 1632 1394 6714 9096 2250 2488 1142 949 1520 1031 1308 4530 1273 13628 19799 1281 466416 1014 1029 1211 1437 41924 5744 16835 3529 763 5598 495324 404484 66429 95412 22379 3229 2710 26867 1106 1990 1170 1349 1257 2625 2381 1049 3657 1641 47437 102582
internal_value=-9.00155e-06 -0.000236438 -0.000902462 -0.00290107 -9.83332e-05 0.00046427 0.00388792 -0.000565657 0.000416904 -1.62662e-05 -0.00337304 -0.000311623 -0.00261676 -0.00152056 -0.00277727 -0.00768402 -0.00232976 -0.011448 -0.000747492 0.00280841 0.000397312 0.00528423 0.000356186 -0.000270957 -0.00360789 -0.0107096 -0.00673201 0.000950615 -0.0123548 -0.000246087 0.00172296 -0.00598928 0.000765398 0.000571496 0.00488251 0.00284378 -0.00305405 0.00165618 0.00448749 -0.0016374 -0.00617282 -0.0105468 -0.00471077 -0.000295228 -6.62176e-05 0.000333275 -0.000238054 -0.00191733 -0.000572232 0.00686324 -0.000963784 -0.00225927 -0.00715391 -0.0100476 -0.00133414 0.00153763 -0.00203981 0.00527975 0.000847791 0.00431892 0.00923991 0.00131824 8.60078e-05
internal_weight=9.11644e+06 6.15741e+06 1.0575e+06 152503 5.09992e+06 2.95902e+06 40373.8 904995 2.91865e+06 1.30124e+06 38469.2 3.56556e+06 61806.3 54986.7 49053.7 14350.1 8471.16 6819.56 34703.6 37145.9 1.53436e+06 12799.3 1.52156e+06 3.50375e+06 25914.6 10128.5 7695.67 15786.1 4968 3.47784e+06 84678.3 7206.9 1.61741e+06 1.32828e+06 21696.5 18578 7530.11 289126 30823.2 110035 42468.2 10641.9 31826.2 3.39316e+06 2.04491e+06 919330 435621 106694 24647.7 11047.9 689461 115003 18276.1 13512.5 96727.3 17125.9 8756.75 8369.12 483709 18028.7 7955.85 258302 1.26277e+06
internal_count=3329829 2238865 384555 53908 1854310 1090964 16102 330647 1074862 501056 15908 1297982 21260 18700 16836 4775 2876 2560 12061 14911 556328 4738 551590 1276722 10611 4561 3612 6050 2304 1266111 33427 2423 573806 473817 7401 6372 2648 99989 10628 40382 13526 4399 9127 1232684 737360 332876 161841 39214 10610 3724 230581 32482 4266 3160 28216 7381 3882 3499 171035 6347 2690 89361 485148
cat_boundaries=0 2 4 6 8 10 12 14 16 18 20 22 24 26 28 30 32 34 36 37 39
cat_threshold=3238077346 2 127962184 36 714080443 17 1727402252 5 310485423 109 3777304248 98 3259746 73 10673465 102 1062562 19 2253398072 32 3392095162 11 234756432 11 919298587 38 4070329752 24 3809683766 109 418693136 5 1359224836 68 3490062848 72 1090586662 3946611204 63
is_linear=0
shrinkage=0.03


Tree=50
num_leaves=64
num_cat=19
split_feature=3 7 22 5 5 19 32 52 12 19 54 17 3 19 7 4 52 23 17 17 44 11 28 52 17 55 17 14 17 10 52 17 52 22 35 22 17 52 17 54 3 22 17 17 17 6 17 22 3 30 14 17 17 17 17 9 31 17 52 17 19 2 53
split_gain=1027.79 682.896 763.995 432.277 404.237 522.68 365.854 353.527 339.241 333.431 513.461 454.7 369.754 398.3 271.94 267.182 346.492 265.722 410.28 258.552 248.469 363.189 244.465 297.406 371.904 284.553 238.647 403.162 230.833 232.298 225.39 219.05 208.75 208.494 207.77 205.621 302.072 227.142 302.924 394.788 202.741 322.166 223.196 201.728 199.848 198.081 192.552 239.361 191.914 190.313 268.345 202.366 188.134 187.192 186.24 183.539 176.6 231.759 177.325 236.886 176.323 176.275 175.974
threshold=0.57078379392623912 -0.33144003152847284 -1.9065327048301695 -1.9876974821090696 2.0535342693328862 -0.62541010975837696 -0.2825865745544433 1.5232654809951784 -0.28054265677928919 0.40057253837585455 -2.307860136032104 0 -1.7904666066169737 -0.81347149610519398 -0.8938561975955962 -2.066596150398254 -1.8228916525840757 0.52203881740570079 1 2 0.74639102816581737 -0.26692953705787653 -2.4716247320175166 1.9536082744598391 3 0.75619202852249157 4 0.60507917404174816 5 -0.91917148232460011 0.12774965167045596 6 0.12774965167045596 2.1572387218475346 1.5566358566284182 -1.0834116935729978 7 -1.1480123400688169 8 -2.307860136032104 1.8029391169548037 -1.0834116935729978 9 10 11 -0.61848765611648548 12 -1.3206875324249265 1.5147508978843691 0.19411203265190127 0.43740376830101019 13 14 15 16 -0.84132489562034596 0.14834506064653399 17 0.041442576795816428 18 1.6550678610801699 1.0981630086898806 0.55352702736854564
decision_type=2 2 2 2 2 2 2 2 2 2 2 1 2 2 2 2 2 2 1 1 2 2 2 2 1 2 1 2 1 2 2 1 2 2 2 2 1 2 1 2 2 2 1 1 1 2 1 2 2 2 2 1 1 1 1 2 2 1 2 1 2 2 2
left_child=1 2 3 7 14 31 22 44 9 12 11 20 13 -4 34 16 -8 61 -19 -5 21 -11 -3 56 25 -25 27 60 29 -18 40 -6 35 -28 -2 36 -14 38 39 -37 55 42 -42 -15 -1 -10 -17 49 -20 50 -48 -51 -43 -39 -34 -16 58 -58 59 -24 -12 -7 -32
right_child=4 6 8 19 5 17 15 -9 45 10 26 -13 32 43 30 46 28 18 48 -21 -22 -23 23 24 -26 -27 33 -29 -30 -31 62 -33 54 -35 -36 37 -38 53 -40 -41 41 52 -44 -45 -46 -47 47 -49 -50 51 -52 -53 -54 -55 -56 -57 57 -59 -60 -61 -62 -63 -64
leaf_value=0.00087875247402510238 0.00023465003198476606 -0.0018096575096913379 0.014454782461832813 0.0055718611779076287 -0.015771797501790218 -4.2669867901393644e-05 -0.0092437139764103525 0.01757393527708347 0.0004002000472609074 -0.0032210370062553677 0.00064923421694796583 -0.0085349460689874822 0.012560946752457921 0.0059824737395739415 0.00095393505772290951 0.00018980928094839043 0.010416432694105814 0.0030253181287716916 -0.0060913627700414728 0.00024144033927892539 -0.0047148470466905623 0.012449041842197911 0.00091577548718517043 0.0042622598505799233 -0.00013990811770961834 0.014783466783763972 0.00032466251028689377 -0.0079809460292462799 0.00039744477154801758 0.0023778824971230346 -0.0011654053912218832 -0.0062573742545284413 -0.0003452062172724165 -0.0037088052726352554 0.0049309395072600817 0.011503478280214885 0.0022871185165386828 0.00130526137933136 -0.0019122957835909084 0.00055305839806643999 -0.0032930649537687632 0.0063203176278080406 -0.014838596677573193 0.00050083204590749774 0.0092642022524403317 0.0035987374046943729 -0.002821679603418106 -0.00040033026378685023 -0.017099677804554982 0.0026902757833143168 -0.010695443404046058 -0.0025365565366061967 -0.001851240605333441 0.00047872646895408407 0.00059947722762890569 -0.00042146507385871444 0.0022335867438528488 -0.0067404871479686598 -3.8851875527184726e-05 -1.3296423246099448e-05 -0.0063287224643671005 -0.0065366931235653078 0.0015588388475572439
leaf_weight=4059.3514833450317 237456.29266357422 49059.23046875 2941.7344970703125 14102.566983222961 3129.2052593231201 35994.258233428001 2905.23291015625 3155.294189453125 26948.78141784668 2715.5863914489746 19812.709686279297 12721.839813232422 2876.0017242431641 10356.777980089188 96994.800537109375 522728.27633666992 3515.2249870300293 2727.3672904968262 3140.4805488586426 19519.964999198914 5314.3143844604492 2603.0758171081543 660604.53600311279 6443.6977615356445 9961.467155456543 3610.0045166015625 283049.18336486816 8914.1349639892578 96732.902540206909 40096.512609481812 675485.49890136719 7319.8306903839111 355073.97296142578 12018.939147949219 8787.3935546875 3232.340087890625 23830.365951538086 473907.06628346443 62260.867248535156 34985.042297363281 3246.3693866729736 2688.7571609020233 2835.7657451629639 14495.990452528 6956.5840635299683 49311.488056182861 21632.706032276154 2122808.7084180117 2618.3269653320312 10167.66877746582 4748.0580968856812 19295.542103767395 40958.012004137039 514254.66781306267 398706.08959960938 875007.36199951172 4073.8588596582413 7078.2223052978516 733707.08583068848 394488.72913014889 3895.5730285644531 4195.9450746774673 22032.216796875
leaf_count=1569 98297 15498 1022 4863 938 12723 1212 1113 12398 1734 8141 4814 1025 4893 34760 213910 1583 918 1252 6617 2097 1018 207588 2248 3883 1314 112740 2114 29697 16897 256768 2441 99589 5224 3295 989 8426 158752 24661 11044 1228 951 948 5044 1960 23344 7918 742783 1001 3428 1252 6295 17392 185650 164063 335453 1476 2553 261862 171271 1834 1566 8825
internal_value=-7.48748e-06 0.000162842 0.000578012 0.00433239 -0.000603597 -0.00304758 -4.60824e-05 0.00872625 0.000500801 0.000434042 -0.000415276 -0.0047125 0.000591218 0.00402564 -0.00053007 -0.000260317 0.00100224 -0.00174026 -0.00656232 0.00247945 -0.000129115 0.00445275 0.00027998 0.000336313 0.00397262 0.00803761 -0.000108942 -0.00254317 0.00121466 0.00302624 -0.000663618 -0.00913394 0.000540136 0.000160303 0.000402337 0.00080077 0.00340121 0.000736961 -0.000621971 0.00148022 -0.000379804 -0.00224804 -0.00871367 0.00278852 0.00618518 0.00246854 -0.00032727 -0.000451333 -0.0110877 -0.00239 -0.00424057 -0.000732589 -0.00134616 0.000875142 0.000154481 -0.000284212 0.000295867 -0.00346676 0.000319335 0.000568415 -0.000498426 -0.000721389 -0.00107935
internal_weight=9.1103e+06 7.08568e+06 2.37202e+06 47793.8 2.02462e+06 59125.4 4.71366e+06 14171.2 2.32423e+06 2.24797e+06 351045 23354.8 1.89692e+06 27794.5 1.96549e+06 2.84463e+06 143250 48676.4 8486.17 33622.5 10633 5318.66 1.86903e+06 1.81997e+06 20015.2 10053.7 327691 32622.4 140345 43611.7 1.71925e+06 10449 1.86913e+06 295068 246244 1.11535e+06 26706.4 1.08864e+06 100478 38217.4 1.02173e+06 49728.9 6082.14 24852.8 11015.9 76260.3 2.70138e+06 2.17865e+06 5758.81 55844 26380.8 29463.2 43646.8 988162 753780 972002 1.79995e+06 11152.1 1.7888e+06 1.05509e+06 23708.3 40190.2 697518
internal_count=3328162 2549406 856738 16122 778756 20839 1692668 4642 840616 804874 139716 9663 665158 10959 757917 1024975 49389 17460 3171 11480 4849 2752 667693 652195 7445 3562 130053 12089 48177 18480 656325 3379 654199 117964 101592 390547 9451 381096 36694 12033 390732 20519 2176 9937 3529 35742 975586 761676 2253 18893 9170 9723 18343 344402 263652 370213 644750 4029 640721 378859 9975 14289 265593
cat_boundaries=0 1 2 3 4 5 6 7 8 9 10 11 12 13 14 15 16 17 18 19
cat_threshold=29696760 21273473 51038902 37939771 688128 40830200 1458402 23202048 33609735 42153300 50351020 7150221 40519808 16810554 17072641 38124040 14194177 30690641 13039136
is_linear=0
shrinkage=0.03


end of trees

feature_importances:
symbol_id=692
time_id=247
feature_11=161
feature_36=143
feature_70=138
feature_58_sym_roll20_mean=131
feature_58=127
feature_08_sym_roll20_mean=126
feature_08_sym_roll5_mean=104
feature_06=93
feature_58_sym_roll5_mean=90
feature_04=81
feature_58_sym_roll20_std=80
feature_04_sym_roll5_mean=65
feature_31=57
feature_01=53
feature_61_sym_roll20_mean=53
feature_06_sym_roll20_mean=51
feature_08=48
feature_21=47
feature_30=45
feature_27=43
feature_61_sym_roll5_mean=38
feature_61=37
feature_04_sym_roll20_mean=34
feature_20_sym_roll20_mean=34
feature_06_sym_roll20_std=34
feature_24_sym_roll20_mean=33
feature_08_sym_roll20_std=30
feature_20_sym_roll5_mean=26
feature_24_sym_roll5_mean=25
feature_29_sym_roll20_mean=23
feature_23_sym_roll20_mean=23
feature_29=22
feature_23=19
feature_20=17
feature_24=17
feature_36_sym_roll5_mean=16
feature_29_sym_roll5_mean=16
feature_23_sym_roll5_mean=16
feature_06_sym_roll5_mean=14
feature_28=13
feature_58_sym_roll5_std=10
feature_04_sym_roll20_std=9
feature_36_sym_roll20_mean=8
feature_61_sym_roll20_std=8
feature_36_sym_roll20_std=6
feature_08_sym_roll5_std=3
feature_20_sym_roll20_std=2
feature_06_sym_roll5_std=2
feature_23_sym_roll20_std=2
feature_36_sym_roll5_std=1

parameters:
[boosting: gbdt]
[objective: regression]
[metric: rmse]
[tree_learner: serial]
[device_type: gpu]
[data_sample_strategy: bagging]
[data: ]
[valid: ]
[num_iterations: 2000]
[learning_rate: 0.03]
[num_leaves: 64]
[num_threads: 0]
[seed: 42]
[deterministic: 0]
[force_col_wise: 1]
[force_row_wise: 0]
[histogram_pool_size: -1]
[max_depth: -1]
[min_data_in_leaf: 1000]
[min_sum_hessian_in_leaf: 0.001]
[bagging_fraction: 0.8]
[pos_bagging_fraction: 1]
[neg_bagging_fraction: 1]
[bagging_freq: 1]
[bagging_seed: 400]
[bagging_by_query: 0]
[feature_fraction: 0.8]
[feature_fraction_bynode: 1]
[feature_fraction_seed: 30056]
[extra_trees: 0]
[extra_seed: 12879]
[early_stopping_round: 0]
[early_stopping_min_delta: 0]
[first_metric_only: 0]
[max_delta_step: 0]
[lambda_l1: 0]
[lambda_l2: 5]
[linear_lambda: 0]
[min_gain_to_split: 0]
[drop_rate: 0.1]
[max_drop: 50]
[skip_drop: 0.5]
[xgboost_dart_mode: 0]
[uniform_drop: 0]
[drop_seed: 17869]
[top_rate: 0.2]
[other_rate: 0.1]
[min_data_per_group: 100]
[max_cat_threshold: 32]
[cat_l2: 10]
[cat_smooth: 10]
[max_cat_to_onehot: 4]
[top_k: 20]
[monotone_constraints: ]
[monotone_constraints_method: basic]
[monotone_penalty: 0]
[feature_contri: ]
[forcedsplits_filename: ]
[refit_decay_rate: 0.9]
[cegb_tradeoff: 1]
[cegb_penalty_split: 0]
[cegb_penalty_feature_lazy: ]
[cegb_penalty_feature_coupled: ]
[path_smooth: 0]
[interaction_constraints: ]
[verbosity: -1]
[saved_feature_importance_type: 0]
[use_quantized_grad: 0]
[num_grad_quant_bins: 4]
[quant_train_renew_leaf: 0]
[stochastic_rounding: 1]
[linear_tree: 0]
[max_bin: 63]
[max_bin_by_feature: ]
[min_data_in_bin: 3]
[bin_construct_sample_cnt: 200000]
[data_random_seed: 175]
[is_enable_sparse: 1]
[enable_bundle: 1]
[use_missing: 1]
[zero_as_missing: 0]
[feature_pre_filter: 0]
[pre_partition: 0]
[two_round: 0]
[header: 0]
[label_column: ]
[weight_column: ]
[group_column: ]
[ignore_column: ]
[categorical_feature: 1,17]
[forcedbins_filename: ]
[precise_float_parser: 0]
[parser_config_file: ]
[objective_seed: 16083]
[num_class: 1]
[is_unbalance: 0]
[scale_pos_weight: 1]
[sigmoid: 1]
[boost_from_average: 1]
[reg_sqrt: 0]
[alpha: 0.9]
[fair_c: 1]
[poisson_max_delta_step: 0.7]
[tweedie_variance_power: 1.5]
[lambdarank_truncation_level: 30]
[lambdarank_norm: 1]
[label_gain: ]
[lambdarank_position_bias_regularization: 0]
[eval_at: ]
[multi_error_top_k: 1]
[auc_mu_weights: ]
[num_machines: 1]
[local_listen_port: 12400]
[time_out: 120]
[machine_list_filename: ]
[machines: ]
[gpu_platform_id: -1]
[gpu_device_id: -1]
[gpu_device_id_list: ]
[gpu_use_dp: 0]
[num_gpu: 1]

end of parameters

pandas_categorical:[[0, 1, 2, 3, 4, 5, 6, 7, 8, 9, 10, 11, 12, 13, 14, 15, 16, 17, 18, 19, 20, 21, 22, 23, 24, 25, 26, 27, 28, 29, 30, 31, 32, 33, 34, 35, 36, 37, 38], [9, 11, 13, 16, 24, 25, 34, 40, 50, 59, 62, 66, 76, 150, 158, 171, 214, 230, 261, 336, 376, 388, 410, 522, 534, 539]]
